sku,customer_id,rating,feedback,timestamp
SKU00001,CUST00874,5,Positive,08-09-2025 23:40
SKU00001,CUST00887,2,Negative,11-08-2025 18:08
SKU00001,CUST00463,2,Negative,10-08-2025 04:15
SKU00001,CUST00348,4,Positive,08-08-2025 17:06
SKU00001,CUST00426,1,Negative,31-07-2025 08:17
SKU00001,CUST00438,3,Negative,03-09-2025 13:48
SKU00001,CUST00262,3,Negative,15-07-2025 19:40
SKU00001,CUST00704,4,Positive,07-07-2025 12:25
SKU00002,CUST00852,1,Negative,10-07-2025 01:14
SKU00002,CUST00443,1,Negative,11-09-2025 07:01
SKU00002,CUST00757,3,Negative,17-09-2025 19:33
SKU00002,CUST00134,5,Positive,06-07-2025 19:45
SKU00002,CUST00601,5,Positive,24-08-2025 12:49
SKU00002,CUST00338,1,Negative,09-08-2025 21:15
SKU00002,CUST00363,4,Positive,23-09-2025 06:48
SKU00003,CUST00992,3,Negative,28-08-2025 07:03
SKU00003,CUST00320,3,Negative,11-07-2025 01:24
SKU00003,CUST00592,5,Positive,21-07-2025 15:43
SKU00003,CUST00159,4,Positive,22-07-2025 18:31
SKU00003,CUST00868,1,Negative,03-08-2025 23:49
SKU00003,CUST00866,5,Positive,05-08-2025 16:28
SKU00004,CUST00781,3,Negative,25-08-2025 17:44
SKU00004,CUST00232,4,Positive,21-09-2025 01:21
SKU00004,CUST00575,5,Positive,29-08-2025 13:43
SKU00004,CUST00692,5,Positive,03-07-2025 13:10
SKU00004,CUST00624,3,Negative,03-07-2025 19:27
SKU00004,CUST00185,3,Negative,07-09-2025 05:24
SKU00004,CUST00781,3,Negative,28-09-2025 11:20
SKU00004,CUST00348,3,Negative,01-07-2025 14:13
SKU00005,CUST00891,2,Negative,24-08-2025 23:37
SKU00005,CUST00674,4,Positive,07-07-2025 18:08
SKU00005,CUST00146,1,Negative,09-07-2025 21:48
SKU00005,CUST00765,5,Positive,21-07-2025 21:17
SKU00005,CUST00386,4,Positive,14-08-2025 01:04
SKU00005,CUST00350,2,Negative,05-08-2025 22:17
SKU00005,CUST00320,3,Negative,14-09-2025 10:09
SKU00005,CUST00965,5,Positive,27-08-2025 21:18
SKU00005,CUST00087,1,Negative,16-07-2025 02:31
SKU00005,CUST00162,5,Positive,05-07-2025 19:57
SKU00006,CUST00279,4,Positive,03-09-2025 06:25
SKU00006,CUST00435,4,Positive,28-08-2025 22:35
SKU00006,CUST00453,4,Positive,27-07-2025 12:31
SKU00006,CUST00221,5,Positive,12-07-2025 01:12
SKU00006,CUST00354,4,Positive,11-07-2025 18:23
SKU00006,CUST00291,5,Positive,17-08-2025 05:56
SKU00006,CUST00540,3,Negative,05-07-2025 09:49
SKU00007,CUST00405,5,Positive,06-07-2025 07:39
SKU00007,CUST00008,2,Negative,30-07-2025 06:21
SKU00007,CUST00969,2,Negative,13-09-2025 12:03
SKU00007,CUST00141,3,Negative,29-07-2025 02:27
SKU00007,CUST00336,1,Negative,01-07-2025 18:00
SKU00007,CUST00510,4,Positive,18-07-2025 01:23
SKU00007,CUST00133,4,Positive,21-08-2025 17:00
SKU00007,CUST00721,2,Negative,18-08-2025 13:41
SKU00007,CUST00573,3,Negative,07-07-2025 23:56
SKU00007,CUST00407,1,Negative,12-08-2025 08:27
SKU00007,CUST00020,4,Positive,28-09-2025 10:27
SKU00007,CUST00080,3,Negative,25-08-2025 21:36
SKU00008,CUST00588,4,Positive,07-09-2025 21:15
SKU00008,CUST00656,4,Positive,29-07-2025 02:37
SKU00008,CUST00118,4,Positive,03-07-2025 00:35
SKU00008,CUST00990,3,Negative,17-07-2025 16:29
SKU00008,CUST00821,5,Positive,14-08-2025 16:06
SKU00008,CUST00852,3,Negative,09-07-2025 13:21
SKU00008,CUST00448,1,Negative,24-07-2025 14:58
SKU00008,CUST00447,5,Positive,08-08-2025 21:06
SKU00008,CUST00537,1,Negative,08-08-2025 10:12
SKU00008,CUST00892,3,Negative,11-09-2025 09:51
SKU00008,CUST00348,2,Negative,02-08-2025 08:06
SKU00008,CUST00798,2,Negative,08-07-2025 09:58
SKU00008,CUST00523,1,Negative,21-08-2025 12:23
SKU00008,CUST00523,2,Negative,26-09-2025 22:57
SKU00008,CUST00795,3,Negative,04-08-2025 02:07
SKU00008,CUST00745,2,Negative,23-07-2025 22:32
SKU00008,CUST00106,2,Negative,25-07-2025 20:26
SKU00008,CUST00203,2,Negative,28-08-2025 11:41
SKU00009,CUST00779,1,Negative,18-07-2025 04:46
SKU00009,CUST00975,4,Positive,15-08-2025 01:05
SKU00009,CUST00773,5,Positive,12-09-2025 18:38
SKU00009,CUST00594,4,Positive,05-09-2025 03:09
SKU00009,CUST00947,5,Positive,01-09-2025 10:16
SKU00009,CUST00651,5,Positive,01-08-2025 09:07
SKU00009,CUST00885,3,Negative,15-07-2025 15:45
SKU00009,CUST00451,1,Negative,15-08-2025 12:39
SKU00009,CUST00453,3,Negative,16-09-2025 07:34
SKU00010,CUST00606,1,Negative,04-08-2025 04:05
SKU00010,CUST00520,1,Negative,31-07-2025 03:18
SKU00010,CUST00473,4,Positive,04-07-2025 15:37
SKU00010,CUST00059,3,Negative,19-09-2025 17:59
SKU00010,CUST00294,1,Negative,01-09-2025 14:10
SKU00010,CUST00885,1,Negative,29-08-2025 17:04
SKU00010,CUST00609,5,Positive,07-08-2025 07:54
SKU00010,CUST00474,5,Positive,23-08-2025 19:39
SKU00010,CUST00978,1,Negative,13-08-2025 15:57
SKU00010,CUST00931,5,Positive,02-09-2025 06:53
SKU00010,CUST00193,3,Negative,28-08-2025 17:45
SKU00010,CUST00488,5,Positive,15-07-2025 15:31
SKU00010,CUST00981,1,Negative,13-08-2025 17:47
SKU00011,CUST00831,3,Negative,08-09-2025 08:28
SKU00011,CUST00087,5,Positive,01-09-2025 17:35
SKU00011,CUST00177,1,Negative,25-07-2025 01:17
SKU00011,CUST00725,4,Positive,12-08-2025 15:55
SKU00011,CUST00537,5,Positive,29-08-2025 04:56
SKU00011,CUST00163,3,Negative,06-08-2025 04:48
SKU00011,CUST00940,3,Negative,07-08-2025 14:44
SKU00011,CUST00419,3,Negative,04-09-2025 21:56
SKU00012,CUST00809,3,Negative,07-07-2025 09:35
SKU00012,CUST00338,1,Negative,24-08-2025 04:08
SKU00012,CUST00695,4,Positive,28-07-2025 14:06
SKU00012,CUST00259,5,Positive,23-09-2025 18:53
SKU00012,CUST00154,3,Negative,08-07-2025 21:54
SKU00012,CUST00597,2,Negative,28-09-2025 00:10
SKU00013,CUST00318,4,Positive,13-07-2025 12:28
SKU00013,CUST00610,1,Negative,31-07-2025 01:22
SKU00013,CUST00573,4,Positive,01-09-2025 11:26
SKU00013,CUST00811,3,Negative,17-09-2025 22:51
SKU00013,CUST00131,5,Positive,10-07-2025 01:45
SKU00013,CUST00662,4,Positive,19-08-2025 08:51
SKU00013,CUST00371,1,Negative,05-08-2025 04:54
SKU00013,CUST00317,2,Negative,21-07-2025 19:06
SKU00013,CUST00350,4,Positive,19-07-2025 15:24
SKU00013,CUST00232,2,Negative,16-07-2025 01:02
SKU00013,CUST00080,3,Negative,20-09-2025 23:39
SKU00013,CUST00808,1,Negative,19-08-2025 07:00
SKU00013,CUST00790,5,Positive,20-09-2025 01:58
SKU00013,CUST00757,5,Positive,04-07-2025 15:57
SKU00013,CUST00678,3,Negative,24-09-2025 02:08
SKU00013,CUST00785,5,Positive,13-07-2025 17:21
SKU00014,CUST00158,2,Negative,18-07-2025 13:24
SKU00014,CUST00852,5,Positive,17-09-2025 13:12
SKU00014,CUST00925,2,Negative,09-09-2025 00:28
SKU00014,CUST00449,1,Negative,09-08-2025 21:22
SKU00014,CUST00374,2,Negative,13-08-2025 03:03
SKU00014,CUST00626,3,Negative,12-09-2025 01:11
SKU00014,CUST00767,4,Positive,23-07-2025 17:15
SKU00014,CUST00547,2,Negative,31-07-2025 01:06
SKU00014,CUST00989,4,Positive,26-09-2025 18:24
SKU00014,CUST00856,2,Negative,05-08-2025 17:07
SKU00014,CUST00695,5,Positive,12-08-2025 18:39
SKU00014,CUST00473,3,Negative,14-09-2025 13:09
SKU00014,CUST00392,5,Positive,21-08-2025 05:04
SKU00014,CUST00429,2,Negative,18-09-2025 07:29
SKU00014,CUST00205,5,Positive,14-07-2025 10:29
SKU00014,CUST00894,3,Negative,06-07-2025 01:35
SKU00014,CUST00657,4,Positive,23-09-2025 20:50
SKU00015,CUST00568,1,Negative,08-09-2025 01:41
SKU00015,CUST00867,5,Positive,21-09-2025 15:21
SKU00015,CUST00128,3,Negative,09-07-2025 03:26
SKU00015,CUST00782,2,Negative,27-07-2025 11:38
SKU00015,CUST00461,5,Positive,15-07-2025 07:20
SKU00015,CUST00851,4,Positive,09-07-2025 21:42
SKU00015,CUST00970,2,Negative,18-09-2025 07:03
SKU00015,CUST00462,3,Negative,29-09-2025 08:09
SKU00015,CUST00028,4,Positive,06-07-2025 04:05
SKU00015,CUST00406,5,Positive,06-08-2025 07:23
SKU00015,CUST00242,4,Positive,08-07-2025 22:09
SKU00015,CUST00384,2,Negative,03-07-2025 17:40
SKU00015,CUST00327,1,Negative,20-09-2025 11:25
SKU00015,CUST00732,3,Negative,15-09-2025 20:03
SKU00015,CUST00150,2,Negative,04-07-2025 17:15
SKU00015,CUST00294,4,Positive,06-09-2025 13:57
SKU00016,CUST00778,4,Positive,13-08-2025 13:19
SKU00016,CUST00631,1,Negative,26-09-2025 22:48
SKU00016,CUST00082,1,Negative,25-07-2025 20:20
SKU00016,CUST00221,2,Negative,23-08-2025 06:48
SKU00016,CUST00963,5,Positive,21-08-2025 05:47
SKU00016,CUST00434,1,Negative,14-09-2025 08:36
SKU00016,CUST00296,2,Negative,30-07-2025 05:43
SKU00016,CUST00125,1,Negative,24-07-2025 03:36
SKU00016,CUST00430,5,Positive,14-08-2025 09:09
SKU00017,CUST00114,4,Positive,27-08-2025 22:30
SKU00017,CUST00549,1,Negative,31-08-2025 08:33
SKU00017,CUST00528,5,Positive,24-07-2025 11:45
SKU00017,CUST00736,2,Negative,29-07-2025 06:42
SKU00017,CUST00440,1,Negative,29-08-2025 16:36
SKU00017,CUST00362,2,Negative,25-08-2025 09:44
SKU00017,CUST00427,2,Negative,03-09-2025 12:05
SKU00018,CUST00537,3,Negative,07-07-2025 13:42
SKU00018,CUST00977,5,Positive,22-08-2025 19:48
SKU00018,CUST00520,5,Positive,23-08-2025 19:16
SKU00018,CUST00021,4,Positive,23-09-2025 19:00
SKU00018,CUST00482,1,Negative,31-08-2025 17:13
SKU00018,CUST00397,3,Negative,25-07-2025 15:02
SKU00018,CUST00766,1,Negative,04-08-2025 16:05
SKU00019,CUST00354,2,Negative,10-09-2025 03:52
SKU00019,CUST00673,1,Negative,13-09-2025 21:43
SKU00019,CUST00596,3,Negative,13-07-2025 22:52
SKU00019,CUST00046,3,Negative,23-08-2025 00:18
SKU00019,CUST00347,2,Negative,19-09-2025 14:56
SKU00019,CUST00798,4,Positive,06-09-2025 12:22
SKU00019,CUST00491,2,Negative,17-09-2025 18:55
SKU00020,CUST00065,4,Positive,04-07-2025 14:10
SKU00020,CUST00301,2,Negative,05-07-2025 06:04
SKU00020,CUST00811,2,Negative,25-09-2025 00:02
SKU00020,CUST00043,3,Negative,29-09-2025 14:54
SKU00020,CUST00318,5,Positive,08-08-2025 15:55
SKU00020,CUST00835,5,Positive,15-08-2025 23:06
SKU00020,CUST00260,1,Negative,12-09-2025 03:17
SKU00020,CUST00663,2,Negative,28-07-2025 18:41
SKU00020,CUST00366,1,Negative,23-09-2025 01:27
SKU00021,CUST00280,1,Negative,16-09-2025 14:36
SKU00021,CUST00377,4,Positive,25-09-2025 08:39
SKU00021,CUST00410,4,Positive,25-09-2025 20:39
SKU00021,CUST00980,4,Positive,02-08-2025 22:00
SKU00021,CUST00998,2,Negative,18-08-2025 04:14
SKU00021,CUST00709,4,Positive,05-08-2025 15:58
SKU00021,CUST00947,5,Positive,26-07-2025 21:30
SKU00021,CUST00821,1,Negative,09-09-2025 14:13
SKU00021,CUST00435,1,Negative,11-08-2025 19:23
SKU00021,CUST00617,2,Negative,22-08-2025 23:02
SKU00021,CUST00301,3,Negative,10-07-2025 23:04
SKU00021,CUST00082,3,Negative,03-09-2025 04:03
SKU00021,CUST00303,3,Negative,13-08-2025 07:03
SKU00021,CUST00618,4,Positive,17-07-2025 04:18
SKU00021,CUST00707,4,Positive,04-08-2025 03:09
SKU00022,CUST00044,3,Negative,29-08-2025 16:42
SKU00022,CUST00446,3,Negative,01-09-2025 02:04
SKU00022,CUST00811,1,Negative,08-07-2025 06:51
SKU00022,CUST00688,4,Positive,05-08-2025 06:34
SKU00022,CUST00526,2,Negative,04-07-2025 00:33
SKU00022,CUST00147,5,Positive,04-09-2025 20:03
SKU00022,CUST00801,4,Positive,04-07-2025 09:05
SKU00022,CUST00130,1,Negative,23-07-2025 21:54
SKU00022,CUST00798,3,Negative,05-08-2025 03:52
SKU00022,CUST00393,5,Positive,04-07-2025 03:27
SKU00022,CUST00620,2,Negative,04-09-2025 22:19
SKU00022,CUST00461,3,Negative,06-08-2025 02:51
SKU00022,CUST00455,1,Negative,25-08-2025 17:20
SKU00022,CUST00141,5,Positive,05-08-2025 15:03
SKU00022,CUST00408,3,Negative,02-09-2025 01:35
SKU00022,CUST00286,2,Negative,12-07-2025 00:21
SKU00022,CUST00027,2,Negative,18-08-2025 10:51
SKU00022,CUST00531,4,Positive,27-09-2025 16:42
SKU00022,CUST00576,1,Negative,26-07-2025 09:59
SKU00023,CUST00721,4,Positive,21-07-2025 19:59
SKU00023,CUST00627,3,Negative,06-09-2025 09:05
SKU00023,CUST00939,4,Positive,20-07-2025 10:26
SKU00023,CUST00126,2,Negative,21-09-2025 19:13
SKU00023,CUST00076,4,Positive,17-07-2025 18:19
SKU00023,CUST00921,4,Positive,09-07-2025 12:34
SKU00023,CUST00830,3,Negative,03-09-2025 20:10
SKU00023,CUST00356,1,Negative,23-08-2025 09:35
SKU00023,CUST00556,3,Negative,25-09-2025 12:57
SKU00023,CUST00308,2,Negative,08-09-2025 02:38
SKU00023,CUST00727,2,Negative,16-09-2025 01:26
SKU00023,CUST00371,5,Positive,22-07-2025 18:31
SKU00023,CUST00125,2,Negative,15-09-2025 21:38
SKU00024,CUST00243,4,Positive,03-07-2025 13:14
SKU00024,CUST00370,5,Positive,25-08-2025 13:30
SKU00024,CUST00378,4,Positive,17-09-2025 00:40
SKU00024,CUST00565,2,Negative,29-08-2025 09:56
SKU00024,CUST00906,1,Negative,07-07-2025 09:12
SKU00024,CUST00317,4,Positive,08-09-2025 14:34
SKU00024,CUST00737,4,Positive,21-08-2025 00:57
SKU00024,CUST00421,4,Positive,18-09-2025 22:31
SKU00024,CUST00589,1,Negative,13-07-2025 04:01
SKU00025,CUST00658,1,Negative,13-08-2025 16:30
SKU00025,CUST00478,5,Positive,03-08-2025 10:46
SKU00025,CUST00132,5,Positive,01-09-2025 02:49
SKU00025,CUST00602,2,Negative,13-09-2025 13:03
SKU00025,CUST00990,2,Negative,12-08-2025 00:04
SKU00025,CUST00515,1,Negative,19-09-2025 17:16
SKU00025,CUST00128,5,Positive,15-07-2025 20:33
SKU00025,CUST00312,2,Negative,16-07-2025 17:24
SKU00025,CUST00331,2,Negative,03-08-2025 14:17
SKU00025,CUST00971,5,Positive,25-09-2025 21:19
SKU00025,CUST00291,1,Negative,25-07-2025 07:57
SKU00025,CUST00202,5,Positive,27-07-2025 15:31
SKU00025,CUST00129,3,Negative,29-08-2025 15:43
SKU00025,CUST00547,1,Negative,18-08-2025 19:04
SKU00025,CUST00657,2,Negative,27-08-2025 11:00
SKU00026,CUST00176,5,Positive,08-09-2025 23:11
SKU00026,CUST00924,5,Positive,02-08-2025 18:42
SKU00026,CUST00863,5,Positive,04-07-2025 23:59
SKU00026,CUST00846,1,Negative,08-07-2025 21:15
SKU00026,CUST00047,5,Positive,26-07-2025 16:41
SKU00026,CUST00667,2,Negative,13-09-2025 11:08
SKU00026,CUST00586,4,Positive,30-08-2025 00:17
SKU00026,CUST00655,1,Negative,18-08-2025 08:30
SKU00026,CUST00911,5,Positive,29-07-2025 02:59
SKU00027,CUST00495,2,Negative,17-09-2025 03:03
SKU00027,CUST00827,4,Positive,29-07-2025 21:04
SKU00027,CUST00465,1,Negative,05-09-2025 20:35
SKU00027,CUST00062,2,Negative,12-08-2025 16:21
SKU00027,CUST00426,4,Positive,15-08-2025 02:13
SKU00027,CUST00209,3,Negative,28-08-2025 21:37
SKU00027,CUST00148,3,Negative,22-09-2025 15:24
SKU00027,CUST00736,3,Negative,10-09-2025 06:48
SKU00027,CUST00882,3,Negative,08-08-2025 17:04
SKU00027,CUST00134,3,Negative,19-08-2025 23:59
SKU00027,CUST00576,1,Negative,31-07-2025 23:35
SKU00027,CUST00248,4,Positive,12-07-2025 21:29
SKU00027,CUST00274,4,Positive,25-07-2025 01:41
SKU00027,CUST00145,1,Negative,05-07-2025 21:55
SKU00028,CUST00969,4,Positive,22-09-2025 21:38
SKU00028,CUST00631,4,Positive,25-07-2025 02:30
SKU00028,CUST00986,2,Negative,17-09-2025 23:32
SKU00028,CUST00336,5,Positive,09-09-2025 00:21
SKU00028,CUST00321,2,Negative,13-09-2025 02:12
SKU00028,CUST00164,4,Positive,19-08-2025 23:23
SKU00028,CUST00479,4,Positive,24-09-2025 08:23
SKU00028,CUST00316,4,Positive,03-07-2025 06:00
SKU00028,CUST00093,4,Positive,19-08-2025 01:46
SKU00028,CUST00469,2,Negative,21-07-2025 21:19
SKU00028,CUST00598,3,Negative,05-07-2025 17:22
SKU00028,CUST00052,3,Negative,18-08-2025 01:11
SKU00028,CUST00612,4,Positive,28-07-2025 17:50
SKU00028,CUST00550,1,Negative,21-09-2025 06:03
SKU00029,CUST00442,2,Negative,24-09-2025 16:16
SKU00029,CUST00271,3,Negative,13-09-2025 03:54
SKU00029,CUST00413,3,Negative,05-07-2025 09:25
SKU00029,CUST00411,1,Negative,25-08-2025 08:51
SKU00029,CUST00576,2,Negative,05-08-2025 04:44
SKU00029,CUST00567,3,Negative,08-07-2025 03:20
SKU00029,CUST00396,5,Positive,13-08-2025 17:24
SKU00029,CUST00783,5,Positive,28-07-2025 03:47
SKU00030,CUST00132,1,Negative,08-08-2025 05:51
SKU00030,CUST00383,3,Negative,24-08-2025 03:50
SKU00030,CUST00962,3,Negative,12-09-2025 07:11
SKU00030,CUST00148,2,Negative,28-08-2025 11:50
SKU00030,CUST00522,4,Positive,18-08-2025 13:15
SKU00030,CUST00042,1,Negative,04-07-2025 18:40
SKU00030,CUST00141,3,Negative,17-09-2025 01:22
SKU00030,CUST00486,5,Positive,14-08-2025 08:51
SKU00031,CUST00621,5,Positive,14-07-2025 13:42
SKU00031,CUST00336,5,Positive,31-07-2025 22:13
SKU00031,CUST00167,4,Positive,29-08-2025 20:33
SKU00031,CUST00758,3,Negative,27-08-2025 15:28
SKU00031,CUST00345,5,Positive,19-09-2025 10:03
SKU00031,CUST00522,5,Positive,17-08-2025 13:25
SKU00031,CUST00726,5,Positive,30-07-2025 02:33
SKU00031,CUST00487,1,Negative,05-08-2025 18:20
SKU00031,CUST00340,1,Negative,10-08-2025 10:36
SKU00032,CUST00816,1,Negative,27-08-2025 22:54
SKU00032,CUST00486,3,Negative,02-09-2025 15:38
SKU00032,CUST00802,5,Positive,26-08-2025 01:59
SKU00032,CUST00234,1,Negative,26-08-2025 15:42
SKU00032,CUST00492,2,Negative,20-08-2025 21:32
SKU00032,CUST00645,5,Positive,14-09-2025 04:57
SKU00032,CUST00862,4,Positive,15-07-2025 08:20
SKU00032,CUST00842,2,Negative,04-07-2025 01:33
SKU00032,CUST00587,1,Negative,19-07-2025 12:33
SKU00032,CUST00020,4,Positive,31-07-2025 10:57
SKU00032,CUST00429,2,Negative,10-08-2025 02:16
SKU00032,CUST00708,2,Negative,09-08-2025 20:14
SKU00032,CUST00514,5,Positive,28-09-2025 08:58
SKU00032,CUST00483,1,Negative,07-09-2025 12:34
SKU00033,CUST00532,2,Negative,24-08-2025 10:57
SKU00033,CUST00333,4,Positive,21-08-2025 00:27
SKU00033,CUST00386,3,Negative,17-07-2025 19:32
SKU00033,CUST00471,5,Positive,03-08-2025 05:40
SKU00033,CUST00560,3,Negative,04-09-2025 14:53
SKU00033,CUST00791,3,Negative,29-08-2025 05:34
SKU00033,CUST00496,2,Negative,24-07-2025 22:25
SKU00033,CUST00286,5,Positive,29-07-2025 23:33
SKU00033,CUST00231,3,Negative,13-09-2025 20:57
SKU00034,CUST00722,2,Negative,06-09-2025 00:22
SKU00034,CUST00722,4,Positive,31-07-2025 18:45
SKU00034,CUST00492,3,Negative,24-08-2025 10:01
SKU00034,CUST00957,3,Negative,28-07-2025 22:35
SKU00034,CUST00125,5,Positive,04-09-2025 16:38
SKU00034,CUST00557,4,Positive,25-09-2025 23:16
SKU00034,CUST00405,3,Negative,14-09-2025 01:22
SKU00034,CUST00824,2,Negative,29-07-2025 04:48
SKU00034,CUST00044,3,Negative,08-09-2025 08:04
SKU00034,CUST00081,3,Negative,28-09-2025 17:05
SKU00034,CUST00453,3,Negative,11-09-2025 13:25
SKU00034,CUST00491,2,Negative,20-07-2025 14:51
SKU00034,CUST00848,5,Positive,27-07-2025 07:47
SKU00034,CUST00956,5,Positive,06-09-2025 14:11
SKU00035,CUST00141,1,Negative,29-08-2025 18:37
SKU00035,CUST00759,5,Positive,24-07-2025 05:34
SKU00035,CUST00249,1,Negative,04-09-2025 00:49
SKU00035,CUST00927,5,Positive,22-07-2025 21:51
SKU00035,CUST00654,2,Negative,06-07-2025 02:18
SKU00035,CUST00103,4,Positive,02-08-2025 01:38
SKU00035,CUST00735,4,Positive,10-07-2025 18:17
SKU00035,CUST00698,2,Negative,01-07-2025 12:04
SKU00035,CUST00988,5,Positive,29-09-2025 04:57
SKU00035,CUST00162,4,Positive,02-09-2025 09:21
SKU00035,CUST00958,4,Positive,16-08-2025 08:32
SKU00035,CUST00667,2,Negative,12-09-2025 09:24
SKU00035,CUST00988,3,Negative,01-08-2025 04:22
SKU00036,CUST00662,1,Negative,27-09-2025 03:38
SKU00036,CUST00788,1,Negative,02-09-2025 07:57
SKU00036,CUST00588,2,Negative,21-08-2025 22:59
SKU00036,CUST00757,1,Negative,27-09-2025 15:58
SKU00036,CUST00944,2,Negative,10-08-2025 13:44
SKU00036,CUST00904,2,Negative,29-09-2025 16:11
SKU00036,CUST00942,1,Negative,20-09-2025 04:29
SKU00036,CUST00407,4,Positive,19-07-2025 02:08
SKU00036,CUST00960,3,Negative,24-09-2025 02:57
SKU00036,CUST00039,1,Negative,29-07-2025 23:18
SKU00036,CUST00582,5,Positive,11-07-2025 10:01
SKU00036,CUST00951,3,Negative,28-07-2025 15:04
SKU00036,CUST00466,5,Positive,20-08-2025 21:45
SKU00036,CUST00506,2,Negative,21-09-2025 15:06
SKU00037,CUST00280,2,Negative,17-09-2025 12:40
SKU00037,CUST00116,3,Negative,16-07-2025 18:38
SKU00037,CUST00749,4,Positive,01-09-2025 22:36
SKU00037,CUST00264,2,Negative,02-07-2025 08:49
SKU00037,CUST00755,3,Negative,15-09-2025 18:37
SKU00037,CUST00303,5,Positive,04-09-2025 11:28
SKU00037,CUST00776,2,Negative,18-07-2025 00:55
SKU00037,CUST00626,4,Positive,19-09-2025 07:01
SKU00037,CUST00438,5,Positive,01-08-2025 20:07
SKU00037,CUST00089,4,Positive,03-09-2025 23:28
SKU00037,CUST00098,2,Negative,14-07-2025 15:38
SKU00037,CUST00489,3,Negative,29-09-2025 20:37
SKU00037,CUST00255,1,Negative,26-07-2025 07:40
SKU00037,CUST00393,2,Negative,13-08-2025 08:58
SKU00037,CUST00772,3,Negative,02-08-2025 00:04
SKU00037,CUST00310,5,Positive,09-09-2025 04:26
SKU00037,CUST00587,1,Negative,26-07-2025 09:27
SKU00037,CUST00670,3,Negative,06-09-2025 06:16
SKU00037,CUST00242,1,Negative,03-09-2025 20:03
SKU00038,CUST00477,3,Negative,16-07-2025 12:10
SKU00038,CUST00416,5,Positive,28-09-2025 14:59
SKU00038,CUST00917,3,Negative,06-09-2025 00:29
SKU00038,CUST00121,3,Negative,05-08-2025 16:26
SKU00038,CUST00630,2,Negative,22-07-2025 06:36
SKU00038,CUST00981,2,Negative,16-08-2025 10:14
SKU00038,CUST00157,4,Positive,11-09-2025 14:20
SKU00038,CUST00621,3,Negative,10-08-2025 08:59
SKU00039,CUST00776,5,Positive,16-09-2025 20:47
SKU00039,CUST00681,2,Negative,12-09-2025 23:15
SKU00039,CUST00254,5,Positive,23-09-2025 18:33
SKU00039,CUST00807,1,Negative,21-08-2025 00:31
SKU00039,CUST00458,5,Positive,07-09-2025 07:53
SKU00039,CUST00371,1,Negative,28-09-2025 01:20
SKU00039,CUST00578,1,Negative,06-07-2025 23:54
SKU00039,CUST00849,5,Positive,26-09-2025 15:52
SKU00039,CUST00518,2,Negative,25-08-2025 14:29
SKU00039,CUST00550,2,Negative,16-07-2025 23:23
SKU00039,CUST00336,5,Positive,12-08-2025 21:33
SKU00039,CUST00120,2,Negative,08-09-2025 14:32
SKU00039,CUST00598,4,Positive,09-07-2025 19:54
SKU00039,CUST00921,5,Positive,13-08-2025 06:02
SKU00039,CUST00829,1,Negative,14-08-2025 00:34
SKU00039,CUST00136,5,Positive,10-08-2025 08:00
SKU00039,CUST00468,5,Positive,06-07-2025 14:32
SKU00039,CUST00573,4,Positive,04-09-2025 07:39
SKU00039,CUST00827,3,Negative,09-09-2025 05:21
SKU00039,CUST00023,4,Positive,25-07-2025 16:55
SKU00040,CUST00764,2,Negative,26-08-2025 03:33
SKU00040,CUST00075,1,Negative,11-08-2025 03:17
SKU00040,CUST00353,1,Negative,22-08-2025 13:00
SKU00040,CUST00062,1,Negative,29-09-2025 15:51
SKU00040,CUST00484,1,Negative,28-07-2025 20:58
SKU00041,CUST00185,2,Negative,13-09-2025 08:30
SKU00041,CUST00657,4,Positive,06-08-2025 08:33
SKU00041,CUST00913,4,Positive,13-08-2025 13:10
SKU00041,CUST00891,4,Positive,06-08-2025 11:19
SKU00041,CUST00083,5,Positive,13-07-2025 21:53
SKU00041,CUST00670,3,Negative,12-07-2025 12:26
SKU00041,CUST00183,5,Positive,08-08-2025 03:53
SKU00041,CUST00542,2,Negative,09-09-2025 16:01
SKU00041,CUST00229,1,Negative,12-09-2025 10:01
SKU00041,CUST00024,3,Negative,14-08-2025 22:52
SKU00041,CUST00690,5,Positive,11-08-2025 04:17
SKU00041,CUST00545,4,Positive,18-09-2025 22:34
SKU00041,CUST00236,2,Negative,14-08-2025 17:20
SKU00041,CUST00355,2,Negative,27-07-2025 18:18
SKU00041,CUST00194,1,Negative,04-07-2025 03:04
SKU00041,CUST00829,4,Positive,29-08-2025 16:52
SKU00041,CUST00785,1,Negative,24-07-2025 08:47
SKU00041,CUST00212,1,Negative,10-07-2025 19:06
SKU00042,CUST00458,5,Positive,04-09-2025 05:55
SKU00042,CUST00721,1,Negative,24-07-2025 18:16
SKU00042,CUST00759,1,Negative,09-08-2025 01:20
SKU00042,CUST00450,2,Negative,22-08-2025 09:43
SKU00042,CUST00223,1,Negative,14-07-2025 14:32
SKU00042,CUST00516,3,Negative,23-07-2025 17:38
SKU00043,CUST00592,5,Positive,14-09-2025 00:08
SKU00043,CUST00689,3,Negative,24-07-2025 00:01
SKU00043,CUST00310,2,Negative,03-09-2025 02:24
SKU00043,CUST00534,2,Negative,10-08-2025 03:39
SKU00043,CUST00308,3,Negative,06-07-2025 22:02
SKU00043,CUST00571,5,Positive,24-09-2025 09:52
SKU00043,CUST00753,2,Negative,30-08-2025 18:40
SKU00043,CUST00696,4,Positive,23-08-2025 23:13
SKU00043,CUST00508,1,Negative,03-08-2025 10:32
SKU00043,CUST00965,4,Positive,15-09-2025 07:03
SKU00043,CUST00538,3,Negative,06-09-2025 14:30
SKU00043,CUST00427,4,Positive,15-07-2025 11:42
SKU00043,CUST00308,4,Positive,18-07-2025 20:28
SKU00043,CUST00773,5,Positive,15-08-2025 23:22
SKU00043,CUST00247,2,Negative,30-07-2025 04:45
SKU00044,CUST00826,4,Positive,27-09-2025 19:30
SKU00044,CUST00060,5,Positive,10-08-2025 01:36
SKU00044,CUST00992,4,Positive,24-08-2025 02:34
SKU00044,CUST00543,2,Negative,07-08-2025 17:04
SKU00044,CUST00249,3,Negative,20-07-2025 17:48
SKU00044,CUST00339,1,Negative,28-09-2025 12:56
SKU00044,CUST00461,3,Negative,09-07-2025 23:27
SKU00044,CUST00549,2,Negative,06-07-2025 00:05
SKU00044,CUST00275,4,Positive,04-09-2025 09:46
SKU00045,CUST00895,1,Negative,19-07-2025 06:27
SKU00045,CUST00824,5,Positive,09-09-2025 07:45
SKU00045,CUST00688,5,Positive,22-07-2025 01:41
SKU00045,CUST00491,2,Negative,23-09-2025 10:01
SKU00045,CUST00929,3,Negative,30-07-2025 10:28
SKU00045,CUST00980,1,Negative,21-07-2025 13:32
SKU00046,CUST00986,1,Negative,11-09-2025 12:21
SKU00046,CUST00773,4,Positive,27-09-2025 18:48
SKU00046,CUST00249,5,Positive,07-09-2025 07:53
SKU00046,CUST00210,4,Positive,27-09-2025 20:23
SKU00046,CUST00246,5,Positive,01-08-2025 05:25
SKU00046,CUST00795,3,Negative,06-08-2025 23:00
SKU00046,CUST00478,5,Positive,01-09-2025 23:37
SKU00046,CUST00368,3,Negative,26-07-2025 09:28
SKU00046,CUST00369,5,Positive,24-09-2025 17:06
SKU00046,CUST00510,4,Positive,10-07-2025 13:46
SKU00046,CUST00823,4,Positive,12-09-2025 22:43
SKU00047,CUST00937,2,Negative,05-08-2025 23:48
SKU00047,CUST00321,4,Positive,05-07-2025 10:31
SKU00047,CUST00577,2,Negative,10-09-2025 23:14
SKU00047,CUST00150,1,Negative,26-07-2025 07:38
SKU00047,CUST00567,5,Positive,26-08-2025 05:30
SKU00047,CUST00738,4,Positive,29-07-2025 15:50
SKU00047,CUST00157,2,Negative,02-08-2025 00:38
SKU00047,CUST00236,4,Positive,25-08-2025 07:42
SKU00047,CUST00854,2,Negative,18-08-2025 11:27
SKU00047,CUST00564,3,Negative,25-07-2025 23:36
SKU00047,CUST00782,4,Positive,09-09-2025 06:00
SKU00047,CUST00658,4,Positive,14-08-2025 17:48
SKU00047,CUST00173,3,Negative,17-07-2025 10:25
SKU00047,CUST00144,5,Positive,17-08-2025 09:51
SKU00047,CUST00189,5,Positive,01-09-2025 07:31
SKU00048,CUST00537,1,Negative,20-09-2025 11:10
SKU00048,CUST00868,1,Negative,30-09-2025 18:26
SKU00048,CUST00838,1,Negative,13-09-2025 05:02
SKU00048,CUST00007,4,Positive,14-07-2025 08:22
SKU00048,CUST00863,2,Negative,07-07-2025 14:22
SKU00048,CUST00725,2,Negative,01-07-2025 21:18
SKU00049,CUST00518,4,Positive,06-08-2025 05:37
SKU00049,CUST00062,5,Positive,31-08-2025 22:00
SKU00049,CUST00683,5,Positive,27-09-2025 14:51
SKU00049,CUST00495,4,Positive,02-07-2025 12:39
SKU00049,CUST00007,5,Positive,23-08-2025 13:25
SKU00049,CUST00422,1,Negative,02-07-2025 14:58
SKU00049,CUST00543,3,Negative,22-08-2025 00:21
SKU00049,CUST00294,1,Negative,18-08-2025 18:14
SKU00049,CUST00833,4,Positive,17-09-2025 06:30
SKU00049,CUST00963,2,Negative,11-07-2025 09:21
SKU00049,CUST00941,1,Negative,20-08-2025 21:54
SKU00050,CUST00247,2,Negative,30-08-2025 04:11
SKU00050,CUST00540,3,Negative,18-09-2025 03:35
SKU00050,CUST00363,3,Negative,16-09-2025 04:20
SKU00050,CUST00407,1,Negative,06-08-2025 05:16
SKU00050,CUST00983,4,Positive,14-08-2025 13:32
SKU00050,CUST00579,2,Negative,06-09-2025 16:40
SKU00050,CUST00232,3,Negative,05-09-2025 09:55
SKU00050,CUST00848,1,Negative,02-09-2025 11:18
SKU00050,CUST00879,1,Negative,10-07-2025 01:52
SKU00051,CUST00389,4,Positive,23-08-2025 15:53
SKU00051,CUST00488,1,Negative,31-08-2025 19:43
SKU00051,CUST00010,2,Negative,09-07-2025 00:40
SKU00051,CUST00512,4,Positive,01-09-2025 14:44
SKU00051,CUST00804,3,Negative,24-08-2025 22:32
SKU00051,CUST00879,1,Negative,25-09-2025 21:00
SKU00051,CUST00541,1,Negative,23-07-2025 07:23
SKU00051,CUST00217,5,Positive,16-08-2025 03:59
SKU00051,CUST00278,1,Negative,28-09-2025 17:26
SKU00051,CUST00077,3,Negative,26-09-2025 07:32
SKU00051,CUST00557,5,Positive,02-09-2025 21:30
SKU00051,CUST00034,2,Negative,29-09-2025 04:10
SKU00051,CUST00871,3,Negative,02-07-2025 12:29
SKU00051,CUST00985,2,Negative,26-08-2025 23:53
SKU00051,CUST00148,4,Positive,29-09-2025 04:26
SKU00051,CUST00079,3,Negative,16-07-2025 18:32
SKU00051,CUST00578,2,Negative,25-08-2025 00:29
SKU00052,CUST00694,5,Positive,02-08-2025 04:59
SKU00052,CUST00394,2,Negative,15-09-2025 17:59
SKU00052,CUST00706,1,Negative,18-08-2025 14:55
SKU00052,CUST00764,3,Negative,06-07-2025 05:07
SKU00052,CUST00101,4,Positive,23-07-2025 12:56
SKU00052,CUST00859,1,Negative,03-08-2025 01:38
SKU00052,CUST00620,5,Positive,27-08-2025 19:52
SKU00052,CUST00407,3,Negative,03-07-2025 21:01
SKU00052,CUST00650,3,Negative,15-09-2025 01:47
SKU00052,CUST00462,4,Positive,23-07-2025 03:36
SKU00052,CUST00365,5,Positive,30-09-2025 09:01
SKU00052,CUST00385,4,Positive,19-07-2025 00:48
SKU00052,CUST00697,5,Positive,03-09-2025 03:28
SKU00052,CUST00390,1,Negative,13-09-2025 23:16
SKU00052,CUST00634,3,Negative,16-09-2025 11:36
SKU00052,CUST00253,1,Negative,08-07-2025 23:09
SKU00052,CUST00275,2,Negative,06-08-2025 21:27
SKU00053,CUST00758,4,Positive,31-07-2025 17:54
SKU00053,CUST00370,1,Negative,09-07-2025 21:15
SKU00053,CUST00006,3,Negative,13-08-2025 04:18
SKU00053,CUST00369,3,Negative,10-07-2025 22:12
SKU00053,CUST00136,1,Negative,19-07-2025 04:39
SKU00053,CUST00442,4,Positive,24-08-2025 01:52
SKU00053,CUST00569,5,Positive,09-08-2025 14:48
SKU00053,CUST00106,1,Negative,09-07-2025 16:49
SKU00053,CUST00363,5,Positive,10-07-2025 00:51
SKU00054,CUST00885,4,Positive,02-07-2025 04:45
SKU00054,CUST00299,4,Positive,07-08-2025 15:38
SKU00054,CUST00798,1,Negative,09-09-2025 09:00
SKU00054,CUST00923,5,Positive,26-09-2025 21:17
SKU00054,CUST00249,5,Positive,20-08-2025 14:15
SKU00054,CUST00174,4,Positive,17-07-2025 10:58
SKU00054,CUST00143,3,Negative,30-07-2025 05:41
SKU00054,CUST00275,4,Positive,15-07-2025 04:03
SKU00054,CUST00065,2,Negative,12-08-2025 04:52
SKU00054,CUST00283,4,Positive,30-07-2025 02:28
SKU00054,CUST00496,1,Negative,05-08-2025 01:28
SKU00054,CUST00258,2,Negative,08-09-2025 23:49
SKU00054,CUST00641,4,Positive,27-08-2025 15:40
SKU00054,CUST00632,2,Negative,14-08-2025 10:53
SKU00054,CUST00110,2,Negative,30-07-2025 13:54
SKU00055,CUST00972,4,Positive,02-08-2025 06:07
SKU00055,CUST00862,5,Positive,06-08-2025 21:12
SKU00055,CUST00824,3,Negative,12-08-2025 17:47
SKU00055,CUST00343,4,Positive,18-09-2025 04:11
SKU00055,CUST00844,5,Positive,14-07-2025 05:11
SKU00056,CUST00329,5,Positive,30-09-2025 23:19
SKU00056,CUST00712,2,Negative,16-08-2025 12:10
SKU00056,CUST00322,2,Negative,08-08-2025 15:57
SKU00056,CUST00992,3,Negative,29-07-2025 07:07
SKU00056,CUST00753,4,Positive,25-08-2025 21:53
SKU00056,CUST00801,2,Negative,01-08-2025 15:22
SKU00056,CUST00386,3,Negative,18-09-2025 06:34
SKU00056,CUST00805,4,Positive,05-08-2025 10:32
SKU00056,CUST00117,5,Positive,20-07-2025 09:34
SKU00056,CUST00607,5,Positive,18-07-2025 11:15
SKU00056,CUST00699,5,Positive,03-07-2025 14:43
SKU00056,CUST00976,4,Positive,30-09-2025 13:17
SKU00056,CUST00726,2,Negative,12-08-2025 13:40
SKU00056,CUST00817,3,Negative,19-09-2025 17:01
SKU00057,CUST00839,4,Positive,04-09-2025 08:09
SKU00057,CUST00512,2,Negative,31-08-2025 11:46
SKU00057,CUST00311,2,Negative,25-07-2025 12:47
SKU00057,CUST00675,2,Negative,08-09-2025 10:37
SKU00057,CUST00434,4,Positive,08-07-2025 04:21
SKU00057,CUST00460,5,Positive,16-08-2025 12:41
SKU00057,CUST00597,4,Positive,21-08-2025 21:09
SKU00058,CUST00557,1,Negative,15-09-2025 18:30
SKU00058,CUST00992,3,Negative,07-09-2025 02:55
SKU00058,CUST00917,5,Positive,27-08-2025 15:42
SKU00058,CUST00654,1,Negative,11-07-2025 14:50
SKU00058,CUST00788,2,Negative,02-09-2025 20:19
SKU00058,CUST00681,3,Negative,17-07-2025 03:35
SKU00058,CUST00663,5,Positive,05-07-2025 07:13
SKU00058,CUST00577,4,Positive,12-09-2025 01:52
SKU00058,CUST00340,4,Positive,11-07-2025 06:52
SKU00058,CUST00011,1,Negative,26-07-2025 02:54
SKU00058,CUST00228,5,Positive,11-09-2025 12:17
SKU00058,CUST00532,5,Positive,26-08-2025 08:42
SKU00058,CUST00705,5,Positive,22-07-2025 11:02
SKU00058,CUST00457,3,Negative,07-08-2025 23:24
SKU00058,CUST00475,5,Positive,06-09-2025 00:50
SKU00058,CUST00513,2,Negative,03-08-2025 11:49
SKU00058,CUST00026,4,Positive,11-07-2025 03:37
SKU00058,CUST00303,4,Positive,28-09-2025 09:01
SKU00059,CUST00119,2,Negative,03-08-2025 19:39
SKU00059,CUST00320,3,Negative,14-08-2025 05:00
SKU00059,CUST00804,2,Negative,20-08-2025 14:17
SKU00059,CUST00495,3,Negative,16-08-2025 05:32
SKU00059,CUST00100,4,Positive,09-09-2025 02:22
SKU00059,CUST00714,4,Positive,31-07-2025 23:06
SKU00059,CUST00069,3,Negative,05-07-2025 08:07
SKU00060,CUST00024,3,Negative,01-09-2025 21:52
SKU00060,CUST00112,2,Negative,29-09-2025 06:52
SKU00060,CUST00759,2,Negative,20-08-2025 02:21
SKU00060,CUST00179,5,Positive,16-07-2025 13:08
SKU00060,CUST00339,5,Positive,11-08-2025 09:30
SKU00060,CUST00982,4,Positive,23-07-2025 12:15
SKU00060,CUST00817,4,Positive,31-08-2025 03:26
SKU00060,CUST00189,2,Negative,01-09-2025 04:25
SKU00061,CUST00406,1,Negative,10-09-2025 14:14
SKU00061,CUST00629,2,Negative,13-08-2025 15:35
SKU00061,CUST00607,4,Positive,07-08-2025 18:03
SKU00061,CUST00005,2,Negative,20-07-2025 23:30
SKU00061,CUST00286,1,Negative,26-08-2025 01:19
SKU00061,CUST00105,5,Positive,19-07-2025 03:38
SKU00061,CUST00375,3,Negative,20-07-2025 03:12
SKU00061,CUST00469,1,Negative,26-07-2025 11:19
SKU00061,CUST00687,4,Positive,21-08-2025 05:39
SKU00061,CUST00990,3,Negative,27-08-2025 23:02
SKU00061,CUST00398,5,Positive,08-08-2025 02:41
SKU00061,CUST00602,1,Negative,03-08-2025 18:43
SKU00061,CUST00361,4,Positive,29-08-2025 22:33
SKU00061,CUST00177,3,Negative,28-09-2025 04:41
SKU00061,CUST00630,5,Positive,09-07-2025 05:29
SKU00061,CUST00689,2,Negative,31-07-2025 09:46
SKU00061,CUST00121,2,Negative,30-07-2025 15:35
SKU00061,CUST00120,2,Negative,06-08-2025 05:51
SKU00062,CUST00524,4,Positive,10-08-2025 14:34
SKU00062,CUST00611,2,Negative,25-08-2025 19:23
SKU00062,CUST00393,4,Positive,19-07-2025 00:50
SKU00062,CUST00499,5,Positive,06-09-2025 07:48
SKU00062,CUST00942,2,Negative,23-08-2025 21:02
SKU00062,CUST00171,4,Positive,29-07-2025 01:02
SKU00062,CUST00144,2,Negative,31-07-2025 13:01
SKU00062,CUST00863,4,Positive,30-08-2025 03:19
SKU00062,CUST00055,3,Negative,01-07-2025 22:19
SKU00063,CUST00140,2,Negative,18-09-2025 03:35
SKU00063,CUST00394,5,Positive,19-08-2025 01:45
SKU00063,CUST00669,4,Positive,09-08-2025 17:21
SKU00063,CUST00702,4,Positive,10-08-2025 08:29
SKU00063,CUST00728,4,Positive,17-08-2025 10:45
SKU00063,CUST00172,1,Negative,24-08-2025 21:28
SKU00063,CUST00032,2,Negative,29-07-2025 08:37
SKU00063,CUST00034,3,Negative,22-07-2025 19:55
SKU00063,CUST00551,3,Negative,17-07-2025 07:57
SKU00063,CUST00800,4,Positive,24-08-2025 22:03
SKU00063,CUST00761,4,Positive,23-08-2025 08:57
SKU00063,CUST00524,1,Negative,25-08-2025 14:31
SKU00063,CUST00117,3,Negative,14-09-2025 06:08
SKU00063,CUST00557,3,Negative,22-08-2025 15:03
SKU00063,CUST00843,1,Negative,12-09-2025 18:56
SKU00063,CUST00737,4,Positive,23-08-2025 01:05
SKU00063,CUST00224,4,Positive,10-07-2025 22:38
SKU00063,CUST00754,2,Negative,29-07-2025 21:42
SKU00063,CUST00896,1,Negative,13-08-2025 15:57
SKU00063,CUST00270,3,Negative,22-09-2025 17:04
SKU00064,CUST00450,1,Negative,14-09-2025 07:21
SKU00064,CUST00832,2,Negative,21-07-2025 09:03
SKU00064,CUST00831,5,Positive,05-09-2025 21:47
SKU00064,CUST00360,5,Positive,31-08-2025 10:27
SKU00064,CUST00439,2,Negative,29-08-2025 19:44
SKU00064,CUST00143,2,Negative,17-09-2025 23:39
SKU00064,CUST00212,1,Negative,25-08-2025 08:22
SKU00065,CUST00546,3,Negative,27-08-2025 22:46
SKU00065,CUST00552,2,Negative,01-08-2025 10:10
SKU00065,CUST00721,3,Negative,29-07-2025 02:11
SKU00065,CUST00587,3,Negative,22-09-2025 07:19
SKU00065,CUST00527,1,Negative,14-07-2025 03:56
SKU00065,CUST00986,4,Positive,28-09-2025 04:53
SKU00065,CUST00061,3,Negative,23-09-2025 04:22
SKU00065,CUST00672,2,Negative,07-09-2025 02:26
SKU00065,CUST00887,2,Negative,25-07-2025 05:47
SKU00065,CUST00150,3,Negative,19-09-2025 10:30
SKU00065,CUST00254,4,Positive,17-08-2025 12:31
SKU00065,CUST00146,5,Positive,31-08-2025 09:36
SKU00065,CUST00276,4,Positive,06-08-2025 10:12
SKU00065,CUST00463,1,Negative,31-08-2025 12:27
SKU00065,CUST00814,1,Negative,09-08-2025 02:42
SKU00065,CUST00528,3,Negative,06-09-2025 10:46
SKU00066,CUST00466,4,Positive,01-08-2025 18:38
SKU00066,CUST00596,1,Negative,23-09-2025 08:42
SKU00066,CUST00793,1,Negative,09-09-2025 23:11
SKU00066,CUST00996,4,Positive,31-08-2025 15:17
SKU00066,CUST00681,3,Negative,21-09-2025 12:53
SKU00066,CUST00065,5,Positive,08-08-2025 14:44
SKU00066,CUST00224,4,Positive,19-09-2025 02:02
SKU00066,CUST00217,4,Positive,27-07-2025 01:44
SKU00066,CUST00331,3,Negative,02-08-2025 19:01
SKU00066,CUST00561,5,Positive,13-07-2025 16:18
SKU00066,CUST00580,4,Positive,15-09-2025 12:52
SKU00066,CUST00352,1,Negative,05-07-2025 11:03
SKU00066,CUST00102,4,Positive,02-07-2025 13:56
SKU00066,CUST00128,2,Negative,12-08-2025 20:16
SKU00066,CUST00468,1,Negative,11-08-2025 12:50
SKU00066,CUST00208,2,Negative,24-09-2025 15:33
SKU00067,CUST00163,3,Negative,10-07-2025 01:29
SKU00067,CUST00671,3,Negative,25-07-2025 07:26
SKU00067,CUST00085,3,Negative,03-09-2025 12:25
SKU00067,CUST00926,2,Negative,06-07-2025 00:40
SKU00067,CUST00406,3,Negative,09-09-2025 11:40
SKU00067,CUST00717,2,Negative,11-08-2025 16:10
SKU00067,CUST00672,1,Negative,07-09-2025 07:44
SKU00067,CUST00098,1,Negative,21-07-2025 17:18
SKU00067,CUST00489,1,Negative,13-07-2025 21:12
SKU00067,CUST00608,2,Negative,20-08-2025 10:23
SKU00067,CUST00697,4,Positive,01-07-2025 21:38
SKU00067,CUST00009,3,Negative,18-09-2025 08:00
SKU00067,CUST00124,4,Positive,06-09-2025 09:12
SKU00067,CUST00136,4,Positive,07-07-2025 21:02
SKU00068,CUST00393,1,Negative,09-09-2025 22:48
SKU00068,CUST00826,1,Negative,11-07-2025 00:28
SKU00068,CUST00321,3,Negative,24-09-2025 12:51
SKU00068,CUST00307,2,Negative,07-08-2025 03:48
SKU00068,CUST00793,2,Negative,01-09-2025 06:58
SKU00068,CUST00694,2,Negative,07-07-2025 15:24
SKU00068,CUST00544,5,Positive,01-07-2025 19:44
SKU00068,CUST00625,2,Negative,12-08-2025 17:30
SKU00068,CUST00360,2,Negative,30-08-2025 23:31
SKU00068,CUST00767,2,Negative,28-09-2025 07:30
SKU00068,CUST00422,5,Positive,05-09-2025 15:48
SKU00068,CUST00454,2,Negative,09-07-2025 09:59
SKU00069,CUST00144,1,Negative,27-08-2025 05:48
SKU00069,CUST00748,4,Positive,04-08-2025 03:08
SKU00069,CUST00987,4,Positive,31-07-2025 12:50
SKU00069,CUST00811,2,Negative,25-07-2025 01:23
SKU00069,CUST00284,1,Negative,25-07-2025 02:16
SKU00069,CUST00567,5,Positive,28-08-2025 06:07
SKU00069,CUST00739,5,Positive,28-07-2025 15:54
SKU00069,CUST00798,1,Negative,21-09-2025 07:43
SKU00070,CUST00211,5,Positive,28-08-2025 22:14
SKU00070,CUST00522,2,Negative,11-09-2025 14:36
SKU00070,CUST00402,3,Negative,01-09-2025 17:41
SKU00070,CUST00056,2,Negative,18-08-2025 01:10
SKU00070,CUST00396,1,Negative,24-07-2025 09:45
SKU00070,CUST00512,5,Positive,07-07-2025 21:28
SKU00070,CUST00541,1,Negative,05-08-2025 01:25
SKU00070,CUST00957,3,Negative,13-07-2025 19:32
SKU00070,CUST00397,5,Positive,10-08-2025 20:40
SKU00070,CUST00375,5,Positive,05-09-2025 07:22
SKU00070,CUST00177,4,Positive,13-09-2025 19:05
SKU00070,CUST00075,1,Negative,27-08-2025 00:39
SKU00070,CUST00070,1,Negative,26-07-2025 10:56
SKU00070,CUST00221,1,Negative,28-09-2025 13:45
SKU00071,CUST00972,4,Positive,19-08-2025 04:29
SKU00071,CUST00294,5,Positive,13-09-2025 11:29
SKU00071,CUST00426,4,Positive,07-09-2025 03:20
SKU00071,CUST00412,1,Negative,01-09-2025 04:33
SKU00071,CUST00550,5,Positive,29-08-2025 19:29
SKU00071,CUST00157,3,Negative,09-07-2025 02:47
SKU00072,CUST00081,5,Positive,28-09-2025 09:54
SKU00072,CUST00209,2,Negative,22-08-2025 01:52
SKU00072,CUST00335,4,Positive,26-08-2025 22:29
SKU00072,CUST00650,1,Negative,31-07-2025 02:44
SKU00072,CUST00716,4,Positive,09-09-2025 20:55
SKU00072,CUST00977,2,Negative,06-07-2025 14:55
SKU00072,CUST00251,1,Negative,28-09-2025 18:32
SKU00072,CUST00445,1,Negative,14-08-2025 00:25
SKU00072,CUST00627,5,Positive,06-07-2025 08:13
SKU00072,CUST00317,2,Negative,12-07-2025 14:19
SKU00072,CUST00013,2,Negative,07-09-2025 02:36
SKU00072,CUST00012,2,Negative,18-08-2025 04:43
SKU00072,CUST00976,3,Negative,20-08-2025 18:41
SKU00072,CUST00530,3,Negative,17-07-2025 05:03
SKU00073,CUST00130,3,Negative,10-09-2025 03:51
SKU00073,CUST00908,1,Negative,13-09-2025 21:33
SKU00073,CUST00922,1,Negative,02-08-2025 12:37
SKU00073,CUST00827,4,Positive,27-07-2025 09:45
SKU00073,CUST00537,1,Negative,26-07-2025 12:43
SKU00073,CUST00730,5,Positive,30-08-2025 22:15
SKU00073,CUST00079,4,Positive,14-08-2025 04:41
SKU00073,CUST00524,3,Negative,06-07-2025 09:10
SKU00073,CUST00512,5,Positive,17-07-2025 04:51
SKU00073,CUST00377,2,Negative,25-07-2025 18:27
SKU00073,CUST00792,1,Negative,25-09-2025 19:47
SKU00073,CUST00588,1,Negative,23-07-2025 04:13
SKU00073,CUST00759,5,Positive,01-07-2025 05:59
SKU00073,CUST00046,1,Negative,24-07-2025 17:50
SKU00073,CUST00048,4,Positive,05-08-2025 08:07
SKU00073,CUST00393,2,Negative,18-07-2025 09:00
SKU00074,CUST00567,4,Positive,22-07-2025 19:09
SKU00074,CUST00330,2,Negative,10-08-2025 09:56
SKU00074,CUST00938,3,Negative,27-07-2025 08:04
SKU00074,CUST00846,1,Negative,25-08-2025 11:46
SKU00074,CUST00382,1,Negative,18-08-2025 17:50
SKU00074,CUST00690,1,Negative,18-07-2025 09:54
SKU00075,CUST00824,5,Positive,05-07-2025 11:01
SKU00075,CUST00977,4,Positive,07-07-2025 16:36
SKU00075,CUST00899,4,Positive,23-09-2025 02:00
SKU00075,CUST00290,3,Negative,01-08-2025 18:39
SKU00075,CUST00089,5,Positive,14-08-2025 08:17
SKU00075,CUST00009,3,Negative,20-07-2025 11:35
SKU00075,CUST00299,5,Positive,15-09-2025 04:02
SKU00075,CUST00312,5,Positive,24-07-2025 13:15
SKU00075,CUST00476,3,Negative,27-08-2025 10:44
SKU00075,CUST00996,4,Positive,14-09-2025 00:19
SKU00075,CUST00795,2,Negative,10-09-2025 02:45
SKU00075,CUST00923,5,Positive,12-09-2025 20:03
SKU00076,CUST00155,1,Negative,29-09-2025 12:38
SKU00076,CUST00420,1,Negative,23-07-2025 14:55
SKU00076,CUST00555,3,Negative,31-08-2025 17:51
SKU00076,CUST00860,1,Negative,02-08-2025 12:38
SKU00076,CUST00002,4,Positive,21-09-2025 10:19
SKU00076,CUST00756,3,Negative,11-07-2025 02:13
SKU00076,CUST00211,5,Positive,24-07-2025 02:58
SKU00076,CUST00430,4,Positive,06-07-2025 19:33
SKU00076,CUST00996,2,Negative,08-09-2025 02:16
SKU00076,CUST00287,1,Negative,05-07-2025 06:17
SKU00076,CUST00944,2,Negative,26-09-2025 02:49
SKU00076,CUST00866,5,Positive,10-08-2025 02:29
SKU00077,CUST00470,1,Negative,26-08-2025 09:17
SKU00077,CUST00098,5,Positive,13-07-2025 23:06
SKU00077,CUST00653,4,Positive,08-07-2025 06:22
SKU00077,CUST00607,5,Positive,07-07-2025 01:07
SKU00077,CUST00446,2,Negative,23-07-2025 23:43
SKU00077,CUST00299,3,Negative,21-09-2025 14:46
SKU00077,CUST00323,4,Positive,07-09-2025 00:48
SKU00077,CUST00852,3,Negative,31-07-2025 21:07
SKU00077,CUST00464,3,Negative,23-07-2025 16:21
SKU00077,CUST00077,2,Negative,14-07-2025 05:09
SKU00077,CUST00799,5,Positive,11-07-2025 13:55
SKU00077,CUST00160,1,Negative,16-07-2025 23:01
SKU00077,CUST00461,4,Positive,31-07-2025 11:45
SKU00077,CUST00417,1,Negative,22-08-2025 00:47
SKU00077,CUST00367,2,Negative,13-08-2025 21:02
SKU00077,CUST00316,4,Positive,26-07-2025 17:30
SKU00078,CUST00093,2,Negative,17-09-2025 09:50
SKU00078,CUST00703,3,Negative,19-09-2025 05:37
SKU00078,CUST00722,5,Positive,04-07-2025 21:58
SKU00078,CUST00221,3,Negative,15-07-2025 09:37
SKU00078,CUST00094,2,Negative,04-08-2025 12:56
SKU00078,CUST00406,5,Positive,05-07-2025 18:03
SKU00078,CUST00694,3,Negative,26-07-2025 06:13
SKU00078,CUST00840,2,Negative,04-07-2025 00:25
SKU00079,CUST00876,4,Positive,23-08-2025 23:27
SKU00079,CUST00767,5,Positive,25-07-2025 06:11
SKU00079,CUST00097,4,Positive,10-07-2025 21:27
SKU00079,CUST00824,2,Negative,12-07-2025 19:00
SKU00079,CUST00013,1,Negative,19-09-2025 14:54
SKU00079,CUST00800,2,Negative,13-07-2025 16:35
SKU00079,CUST00203,4,Positive,06-08-2025 03:22
SKU00079,CUST00703,1,Negative,26-08-2025 12:54
SKU00079,CUST00601,3,Negative,28-09-2025 01:45
SKU00079,CUST00833,1,Negative,03-07-2025 02:47
SKU00079,CUST00067,2,Negative,26-09-2025 14:58
SKU00079,CUST00662,4,Positive,17-09-2025 13:48
SKU00079,CUST00132,1,Negative,26-09-2025 20:59
SKU00079,CUST00868,3,Negative,12-07-2025 21:30
SKU00079,CUST00044,4,Positive,05-07-2025 21:59
SKU00079,CUST00173,5,Positive,12-08-2025 01:19
SKU00079,CUST00842,4,Positive,18-08-2025 04:03
SKU00080,CUST00392,4,Positive,17-07-2025 18:40
SKU00080,CUST00363,2,Negative,27-09-2025 04:30
SKU00080,CUST00192,3,Negative,28-07-2025 04:06
SKU00080,CUST00457,2,Negative,04-07-2025 08:44
SKU00080,CUST00629,5,Positive,29-08-2025 21:39
SKU00081,CUST00663,3,Negative,18-08-2025 10:30
SKU00081,CUST00422,5,Positive,16-08-2025 12:13
SKU00081,CUST00063,1,Negative,28-07-2025 03:55
SKU00081,CUST00393,2,Negative,10-08-2025 16:53
SKU00081,CUST00205,5,Positive,25-07-2025 04:33
SKU00081,CUST00646,5,Positive,16-09-2025 04:07
SKU00081,CUST00020,4,Positive,14-09-2025 21:59
SKU00081,CUST00731,3,Negative,16-08-2025 13:44
SKU00081,CUST00558,4,Positive,03-08-2025 09:39
SKU00081,CUST00935,5,Positive,18-08-2025 18:39
SKU00081,CUST00330,4,Positive,27-07-2025 06:09
SKU00081,CUST00185,1,Negative,31-07-2025 23:02
SKU00082,CUST00031,3,Negative,06-07-2025 16:31
SKU00082,CUST00829,4,Positive,21-08-2025 09:39
SKU00082,CUST00367,5,Positive,23-07-2025 14:22
SKU00082,CUST00998,2,Negative,10-07-2025 17:19
SKU00082,CUST00254,2,Negative,26-07-2025 21:03
SKU00082,CUST00547,1,Negative,13-09-2025 04:21
SKU00082,CUST00971,2,Negative,25-08-2025 21:27
SKU00082,CUST00867,4,Positive,04-08-2025 10:45
SKU00082,CUST00958,2,Negative,18-07-2025 02:20
SKU00082,CUST00243,5,Positive,31-07-2025 21:00
SKU00082,CUST00826,3,Negative,27-09-2025 17:43
SKU00082,CUST00606,1,Negative,07-09-2025 07:09
SKU00083,CUST00971,5,Positive,24-08-2025 17:17
SKU00083,CUST00146,5,Positive,19-07-2025 06:36
SKU00083,CUST00857,4,Positive,22-08-2025 15:14
SKU00083,CUST00317,2,Negative,17-08-2025 14:47
SKU00083,CUST00039,1,Negative,06-07-2025 10:52
SKU00083,CUST00239,5,Positive,22-07-2025 05:51
SKU00083,CUST00021,5,Positive,16-08-2025 09:47
SKU00083,CUST00001,3,Negative,28-09-2025 02:51
SKU00083,CUST00629,2,Negative,17-09-2025 07:09
SKU00083,CUST00134,3,Negative,08-09-2025 14:35
SKU00083,CUST00182,3,Negative,06-07-2025 18:46
SKU00083,CUST00023,2,Negative,26-08-2025 22:53
SKU00083,CUST00722,2,Negative,14-09-2025 04:24
SKU00083,CUST00114,5,Positive,22-09-2025 13:30
SKU00083,CUST00374,1,Negative,06-08-2025 06:31
SKU00083,CUST00722,4,Positive,26-08-2025 21:31
SKU00084,CUST00345,3,Negative,01-08-2025 07:43
SKU00084,CUST00140,2,Negative,10-09-2025 02:30
SKU00084,CUST00972,4,Positive,15-09-2025 21:07
SKU00084,CUST00655,4,Positive,02-09-2025 00:41
SKU00084,CUST00325,2,Negative,07-09-2025 15:51
SKU00084,CUST00992,5,Positive,06-09-2025 08:06
SKU00084,CUST00911,5,Positive,15-09-2025 09:49
SKU00084,CUST00366,2,Negative,03-09-2025 14:48
SKU00085,CUST00388,3,Negative,10-09-2025 06:19
SKU00085,CUST00706,3,Negative,13-07-2025 08:44
SKU00085,CUST00182,1,Negative,07-09-2025 03:47
SKU00085,CUST00972,5,Positive,08-08-2025 00:29
SKU00085,CUST00872,5,Positive,04-07-2025 03:27
SKU00085,CUST00187,5,Positive,31-07-2025 21:29
SKU00085,CUST00944,5,Positive,22-07-2025 10:43
SKU00085,CUST00655,5,Positive,11-07-2025 02:35
SKU00085,CUST00960,4,Positive,14-07-2025 15:43
SKU00085,CUST00340,1,Negative,24-07-2025 02:34
SKU00086,CUST00328,2,Negative,31-08-2025 18:25
SKU00086,CUST00907,1,Negative,18-09-2025 18:36
SKU00086,CUST00726,3,Negative,13-08-2025 08:43
SKU00086,CUST00012,3,Negative,21-07-2025 08:35
SKU00086,CUST00256,1,Negative,04-08-2025 00:40
SKU00086,CUST00263,1,Negative,08-09-2025 22:41
SKU00086,CUST00002,1,Negative,07-08-2025 11:17
SKU00086,CUST00449,4,Positive,17-07-2025 03:35
SKU00086,CUST00906,4,Positive,17-08-2025 20:57
SKU00086,CUST00903,4,Positive,04-08-2025 02:25
SKU00086,CUST00560,4,Positive,10-07-2025 20:20
SKU00086,CUST00849,4,Positive,15-09-2025 13:52
SKU00086,CUST00885,5,Positive,02-09-2025 04:52
SKU00086,CUST00777,2,Negative,16-07-2025 19:01
SKU00086,CUST00463,1,Negative,16-09-2025 14:15
SKU00086,CUST00867,1,Negative,29-07-2025 15:11
SKU00087,CUST00327,3,Negative,11-07-2025 04:01
SKU00087,CUST00076,3,Negative,17-07-2025 12:22
SKU00087,CUST00910,4,Positive,16-07-2025 14:56
SKU00087,CUST00750,1,Negative,23-08-2025 02:42
SKU00087,CUST00965,1,Negative,02-08-2025 19:28
SKU00088,CUST00722,1,Negative,11-08-2025 21:03
SKU00088,CUST00966,2,Negative,28-08-2025 23:09
SKU00088,CUST00912,4,Positive,16-07-2025 06:04
SKU00088,CUST00055,1,Negative,02-08-2025 03:30
SKU00088,CUST00211,2,Negative,09-08-2025 17:41
SKU00088,CUST00714,5,Positive,09-09-2025 02:28
SKU00088,CUST00948,5,Positive,26-07-2025 18:06
SKU00088,CUST00677,3,Negative,29-07-2025 20:59
SKU00088,CUST00244,1,Negative,05-07-2025 19:39
SKU00088,CUST00403,5,Positive,23-08-2025 08:48
SKU00088,CUST00861,4,Positive,15-07-2025 21:53
SKU00088,CUST00056,3,Negative,01-07-2025 08:53
SKU00088,CUST00438,1,Negative,29-07-2025 14:20
SKU00088,CUST00844,5,Positive,16-08-2025 15:14
SKU00088,CUST00205,1,Negative,03-07-2025 11:58
SKU00088,CUST00212,2,Negative,31-08-2025 23:05
SKU00088,CUST00299,1,Negative,15-08-2025 23:29
SKU00088,CUST00865,1,Negative,30-07-2025 22:30
SKU00088,CUST00804,4,Positive,15-08-2025 17:22
SKU00088,CUST00501,3,Negative,09-07-2025 20:21
SKU00089,CUST00190,3,Negative,24-09-2025 23:20
SKU00089,CUST00391,3,Negative,19-07-2025 02:46
SKU00089,CUST00457,1,Negative,26-07-2025 13:31
SKU00089,CUST00451,4,Positive,26-07-2025 13:46
SKU00089,CUST00232,3,Negative,24-08-2025 18:47
SKU00089,CUST00064,2,Negative,12-09-2025 00:50
SKU00089,CUST00714,1,Negative,09-07-2025 07:42
SKU00089,CUST00685,3,Negative,17-09-2025 11:11
SKU00089,CUST00555,4,Positive,12-09-2025 10:40
SKU00089,CUST00604,2,Negative,23-08-2025 17:59
SKU00089,CUST00063,4,Positive,18-09-2025 11:01
SKU00089,CUST00536,4,Positive,21-08-2025 23:50
SKU00089,CUST00704,4,Positive,25-08-2025 14:31
SKU00089,CUST00903,2,Negative,16-08-2025 05:46
SKU00089,CUST00307,1,Negative,08-08-2025 07:57
SKU00089,CUST00925,1,Negative,18-08-2025 17:58
SKU00089,CUST00585,5,Positive,16-09-2025 17:11
SKU00090,CUST00124,4,Positive,17-07-2025 18:50
SKU00090,CUST00972,2,Negative,21-07-2025 13:44
SKU00090,CUST00828,2,Negative,13-07-2025 06:02
SKU00090,CUST00044,4,Positive,08-07-2025 14:36
SKU00090,CUST00700,4,Positive,20-07-2025 14:30
SKU00090,CUST00843,2,Negative,19-09-2025 23:36
SKU00090,CUST00610,3,Negative,01-08-2025 01:04
SKU00090,CUST00933,1,Negative,09-07-2025 10:47
SKU00090,CUST00398,5,Positive,08-08-2025 13:54
SKU00091,CUST00878,3,Negative,20-08-2025 10:57
SKU00091,CUST00470,1,Negative,15-09-2025 08:47
SKU00091,CUST00718,5,Positive,27-08-2025 01:09
SKU00091,CUST00536,4,Positive,11-07-2025 22:11
SKU00091,CUST00425,2,Negative,15-07-2025 09:19
SKU00091,CUST00581,5,Positive,26-08-2025 13:44
SKU00091,CUST00777,1,Negative,28-09-2025 19:14
SKU00091,CUST00109,5,Positive,14-09-2025 16:28
SKU00091,CUST00104,3,Negative,23-09-2025 05:21
SKU00091,CUST00549,3,Negative,24-09-2025 05:38
SKU00091,CUST00421,3,Negative,07-08-2025 04:33
SKU00091,CUST00671,4,Positive,25-08-2025 12:54
SKU00091,CUST00624,4,Positive,04-07-2025 15:18
SKU00091,CUST00177,3,Negative,09-08-2025 02:59
SKU00091,CUST00148,5,Positive,29-08-2025 02:16
SKU00092,CUST00040,4,Positive,25-09-2025 08:51
SKU00092,CUST00901,3,Negative,06-09-2025 01:00
SKU00092,CUST00244,1,Negative,11-09-2025 09:43
SKU00092,CUST00487,3,Negative,26-09-2025 02:14
SKU00092,CUST00382,1,Negative,02-08-2025 19:17
SKU00092,CUST00838,3,Negative,31-07-2025 04:33
SKU00092,CUST00288,4,Positive,22-09-2025 07:49
SKU00092,CUST00713,1,Negative,23-09-2025 08:41
SKU00092,CUST00234,2,Negative,30-07-2025 04:10
SKU00092,CUST00998,4,Positive,14-09-2025 03:37
SKU00092,CUST00846,3,Negative,27-07-2025 03:47
SKU00092,CUST00747,4,Positive,28-08-2025 17:42
SKU00092,CUST00662,1,Negative,19-07-2025 05:55
SKU00092,CUST00453,2,Negative,27-09-2025 16:27
SKU00092,CUST00844,4,Positive,10-09-2025 22:31
SKU00092,CUST00497,5,Positive,23-09-2025 04:41
SKU00092,CUST00383,1,Negative,20-08-2025 00:39
SKU00093,CUST00068,3,Negative,07-09-2025 21:24
SKU00093,CUST00519,4,Positive,14-07-2025 04:05
SKU00093,CUST00800,5,Positive,24-09-2025 08:59
SKU00093,CUST00583,1,Negative,17-07-2025 20:50
SKU00093,CUST00198,2,Negative,20-09-2025 06:17
SKU00093,CUST00060,2,Negative,04-07-2025 05:03
SKU00093,CUST00468,1,Negative,28-09-2025 03:10
SKU00093,CUST00370,2,Negative,27-07-2025 14:24
SKU00093,CUST00378,4,Positive,19-08-2025 01:01
SKU00093,CUST00407,1,Negative,05-09-2025 03:15
SKU00094,CUST00248,3,Negative,17-08-2025 10:57
SKU00094,CUST00609,4,Positive,18-07-2025 05:47
SKU00094,CUST00984,4,Positive,26-08-2025 23:31
SKU00094,CUST00565,3,Negative,03-08-2025 10:09
SKU00094,CUST00168,3,Negative,11-09-2025 17:12
SKU00095,CUST00292,1,Negative,07-08-2025 12:45
SKU00095,CUST00051,2,Negative,21-09-2025 21:32
SKU00095,CUST00586,2,Negative,22-09-2025 05:12
SKU00095,CUST00227,2,Negative,04-09-2025 19:08
SKU00095,CUST00212,3,Negative,02-09-2025 06:18
SKU00095,CUST00420,5,Positive,02-07-2025 22:43
SKU00095,CUST00886,1,Negative,16-08-2025 00:43
SKU00096,CUST00663,2,Negative,28-08-2025 08:45
SKU00096,CUST00821,1,Negative,22-07-2025 17:25
SKU00096,CUST00259,5,Positive,17-09-2025 03:59
SKU00096,CUST00966,3,Negative,08-09-2025 04:48
SKU00096,CUST00991,3,Negative,11-08-2025 03:32
SKU00096,CUST00917,4,Positive,21-09-2025 16:20
SKU00096,CUST00358,4,Positive,25-07-2025 11:11
SKU00096,CUST00224,4,Positive,30-07-2025 08:02
SKU00096,CUST00694,5,Positive,19-09-2025 00:47
SKU00097,CUST00599,1,Negative,01-07-2025 17:07
SKU00097,CUST00524,3,Negative,24-08-2025 12:17
SKU00097,CUST00663,5,Positive,29-08-2025 03:11
SKU00097,CUST00290,3,Negative,05-09-2025 10:47
SKU00097,CUST00111,4,Positive,07-07-2025 04:45
SKU00097,CUST00345,3,Negative,01-09-2025 04:41
SKU00097,CUST00333,3,Negative,26-07-2025 08:30
SKU00097,CUST00672,3,Negative,19-07-2025 06:54
SKU00097,CUST00154,5,Positive,13-09-2025 07:41
SKU00097,CUST00247,1,Negative,17-09-2025 04:47
SKU00097,CUST00878,5,Positive,09-08-2025 05:37
SKU00097,CUST00677,3,Negative,05-09-2025 02:16
SKU00097,CUST00144,1,Negative,02-09-2025 15:11
SKU00097,CUST00510,3,Negative,26-07-2025 04:30
SKU00097,CUST00929,4,Positive,09-08-2025 06:47
SKU00097,CUST00398,1,Negative,26-08-2025 14:32
SKU00097,CUST00726,5,Positive,18-09-2025 05:27
SKU00098,CUST00352,2,Negative,05-09-2025 15:14
SKU00098,CUST00548,4,Positive,27-09-2025 00:21
SKU00098,CUST00964,3,Negative,19-08-2025 06:07
SKU00098,CUST00308,2,Negative,20-09-2025 14:49
SKU00098,CUST00674,5,Positive,18-07-2025 14:04
SKU00098,CUST00301,1,Negative,15-08-2025 16:59
SKU00098,CUST00132,3,Negative,09-09-2025 09:48
SKU00098,CUST00828,5,Positive,13-09-2025 01:43
SKU00098,CUST00935,2,Negative,30-09-2025 22:29
SKU00098,CUST00697,3,Negative,02-09-2025 12:56
SKU00098,CUST00092,2,Negative,04-08-2025 11:52
SKU00099,CUST00763,3,Negative,10-08-2025 19:46
SKU00099,CUST00808,3,Negative,06-08-2025 02:04
SKU00099,CUST00267,5,Positive,29-07-2025 13:11
SKU00099,CUST00475,1,Negative,15-08-2025 16:25
SKU00099,CUST00055,5,Positive,26-08-2025 08:13
SKU00099,CUST00967,5,Positive,07-07-2025 21:56
SKU00099,CUST00484,2,Negative,18-08-2025 14:11
SKU00099,CUST00123,4,Positive,21-08-2025 10:36
SKU00099,CUST00306,4,Positive,06-07-2025 05:58
SKU00099,CUST00892,2,Negative,14-07-2025 08:05
SKU00099,CUST00206,3,Negative,09-08-2025 17:29
SKU00099,CUST00584,4,Positive,14-07-2025 21:44
SKU00100,CUST00884,2,Negative,14-09-2025 15:03
SKU00100,CUST00083,4,Positive,02-08-2025 07:04
SKU00100,CUST00647,2,Negative,31-07-2025 10:18
SKU00100,CUST00650,1,Negative,01-07-2025 10:58
SKU00100,CUST00463,3,Negative,21-07-2025 07:53
SKU00100,CUST00780,2,Negative,25-08-2025 22:49
SKU00100,CUST00783,2,Negative,17-08-2025 12:47
SKU00100,CUST00805,1,Negative,13-07-2025 13:32
SKU00100,CUST00630,4,Positive,31-08-2025 12:07
SKU00100,CUST00440,4,Positive,11-08-2025 15:42
SKU00100,CUST00989,4,Positive,07-08-2025 05:11
SKU00100,CUST00005,1,Negative,21-08-2025 19:48
SKU00100,CUST00205,3,Negative,02-07-2025 08:48
SKU00100,CUST00914,3,Negative,12-09-2025 11:34
SKU00100,CUST00854,5,Positive,19-07-2025 12:04
SKU00101,CUST00693,1,Negative,30-08-2025 20:17
SKU00101,CUST00752,2,Negative,22-07-2025 23:14
SKU00101,CUST00711,3,Negative,31-07-2025 07:13
SKU00101,CUST00133,1,Negative,07-08-2025 05:44
SKU00101,CUST00516,5,Positive,30-07-2025 17:17
SKU00102,CUST00067,1,Negative,29-07-2025 22:51
SKU00102,CUST00972,3,Negative,14-08-2025 06:23
SKU00102,CUST00746,5,Positive,27-08-2025 21:38
SKU00102,CUST00537,3,Negative,12-08-2025 02:30
SKU00102,CUST00910,2,Negative,03-08-2025 06:37
SKU00102,CUST00924,4,Positive,04-08-2025 21:06
SKU00102,CUST00769,2,Negative,17-07-2025 00:12
SKU00102,CUST00971,4,Positive,02-07-2025 20:33
SKU00102,CUST00234,2,Negative,09-09-2025 14:25
SKU00102,CUST00135,2,Negative,10-09-2025 06:31
SKU00103,CUST00604,5,Positive,17-07-2025 09:45
SKU00103,CUST00127,3,Negative,08-09-2025 01:00
SKU00103,CUST00667,1,Negative,06-08-2025 10:15
SKU00103,CUST00898,3,Negative,13-09-2025 21:08
SKU00103,CUST00548,5,Positive,05-07-2025 17:12
SKU00104,CUST00678,1,Negative,02-09-2025 10:55
SKU00104,CUST00857,1,Negative,05-07-2025 16:23
SKU00104,CUST00707,1,Negative,10-08-2025 11:09
SKU00104,CUST00455,4,Positive,12-07-2025 23:59
SKU00104,CUST00561,3,Negative,16-08-2025 01:25
SKU00104,CUST00719,2,Negative,20-07-2025 22:50
SKU00105,CUST00309,4,Positive,03-09-2025 05:47
SKU00105,CUST00104,5,Positive,27-07-2025 05:05
SKU00105,CUST00638,5,Positive,07-09-2025 00:48
SKU00105,CUST00141,4,Positive,19-09-2025 15:33
SKU00105,CUST00921,1,Negative,19-08-2025 16:04
SKU00106,CUST00290,1,Negative,15-09-2025 04:37
SKU00106,CUST00109,4,Positive,20-07-2025 06:52
SKU00106,CUST00624,2,Negative,14-09-2025 12:46
SKU00106,CUST00270,5,Positive,20-07-2025 13:55
SKU00106,CUST00367,4,Positive,29-07-2025 16:13
SKU00106,CUST00165,1,Negative,23-08-2025 05:15
SKU00106,CUST00509,2,Negative,05-09-2025 19:37
SKU00106,CUST00956,4,Positive,02-08-2025 02:21
SKU00107,CUST00003,1,Negative,04-09-2025 05:01
SKU00107,CUST00092,1,Negative,20-09-2025 02:13
SKU00107,CUST00588,4,Positive,15-07-2025 11:31
SKU00107,CUST00973,1,Negative,14-09-2025 16:25
SKU00107,CUST00524,1,Negative,09-09-2025 06:01
SKU00107,CUST00741,1,Negative,26-09-2025 20:17
SKU00107,CUST00263,2,Negative,14-08-2025 08:18
SKU00107,CUST00304,3,Negative,15-08-2025 01:50
SKU00107,CUST00052,1,Negative,17-09-2025 22:50
SKU00107,CUST00179,1,Negative,21-09-2025 17:53
SKU00107,CUST00298,3,Negative,16-09-2025 19:51
SKU00107,CUST00694,3,Negative,11-08-2025 08:38
SKU00108,CUST00098,1,Negative,01-07-2025 22:32
SKU00108,CUST00873,2,Negative,03-09-2025 09:43
SKU00108,CUST00663,2,Negative,01-08-2025 21:50
SKU00108,CUST00367,4,Positive,30-08-2025 08:54
SKU00108,CUST00275,1,Negative,06-08-2025 04:16
SKU00108,CUST00835,3,Negative,18-07-2025 18:06
SKU00108,CUST00117,4,Positive,08-08-2025 20:39
SKU00108,CUST00986,4,Positive,27-07-2025 09:25
SKU00109,CUST00707,4,Positive,16-09-2025 15:53
SKU00109,CUST00432,2,Negative,11-07-2025 23:26
SKU00109,CUST00136,1,Negative,30-09-2025 12:06
SKU00109,CUST00865,2,Negative,11-07-2025 01:40
SKU00109,CUST00427,5,Positive,16-08-2025 20:42
SKU00109,CUST00822,5,Positive,04-09-2025 20:46
SKU00109,CUST00449,2,Negative,29-08-2025 08:29
SKU00109,CUST00389,3,Negative,29-08-2025 08:34
SKU00109,CUST00030,2,Negative,16-08-2025 21:39
SKU00109,CUST00943,4,Positive,11-07-2025 23:09
SKU00109,CUST00909,4,Positive,12-08-2025 18:52
SKU00109,CUST00048,1,Negative,26-07-2025 09:36
SKU00109,CUST00671,3,Negative,02-07-2025 04:48
SKU00109,CUST00722,5,Positive,13-09-2025 12:28
SKU00109,CUST00762,5,Positive,09-09-2025 06:30
SKU00109,CUST00579,2,Negative,04-09-2025 00:51
SKU00109,CUST00895,3,Negative,20-08-2025 09:35
SKU00110,CUST00444,2,Negative,16-08-2025 18:58
SKU00110,CUST00355,4,Positive,15-07-2025 10:23
SKU00110,CUST00860,5,Positive,25-09-2025 14:39
SKU00110,CUST00628,1,Negative,02-07-2025 03:08
SKU00110,CUST00659,2,Negative,19-08-2025 02:03
SKU00110,CUST00870,4,Positive,21-09-2025 17:00
SKU00110,CUST00508,2,Negative,08-07-2025 06:26
SKU00110,CUST00770,4,Positive,01-08-2025 03:07
SKU00111,CUST00339,3,Negative,05-07-2025 21:19
SKU00111,CUST00520,2,Negative,23-08-2025 10:44
SKU00111,CUST00659,4,Positive,09-08-2025 03:42
SKU00111,CUST00837,2,Negative,08-07-2025 15:41
SKU00111,CUST00471,4,Positive,16-09-2025 19:04
SKU00111,CUST00587,4,Positive,09-07-2025 13:06
SKU00111,CUST00878,4,Positive,13-08-2025 09:44
SKU00111,CUST00324,1,Negative,18-08-2025 06:57
SKU00111,CUST00764,1,Negative,10-07-2025 23:10
SKU00111,CUST00414,4,Positive,04-07-2025 11:29
SKU00111,CUST00571,5,Positive,01-07-2025 00:23
SKU00111,CUST00846,1,Negative,15-09-2025 20:59
SKU00112,CUST00912,5,Positive,24-08-2025 14:19
SKU00112,CUST00212,4,Positive,03-08-2025 02:14
SKU00112,CUST00373,1,Negative,18-09-2025 06:47
SKU00112,CUST00229,4,Positive,02-08-2025 05:33
SKU00112,CUST00574,5,Positive,28-08-2025 05:59
SKU00112,CUST00485,3,Negative,08-09-2025 12:11
SKU00112,CUST00464,1,Negative,10-07-2025 11:02
SKU00112,CUST00778,2,Negative,01-07-2025 05:07
SKU00112,CUST00350,3,Negative,19-09-2025 13:46
SKU00112,CUST00649,3,Negative,23-08-2025 04:12
SKU00112,CUST00535,3,Negative,07-09-2025 04:00
SKU00112,CUST00109,1,Negative,26-09-2025 01:52
SKU00112,CUST00169,4,Positive,14-07-2025 15:16
SKU00112,CUST00842,4,Positive,11-07-2025 09:14
SKU00113,CUST00626,2,Negative,19-07-2025 05:00
SKU00113,CUST00124,4,Positive,21-07-2025 22:21
SKU00113,CUST00469,2,Negative,08-09-2025 14:14
SKU00113,CUST00347,1,Negative,12-09-2025 12:17
SKU00113,CUST00425,1,Negative,28-09-2025 23:11
SKU00113,CUST00649,5,Positive,12-07-2025 23:07
SKU00113,CUST00791,4,Positive,14-08-2025 09:47
SKU00113,CUST00675,5,Positive,18-08-2025 22:51
SKU00113,CUST00138,4,Positive,01-07-2025 10:06
SKU00113,CUST00544,1,Negative,23-08-2025 17:06
SKU00113,CUST00958,4,Positive,20-09-2025 10:34
SKU00113,CUST00600,4,Positive,28-09-2025 17:56
SKU00113,CUST00521,2,Negative,06-09-2025 04:03
SKU00114,CUST00749,2,Negative,11-07-2025 01:17
SKU00114,CUST00397,5,Positive,28-08-2025 20:27
SKU00114,CUST00904,3,Negative,18-08-2025 22:39
SKU00114,CUST00903,4,Positive,10-08-2025 15:33
SKU00114,CUST00624,2,Negative,27-07-2025 13:31
SKU00114,CUST00408,3,Negative,29-07-2025 13:28
SKU00114,CUST00464,2,Negative,14-07-2025 09:58
SKU00114,CUST00423,5,Positive,06-09-2025 23:09
SKU00114,CUST00908,5,Positive,30-07-2025 00:31
SKU00114,CUST00864,5,Positive,22-09-2025 13:35
SKU00115,CUST00729,5,Positive,31-08-2025 10:01
SKU00115,CUST00223,2,Negative,21-07-2025 08:39
SKU00115,CUST00640,3,Negative,05-09-2025 15:55
SKU00115,CUST00354,2,Negative,07-09-2025 23:20
SKU00115,CUST00666,2,Negative,18-08-2025 22:09
SKU00115,CUST00556,3,Negative,07-09-2025 23:14
SKU00115,CUST00119,3,Negative,24-08-2025 14:12
SKU00115,CUST00492,5,Positive,25-08-2025 09:41
SKU00115,CUST00966,4,Positive,04-09-2025 11:06
SKU00115,CUST00766,5,Positive,28-07-2025 18:15
SKU00115,CUST00899,4,Positive,17-09-2025 11:29
SKU00115,CUST00014,5,Positive,11-07-2025 08:05
SKU00115,CUST00026,4,Positive,15-07-2025 02:38
SKU00115,CUST00055,1,Negative,20-07-2025 09:48
SKU00115,CUST00274,2,Negative,28-07-2025 19:51
SKU00116,CUST00150,1,Negative,06-09-2025 01:12
SKU00116,CUST00804,3,Negative,20-07-2025 19:21
SKU00116,CUST00772,5,Positive,04-07-2025 03:16
SKU00116,CUST00368,4,Positive,10-07-2025 22:47
SKU00116,CUST00631,5,Positive,22-09-2025 23:13
SKU00116,CUST00230,5,Positive,07-08-2025 18:10
SKU00116,CUST00244,5,Positive,15-09-2025 03:34
SKU00116,CUST00816,3,Negative,06-09-2025 06:39
SKU00116,CUST00681,1,Negative,28-09-2025 22:51
SKU00116,CUST00391,4,Positive,10-08-2025 10:40
SKU00116,CUST00980,3,Negative,23-08-2025 14:32
SKU00116,CUST00056,1,Negative,11-09-2025 04:52
SKU00116,CUST00258,2,Negative,30-08-2025 06:00
SKU00117,CUST00850,2,Negative,27-09-2025 11:55
SKU00117,CUST00649,3,Negative,12-09-2025 07:31
SKU00117,CUST00603,5,Positive,10-09-2025 16:42
SKU00117,CUST00618,2,Negative,14-09-2025 08:33
SKU00117,CUST00743,2,Negative,29-07-2025 13:29
SKU00117,CUST00460,2,Negative,05-09-2025 06:42
SKU00117,CUST00077,2,Negative,17-07-2025 20:58
SKU00117,CUST00753,5,Positive,12-07-2025 14:06
SKU00117,CUST00387,1,Negative,11-08-2025 14:29
SKU00117,CUST00286,5,Positive,26-07-2025 15:43
SKU00117,CUST00134,2,Negative,26-08-2025 16:47
SKU00117,CUST00867,3,Negative,01-07-2025 13:09
SKU00117,CUST00339,4,Positive,07-09-2025 21:41
SKU00117,CUST00960,2,Negative,04-07-2025 21:04
SKU00117,CUST00158,3,Negative,27-08-2025 22:49
SKU00117,CUST00053,5,Positive,20-09-2025 20:39
SKU00117,CUST00678,3,Negative,17-08-2025 15:03
SKU00117,CUST00809,5,Positive,23-08-2025 09:57
SKU00117,CUST00367,1,Negative,15-09-2025 02:55
SKU00118,CUST00539,2,Negative,18-07-2025 20:26
SKU00118,CUST00534,1,Negative,15-09-2025 08:06
SKU00118,CUST00518,2,Negative,10-08-2025 09:11
SKU00118,CUST00557,5,Positive,09-08-2025 04:01
SKU00118,CUST00095,3,Negative,22-07-2025 11:25
SKU00118,CUST00905,2,Negative,03-09-2025 09:40
SKU00118,CUST00340,3,Negative,05-08-2025 00:43
SKU00118,CUST00301,2,Negative,12-09-2025 01:48
SKU00118,CUST00634,5,Positive,16-08-2025 02:29
SKU00118,CUST00575,1,Negative,12-07-2025 03:19
SKU00118,CUST00685,3,Negative,13-08-2025 06:28
SKU00118,CUST00247,5,Positive,28-09-2025 04:30
SKU00118,CUST00637,2,Negative,04-07-2025 20:55
SKU00118,CUST00699,3,Negative,07-08-2025 00:39
SKU00118,CUST00938,1,Negative,07-08-2025 11:09
SKU00119,CUST00554,3,Negative,03-07-2025 09:34
SKU00119,CUST00934,5,Positive,18-09-2025 19:39
SKU00119,CUST00789,3,Negative,19-08-2025 22:25
SKU00119,CUST00823,5,Positive,13-08-2025 06:13
SKU00119,CUST00499,1,Negative,29-07-2025 18:44
SKU00119,CUST00920,2,Negative,01-08-2025 02:22
SKU00119,CUST00527,1,Negative,10-07-2025 07:35
SKU00119,CUST00172,5,Positive,21-08-2025 18:27
SKU00119,CUST00008,1,Negative,21-07-2025 11:09
SKU00119,CUST00687,2,Negative,22-09-2025 23:28
SKU00119,CUST00702,4,Positive,20-09-2025 03:14
SKU00119,CUST00107,2,Negative,22-08-2025 05:03
SKU00119,CUST00849,4,Positive,01-09-2025 18:35
SKU00120,CUST00765,2,Negative,03-07-2025 07:20
SKU00120,CUST00471,3,Negative,04-07-2025 16:16
SKU00120,CUST00090,1,Negative,06-07-2025 06:27
SKU00120,CUST00183,3,Negative,24-08-2025 04:25
SKU00120,CUST00073,5,Positive,18-09-2025 18:30
SKU00120,CUST00234,3,Negative,09-08-2025 13:51
SKU00120,CUST00398,4,Positive,31-08-2025 04:30
SKU00121,CUST00444,3,Negative,02-07-2025 15:21
SKU00121,CUST00399,1,Negative,21-08-2025 22:15
SKU00121,CUST00007,5,Positive,07-07-2025 03:21
SKU00121,CUST00775,5,Positive,05-07-2025 10:03
SKU00121,CUST00718,1,Negative,04-08-2025 17:30
SKU00121,CUST00951,5,Positive,11-07-2025 07:18
SKU00121,CUST00297,3,Negative,28-08-2025 21:24
SKU00121,CUST00089,3,Negative,13-09-2025 07:13
SKU00121,CUST00949,4,Positive,07-08-2025 00:45
SKU00121,CUST00405,1,Negative,16-08-2025 00:28
SKU00121,CUST00161,5,Positive,22-07-2025 08:19
SKU00121,CUST00140,4,Positive,16-09-2025 08:36
SKU00121,CUST00817,5,Positive,29-07-2025 15:20
SKU00121,CUST00984,2,Negative,29-07-2025 22:31
SKU00121,CUST00694,3,Negative,02-07-2025 01:58
SKU00121,CUST00567,5,Positive,14-07-2025 17:25
SKU00121,CUST00127,1,Negative,01-07-2025 11:43
SKU00122,CUST00551,5,Positive,30-09-2025 22:37
SKU00122,CUST00088,3,Negative,21-07-2025 09:27
SKU00122,CUST00767,3,Negative,21-07-2025 13:22
SKU00122,CUST00423,5,Positive,14-07-2025 19:56
SKU00122,CUST00165,2,Negative,22-07-2025 10:28
SKU00122,CUST00632,3,Negative,19-07-2025 20:48
SKU00122,CUST00118,2,Negative,04-09-2025 03:29
SKU00122,CUST00819,5,Positive,21-09-2025 17:53
SKU00122,CUST00056,5,Positive,14-08-2025 18:49
SKU00122,CUST00661,5,Positive,08-07-2025 02:26
SKU00122,CUST00298,1,Negative,25-07-2025 08:08
SKU00122,CUST00101,2,Negative,09-09-2025 10:44
SKU00122,CUST00595,4,Positive,02-08-2025 02:56
SKU00122,CUST00366,2,Negative,04-09-2025 04:13
SKU00122,CUST00672,2,Negative,10-07-2025 17:07
SKU00122,CUST00292,5,Positive,07-07-2025 18:39
SKU00122,CUST00922,2,Negative,31-07-2025 20:29
SKU00123,CUST00462,3,Negative,29-08-2025 20:10
SKU00123,CUST00676,3,Negative,06-09-2025 07:52
SKU00123,CUST00599,2,Negative,24-08-2025 21:49
SKU00123,CUST00581,3,Negative,17-09-2025 10:04
SKU00123,CUST00324,4,Positive,17-07-2025 08:57
SKU00123,CUST00005,3,Negative,24-07-2025 21:37
SKU00123,CUST00805,2,Negative,08-09-2025 03:32
SKU00123,CUST00758,4,Positive,27-07-2025 20:42
SKU00123,CUST00861,3,Negative,14-07-2025 00:57
SKU00123,CUST00696,3,Negative,24-09-2025 05:37
SKU00123,CUST00492,4,Positive,13-08-2025 05:45
SKU00123,CUST00368,3,Negative,17-08-2025 06:43
SKU00123,CUST00565,1,Negative,18-07-2025 01:34
SKU00123,CUST00662,5,Positive,08-07-2025 23:00
SKU00123,CUST00862,3,Negative,22-09-2025 08:56
SKU00123,CUST00847,2,Negative,25-09-2025 12:52
SKU00123,CUST00552,2,Negative,26-07-2025 13:22
SKU00123,CUST00752,1,Negative,09-09-2025 15:01
SKU00123,CUST00078,1,Negative,21-09-2025 11:40
SKU00123,CUST00520,1,Negative,17-09-2025 21:35
SKU00124,CUST00788,5,Positive,21-07-2025 15:46
SKU00124,CUST00929,1,Negative,23-08-2025 13:18
SKU00124,CUST00267,5,Positive,25-09-2025 19:08
SKU00124,CUST00553,4,Positive,02-09-2025 11:42
SKU00124,CUST00794,2,Negative,05-08-2025 12:25
SKU00124,CUST00402,2,Negative,25-09-2025 13:12
SKU00124,CUST00791,5,Positive,10-09-2025 04:32
SKU00124,CUST00878,3,Negative,13-07-2025 23:57
SKU00124,CUST00476,5,Positive,19-08-2025 13:20
SKU00124,CUST00093,4,Positive,05-08-2025 07:52
SKU00124,CUST00515,1,Negative,03-09-2025 08:09
SKU00124,CUST00245,5,Positive,05-09-2025 10:12
SKU00124,CUST00170,5,Positive,14-07-2025 15:05
SKU00124,CUST00457,2,Negative,18-07-2025 09:26
SKU00124,CUST00580,5,Positive,03-09-2025 00:32
SKU00124,CUST00894,2,Negative,10-09-2025 10:49
SKU00124,CUST00750,4,Positive,30-09-2025 04:26
SKU00125,CUST00042,2,Negative,12-09-2025 22:21
SKU00125,CUST00500,2,Negative,07-07-2025 02:28
SKU00125,CUST00271,3,Negative,23-07-2025 17:18
SKU00125,CUST00044,2,Negative,20-08-2025 06:45
SKU00125,CUST00930,3,Negative,07-08-2025 16:19
SKU00125,CUST00481,4,Positive,24-09-2025 14:09
SKU00125,CUST00048,1,Negative,01-09-2025 23:10
SKU00125,CUST00332,1,Negative,07-09-2025 07:49
SKU00125,CUST00992,5,Positive,31-08-2025 12:19
SKU00125,CUST00850,3,Negative,20-09-2025 01:23
SKU00125,CUST00760,3,Negative,26-08-2025 04:18
SKU00125,CUST00558,5,Positive,17-07-2025 21:05
SKU00125,CUST00386,4,Positive,05-08-2025 11:12
SKU00125,CUST00602,1,Negative,20-08-2025 03:54
SKU00125,CUST00258,4,Positive,27-09-2025 02:01
SKU00125,CUST00229,5,Positive,09-08-2025 09:40
SKU00126,CUST00837,3,Negative,17-08-2025 06:28
SKU00126,CUST00812,4,Positive,25-09-2025 03:15
SKU00126,CUST00619,1,Negative,18-08-2025 17:21
SKU00126,CUST00904,2,Negative,12-08-2025 17:02
SKU00126,CUST00170,2,Negative,08-07-2025 11:37
SKU00126,CUST00527,3,Negative,21-07-2025 12:52
SKU00126,CUST00154,2,Negative,16-07-2025 06:40
SKU00126,CUST00371,5,Positive,08-09-2025 15:26
SKU00126,CUST00837,1,Negative,03-09-2025 04:29
SKU00126,CUST00236,4,Positive,17-09-2025 18:10
SKU00126,CUST00339,1,Negative,16-08-2025 18:00
SKU00126,CUST00692,4,Positive,16-08-2025 12:12
SKU00126,CUST00216,5,Positive,16-07-2025 15:43
SKU00126,CUST00663,4,Positive,03-07-2025 04:18
SKU00126,CUST00250,1,Negative,13-07-2025 09:59
SKU00126,CUST00588,5,Positive,16-07-2025 15:27
SKU00127,CUST00645,5,Positive,04-07-2025 19:19
SKU00127,CUST00913,5,Positive,15-07-2025 06:13
SKU00127,CUST00058,2,Negative,26-07-2025 01:47
SKU00127,CUST00945,2,Negative,20-08-2025 03:51
SKU00127,CUST00982,4,Positive,28-08-2025 04:36
SKU00127,CUST00993,5,Positive,31-08-2025 21:46
SKU00127,CUST00020,3,Negative,30-09-2025 23:15
SKU00127,CUST00088,2,Negative,13-08-2025 14:43
SKU00127,CUST00622,4,Positive,23-09-2025 04:57
SKU00128,CUST00175,2,Negative,19-09-2025 14:53
SKU00128,CUST00421,5,Positive,14-07-2025 20:32
SKU00128,CUST00814,5,Positive,18-09-2025 15:47
SKU00128,CUST00786,2,Negative,30-08-2025 12:11
SKU00128,CUST00676,5,Positive,26-07-2025 16:22
SKU00128,CUST00172,3,Negative,28-09-2025 13:14
SKU00128,CUST00465,5,Positive,27-08-2025 08:11
SKU00128,CUST00071,2,Negative,06-08-2025 17:17
SKU00128,CUST00395,2,Negative,11-07-2025 12:59
SKU00128,CUST00017,2,Negative,20-08-2025 18:00
SKU00128,CUST00881,5,Positive,05-09-2025 10:41
SKU00128,CUST00430,2,Negative,28-08-2025 18:56
SKU00128,CUST00099,2,Negative,16-08-2025 04:51
SKU00128,CUST00924,5,Positive,28-08-2025 05:40
SKU00128,CUST00040,5,Positive,18-08-2025 20:50
SKU00128,CUST00771,1,Negative,10-07-2025 01:08
SKU00128,CUST00494,2,Negative,26-09-2025 13:46
SKU00128,CUST00618,5,Positive,19-09-2025 08:15
SKU00128,CUST00002,4,Positive,20-08-2025 16:27
SKU00128,CUST00431,3,Negative,23-09-2025 22:29
SKU00129,CUST00715,5,Positive,11-08-2025 15:32
SKU00129,CUST00235,4,Positive,15-09-2025 15:47
SKU00129,CUST00788,4,Positive,04-08-2025 00:45
SKU00129,CUST00604,5,Positive,10-07-2025 11:41
SKU00129,CUST00436,2,Negative,25-07-2025 17:04
SKU00129,CUST00489,2,Negative,27-09-2025 08:39
SKU00130,CUST00291,5,Positive,24-09-2025 03:00
SKU00130,CUST00557,4,Positive,26-07-2025 00:43
SKU00130,CUST00194,1,Negative,07-09-2025 20:26
SKU00130,CUST00762,1,Negative,26-08-2025 02:48
SKU00130,CUST00536,1,Negative,20-08-2025 11:07
SKU00130,CUST00008,4,Positive,02-09-2025 13:12
SKU00130,CUST00211,3,Negative,09-08-2025 16:40
SKU00131,CUST00110,2,Negative,11-08-2025 08:49
SKU00131,CUST00668,5,Positive,25-07-2025 15:00
SKU00131,CUST00268,5,Positive,11-08-2025 02:58
SKU00131,CUST00579,3,Negative,29-08-2025 09:47
SKU00131,CUST00283,4,Positive,12-09-2025 07:12
SKU00131,CUST00209,4,Positive,23-08-2025 14:29
SKU00131,CUST00803,5,Positive,16-08-2025 20:13
SKU00131,CUST00184,3,Negative,24-08-2025 06:46
SKU00131,CUST00569,4,Positive,25-07-2025 15:20
SKU00131,CUST00315,5,Positive,03-08-2025 10:24
SKU00131,CUST00793,4,Positive,10-09-2025 10:29
SKU00131,CUST00142,1,Negative,11-09-2025 14:32
SKU00131,CUST00236,4,Positive,15-09-2025 00:46
SKU00131,CUST00717,2,Negative,10-07-2025 17:39
SKU00131,CUST00220,5,Positive,08-08-2025 21:22
SKU00131,CUST00805,3,Negative,16-09-2025 18:07
SKU00132,CUST00165,4,Positive,31-08-2025 17:41
SKU00132,CUST00006,1,Negative,18-09-2025 22:19
SKU00132,CUST00149,4,Positive,28-09-2025 21:24
SKU00132,CUST00615,4,Positive,09-07-2025 13:22
SKU00132,CUST00066,3,Negative,22-07-2025 12:45
SKU00132,CUST00380,1,Negative,29-08-2025 03:08
SKU00133,CUST00742,4,Positive,29-09-2025 08:39
SKU00133,CUST00411,5,Positive,02-09-2025 16:59
SKU00133,CUST00534,3,Negative,08-09-2025 02:09
SKU00133,CUST00987,5,Positive,06-07-2025 13:53
SKU00133,CUST00969,2,Negative,01-09-2025 03:59
SKU00133,CUST00507,4,Positive,02-07-2025 00:57
SKU00134,CUST00871,5,Positive,28-07-2025 18:26
SKU00134,CUST00200,1,Negative,15-09-2025 02:45
SKU00134,CUST00614,5,Positive,20-08-2025 01:55
SKU00134,CUST00716,2,Negative,29-08-2025 17:29
SKU00134,CUST00174,1,Negative,04-08-2025 22:15
SKU00134,CUST00245,1,Negative,16-07-2025 06:52
SKU00134,CUST00089,3,Negative,14-09-2025 16:46
SKU00134,CUST00410,3,Negative,04-09-2025 00:25
SKU00134,CUST00405,4,Positive,26-08-2025 21:39
SKU00134,CUST00206,5,Positive,02-07-2025 11:48
SKU00134,CUST00755,1,Negative,28-09-2025 05:50
SKU00135,CUST00563,3,Negative,09-09-2025 12:01
SKU00135,CUST00850,5,Positive,27-09-2025 20:07
SKU00135,CUST00597,3,Negative,03-08-2025 17:40
SKU00135,CUST00987,3,Negative,22-07-2025 23:18
SKU00135,CUST00621,2,Negative,14-08-2025 03:39
SKU00135,CUST00953,4,Positive,25-08-2025 19:37
SKU00135,CUST00005,3,Negative,17-07-2025 23:51
SKU00136,CUST00519,1,Negative,24-08-2025 05:42
SKU00136,CUST00075,5,Positive,29-07-2025 13:39
SKU00136,CUST00349,1,Negative,16-09-2025 22:59
SKU00136,CUST00526,3,Negative,24-09-2025 01:29
SKU00136,CUST00551,5,Positive,25-07-2025 06:52
SKU00136,CUST00711,4,Positive,06-08-2025 14:39
SKU00136,CUST00577,4,Positive,13-09-2025 18:09
SKU00136,CUST00250,3,Negative,14-09-2025 07:16
SKU00136,CUST00470,4,Positive,26-09-2025 01:03
SKU00136,CUST00601,1,Negative,16-08-2025 19:04
SKU00136,CUST00120,3,Negative,07-07-2025 13:24
SKU00136,CUST00392,2,Negative,04-09-2025 17:19
SKU00136,CUST00719,2,Negative,16-09-2025 16:30
SKU00136,CUST00324,4,Positive,04-08-2025 06:46
SKU00136,CUST00529,5,Positive,01-07-2025 22:39
SKU00136,CUST00718,3,Negative,25-07-2025 02:28
SKU00136,CUST00295,1,Negative,08-08-2025 17:34
SKU00136,CUST00690,3,Negative,08-07-2025 09:09
SKU00137,CUST00488,3,Negative,04-08-2025 07:48
SKU00137,CUST00224,5,Positive,27-07-2025 02:59
SKU00137,CUST00188,2,Negative,18-08-2025 10:45
SKU00137,CUST00755,2,Negative,23-07-2025 19:15
SKU00137,CUST00754,2,Negative,23-09-2025 17:38
SKU00137,CUST00272,2,Negative,23-07-2025 06:05
SKU00137,CUST00208,2,Negative,20-09-2025 04:48
SKU00137,CUST00634,3,Negative,16-07-2025 03:29
SKU00137,CUST00798,1,Negative,12-07-2025 15:20
SKU00137,CUST00943,1,Negative,04-09-2025 14:45
SKU00138,CUST00629,1,Negative,13-09-2025 04:49
SKU00138,CUST00878,5,Positive,05-07-2025 02:28
SKU00138,CUST00869,4,Positive,06-08-2025 00:57
SKU00138,CUST00636,3,Negative,17-08-2025 19:14
SKU00138,CUST00920,5,Positive,23-09-2025 08:22
SKU00138,CUST00282,4,Positive,18-07-2025 18:07
SKU00138,CUST00783,5,Positive,28-07-2025 05:04
SKU00138,CUST00408,2,Negative,11-09-2025 20:01
SKU00138,CUST00591,2,Negative,06-07-2025 06:10
SKU00138,CUST00539,4,Positive,16-08-2025 10:33
SKU00138,CUST00963,5,Positive,04-07-2025 03:52
SKU00138,CUST00515,3,Negative,08-08-2025 05:25
SKU00138,CUST00882,2,Negative,14-08-2025 09:20
SKU00138,CUST01000,1,Negative,06-09-2025 19:01
SKU00138,CUST00531,4,Positive,31-07-2025 15:31
SKU00138,CUST00706,1,Negative,02-07-2025 03:32
SKU00138,CUST00691,2,Negative,06-08-2025 20:07
SKU00138,CUST00595,1,Negative,01-08-2025 14:19
SKU00138,CUST00371,5,Positive,22-09-2025 16:14
SKU00138,CUST00266,2,Negative,23-08-2025 06:14
SKU00139,CUST00243,3,Negative,15-08-2025 18:18
SKU00139,CUST00982,5,Positive,03-08-2025 07:28
SKU00139,CUST00375,2,Negative,18-08-2025 10:13
SKU00139,CUST00435,2,Negative,10-08-2025 16:33
SKU00139,CUST00718,3,Negative,05-08-2025 10:41
SKU00139,CUST00875,4,Positive,28-07-2025 03:35
SKU00139,CUST00462,2,Negative,25-08-2025 11:28
SKU00139,CUST00135,5,Positive,05-09-2025 14:31
SKU00139,CUST00235,1,Negative,08-09-2025 23:37
SKU00139,CUST00277,2,Negative,23-08-2025 22:02
SKU00139,CUST00443,4,Positive,20-07-2025 00:51
SKU00139,CUST00150,2,Negative,15-08-2025 22:08
SKU00139,CUST00826,1,Negative,18-07-2025 03:31
SKU00140,CUST00512,2,Negative,25-09-2025 17:28
SKU00140,CUST00870,5,Positive,21-08-2025 20:16
SKU00140,CUST00738,3,Negative,15-09-2025 05:57
SKU00140,CUST00499,3,Negative,25-07-2025 08:48
SKU00140,CUST00576,5,Positive,05-07-2025 15:10
SKU00140,CUST00408,1,Negative,06-09-2025 01:04
SKU00140,CUST00168,1,Negative,21-07-2025 22:04
SKU00140,CUST00834,3,Negative,16-08-2025 06:25
SKU00140,CUST00860,1,Negative,13-08-2025 16:14
SKU00140,CUST00763,3,Negative,26-07-2025 05:18
SKU00140,CUST00370,3,Negative,24-08-2025 09:42
SKU00140,CUST00571,3,Negative,03-08-2025 09:54
SKU00140,CUST00021,4,Positive,12-07-2025 18:30
SKU00140,CUST00360,5,Positive,20-07-2025 07:36
SKU00140,CUST00591,5,Positive,02-09-2025 02:17
SKU00140,CUST00665,5,Positive,17-07-2025 22:42
SKU00140,CUST00800,3,Negative,04-08-2025 11:27
SKU00140,CUST00333,5,Positive,17-08-2025 07:56
SKU00141,CUST00911,1,Negative,06-08-2025 23:57
SKU00141,CUST00629,3,Negative,15-08-2025 00:37
SKU00141,CUST00647,2,Negative,23-09-2025 07:11
SKU00141,CUST00172,3,Negative,10-08-2025 22:54
SKU00141,CUST00647,5,Positive,25-08-2025 12:00
SKU00141,CUST00415,1,Negative,08-07-2025 16:20
SKU00141,CUST00166,3,Negative,23-07-2025 03:47
SKU00141,CUST00322,3,Negative,02-09-2025 09:37
SKU00141,CUST00299,3,Negative,28-08-2025 18:38
SKU00141,CUST00661,4,Positive,27-07-2025 08:03
SKU00141,CUST00909,4,Positive,14-09-2025 19:48
SKU00141,CUST00884,3,Negative,11-09-2025 14:43
SKU00141,CUST00602,5,Positive,13-08-2025 17:14
SKU00141,CUST00424,2,Negative,18-07-2025 20:29
SKU00141,CUST00875,1,Negative,13-07-2025 03:21
SKU00141,CUST00746,2,Negative,03-09-2025 06:37
SKU00141,CUST00258,1,Negative,21-07-2025 10:40
SKU00141,CUST00171,4,Positive,11-07-2025 00:01
SKU00141,CUST00098,1,Negative,29-09-2025 22:53
SKU00142,CUST00562,1,Negative,03-07-2025 13:26
SKU00142,CUST00790,4,Positive,20-08-2025 20:58
SKU00142,CUST00784,1,Negative,11-07-2025 02:10
SKU00142,CUST00269,5,Positive,16-07-2025 01:48
SKU00142,CUST00087,4,Positive,31-07-2025 00:53
SKU00142,CUST00235,2,Negative,10-09-2025 14:43
SKU00142,CUST00291,4,Positive,30-08-2025 19:48
SKU00142,CUST00130,2,Negative,21-08-2025 03:23
SKU00142,CUST00859,2,Negative,03-07-2025 18:34
SKU00142,CUST00036,3,Negative,22-09-2025 12:48
SKU00142,CUST00938,3,Negative,22-09-2025 21:49
SKU00142,CUST00488,4,Positive,23-09-2025 13:20
SKU00142,CUST00554,3,Negative,23-08-2025 06:12
SKU00142,CUST00456,2,Negative,06-09-2025 17:34
SKU00142,CUST00553,2,Negative,27-08-2025 08:44
SKU00142,CUST00612,4,Positive,31-08-2025 06:26
SKU00142,CUST00767,5,Positive,12-08-2025 05:34
SKU00142,CUST00537,5,Positive,31-07-2025 01:33
SKU00142,CUST00931,3,Negative,16-08-2025 18:19
SKU00142,CUST00553,2,Negative,17-09-2025 03:06
SKU00143,CUST00453,3,Negative,05-08-2025 12:20
SKU00143,CUST00423,3,Negative,16-07-2025 02:50
SKU00143,CUST00311,1,Negative,01-07-2025 00:12
SKU00143,CUST00536,2,Negative,03-08-2025 09:18
SKU00143,CUST00294,4,Positive,21-08-2025 22:52
SKU00143,CUST00009,4,Positive,30-09-2025 22:34
SKU00143,CUST00774,4,Positive,30-07-2025 02:08
SKU00144,CUST00785,4,Positive,16-09-2025 11:23
SKU00144,CUST00300,5,Positive,23-07-2025 10:46
SKU00144,CUST00816,1,Negative,23-08-2025 05:25
SKU00144,CUST00383,2,Negative,09-08-2025 23:24
SKU00144,CUST00904,5,Positive,12-08-2025 10:31
SKU00145,CUST00256,2,Negative,08-09-2025 09:55
SKU00145,CUST00755,4,Positive,19-09-2025 10:22
SKU00145,CUST00388,2,Negative,26-07-2025 12:47
SKU00145,CUST00082,4,Positive,30-08-2025 17:06
SKU00145,CUST00246,5,Positive,13-09-2025 05:30
SKU00145,CUST00820,5,Positive,17-09-2025 09:47
SKU00145,CUST00711,3,Negative,28-07-2025 15:20
SKU00145,CUST00665,5,Positive,17-09-2025 12:39
SKU00145,CUST00276,4,Positive,19-07-2025 06:04
SKU00145,CUST00874,1,Negative,18-07-2025 17:02
SKU00145,CUST00140,3,Negative,11-07-2025 17:08
SKU00145,CUST00653,4,Positive,29-08-2025 23:24
SKU00145,CUST00464,3,Negative,07-09-2025 00:13
SKU00145,CUST00638,4,Positive,19-07-2025 05:34
SKU00145,CUST00329,1,Negative,15-07-2025 18:32
SKU00145,CUST00051,5,Positive,03-07-2025 03:34
SKU00145,CUST00191,1,Negative,28-07-2025 09:22
SKU00146,CUST00129,4,Positive,09-09-2025 14:16
SKU00146,CUST00009,2,Negative,09-07-2025 18:10
SKU00146,CUST00155,1,Negative,17-08-2025 22:07
SKU00146,CUST00223,3,Negative,10-08-2025 19:14
SKU00146,CUST00320,4,Positive,06-08-2025 01:25
SKU00146,CUST00475,1,Negative,02-08-2025 01:32
SKU00146,CUST00083,2,Negative,06-07-2025 10:34
SKU00146,CUST00273,4,Positive,07-07-2025 22:20
SKU00146,CUST00557,4,Positive,18-07-2025 15:10
SKU00146,CUST00197,3,Negative,18-09-2025 08:19
SKU00146,CUST00391,1,Negative,12-07-2025 20:11
SKU00146,CUST00998,2,Negative,07-08-2025 08:38
SKU00146,CUST00790,4,Positive,24-07-2025 23:55
SKU00147,CUST00204,4,Positive,10-09-2025 09:25
SKU00147,CUST00790,1,Negative,20-08-2025 14:20
SKU00147,CUST00682,2,Negative,15-08-2025 21:45
SKU00147,CUST00399,3,Negative,29-09-2025 21:32
SKU00147,CUST00331,2,Negative,31-08-2025 02:03
SKU00147,CUST00746,1,Negative,11-09-2025 07:20
SKU00148,CUST00260,4,Positive,31-08-2025 23:51
SKU00148,CUST00306,2,Negative,04-08-2025 23:51
SKU00148,CUST00909,1,Negative,22-09-2025 20:28
SKU00148,CUST00683,2,Negative,11-07-2025 23:08
SKU00148,CUST00242,4,Positive,01-08-2025 12:10
SKU00148,CUST00016,2,Negative,16-09-2025 03:03
SKU00148,CUST00283,5,Positive,12-07-2025 14:48
SKU00148,CUST00406,2,Negative,01-07-2025 20:48
SKU00149,CUST00596,4,Positive,05-09-2025 20:06
SKU00149,CUST00611,2,Negative,06-08-2025 01:25
SKU00149,CUST00790,1,Negative,25-07-2025 03:33
SKU00149,CUST00162,4,Positive,09-07-2025 20:58
SKU00149,CUST00703,5,Positive,02-08-2025 20:34
SKU00149,CUST00954,1,Negative,06-07-2025 19:17
SKU00150,CUST00661,2,Negative,07-09-2025 02:12
SKU00150,CUST00550,1,Negative,13-07-2025 05:11
SKU00150,CUST00500,2,Negative,31-07-2025 18:03
SKU00150,CUST00572,3,Negative,17-09-2025 05:00
SKU00150,CUST00914,4,Positive,10-09-2025 04:27
SKU00150,CUST00198,1,Negative,05-09-2025 22:04
SKU00150,CUST00387,3,Negative,09-09-2025 07:58
SKU00150,CUST00138,3,Negative,26-09-2025 06:02
SKU00150,CUST00041,4,Positive,07-09-2025 14:33
SKU00150,CUST00449,5,Positive,29-07-2025 14:44
SKU00150,CUST00556,4,Positive,19-07-2025 10:12
SKU00150,CUST00581,2,Negative,22-08-2025 18:43
SKU00150,CUST00357,3,Negative,10-09-2025 02:37
SKU00150,CUST00480,3,Negative,23-09-2025 05:47
SKU00150,CUST00852,5,Positive,27-09-2025 18:52
SKU00150,CUST00882,5,Positive,16-07-2025 13:37
SKU00151,CUST00544,2,Negative,13-08-2025 15:08
SKU00151,CUST00303,3,Negative,22-08-2025 14:02
SKU00151,CUST00376,4,Positive,01-07-2025 01:40
SKU00151,CUST00795,5,Positive,06-08-2025 19:14
SKU00151,CUST00752,2,Negative,24-09-2025 17:22
SKU00151,CUST00020,5,Positive,22-09-2025 04:33
SKU00151,CUST00373,5,Positive,24-07-2025 04:24
SKU00152,CUST00739,1,Negative,02-09-2025 21:55
SKU00152,CUST00991,5,Positive,18-09-2025 12:31
SKU00152,CUST00397,2,Negative,20-08-2025 21:10
SKU00152,CUST00700,4,Positive,13-09-2025 08:17
SKU00152,CUST00565,2,Negative,29-08-2025 12:29
SKU00152,CUST00290,3,Negative,09-08-2025 18:54
SKU00152,CUST00657,3,Negative,11-07-2025 17:24
SKU00152,CUST00099,5,Positive,02-09-2025 23:19
SKU00152,CUST00069,1,Negative,20-09-2025 02:08
SKU00152,CUST00961,2,Negative,18-07-2025 08:15
SKU00152,CUST00895,1,Negative,20-07-2025 14:52
SKU00152,CUST00110,4,Positive,19-07-2025 14:29
SKU00152,CUST00102,1,Negative,25-08-2025 10:33
SKU00152,CUST00658,4,Positive,02-09-2025 21:04
SKU00152,CUST00502,5,Positive,30-08-2025 13:57
SKU00153,CUST00051,3,Negative,22-07-2025 10:19
SKU00153,CUST00621,1,Negative,02-07-2025 06:29
SKU00153,CUST00953,2,Negative,02-09-2025 16:00
SKU00153,CUST00504,1,Negative,15-08-2025 10:39
SKU00153,CUST00821,1,Negative,05-08-2025 01:01
SKU00153,CUST00572,4,Positive,18-09-2025 19:27
SKU00153,CUST00378,1,Negative,18-09-2025 23:13
SKU00153,CUST00632,3,Negative,21-08-2025 08:42
SKU00153,CUST00042,1,Negative,20-09-2025 00:25
SKU00153,CUST00312,1,Negative,30-09-2025 17:05
SKU00153,CUST00222,5,Positive,10-07-2025 10:18
SKU00153,CUST00104,2,Negative,21-08-2025 14:51
SKU00153,CUST00395,2,Negative,19-07-2025 18:00
SKU00154,CUST00584,2,Negative,24-08-2025 05:13
SKU00154,CUST00768,5,Positive,10-08-2025 07:27
SKU00154,CUST00765,1,Negative,13-09-2025 09:34
SKU00154,CUST00654,5,Positive,04-08-2025 18:06
SKU00154,CUST00691,4,Positive,07-09-2025 05:03
SKU00154,CUST00682,4,Positive,24-09-2025 17:07
SKU00154,CUST00107,2,Negative,15-09-2025 22:34
SKU00154,CUST00185,5,Positive,08-08-2025 23:41
SKU00154,CUST00517,3,Negative,02-09-2025 20:09
SKU00154,CUST00162,5,Positive,28-08-2025 05:54
SKU00154,CUST00454,3,Negative,26-09-2025 14:56
SKU00154,CUST00323,5,Positive,01-08-2025 12:29
SKU00155,CUST00423,4,Positive,19-09-2025 05:04
SKU00155,CUST00744,3,Negative,29-08-2025 01:42
SKU00155,CUST00247,5,Positive,22-08-2025 23:24
SKU00155,CUST00220,4,Positive,13-09-2025 08:13
SKU00155,CUST00564,3,Negative,04-08-2025 22:52
SKU00155,CUST00985,4,Positive,13-08-2025 10:45
SKU00155,CUST00983,4,Positive,01-07-2025 00:27
SKU00155,CUST00744,1,Negative,28-07-2025 14:53
SKU00155,CUST00611,1,Negative,20-08-2025 06:07
SKU00155,CUST00139,3,Negative,01-07-2025 15:18
SKU00155,CUST00308,2,Negative,21-07-2025 20:34
SKU00155,CUST00877,3,Negative,03-07-2025 02:34
SKU00155,CUST00791,3,Negative,28-09-2025 05:41
SKU00155,CUST00567,5,Positive,24-08-2025 00:19
SKU00155,CUST00585,5,Positive,16-07-2025 00:30
SKU00155,CUST00097,1,Negative,14-08-2025 16:44
SKU00156,CUST00160,2,Negative,26-07-2025 17:28
SKU00156,CUST00376,5,Positive,25-07-2025 06:12
SKU00156,CUST00239,3,Negative,17-09-2025 17:56
SKU00156,CUST00308,1,Negative,25-08-2025 09:19
SKU00156,CUST00410,5,Positive,28-09-2025 02:49
SKU00156,CUST00223,1,Negative,09-09-2025 06:03
SKU00156,CUST00333,4,Positive,17-07-2025 18:53
SKU00156,CUST00500,5,Positive,18-09-2025 13:36
SKU00156,CUST00930,1,Negative,27-08-2025 18:59
SKU00156,CUST00658,3,Negative,04-07-2025 15:04
SKU00156,CUST00749,5,Positive,07-08-2025 01:04
SKU00156,CUST00081,1,Negative,28-09-2025 12:06
SKU00156,CUST00790,3,Negative,03-08-2025 18:44
SKU00156,CUST00901,4,Positive,10-08-2025 10:33
SKU00156,CUST00953,1,Negative,23-09-2025 10:44
SKU00156,CUST00789,2,Negative,11-09-2025 14:13
SKU00157,CUST00650,4,Positive,06-07-2025 06:07
SKU00157,CUST00313,5,Positive,04-07-2025 23:57
SKU00157,CUST00327,5,Positive,24-08-2025 20:20
SKU00157,CUST00154,3,Negative,18-08-2025 18:40
SKU00157,CUST00715,2,Negative,15-07-2025 20:58
SKU00158,CUST00690,4,Positive,13-08-2025 06:21
SKU00158,CUST00771,5,Positive,25-08-2025 20:26
SKU00158,CUST00517,1,Negative,22-07-2025 13:29
SKU00158,CUST00443,3,Negative,15-09-2025 08:22
SKU00158,CUST00404,2,Negative,13-07-2025 20:01
SKU00158,CUST00345,1,Negative,16-08-2025 04:49
SKU00159,CUST00562,4,Positive,26-07-2025 11:48
SKU00159,CUST00088,4,Positive,18-08-2025 17:19
SKU00159,CUST00445,2,Negative,12-09-2025 23:39
SKU00159,CUST00139,4,Positive,24-08-2025 07:15
SKU00159,CUST00203,4,Positive,08-08-2025 09:09
SKU00159,CUST00668,5,Positive,20-07-2025 00:56
SKU00160,CUST00249,1,Negative,26-07-2025 20:25
SKU00160,CUST00796,4,Positive,01-08-2025 09:36
SKU00160,CUST00702,5,Positive,09-07-2025 16:46
SKU00160,CUST00116,4,Positive,11-08-2025 02:55
SKU00160,CUST00375,3,Negative,19-07-2025 11:52
SKU00160,CUST00329,3,Negative,27-08-2025 15:50
SKU00160,CUST00672,1,Negative,13-09-2025 17:29
SKU00160,CUST00313,2,Negative,03-08-2025 22:53
SKU00160,CUST00632,4,Positive,30-08-2025 12:07
SKU00160,CUST00150,4,Positive,05-07-2025 08:34
SKU00160,CUST00947,2,Negative,20-07-2025 09:18
SKU00160,CUST00702,3,Negative,16-07-2025 03:29
SKU00161,CUST00116,1,Negative,24-07-2025 14:20
SKU00161,CUST00972,5,Positive,28-09-2025 23:26
SKU00161,CUST00152,3,Negative,02-07-2025 08:00
SKU00161,CUST00352,1,Negative,30-07-2025 14:58
SKU00161,CUST00461,4,Positive,03-07-2025 05:00
SKU00161,CUST00340,2,Negative,10-09-2025 20:21
SKU00161,CUST00551,2,Negative,20-07-2025 18:53
SKU00162,CUST00562,4,Positive,30-08-2025 11:47
SKU00162,CUST00748,2,Negative,06-09-2025 11:37
SKU00162,CUST00716,1,Negative,06-08-2025 13:33
SKU00162,CUST00597,5,Positive,05-07-2025 05:19
SKU00162,CUST00262,2,Negative,06-07-2025 20:03
SKU00162,CUST00291,2,Negative,15-09-2025 14:56
SKU00162,CUST00714,5,Positive,27-07-2025 08:07
SKU00162,CUST00055,4,Positive,02-09-2025 13:41
SKU00162,CUST00968,1,Negative,07-07-2025 11:11
SKU00162,CUST00398,3,Negative,03-09-2025 08:51
SKU00162,CUST00873,3,Negative,22-09-2025 21:55
SKU00162,CUST00111,1,Negative,29-07-2025 09:33
SKU00162,CUST00889,4,Positive,23-07-2025 10:39
SKU00163,CUST00521,1,Negative,26-09-2025 18:10
SKU00163,CUST00324,4,Positive,23-09-2025 03:43
SKU00163,CUST00612,5,Positive,09-07-2025 13:06
SKU00163,CUST00191,2,Negative,18-08-2025 14:36
SKU00163,CUST00990,4,Positive,24-08-2025 10:29
SKU00163,CUST00949,1,Negative,04-07-2025 20:37
SKU00163,CUST00254,5,Positive,30-07-2025 14:31
SKU00163,CUST00342,4,Positive,08-08-2025 04:41
SKU00163,CUST00763,2,Negative,02-07-2025 18:48
SKU00163,CUST00356,3,Negative,04-08-2025 12:05
SKU00163,CUST00641,3,Negative,23-07-2025 22:23
SKU00163,CUST00514,3,Negative,17-09-2025 19:50
SKU00163,CUST00064,3,Negative,24-09-2025 07:27
SKU00163,CUST00397,1,Negative,30-09-2025 15:59
SKU00163,CUST00569,3,Negative,22-07-2025 21:38
SKU00163,CUST00156,3,Negative,26-09-2025 02:34
SKU00163,CUST00403,2,Negative,09-07-2025 12:34
SKU00164,CUST00534,5,Positive,23-09-2025 17:32
SKU00164,CUST00641,2,Negative,10-08-2025 12:27
SKU00164,CUST00247,5,Positive,15-07-2025 19:55
SKU00164,CUST00437,3,Negative,27-09-2025 07:50
SKU00164,CUST00620,3,Negative,13-08-2025 14:38
SKU00164,CUST00556,2,Negative,21-07-2025 01:46
SKU00164,CUST00669,2,Negative,26-08-2025 09:53
SKU00164,CUST00555,2,Negative,22-09-2025 17:58
SKU00164,CUST00142,3,Negative,05-09-2025 20:23
SKU00164,CUST00723,5,Positive,27-09-2025 07:26
SKU00164,CUST00139,4,Positive,27-09-2025 06:07
SKU00164,CUST01000,2,Negative,02-09-2025 17:07
SKU00164,CUST00956,5,Positive,28-09-2025 01:01
SKU00164,CUST00162,3,Negative,07-07-2025 14:01
SKU00164,CUST00571,5,Positive,08-09-2025 20:25
SKU00164,CUST00122,2,Negative,31-07-2025 20:03
SKU00164,CUST00860,2,Negative,09-09-2025 14:13
SKU00165,CUST00784,3,Negative,24-09-2025 10:51
SKU00165,CUST00997,4,Positive,09-08-2025 22:17
SKU00165,CUST00311,4,Positive,11-09-2025 09:23
SKU00165,CUST00957,3,Negative,15-07-2025 18:05
SKU00165,CUST00798,2,Negative,11-07-2025 08:47
SKU00166,CUST00190,1,Negative,13-09-2025 00:37
SKU00166,CUST00627,5,Positive,26-07-2025 21:50
SKU00166,CUST00621,5,Positive,29-08-2025 10:54
SKU00166,CUST00237,5,Positive,23-07-2025 13:01
SKU00166,CUST00237,1,Negative,04-08-2025 21:08
SKU00166,CUST00082,4,Positive,14-07-2025 00:26
SKU00166,CUST00515,5,Positive,15-08-2025 12:17
SKU00166,CUST00730,3,Negative,18-07-2025 20:41
SKU00166,CUST00873,4,Positive,17-08-2025 17:09
SKU00167,CUST00141,2,Negative,19-07-2025 18:19
SKU00167,CUST00232,1,Negative,09-08-2025 16:04
SKU00167,CUST00783,1,Negative,28-09-2025 20:25
SKU00167,CUST00277,4,Positive,22-07-2025 14:35
SKU00167,CUST00761,2,Negative,12-09-2025 13:44
SKU00167,CUST00210,1,Negative,18-07-2025 04:37
SKU00167,CUST00950,4,Positive,23-09-2025 04:33
SKU00167,CUST00632,4,Positive,05-09-2025 18:50
SKU00167,CUST00333,4,Positive,25-09-2025 04:13
SKU00167,CUST00253,4,Positive,09-08-2025 07:24
SKU00167,CUST00795,1,Negative,29-08-2025 00:34
SKU00167,CUST00753,4,Positive,08-09-2025 22:11
SKU00167,CUST00321,4,Positive,29-08-2025 08:54
SKU00167,CUST00962,5,Positive,27-08-2025 15:40
SKU00167,CUST00550,5,Positive,01-09-2025 06:33
SKU00167,CUST00897,1,Negative,20-08-2025 13:12
SKU00167,CUST00112,4,Positive,14-08-2025 08:39
SKU00167,CUST00847,1,Negative,24-09-2025 05:22
SKU00167,CUST00252,5,Positive,22-08-2025 05:19
SKU00167,CUST00406,1,Negative,24-08-2025 03:32
SKU00168,CUST00529,1,Negative,19-07-2025 10:23
SKU00168,CUST00299,4,Positive,08-08-2025 15:30
SKU00168,CUST00906,3,Negative,14-09-2025 02:47
SKU00168,CUST00848,3,Negative,14-08-2025 19:01
SKU00168,CUST00171,4,Positive,29-07-2025 14:02
SKU00168,CUST00628,1,Negative,05-09-2025 23:42
SKU00168,CUST00530,2,Negative,15-08-2025 00:13
SKU00168,CUST00850,4,Positive,09-07-2025 18:44
SKU00168,CUST00740,5,Positive,11-07-2025 23:42
SKU00168,CUST00185,5,Positive,30-09-2025 01:19
SKU00168,CUST00916,5,Positive,14-07-2025 03:17
SKU00168,CUST00403,4,Positive,01-08-2025 09:43
SKU00168,CUST00462,1,Negative,18-07-2025 08:49
SKU00168,CUST00465,5,Positive,26-09-2025 01:16
SKU00168,CUST00730,2,Negative,24-09-2025 16:29
SKU00168,CUST00466,1,Negative,25-07-2025 06:44
SKU00168,CUST00332,2,Negative,08-09-2025 17:56
SKU00169,CUST00094,1,Negative,07-09-2025 13:37
SKU00169,CUST00461,3,Negative,09-07-2025 06:46
SKU00169,CUST00537,4,Positive,09-09-2025 13:44
SKU00169,CUST00811,5,Positive,29-08-2025 10:13
SKU00169,CUST00973,2,Negative,06-08-2025 18:23
SKU00169,CUST00564,4,Positive,05-07-2025 06:18
SKU00169,CUST00787,2,Negative,27-09-2025 13:42
SKU00169,CUST00344,5,Positive,23-09-2025 14:17
SKU00170,CUST00167,2,Negative,18-07-2025 08:47
SKU00170,CUST00788,1,Negative,10-08-2025 17:41
SKU00170,CUST00316,3,Negative,09-09-2025 21:24
SKU00170,CUST00788,4,Positive,29-07-2025 00:54
SKU00170,CUST00642,2,Negative,12-07-2025 09:55
SKU00170,CUST00921,2,Negative,20-07-2025 16:40
SKU00170,CUST00004,5,Positive,13-09-2025 07:30
SKU00170,CUST00260,1,Negative,14-08-2025 12:42
SKU00170,CUST00510,4,Positive,22-08-2025 18:26
SKU00171,CUST00623,4,Positive,24-07-2025 02:17
SKU00171,CUST00223,5,Positive,03-09-2025 00:40
SKU00171,CUST00488,4,Positive,09-08-2025 19:43
SKU00171,CUST00453,1,Negative,28-08-2025 08:56
SKU00171,CUST00615,1,Negative,24-07-2025 18:13
SKU00172,CUST00635,5,Positive,18-09-2025 15:01
SKU00172,CUST00846,2,Negative,05-07-2025 17:59
SKU00172,CUST00190,2,Negative,06-07-2025 08:18
SKU00172,CUST00669,3,Negative,04-07-2025 13:33
SKU00172,CUST00149,1,Negative,03-09-2025 18:12
SKU00172,CUST00592,5,Positive,29-07-2025 23:25
SKU00172,CUST00340,1,Negative,05-07-2025 18:15
SKU00172,CUST00112,4,Positive,18-07-2025 07:20
SKU00172,CUST00166,3,Negative,29-08-2025 07:56
SKU00172,CUST00677,5,Positive,25-08-2025 13:30
SKU00172,CUST00807,5,Positive,18-07-2025 05:25
SKU00172,CUST00990,4,Positive,11-09-2025 18:04
SKU00172,CUST00593,3,Negative,29-09-2025 10:30
SKU00173,CUST00096,3,Negative,01-08-2025 08:13
SKU00173,CUST00378,4,Positive,18-09-2025 15:21
SKU00173,CUST00070,4,Positive,20-09-2025 21:03
SKU00173,CUST00564,1,Negative,29-07-2025 10:20
SKU00173,CUST00483,2,Negative,12-07-2025 20:20
SKU00173,CUST00712,3,Negative,01-08-2025 23:06
SKU00174,CUST00538,2,Negative,06-09-2025 13:24
SKU00174,CUST00215,5,Positive,06-07-2025 15:34
SKU00174,CUST00112,5,Positive,09-09-2025 20:23
SKU00174,CUST00645,5,Positive,09-07-2025 12:17
SKU00174,CUST00496,5,Positive,29-09-2025 16:07
SKU00174,CUST00808,3,Negative,11-08-2025 11:06
SKU00174,CUST00624,3,Negative,26-07-2025 05:03
SKU00174,CUST00539,5,Positive,30-08-2025 12:15
SKU00174,CUST00363,2,Negative,29-08-2025 15:23
SKU00174,CUST00577,4,Positive,20-08-2025 11:00
SKU00174,CUST00747,4,Positive,17-08-2025 19:37
SKU00174,CUST00828,2,Negative,24-09-2025 19:05
SKU00174,CUST00625,2,Negative,07-09-2025 19:07
SKU00174,CUST00298,2,Negative,01-07-2025 03:41
SKU00174,CUST00122,1,Negative,15-08-2025 03:15
SKU00174,CUST00641,1,Negative,10-09-2025 14:25
SKU00174,CUST00869,2,Negative,16-09-2025 15:07
SKU00174,CUST00631,4,Positive,10-08-2025 04:47
SKU00175,CUST00342,3,Negative,24-08-2025 09:51
SKU00175,CUST00826,2,Negative,02-07-2025 02:19
SKU00175,CUST00656,2,Negative,05-09-2025 23:51
SKU00175,CUST00289,3,Negative,15-09-2025 17:17
SKU00175,CUST00070,3,Negative,30-07-2025 03:42
SKU00175,CUST00519,5,Positive,01-08-2025 10:47
SKU00176,CUST00117,3,Negative,03-08-2025 03:25
SKU00176,CUST00406,5,Positive,29-08-2025 19:22
SKU00176,CUST00984,1,Negative,19-09-2025 18:48
SKU00176,CUST00180,2,Negative,02-08-2025 02:09
SKU00176,CUST00854,3,Negative,28-09-2025 13:04
SKU00177,CUST00939,4,Positive,16-09-2025 09:44
SKU00177,CUST00037,2,Negative,16-08-2025 17:57
SKU00177,CUST00160,4,Positive,25-09-2025 14:38
SKU00177,CUST00886,5,Positive,25-09-2025 23:39
SKU00177,CUST00344,4,Positive,15-09-2025 02:49
SKU00177,CUST00834,4,Positive,29-09-2025 01:54
SKU00177,CUST00761,1,Negative,20-09-2025 01:56
SKU00177,CUST00534,3,Negative,24-08-2025 20:24
SKU00177,CUST00743,3,Negative,23-08-2025 21:39
SKU00177,CUST00549,1,Negative,21-07-2025 05:17
SKU00177,CUST00592,3,Negative,16-09-2025 15:03
SKU00177,CUST00939,3,Negative,07-07-2025 10:17
SKU00177,CUST00993,2,Negative,28-07-2025 05:31
SKU00177,CUST00861,1,Negative,02-08-2025 22:16
SKU00177,CUST00385,5,Positive,20-09-2025 18:56
SKU00177,CUST00170,5,Positive,28-08-2025 19:21
SKU00177,CUST00399,2,Negative,27-08-2025 18:53
SKU00177,CUST00120,3,Negative,07-09-2025 11:23
SKU00177,CUST00879,3,Negative,07-09-2025 22:02
SKU00177,CUST00033,3,Negative,10-08-2025 04:23
SKU00178,CUST00509,2,Negative,06-08-2025 01:51
SKU00178,CUST00463,3,Negative,21-07-2025 23:38
SKU00178,CUST00538,3,Negative,17-07-2025 23:48
SKU00178,CUST00115,3,Negative,15-09-2025 05:03
SKU00178,CUST00039,2,Negative,27-09-2025 16:16
SKU00178,CUST00095,4,Positive,19-08-2025 03:03
SKU00178,CUST00026,4,Positive,26-09-2025 20:41
SKU00179,CUST00195,3,Negative,28-09-2025 16:13
SKU00179,CUST00496,5,Positive,31-07-2025 03:11
SKU00179,CUST00795,3,Negative,14-07-2025 21:54
SKU00179,CUST00788,1,Negative,18-09-2025 19:43
SKU00179,CUST00961,5,Positive,04-09-2025 16:51
SKU00179,CUST00136,2,Negative,09-09-2025 08:22
SKU00179,CUST00038,4,Positive,07-08-2025 15:08
SKU00179,CUST00731,5,Positive,12-07-2025 05:55
SKU00179,CUST00005,3,Negative,29-09-2025 12:30
SKU00180,CUST00704,5,Positive,23-09-2025 15:36
SKU00180,CUST00090,3,Negative,15-08-2025 07:53
SKU00180,CUST00911,1,Negative,11-07-2025 00:14
SKU00180,CUST00534,3,Negative,03-07-2025 04:22
SKU00180,CUST00592,3,Negative,01-09-2025 00:37
SKU00180,CUST00914,2,Negative,01-08-2025 03:42
SKU00181,CUST00198,3,Negative,27-07-2025 20:38
SKU00181,CUST00546,3,Negative,14-09-2025 00:43
SKU00181,CUST00452,1,Negative,27-07-2025 11:19
SKU00181,CUST00153,2,Negative,27-07-2025 13:37
SKU00181,CUST00118,1,Negative,30-08-2025 11:34
SKU00181,CUST00574,5,Positive,10-07-2025 22:33
SKU00181,CUST00212,5,Positive,04-08-2025 00:18
SKU00181,CUST00563,3,Negative,27-07-2025 07:35
SKU00181,CUST00145,3,Negative,25-08-2025 17:42
SKU00181,CUST00251,2,Negative,07-07-2025 22:00
SKU00181,CUST00319,5,Positive,25-09-2025 15:04
SKU00182,CUST00554,4,Positive,05-07-2025 22:12
SKU00182,CUST00134,1,Negative,15-08-2025 16:53
SKU00182,CUST00925,1,Negative,11-07-2025 06:49
SKU00182,CUST00393,1,Negative,09-07-2025 08:40
SKU00182,CUST00437,4,Positive,18-07-2025 09:03
SKU00182,CUST00722,5,Positive,25-09-2025 12:49
SKU00182,CUST00607,4,Positive,29-08-2025 20:07
SKU00182,CUST00365,3,Negative,02-08-2025 06:23
SKU00182,CUST00838,2,Negative,08-09-2025 05:10
SKU00182,CUST00777,5,Positive,08-07-2025 15:01
SKU00182,CUST00998,4,Positive,25-08-2025 03:02
SKU00182,CUST00135,1,Negative,17-09-2025 22:04
SKU00182,CUST00822,4,Positive,10-07-2025 10:38
SKU00182,CUST00467,3,Negative,05-09-2025 10:56
SKU00182,CUST00660,4,Positive,15-08-2025 16:27
SKU00183,CUST00971,2,Negative,14-07-2025 22:53
SKU00183,CUST00882,5,Positive,26-07-2025 01:18
SKU00183,CUST00935,3,Negative,08-08-2025 01:36
SKU00183,CUST00188,3,Negative,15-09-2025 13:59
SKU00183,CUST00882,3,Negative,14-08-2025 00:13
SKU00183,CUST00500,1,Negative,07-07-2025 08:18
SKU00183,CUST00487,1,Negative,04-08-2025 02:54
SKU00183,CUST00491,4,Positive,21-09-2025 02:46
SKU00183,CUST00175,3,Negative,13-09-2025 13:26
SKU00183,CUST00357,5,Positive,25-08-2025 19:05
SKU00183,CUST00131,5,Positive,10-07-2025 23:50
SKU00183,CUST00416,1,Negative,01-08-2025 15:19
SKU00184,CUST00812,3,Negative,21-08-2025 17:23
SKU00184,CUST00473,4,Positive,27-08-2025 08:02
SKU00184,CUST00424,2,Negative,30-08-2025 06:44
SKU00184,CUST00250,5,Positive,16-07-2025 10:32
SKU00184,CUST00998,4,Positive,07-08-2025 06:21
SKU00184,CUST00068,3,Negative,21-07-2025 05:13
SKU00184,CUST00834,5,Positive,11-08-2025 20:38
SKU00185,CUST00581,3,Negative,22-08-2025 20:50
SKU00185,CUST00711,2,Negative,17-07-2025 19:19
SKU00185,CUST00679,1,Negative,10-09-2025 18:51
SKU00185,CUST00954,5,Positive,20-09-2025 05:45
SKU00185,CUST00499,1,Negative,27-08-2025 11:50
SKU00185,CUST00611,4,Positive,01-08-2025 14:11
SKU00185,CUST00569,1,Negative,18-09-2025 19:27
SKU00185,CUST00456,2,Negative,30-07-2025 21:46
SKU00185,CUST00979,4,Positive,07-07-2025 18:11
SKU00185,CUST00613,1,Negative,05-09-2025 13:21
SKU00185,CUST00834,5,Positive,13-09-2025 21:21
SKU00185,CUST00840,4,Positive,01-08-2025 18:54
SKU00185,CUST00507,1,Negative,09-07-2025 18:57
SKU00185,CUST00223,2,Negative,25-09-2025 03:28
SKU00185,CUST00595,1,Negative,12-09-2025 12:07
SKU00185,CUST00151,2,Negative,13-08-2025 23:30
SKU00185,CUST00545,3,Negative,07-08-2025 20:43
SKU00185,CUST00631,5,Positive,13-08-2025 09:57
SKU00186,CUST00211,3,Negative,30-07-2025 02:26
SKU00186,CUST00584,3,Negative,28-09-2025 04:15
SKU00186,CUST00966,4,Positive,08-09-2025 16:34
SKU00186,CUST00938,3,Negative,09-07-2025 16:03
SKU00186,CUST00597,1,Negative,29-08-2025 08:52
SKU00186,CUST00523,4,Positive,21-09-2025 07:08
SKU00186,CUST00131,3,Negative,07-07-2025 01:25
SKU00186,CUST00379,5,Positive,06-07-2025 03:47
SKU00186,CUST00001,5,Positive,18-09-2025 16:29
SKU00186,CUST00368,1,Negative,22-09-2025 14:51
SKU00186,CUST00289,1,Negative,23-07-2025 20:09
SKU00187,CUST00720,5,Positive,08-08-2025 06:42
SKU00187,CUST00641,3,Negative,08-09-2025 02:33
SKU00187,CUST00392,4,Positive,07-08-2025 01:06
SKU00187,CUST00446,5,Positive,21-07-2025 12:10
SKU00187,CUST00679,2,Negative,16-08-2025 02:31
SKU00187,CUST00143,2,Negative,23-08-2025 22:13
SKU00187,CUST00394,3,Negative,20-09-2025 13:15
SKU00187,CUST00428,2,Negative,29-07-2025 00:11
SKU00187,CUST00894,2,Negative,14-07-2025 00:53
SKU00187,CUST00012,1,Negative,01-09-2025 22:51
SKU00187,CUST00017,2,Negative,09-09-2025 00:50
SKU00187,CUST00907,4,Positive,02-09-2025 21:04
SKU00187,CUST00448,2,Negative,09-07-2025 05:16
SKU00187,CUST00141,4,Positive,22-09-2025 12:18
SKU00187,CUST00467,5,Positive,29-09-2025 07:46
SKU00187,CUST00436,5,Positive,18-07-2025 10:57
SKU00187,CUST00466,5,Positive,11-08-2025 04:16
SKU00187,CUST00566,4,Positive,07-08-2025 08:27
SKU00188,CUST00232,2,Negative,11-08-2025 05:47
SKU00188,CUST00620,1,Negative,26-08-2025 02:41
SKU00188,CUST00511,2,Negative,08-09-2025 03:22
SKU00188,CUST00514,3,Negative,09-08-2025 21:19
SKU00188,CUST00949,5,Positive,25-08-2025 22:59
SKU00188,CUST00376,1,Negative,04-07-2025 16:13
SKU00188,CUST00582,4,Positive,07-09-2025 10:29
SKU00188,CUST00378,1,Negative,26-08-2025 08:07
SKU00188,CUST00494,1,Negative,14-07-2025 19:05
SKU00188,CUST00748,5,Positive,22-09-2025 10:25
SKU00188,CUST00769,3,Negative,15-08-2025 03:22
SKU00188,CUST00530,1,Negative,20-08-2025 19:30
SKU00188,CUST00912,5,Positive,09-07-2025 14:05
SKU00188,CUST00252,4,Positive,31-08-2025 05:33
SKU00188,CUST00760,1,Negative,05-09-2025 10:00
SKU00188,CUST00649,5,Positive,16-09-2025 11:42
SKU00189,CUST00628,1,Negative,26-09-2025 17:30
SKU00189,CUST00352,5,Positive,14-09-2025 14:05
SKU00189,CUST00012,4,Positive,14-08-2025 01:58
SKU00189,CUST00525,4,Positive,25-08-2025 17:26
SKU00189,CUST00752,3,Negative,10-08-2025 21:02
SKU00189,CUST00362,3,Negative,29-07-2025 01:54
SKU00189,CUST00172,1,Negative,06-09-2025 11:35
SKU00189,CUST00946,5,Positive,11-09-2025 18:17
SKU00189,CUST00312,5,Positive,26-07-2025 06:52
SKU00189,CUST00063,4,Positive,26-08-2025 03:09
SKU00189,CUST00174,5,Positive,06-07-2025 00:16
SKU00189,CUST00673,3,Negative,17-09-2025 12:51
SKU00189,CUST00756,5,Positive,03-07-2025 15:36
SKU00189,CUST00294,4,Positive,09-07-2025 00:15
SKU00190,CUST00518,1,Negative,21-09-2025 16:00
SKU00190,CUST00803,3,Negative,25-07-2025 11:19
SKU00190,CUST00136,5,Positive,28-07-2025 06:42
SKU00190,CUST00282,3,Negative,02-07-2025 09:05
SKU00190,CUST00760,1,Negative,28-08-2025 15:00
SKU00190,CUST00179,5,Positive,10-09-2025 17:55
SKU00190,CUST00155,4,Positive,05-08-2025 21:37
SKU00190,CUST00828,2,Negative,26-07-2025 08:45
SKU00190,CUST00802,2,Negative,17-08-2025 01:56
SKU00191,CUST00819,5,Positive,22-09-2025 16:38
SKU00191,CUST00034,3,Negative,09-07-2025 04:40
SKU00191,CUST00991,2,Negative,27-08-2025 19:43
SKU00191,CUST00957,2,Negative,20-09-2025 07:46
SKU00191,CUST00508,4,Positive,13-09-2025 19:05
SKU00191,CUST00393,2,Negative,03-09-2025 03:27
SKU00191,CUST00451,2,Negative,21-07-2025 11:19
SKU00191,CUST00592,3,Negative,06-07-2025 06:35
SKU00191,CUST00658,3,Negative,12-09-2025 08:24
SKU00191,CUST00840,1,Negative,06-07-2025 02:23
SKU00192,CUST00476,4,Positive,16-08-2025 05:42
SKU00192,CUST00309,4,Positive,11-09-2025 10:39
SKU00192,CUST00972,5,Positive,23-07-2025 16:28
SKU00192,CUST00389,4,Positive,16-08-2025 01:52
SKU00192,CUST00269,2,Negative,21-08-2025 12:01
SKU00192,CUST00892,4,Positive,02-07-2025 03:38
SKU00192,CUST00296,4,Positive,07-08-2025 02:08
SKU00192,CUST00695,3,Negative,21-08-2025 11:34
SKU00192,CUST00700,1,Negative,10-07-2025 10:52
SKU00192,CUST00940,5,Positive,31-08-2025 21:18
SKU00193,CUST00980,4,Positive,29-08-2025 06:32
SKU00193,CUST00941,3,Negative,02-08-2025 12:31
SKU00193,CUST00277,3,Negative,16-09-2025 21:31
SKU00193,CUST00101,3,Negative,02-09-2025 12:43
SKU00193,CUST00599,4,Positive,14-08-2025 18:27
SKU00193,CUST00792,2,Negative,10-09-2025 07:04
SKU00193,CUST00689,5,Positive,13-09-2025 19:23
SKU00193,CUST00200,5,Positive,02-08-2025 18:12
SKU00193,CUST00694,2,Negative,31-07-2025 09:58
SKU00193,CUST00561,1,Negative,04-09-2025 07:44
SKU00193,CUST00009,1,Negative,02-07-2025 03:52
SKU00193,CUST00422,1,Negative,20-08-2025 23:57
SKU00193,CUST00107,4,Positive,04-08-2025 03:05
SKU00193,CUST00225,3,Negative,25-07-2025 10:57
SKU00193,CUST00198,1,Negative,03-07-2025 07:13
SKU00193,CUST00635,1,Negative,06-07-2025 12:32
SKU00194,CUST00974,5,Positive,31-08-2025 22:50
SKU00194,CUST00125,1,Negative,09-07-2025 09:17
SKU00194,CUST00877,5,Positive,13-07-2025 14:42
SKU00194,CUST00385,5,Positive,16-09-2025 23:35
SKU00194,CUST00991,2,Negative,25-09-2025 23:50
SKU00194,CUST00114,2,Negative,25-07-2025 14:18
SKU00194,CUST00302,4,Positive,03-09-2025 03:01
SKU00194,CUST00959,1,Negative,01-09-2025 00:27
SKU00194,CUST00465,3,Negative,13-09-2025 16:44
SKU00194,CUST00438,3,Negative,25-07-2025 23:38
SKU00194,CUST00166,1,Negative,27-07-2025 22:07
SKU00195,CUST00392,4,Positive,02-08-2025 07:08
SKU00195,CUST00062,3,Negative,17-09-2025 21:57
SKU00195,CUST00272,2,Negative,12-08-2025 18:36
SKU00195,CUST00072,4,Positive,29-09-2025 03:45
SKU00195,CUST00206,5,Positive,08-08-2025 02:54
SKU00195,CUST00183,4,Positive,11-07-2025 12:39
SKU00196,CUST00554,4,Positive,22-07-2025 04:52
SKU00196,CUST00629,1,Negative,27-09-2025 14:32
SKU00196,CUST00453,3,Negative,11-07-2025 00:40
SKU00196,CUST00036,1,Negative,07-07-2025 20:04
SKU00196,CUST00586,3,Negative,14-09-2025 11:05
SKU00196,CUST00457,1,Negative,26-09-2025 01:01
SKU00196,CUST00510,2,Negative,02-09-2025 09:17
SKU00196,CUST00656,1,Negative,29-09-2025 13:47
SKU00196,CUST00039,4,Positive,26-07-2025 20:50
SKU00197,CUST00717,3,Negative,26-09-2025 19:54
SKU00197,CUST00401,5,Positive,01-07-2025 08:37
SKU00197,CUST00528,4,Positive,16-08-2025 10:08
SKU00197,CUST00447,4,Positive,20-09-2025 22:46
SKU00197,CUST00746,1,Negative,22-08-2025 10:35
SKU00197,CUST00232,1,Negative,07-08-2025 07:46
SKU00197,CUST00978,4,Positive,12-07-2025 18:25
SKU00197,CUST00581,5,Positive,29-09-2025 18:48
SKU00197,CUST00368,3,Negative,05-09-2025 04:47
SKU00198,CUST00411,1,Negative,31-08-2025 09:18
SKU00198,CUST00982,1,Negative,05-08-2025 11:20
SKU00198,CUST00548,3,Negative,08-07-2025 19:28
SKU00198,CUST00862,4,Positive,12-09-2025 19:59
SKU00198,CUST00785,3,Negative,01-09-2025 21:27
SKU00198,CUST00208,2,Negative,23-08-2025 20:01
SKU00198,CUST00041,4,Positive,03-09-2025 03:37
SKU00198,CUST00196,3,Negative,06-09-2025 13:31
SKU00198,CUST00400,1,Negative,31-08-2025 05:26
SKU00198,CUST00706,3,Negative,17-08-2025 05:38
SKU00198,CUST00087,4,Positive,10-09-2025 09:25
SKU00198,CUST00195,2,Negative,04-07-2025 11:10
SKU00198,CUST00198,1,Negative,08-09-2025 21:06
SKU00198,CUST00608,2,Negative,17-08-2025 11:59
SKU00199,CUST00065,5,Positive,01-09-2025 11:14
SKU00199,CUST00316,4,Positive,21-08-2025 20:10
SKU00199,CUST00989,4,Positive,02-07-2025 14:15
SKU00199,CUST00038,3,Negative,06-07-2025 10:36
SKU00199,CUST00346,1,Negative,09-08-2025 08:54
SKU00199,CUST00122,2,Negative,17-09-2025 08:41
SKU00199,CUST00670,5,Positive,14-08-2025 12:04
SKU00199,CUST00963,5,Positive,15-07-2025 11:05
SKU00199,CUST00759,5,Positive,23-07-2025 14:53
SKU00199,CUST00948,1,Negative,04-07-2025 13:55
SKU00199,CUST00754,2,Negative,17-08-2025 11:12
SKU00199,CUST00670,1,Negative,15-08-2025 18:01
SKU00199,CUST00929,5,Positive,05-07-2025 10:43
SKU00199,CUST00249,2,Negative,02-07-2025 09:28
SKU00199,CUST00177,1,Negative,26-09-2025 20:00
SKU00199,CUST00315,1,Negative,14-08-2025 06:59
SKU00199,CUST00626,2,Negative,20-09-2025 02:30
SKU00200,CUST00838,1,Negative,12-07-2025 02:03
SKU00200,CUST00510,5,Positive,16-09-2025 14:12
SKU00200,CUST00631,2,Negative,07-07-2025 03:03
SKU00200,CUST00824,2,Negative,11-08-2025 09:08
SKU00200,CUST00346,4,Positive,01-08-2025 11:31
SKU00200,CUST00124,5,Positive,23-08-2025 00:00
SKU00200,CUST00141,3,Negative,20-09-2025 05:00
SKU00201,CUST00783,1,Negative,27-08-2025 13:59
SKU00201,CUST00178,3,Negative,07-07-2025 03:19
SKU00201,CUST00124,3,Negative,14-07-2025 17:06
SKU00201,CUST00776,4,Positive,17-07-2025 07:35
SKU00201,CUST00714,3,Negative,23-08-2025 17:32
SKU00201,CUST00169,4,Positive,24-07-2025 15:43
SKU00201,CUST00948,5,Positive,04-07-2025 22:50
SKU00201,CUST00137,1,Negative,15-09-2025 19:17
SKU00201,CUST00868,5,Positive,06-08-2025 12:26
SKU00201,CUST00797,2,Negative,02-07-2025 12:25
SKU00201,CUST00901,4,Positive,08-07-2025 20:05
SKU00202,CUST00008,2,Negative,28-09-2025 22:03
SKU00202,CUST00092,5,Positive,25-09-2025 02:39
SKU00202,CUST00291,4,Positive,06-09-2025 07:58
SKU00202,CUST00827,4,Positive,06-09-2025 05:18
SKU00202,CUST00130,2,Negative,14-07-2025 21:25
SKU00203,CUST00536,4,Positive,10-08-2025 00:06
SKU00203,CUST00245,2,Negative,29-08-2025 06:39
SKU00203,CUST00709,1,Negative,27-08-2025 21:24
SKU00203,CUST00185,4,Positive,29-08-2025 10:10
SKU00203,CUST00974,1,Negative,30-08-2025 21:27
SKU00203,CUST00847,3,Negative,03-08-2025 18:33
SKU00203,CUST00429,1,Negative,24-08-2025 03:33
SKU00203,CUST00242,2,Negative,12-07-2025 09:48
SKU00203,CUST00543,1,Negative,30-08-2025 02:11
SKU00203,CUST00371,5,Positive,19-08-2025 06:39
SKU00203,CUST00225,4,Positive,13-09-2025 19:00
SKU00203,CUST00642,2,Negative,27-07-2025 20:07
SKU00203,CUST00055,2,Negative,11-07-2025 22:33
SKU00204,CUST00702,4,Positive,18-08-2025 07:17
SKU00204,CUST00181,2,Negative,04-09-2025 01:32
SKU00204,CUST00945,1,Negative,06-07-2025 05:53
SKU00204,CUST00661,3,Negative,28-07-2025 16:14
SKU00204,CUST00215,4,Positive,25-07-2025 09:45
SKU00204,CUST00343,5,Positive,17-09-2025 04:08
SKU00204,CUST00912,4,Positive,05-07-2025 04:56
SKU00204,CUST00107,1,Negative,28-09-2025 19:04
SKU00204,CUST00551,2,Negative,16-07-2025 08:16
SKU00205,CUST00497,5,Positive,12-07-2025 06:27
SKU00205,CUST00073,2,Negative,09-09-2025 00:59
SKU00205,CUST00456,5,Positive,26-08-2025 06:56
SKU00205,CUST00334,4,Positive,20-07-2025 07:07
SKU00205,CUST00766,3,Negative,23-07-2025 08:05
SKU00206,CUST00334,2,Negative,10-07-2025 12:30
SKU00206,CUST00243,4,Positive,23-09-2025 10:58
SKU00206,CUST00205,4,Positive,25-09-2025 13:01
SKU00206,CUST00226,1,Negative,15-08-2025 17:29
SKU00206,CUST00600,4,Positive,06-07-2025 06:37
SKU00206,CUST00912,4,Positive,15-07-2025 01:44
SKU00206,CUST00222,5,Positive,14-08-2025 04:12
SKU00206,CUST00183,4,Positive,06-08-2025 06:16
SKU00207,CUST00469,2,Negative,31-08-2025 08:42
SKU00207,CUST00368,3,Negative,20-07-2025 15:11
SKU00207,CUST00344,2,Negative,04-07-2025 02:47
SKU00207,CUST00709,5,Positive,06-07-2025 18:59
SKU00207,CUST00288,2,Negative,11-07-2025 18:54
SKU00207,CUST00873,4,Positive,14-08-2025 12:33
SKU00207,CUST00429,2,Negative,12-09-2025 19:43
SKU00207,CUST00352,2,Negative,25-09-2025 01:28
SKU00207,CUST00303,5,Positive,16-07-2025 05:20
SKU00208,CUST00592,5,Positive,22-09-2025 00:18
SKU00208,CUST00236,1,Negative,09-08-2025 23:19
SKU00208,CUST00878,5,Positive,17-08-2025 11:56
SKU00208,CUST00883,2,Negative,27-08-2025 10:29
SKU00208,CUST00485,4,Positive,28-07-2025 02:30
SKU00208,CUST00015,4,Positive,10-09-2025 11:25
SKU00208,CUST00894,2,Negative,25-07-2025 01:29
SKU00208,CUST00336,4,Positive,26-08-2025 06:15
SKU00208,CUST00228,5,Positive,30-09-2025 20:55
SKU00208,CUST00153,5,Positive,26-09-2025 05:04
SKU00209,CUST00428,1,Negative,04-07-2025 21:20
SKU00209,CUST00482,5,Positive,04-07-2025 06:20
SKU00209,CUST00436,5,Positive,08-08-2025 06:49
SKU00209,CUST00491,1,Negative,13-08-2025 22:15
SKU00209,CUST00508,2,Negative,09-07-2025 01:37
SKU00210,CUST00710,4,Positive,22-07-2025 03:59
SKU00210,CUST00136,3,Negative,29-07-2025 17:14
SKU00210,CUST00245,1,Negative,02-07-2025 13:07
SKU00210,CUST00492,3,Negative,16-07-2025 17:01
SKU00210,CUST00721,4,Positive,22-09-2025 07:06
SKU00211,CUST01000,4,Positive,15-08-2025 00:38
SKU00211,CUST00791,2,Negative,23-09-2025 21:01
SKU00211,CUST00721,4,Positive,18-07-2025 22:57
SKU00211,CUST00809,3,Negative,30-08-2025 20:34
SKU00211,CUST00476,1,Negative,22-09-2025 12:50
SKU00212,CUST00395,3,Negative,21-08-2025 13:08
SKU00212,CUST00034,3,Negative,11-08-2025 08:25
SKU00212,CUST00771,3,Negative,06-09-2025 18:35
SKU00212,CUST00969,5,Positive,22-08-2025 15:57
SKU00212,CUST00590,2,Negative,15-09-2025 11:27
SKU00212,CUST00702,1,Negative,30-08-2025 05:45
SKU00212,CUST00902,3,Negative,10-09-2025 10:26
SKU00213,CUST00528,3,Negative,25-09-2025 05:08
SKU00213,CUST00053,1,Negative,07-08-2025 04:20
SKU00213,CUST00375,4,Positive,30-08-2025 02:41
SKU00213,CUST00042,3,Negative,05-08-2025 13:51
SKU00213,CUST00180,5,Positive,07-09-2025 10:28
SKU00213,CUST00069,5,Positive,07-09-2025 20:52
SKU00214,CUST00142,3,Negative,24-07-2025 04:03
SKU00214,CUST00553,1,Negative,02-09-2025 00:22
SKU00214,CUST00490,5,Positive,23-09-2025 13:52
SKU00214,CUST00983,2,Negative,12-09-2025 03:01
SKU00214,CUST00763,2,Negative,01-08-2025 02:44
SKU00214,CUST00362,3,Negative,18-08-2025 21:23
SKU00214,CUST00697,4,Positive,27-07-2025 21:47
SKU00214,CUST00056,1,Negative,06-08-2025 04:43
SKU00214,CUST00354,4,Positive,17-08-2025 04:59
SKU00214,CUST00514,5,Positive,19-09-2025 13:00
SKU00214,CUST00126,4,Positive,07-09-2025 22:00
SKU00215,CUST00463,5,Positive,05-08-2025 17:50
SKU00215,CUST00820,1,Negative,19-07-2025 06:53
SKU00215,CUST00914,4,Positive,09-07-2025 11:26
SKU00215,CUST00083,4,Positive,26-09-2025 04:21
SKU00215,CUST00184,3,Negative,08-07-2025 11:18
SKU00215,CUST00112,2,Negative,27-07-2025 18:59
SKU00215,CUST00115,2,Negative,18-08-2025 04:31
SKU00215,CUST00155,2,Negative,20-08-2025 13:17
SKU00215,CUST00975,1,Negative,29-07-2025 11:08
SKU00215,CUST00427,5,Positive,29-09-2025 11:04
SKU00215,CUST00136,4,Positive,03-08-2025 15:52
SKU00215,CUST00431,4,Positive,10-09-2025 14:59
SKU00215,CUST00661,1,Negative,29-07-2025 07:17
SKU00215,CUST00194,1,Negative,03-07-2025 03:20
SKU00216,CUST00855,5,Positive,01-09-2025 14:11
SKU00216,CUST00344,4,Positive,26-08-2025 04:28
SKU00216,CUST00352,3,Negative,17-08-2025 04:48
SKU00216,CUST00608,5,Positive,20-09-2025 17:47
SKU00216,CUST00562,4,Positive,14-08-2025 11:14
SKU00216,CUST00312,5,Positive,13-07-2025 19:28
SKU00216,CUST00920,3,Negative,17-07-2025 16:10
SKU00216,CUST00809,3,Negative,23-07-2025 00:26
SKU00216,CUST00496,3,Negative,28-07-2025 23:25
SKU00216,CUST00789,1,Negative,15-07-2025 09:39
SKU00216,CUST00362,3,Negative,14-08-2025 06:23
SKU00216,CUST00980,2,Negative,30-08-2025 01:30
SKU00217,CUST00729,5,Positive,28-07-2025 16:40
SKU00217,CUST00187,2,Negative,20-09-2025 11:47
SKU00217,CUST00726,2,Negative,16-07-2025 15:45
SKU00217,CUST00244,1,Negative,04-07-2025 23:53
SKU00217,CUST00325,5,Positive,13-07-2025 06:42
SKU00217,CUST00452,3,Negative,05-08-2025 21:23
SKU00217,CUST00189,2,Negative,24-08-2025 14:41
SKU00217,CUST00725,1,Negative,03-09-2025 14:51
SKU00217,CUST00325,3,Negative,15-07-2025 08:44
SKU00217,CUST00382,4,Positive,22-08-2025 09:58
SKU00218,CUST00547,3,Negative,12-07-2025 19:05
SKU00218,CUST00943,1,Negative,09-08-2025 06:41
SKU00218,CUST00954,4,Positive,13-09-2025 14:46
SKU00218,CUST00149,4,Positive,29-09-2025 01:57
SKU00218,CUST00328,2,Negative,01-07-2025 10:00
SKU00218,CUST00994,5,Positive,19-08-2025 06:20
SKU00218,CUST00340,3,Negative,16-08-2025 00:17
SKU00218,CUST00918,3,Negative,30-09-2025 15:42
SKU00218,CUST00773,5,Positive,03-09-2025 17:57
SKU00218,CUST00151,5,Positive,09-09-2025 17:37
SKU00219,CUST00347,1,Negative,10-09-2025 00:50
SKU00219,CUST00491,1,Negative,14-07-2025 12:52
SKU00219,CUST00695,5,Positive,12-07-2025 08:20
SKU00219,CUST00316,1,Negative,08-08-2025 23:51
SKU00219,CUST00633,2,Negative,13-08-2025 07:11
SKU00219,CUST00366,1,Negative,01-08-2025 16:29
SKU00219,CUST00057,5,Positive,01-09-2025 06:22
SKU00219,CUST00200,5,Positive,21-08-2025 02:40
SKU00219,CUST00228,3,Negative,20-07-2025 00:03
SKU00219,CUST00024,1,Negative,22-08-2025 06:35
SKU00219,CUST00870,4,Positive,04-09-2025 17:40
SKU00219,CUST00688,1,Negative,19-08-2025 16:33
SKU00219,CUST00404,2,Negative,17-08-2025 14:52
SKU00219,CUST00326,5,Positive,28-08-2025 17:56
SKU00219,CUST00524,1,Negative,27-09-2025 04:50
SKU00219,CUST00683,3,Negative,08-08-2025 14:22
SKU00219,CUST00152,4,Positive,05-08-2025 21:18
SKU00219,CUST00396,3,Negative,02-07-2025 04:24
SKU00219,CUST00292,3,Negative,04-08-2025 02:42
SKU00220,CUST00457,5,Positive,09-07-2025 12:07
SKU00220,CUST00221,4,Positive,10-09-2025 23:53
SKU00220,CUST00426,4,Positive,29-07-2025 00:33
SKU00220,CUST00168,4,Positive,09-09-2025 17:46
SKU00220,CUST00918,4,Positive,14-07-2025 13:12
SKU00220,CUST00856,5,Positive,28-08-2025 01:17
SKU00220,CUST00089,2,Negative,21-07-2025 04:10
SKU00220,CUST00311,4,Positive,23-09-2025 05:28
SKU00220,CUST00538,3,Negative,07-07-2025 10:03
SKU00220,CUST00956,5,Positive,12-09-2025 09:52
SKU00220,CUST00385,1,Negative,01-07-2025 15:25
SKU00220,CUST00420,3,Negative,10-08-2025 05:53
SKU00220,CUST00180,5,Positive,14-08-2025 20:49
SKU00220,CUST00728,5,Positive,12-09-2025 07:50
SKU00221,CUST00205,2,Negative,19-09-2025 19:21
SKU00221,CUST00391,3,Negative,23-08-2025 18:36
SKU00221,CUST00503,1,Negative,18-09-2025 21:15
SKU00221,CUST00847,3,Negative,20-09-2025 00:43
SKU00221,CUST00600,3,Negative,17-08-2025 23:20
SKU00221,CUST00573,4,Positive,22-07-2025 19:10
SKU00221,CUST00028,1,Negative,15-07-2025 22:54
SKU00221,CUST00269,3,Negative,01-09-2025 04:36
SKU00221,CUST00855,4,Positive,13-07-2025 01:21
SKU00222,CUST00428,2,Negative,17-08-2025 18:10
SKU00222,CUST00929,2,Negative,03-07-2025 18:16
SKU00222,CUST00123,3,Negative,17-08-2025 20:53
SKU00222,CUST00994,1,Negative,28-08-2025 03:31
SKU00222,CUST00764,3,Negative,26-08-2025 09:58
SKU00222,CUST00493,5,Positive,12-08-2025 08:06
SKU00222,CUST00890,3,Negative,30-08-2025 23:20
SKU00222,CUST00703,4,Positive,06-09-2025 09:42
SKU00222,CUST00838,1,Negative,06-08-2025 05:37
SKU00222,CUST00525,5,Positive,02-07-2025 16:52
SKU00222,CUST00866,3,Negative,16-07-2025 19:27
SKU00222,CUST00596,1,Negative,15-07-2025 04:31
SKU00222,CUST00328,4,Positive,24-09-2025 06:37
SKU00222,CUST00710,2,Negative,04-08-2025 16:46
SKU00223,CUST00055,3,Negative,05-08-2025 01:34
SKU00223,CUST00430,3,Negative,05-07-2025 17:30
SKU00223,CUST00297,3,Negative,21-08-2025 10:05
SKU00223,CUST00655,1,Negative,19-08-2025 21:23
SKU00223,CUST00199,2,Negative,13-09-2025 05:51
SKU00223,CUST00097,5,Positive,12-09-2025 01:45
SKU00223,CUST00172,5,Positive,01-08-2025 07:43
SKU00223,CUST00894,3,Negative,19-09-2025 06:38
SKU00223,CUST00866,3,Negative,27-07-2025 08:32
SKU00223,CUST00702,3,Negative,10-07-2025 07:18
SKU00224,CUST00844,2,Negative,02-07-2025 06:03
SKU00224,CUST00141,5,Positive,28-07-2025 07:45
SKU00224,CUST00382,4,Positive,10-08-2025 00:01
SKU00224,CUST00349,2,Negative,10-07-2025 22:39
SKU00224,CUST00224,2,Negative,18-08-2025 20:58
SKU00224,CUST00227,2,Negative,16-09-2025 04:43
SKU00224,CUST00919,5,Positive,29-08-2025 13:23
SKU00224,CUST00707,5,Positive,21-09-2025 03:29
SKU00224,CUST00545,5,Positive,07-09-2025 04:23
SKU00224,CUST00775,1,Negative,10-08-2025 12:29
SKU00224,CUST00472,1,Negative,12-07-2025 07:37
SKU00224,CUST00839,2,Negative,28-09-2025 15:42
SKU00224,CUST00018,4,Positive,03-08-2025 19:23
SKU00224,CUST00320,3,Negative,14-07-2025 11:55
SKU00224,CUST00837,4,Positive,25-09-2025 09:12
SKU00224,CUST00612,5,Positive,13-09-2025 03:17
SKU00225,CUST00177,3,Negative,03-07-2025 19:00
SKU00225,CUST00763,1,Negative,22-07-2025 14:07
SKU00225,CUST00132,2,Negative,05-09-2025 19:15
SKU00225,CUST00233,3,Negative,13-07-2025 04:04
SKU00225,CUST00215,2,Negative,08-07-2025 15:09
SKU00225,CUST00436,1,Negative,08-07-2025 13:08
SKU00225,CUST00020,4,Positive,12-09-2025 12:42
SKU00225,CUST00442,1,Negative,20-07-2025 01:31
SKU00225,CUST00111,1,Negative,15-09-2025 23:57
SKU00225,CUST00676,5,Positive,27-08-2025 14:12
SKU00225,CUST00061,4,Positive,12-07-2025 13:06
SKU00225,CUST00931,3,Negative,05-07-2025 04:51
SKU00225,CUST00068,3,Negative,03-09-2025 19:35
SKU00225,CUST00011,1,Negative,14-09-2025 23:03
SKU00225,CUST00127,5,Positive,20-07-2025 22:37
SKU00226,CUST00190,3,Negative,03-07-2025 20:10
SKU00226,CUST00093,2,Negative,21-09-2025 03:00
SKU00226,CUST00765,3,Negative,26-08-2025 06:55
SKU00226,CUST00357,3,Negative,16-07-2025 14:07
SKU00226,CUST00876,5,Positive,14-09-2025 19:24
SKU00226,CUST00747,5,Positive,24-07-2025 11:29
SKU00226,CUST00518,5,Positive,07-07-2025 15:14
SKU00226,CUST00102,5,Positive,13-09-2025 02:29
SKU00226,CUST00015,5,Positive,22-07-2025 01:38
SKU00226,CUST00733,2,Negative,28-07-2025 08:46
SKU00226,CUST00176,5,Positive,01-07-2025 10:05
SKU00227,CUST00947,2,Negative,28-09-2025 08:52
SKU00227,CUST00517,4,Positive,05-08-2025 13:55
SKU00227,CUST00715,5,Positive,18-07-2025 23:22
SKU00227,CUST00451,1,Negative,18-07-2025 13:24
SKU00227,CUST00855,3,Negative,06-08-2025 20:34
SKU00227,CUST00435,2,Negative,19-08-2025 22:17
SKU00227,CUST00234,4,Positive,11-07-2025 22:56
SKU00227,CUST00780,3,Negative,13-07-2025 00:02
SKU00228,CUST00113,5,Positive,14-07-2025 04:41
SKU00228,CUST00508,3,Negative,07-09-2025 10:08
SKU00228,CUST00296,5,Positive,09-09-2025 02:42
SKU00228,CUST00042,1,Negative,01-08-2025 20:33
SKU00228,CUST00506,1,Negative,07-08-2025 08:36
SKU00228,CUST00291,4,Positive,28-08-2025 07:00
SKU00228,CUST00754,3,Negative,05-09-2025 16:56
SKU00228,CUST01000,4,Positive,22-07-2025 22:19
SKU00228,CUST00568,4,Positive,29-07-2025 05:07
SKU00228,CUST00876,4,Positive,19-07-2025 07:54
SKU00228,CUST00878,1,Negative,25-09-2025 20:55
SKU00228,CUST00862,4,Positive,30-09-2025 04:13
SKU00228,CUST00696,3,Negative,18-07-2025 09:47
SKU00228,CUST00014,4,Positive,04-09-2025 06:05
SKU00228,CUST00108,4,Positive,12-08-2025 12:44
SKU00228,CUST00536,1,Negative,12-07-2025 13:47
SKU00228,CUST00147,4,Positive,08-08-2025 21:31
SKU00228,CUST00712,5,Positive,10-07-2025 21:01
SKU00228,CUST00760,2,Negative,07-07-2025 06:47
SKU00229,CUST00999,2,Negative,02-08-2025 21:04
SKU00229,CUST00206,5,Positive,20-09-2025 22:43
SKU00229,CUST00414,1,Negative,23-07-2025 14:37
SKU00229,CUST00859,4,Positive,09-09-2025 09:50
SKU00229,CUST00512,3,Negative,13-09-2025 06:09
SKU00229,CUST00731,5,Positive,27-08-2025 15:18
SKU00229,CUST00280,4,Positive,04-08-2025 13:46
SKU00229,CUST00488,5,Positive,09-08-2025 06:25
SKU00229,CUST00497,5,Positive,28-07-2025 01:51
SKU00229,CUST00151,4,Positive,11-07-2025 11:44
SKU00229,CUST00126,3,Negative,17-08-2025 12:14
SKU00229,CUST00510,2,Negative,31-08-2025 00:12
SKU00229,CUST00966,2,Negative,03-07-2025 21:15
SKU00229,CUST00102,1,Negative,19-09-2025 14:46
SKU00229,CUST00070,4,Positive,04-09-2025 20:06
SKU00229,CUST00028,2,Negative,07-08-2025 03:35
SKU00230,CUST00157,3,Negative,30-08-2025 09:17
SKU00230,CUST00639,1,Negative,12-09-2025 19:19
SKU00230,CUST00079,5,Positive,13-09-2025 12:34
SKU00230,CUST00505,4,Positive,20-07-2025 14:32
SKU00230,CUST00301,4,Positive,17-08-2025 14:21
SKU00230,CUST00517,3,Negative,22-08-2025 15:58
SKU00230,CUST00352,5,Positive,23-08-2025 01:43
SKU00230,CUST00019,1,Negative,11-08-2025 18:55
SKU00230,CUST00902,1,Negative,07-08-2025 05:55
SKU00230,CUST00461,3,Negative,21-09-2025 19:20
SKU00230,CUST00386,4,Positive,14-08-2025 15:04
SKU00230,CUST00037,1,Negative,18-07-2025 04:08
SKU00230,CUST00571,3,Negative,24-09-2025 21:30
SKU00230,CUST00724,2,Negative,17-08-2025 17:13
SKU00230,CUST00442,2,Negative,31-07-2025 08:05
SKU00231,CUST00500,1,Negative,25-08-2025 05:31
SKU00231,CUST00692,4,Positive,03-09-2025 02:05
SKU00231,CUST00568,5,Positive,25-08-2025 13:20
SKU00231,CUST00482,4,Positive,24-08-2025 14:09
SKU00231,CUST00875,2,Negative,19-08-2025 04:39
SKU00231,CUST00058,4,Positive,26-07-2025 13:44
SKU00231,CUST00507,5,Positive,06-08-2025 16:19
SKU00231,CUST00632,3,Negative,13-09-2025 10:00
SKU00231,CUST00292,3,Negative,06-07-2025 23:07
SKU00231,CUST00029,5,Positive,05-07-2025 09:08
SKU00231,CUST00132,3,Negative,03-08-2025 20:56
SKU00231,CUST00829,5,Positive,03-07-2025 14:40
SKU00231,CUST00784,3,Negative,06-08-2025 22:48
SKU00231,CUST00100,4,Positive,03-08-2025 12:14
SKU00231,CUST00366,4,Positive,04-08-2025 02:31
SKU00231,CUST00058,2,Negative,25-07-2025 00:58
SKU00231,CUST00241,3,Negative,27-08-2025 12:41
SKU00232,CUST00933,1,Negative,23-09-2025 08:46
SKU00232,CUST00313,1,Negative,02-08-2025 18:39
SKU00232,CUST00174,1,Negative,22-08-2025 06:36
SKU00232,CUST00334,1,Negative,14-08-2025 17:59
SKU00232,CUST00674,4,Positive,25-08-2025 03:39
SKU00232,CUST00528,4,Positive,26-07-2025 21:16
SKU00232,CUST00021,4,Positive,27-08-2025 02:06
SKU00233,CUST00325,4,Positive,25-08-2025 09:01
SKU00233,CUST00400,3,Negative,25-08-2025 14:06
SKU00233,CUST00101,4,Positive,10-07-2025 17:08
SKU00233,CUST00708,2,Negative,02-08-2025 14:51
SKU00233,CUST00509,5,Positive,17-09-2025 18:49
SKU00234,CUST00171,5,Positive,30-07-2025 01:56
SKU00234,CUST00373,4,Positive,20-07-2025 14:07
SKU00234,CUST00509,1,Negative,20-09-2025 14:13
SKU00234,CUST00871,5,Positive,21-07-2025 18:50
SKU00234,CUST00295,3,Negative,05-07-2025 14:45
SKU00234,CUST00305,5,Positive,09-08-2025 00:47
SKU00234,CUST00824,2,Negative,30-08-2025 15:21
SKU00234,CUST00761,1,Negative,08-09-2025 16:22
SKU00234,CUST00865,5,Positive,10-07-2025 04:44
SKU00234,CUST00607,3,Negative,27-07-2025 12:59
SKU00234,CUST00069,5,Positive,16-09-2025 18:53
SKU00234,CUST00544,4,Positive,11-08-2025 11:13
SKU00234,CUST00215,3,Negative,16-09-2025 06:00
SKU00234,CUST00079,3,Negative,18-08-2025 23:53
SKU00234,CUST00824,3,Negative,12-08-2025 00:45
SKU00235,CUST00205,4,Positive,09-08-2025 01:25
SKU00235,CUST00258,5,Positive,20-08-2025 00:53
SKU00235,CUST00465,5,Positive,18-07-2025 12:49
SKU00235,CUST00903,1,Negative,30-08-2025 22:58
SKU00235,CUST00721,5,Positive,22-09-2025 18:15
SKU00235,CUST00192,5,Positive,18-08-2025 11:13
SKU00235,CUST00219,4,Positive,27-07-2025 00:20
SKU00235,CUST00960,5,Positive,17-09-2025 12:57
SKU00235,CUST00630,4,Positive,29-09-2025 17:51
SKU00235,CUST00580,1,Negative,20-08-2025 16:58
SKU00235,CUST00206,3,Negative,14-08-2025 21:40
SKU00235,CUST00152,2,Negative,15-07-2025 14:37
SKU00235,CUST00765,3,Negative,20-09-2025 22:56
SKU00235,CUST00446,4,Positive,31-07-2025 22:30
SKU00235,CUST00881,1,Negative,31-08-2025 13:09
SKU00236,CUST00867,4,Positive,26-07-2025 22:00
SKU00236,CUST00844,3,Negative,01-09-2025 17:23
SKU00236,CUST00165,3,Negative,05-09-2025 16:29
SKU00236,CUST00616,2,Negative,09-08-2025 09:44
SKU00236,CUST00245,1,Negative,15-07-2025 13:26
SKU00236,CUST00197,1,Negative,24-07-2025 20:15
SKU00236,CUST00817,3,Negative,15-08-2025 01:34
SKU00236,CUST00498,5,Positive,12-08-2025 08:15
SKU00236,CUST00433,1,Negative,20-07-2025 14:40
SKU00236,CUST00164,3,Negative,14-07-2025 05:54
SKU00236,CUST00030,3,Negative,15-09-2025 16:03
SKU00237,CUST00675,5,Positive,18-07-2025 02:04
SKU00237,CUST00660,1,Negative,09-09-2025 03:29
SKU00237,CUST00498,1,Negative,06-07-2025 08:55
SKU00237,CUST00881,1,Negative,31-07-2025 11:27
SKU00237,CUST00617,3,Negative,23-09-2025 04:39
SKU00237,CUST00066,4,Positive,26-09-2025 01:37
SKU00237,CUST00373,1,Negative,08-08-2025 12:49
SKU00237,CUST00966,2,Negative,23-07-2025 22:00
SKU00237,CUST00115,5,Positive,10-09-2025 07:27
SKU00237,CUST00513,1,Negative,20-08-2025 16:14
SKU00237,CUST00681,5,Positive,14-09-2025 06:09
SKU00237,CUST00954,5,Positive,25-07-2025 10:45
SKU00237,CUST00509,1,Negative,24-07-2025 02:45
SKU00238,CUST00792,3,Negative,01-08-2025 23:17
SKU00238,CUST00853,5,Positive,10-09-2025 13:53
SKU00238,CUST00400,2,Negative,29-09-2025 19:52
SKU00238,CUST00434,2,Negative,15-07-2025 00:11
SKU00238,CUST00110,2,Negative,21-07-2025 18:54
SKU00238,CUST00994,3,Negative,12-08-2025 16:03
SKU00238,CUST00419,3,Negative,22-09-2025 18:42
SKU00238,CUST00604,1,Negative,17-08-2025 14:37
SKU00239,CUST00717,1,Negative,31-07-2025 17:28
SKU00239,CUST00559,4,Positive,16-08-2025 02:29
SKU00239,CUST00700,2,Negative,27-07-2025 23:09
SKU00239,CUST00901,2,Negative,05-08-2025 05:50
SKU00239,CUST00487,3,Negative,18-09-2025 17:55
SKU00239,CUST00316,1,Negative,01-09-2025 15:53
SKU00239,CUST00991,5,Positive,04-07-2025 09:06
SKU00239,CUST00862,1,Negative,06-09-2025 01:24
SKU00239,CUST00940,2,Negative,25-07-2025 13:29
SKU00239,CUST00566,4,Positive,31-07-2025 00:38
SKU00239,CUST00655,3,Negative,26-09-2025 16:30
SKU00239,CUST00832,1,Negative,21-08-2025 22:25
SKU00239,CUST00888,2,Negative,22-09-2025 06:27
SKU00239,CUST00454,4,Positive,01-07-2025 18:19
SKU00239,CUST00932,4,Positive,29-09-2025 01:14
SKU00239,CUST00940,3,Negative,30-07-2025 05:07
SKU00240,CUST00959,2,Negative,29-07-2025 21:02
SKU00240,CUST00216,2,Negative,27-09-2025 22:10
SKU00240,CUST00450,3,Negative,24-09-2025 09:18
SKU00240,CUST00832,4,Positive,15-09-2025 15:14
SKU00240,CUST00035,3,Negative,23-09-2025 02:57
SKU00240,CUST00083,4,Positive,15-08-2025 17:43
SKU00240,CUST00755,4,Positive,28-09-2025 22:53
SKU00241,CUST00735,4,Positive,24-09-2025 03:00
SKU00241,CUST00941,1,Negative,19-09-2025 00:59
SKU00241,CUST00165,3,Negative,19-08-2025 03:50
SKU00241,CUST00068,3,Negative,10-08-2025 20:41
SKU00241,CUST00617,5,Positive,10-09-2025 15:09
SKU00241,CUST00335,4,Positive,06-09-2025 11:57
SKU00241,CUST00029,1,Negative,01-09-2025 06:30
SKU00241,CUST00657,2,Negative,31-08-2025 04:22
SKU00241,CUST00455,2,Negative,01-07-2025 07:10
SKU00241,CUST00411,2,Negative,31-08-2025 00:02
SKU00241,CUST00313,3,Negative,25-08-2025 21:43
SKU00241,CUST00085,1,Negative,16-07-2025 07:45
SKU00241,CUST00256,5,Positive,08-09-2025 06:43
SKU00241,CUST00993,2,Negative,21-09-2025 05:33
SKU00241,CUST00609,4,Positive,15-09-2025 22:59
SKU00242,CUST00463,4,Positive,23-09-2025 19:24
SKU00242,CUST00753,2,Negative,26-07-2025 07:25
SKU00242,CUST00178,5,Positive,19-09-2025 06:30
SKU00242,CUST00336,3,Negative,20-07-2025 06:55
SKU00242,CUST00087,4,Positive,05-08-2025 16:34
SKU00242,CUST00187,4,Positive,24-09-2025 02:08
SKU00242,CUST00387,5,Positive,22-07-2025 19:05
SKU00242,CUST00022,1,Negative,28-09-2025 15:00
SKU00242,CUST00572,5,Positive,30-08-2025 20:08
SKU00242,CUST00235,1,Negative,14-08-2025 21:31
SKU00242,CUST00204,3,Negative,07-09-2025 02:03
SKU00242,CUST00873,2,Negative,05-07-2025 20:00
SKU00242,CUST00411,5,Positive,11-08-2025 15:25
SKU00242,CUST00615,3,Negative,15-07-2025 11:46
SKU00242,CUST00092,3,Negative,17-07-2025 12:24
SKU00243,CUST00015,5,Positive,12-08-2025 05:59
SKU00243,CUST00792,4,Positive,19-09-2025 07:38
SKU00243,CUST00690,4,Positive,12-07-2025 12:09
SKU00243,CUST00230,2,Negative,19-07-2025 12:00
SKU00243,CUST00969,3,Negative,28-07-2025 23:00
SKU00243,CUST00765,4,Positive,07-08-2025 02:17
SKU00243,CUST00134,4,Positive,22-09-2025 03:24
SKU00243,CUST00212,5,Positive,21-07-2025 22:18
SKU00244,CUST00745,2,Negative,10-08-2025 14:46
SKU00244,CUST00185,4,Positive,15-09-2025 22:34
SKU00244,CUST00150,1,Negative,29-07-2025 04:11
SKU00244,CUST01000,3,Negative,23-07-2025 20:43
SKU00244,CUST00633,4,Positive,27-09-2025 02:13
SKU00244,CUST00255,3,Negative,26-08-2025 14:15
SKU00244,CUST00701,4,Positive,09-07-2025 07:47
SKU00244,CUST00011,4,Positive,13-07-2025 22:23
SKU00244,CUST00893,3,Negative,06-09-2025 06:51
SKU00244,CUST00408,2,Negative,08-09-2025 06:11
SKU00244,CUST00393,4,Positive,10-09-2025 11:14
SKU00244,CUST00612,3,Negative,08-07-2025 02:13
SKU00244,CUST00098,5,Positive,06-07-2025 16:54
SKU00244,CUST00054,3,Negative,29-09-2025 09:32
SKU00245,CUST00483,3,Negative,28-08-2025 20:57
SKU00245,CUST00962,5,Positive,07-09-2025 21:24
SKU00245,CUST00767,1,Negative,01-07-2025 12:29
SKU00245,CUST00260,5,Positive,30-08-2025 03:54
SKU00245,CUST00391,3,Negative,08-08-2025 07:42
SKU00245,CUST00688,3,Negative,13-07-2025 20:08
SKU00245,CUST00992,5,Positive,04-07-2025 23:49
SKU00245,CUST00595,2,Negative,26-07-2025 06:31
SKU00245,CUST00174,5,Positive,17-08-2025 20:24
SKU00245,CUST00953,3,Negative,24-09-2025 05:38
SKU00245,CUST00480,2,Negative,09-07-2025 16:53
SKU00245,CUST00325,5,Positive,12-08-2025 00:47
SKU00246,CUST00267,1,Negative,31-07-2025 09:58
SKU00246,CUST00046,2,Negative,18-08-2025 11:14
SKU00246,CUST00893,3,Negative,11-09-2025 14:33
SKU00246,CUST00370,4,Positive,28-07-2025 11:15
SKU00246,CUST00925,3,Negative,29-08-2025 12:14
SKU00246,CUST00850,3,Negative,20-08-2025 04:38
SKU00246,CUST00321,4,Positive,25-09-2025 16:04
SKU00246,CUST00169,3,Negative,10-09-2025 13:01
SKU00246,CUST00504,2,Negative,23-08-2025 22:48
SKU00247,CUST00055,2,Negative,15-07-2025 10:18
SKU00247,CUST00056,2,Negative,18-07-2025 18:45
SKU00247,CUST00037,4,Positive,26-07-2025 06:21
SKU00247,CUST00168,4,Positive,12-08-2025 08:57
SKU00247,CUST00119,4,Positive,04-07-2025 23:03
SKU00247,CUST00453,3,Negative,07-09-2025 20:09
SKU00247,CUST00575,4,Positive,14-08-2025 10:39
SKU00247,CUST00505,1,Negative,21-09-2025 02:56
SKU00247,CUST00738,2,Negative,13-07-2025 00:08
SKU00247,CUST00358,1,Negative,20-07-2025 18:44
SKU00247,CUST00890,3,Negative,18-07-2025 12:57
SKU00247,CUST00855,2,Negative,11-09-2025 19:28
SKU00247,CUST00521,3,Negative,24-08-2025 16:27
SKU00247,CUST00913,5,Positive,21-07-2025 14:55
SKU00247,CUST00598,1,Negative,21-08-2025 01:42
SKU00247,CUST00786,5,Positive,18-07-2025 12:45
SKU00247,CUST00427,1,Negative,24-07-2025 21:35
SKU00247,CUST00787,4,Positive,04-09-2025 17:18
SKU00247,CUST00097,3,Negative,03-07-2025 12:29
SKU00248,CUST00698,1,Negative,08-08-2025 06:28
SKU00248,CUST00383,5,Positive,29-09-2025 05:04
SKU00248,CUST00975,1,Negative,20-09-2025 06:17
SKU00248,CUST00332,2,Negative,03-07-2025 19:16
SKU00248,CUST00084,4,Positive,19-09-2025 15:40
SKU00248,CUST00725,4,Positive,14-08-2025 02:01
SKU00248,CUST00644,3,Negative,27-08-2025 16:35
SKU00248,CUST00674,1,Negative,01-08-2025 23:37
SKU00248,CUST00994,1,Negative,02-09-2025 16:59
SKU00248,CUST00638,4,Positive,01-08-2025 13:06
SKU00248,CUST00971,5,Positive,13-07-2025 13:20
SKU00248,CUST00217,1,Negative,16-09-2025 19:45
SKU00248,CUST00660,3,Negative,01-08-2025 09:02
SKU00248,CUST00818,1,Negative,11-09-2025 05:10
SKU00249,CUST00561,5,Positive,07-08-2025 00:42
SKU00249,CUST00095,4,Positive,25-07-2025 18:34
SKU00249,CUST00183,2,Negative,13-09-2025 20:16
SKU00249,CUST00887,4,Positive,09-07-2025 15:49
SKU00249,CUST00022,2,Negative,16-07-2025 19:40
SKU00249,CUST00398,4,Positive,28-07-2025 15:56
SKU00249,CUST00663,2,Negative,12-07-2025 17:01
SKU00250,CUST00503,4,Positive,10-09-2025 10:44
SKU00250,CUST00826,3,Negative,26-09-2025 17:51
SKU00250,CUST00702,5,Positive,13-07-2025 17:55
SKU00250,CUST00368,1,Negative,19-09-2025 18:49
SKU00250,CUST00377,5,Positive,20-07-2025 09:44
SKU00250,CUST00502,4,Positive,24-09-2025 23:09
SKU00250,CUST00398,4,Positive,27-07-2025 01:36
SKU00250,CUST00577,5,Positive,11-08-2025 01:49
SKU00250,CUST00093,4,Positive,17-09-2025 17:45
SKU00250,CUST00378,5,Positive,19-07-2025 02:14
SKU00250,CUST00445,4,Positive,10-07-2025 00:34
SKU00250,CUST00042,5,Positive,03-08-2025 04:19
SKU00250,CUST00997,4,Positive,04-09-2025 16:13
SKU00250,CUST00230,2,Negative,29-09-2025 08:36
SKU00251,CUST00540,5,Positive,09-07-2025 03:39
SKU00251,CUST00298,4,Positive,12-08-2025 11:06
SKU00251,CUST00082,4,Positive,30-07-2025 03:58
SKU00251,CUST00153,2,Negative,05-09-2025 10:34
SKU00251,CUST00925,3,Negative,20-09-2025 16:55
SKU00251,CUST00255,5,Positive,11-08-2025 12:41
SKU00251,CUST00303,5,Positive,05-07-2025 15:12
SKU00251,CUST00565,1,Negative,28-09-2025 01:28
SKU00251,CUST00047,5,Positive,11-07-2025 10:48
SKU00251,CUST00523,4,Positive,10-08-2025 02:24
SKU00251,CUST00097,4,Positive,03-09-2025 03:54
SKU00251,CUST00738,5,Positive,17-09-2025 22:01
SKU00251,CUST00260,3,Negative,25-07-2025 17:52
SKU00251,CUST00600,1,Negative,13-09-2025 15:04
SKU00251,CUST00516,1,Negative,12-07-2025 01:29
SKU00251,CUST00759,4,Positive,18-07-2025 10:23
SKU00251,CUST00806,2,Negative,20-09-2025 20:07
SKU00251,CUST00403,1,Negative,09-07-2025 02:04
SKU00251,CUST00427,3,Negative,31-07-2025 11:32
SKU00251,CUST00602,4,Positive,12-09-2025 12:45
SKU00252,CUST00639,3,Negative,03-08-2025 03:22
SKU00252,CUST00990,2,Negative,21-07-2025 11:49
SKU00252,CUST00190,1,Negative,11-09-2025 12:42
SKU00252,CUST00619,3,Negative,23-09-2025 15:00
SKU00252,CUST00690,1,Negative,12-08-2025 02:49
SKU00252,CUST00548,1,Negative,01-07-2025 13:37
SKU00252,CUST00405,1,Negative,02-07-2025 07:00
SKU00252,CUST00176,4,Positive,14-08-2025 16:15
SKU00252,CUST00709,4,Positive,23-09-2025 08:24
SKU00252,CUST00674,5,Positive,09-09-2025 11:29
SKU00252,CUST00499,3,Negative,30-08-2025 01:12
SKU00252,CUST00833,5,Positive,05-08-2025 00:33
SKU00252,CUST00708,4,Positive,17-09-2025 02:56
SKU00252,CUST00310,1,Negative,13-07-2025 03:28
SKU00252,CUST00139,1,Negative,19-07-2025 12:36
SKU00252,CUST00115,1,Negative,06-09-2025 13:52
SKU00252,CUST00994,2,Negative,22-09-2025 09:38
SKU00252,CUST00028,2,Negative,16-08-2025 17:05
SKU00252,CUST00665,2,Negative,02-09-2025 02:00
SKU00253,CUST00447,5,Positive,19-07-2025 12:51
SKU00253,CUST00089,3,Negative,13-09-2025 17:34
SKU00253,CUST00475,2,Negative,16-08-2025 00:28
SKU00253,CUST00433,1,Negative,12-07-2025 07:22
SKU00253,CUST00171,2,Negative,10-09-2025 17:29
SKU00253,CUST00720,4,Positive,17-08-2025 02:14
SKU00253,CUST00483,1,Negative,22-09-2025 11:28
SKU00253,CUST00461,5,Positive,24-07-2025 13:22
SKU00253,CUST00207,3,Negative,25-08-2025 06:52
SKU00253,CUST00850,4,Positive,05-07-2025 22:39
SKU00253,CUST00342,1,Negative,10-07-2025 23:13
SKU00253,CUST00646,4,Positive,10-08-2025 08:37
SKU00254,CUST00755,5,Positive,27-08-2025 20:24
SKU00254,CUST00749,5,Positive,29-07-2025 05:33
SKU00254,CUST00038,4,Positive,08-08-2025 19:19
SKU00254,CUST00498,5,Positive,27-08-2025 09:13
SKU00254,CUST00743,5,Positive,29-09-2025 19:21
SKU00254,CUST00695,4,Positive,23-07-2025 12:22
SKU00254,CUST00732,1,Negative,21-08-2025 07:02
SKU00254,CUST00020,4,Positive,25-08-2025 23:07
SKU00254,CUST00324,5,Positive,07-07-2025 03:59
SKU00254,CUST00275,4,Positive,25-09-2025 07:50
SKU00254,CUST00485,1,Negative,18-08-2025 00:56
SKU00254,CUST00638,3,Negative,13-08-2025 12:40
SKU00254,CUST00715,4,Positive,03-07-2025 00:29
SKU00254,CUST00166,3,Negative,09-09-2025 12:11
SKU00254,CUST00197,4,Positive,03-08-2025 09:13
SKU00254,CUST00449,2,Negative,19-08-2025 06:52
SKU00254,CUST00225,5,Positive,27-09-2025 06:17
SKU00254,CUST00702,3,Negative,28-09-2025 11:47
SKU00254,CUST00617,4,Positive,13-07-2025 17:37
SKU00254,CUST00905,3,Negative,09-09-2025 04:42
SKU00255,CUST00983,4,Positive,19-09-2025 21:13
SKU00255,CUST00964,3,Negative,16-09-2025 06:45
SKU00255,CUST00484,2,Negative,30-08-2025 08:59
SKU00255,CUST00213,3,Negative,06-09-2025 01:26
SKU00255,CUST00768,1,Negative,03-09-2025 18:21
SKU00255,CUST00495,2,Negative,17-07-2025 19:47
SKU00255,CUST00205,2,Negative,28-08-2025 19:29
SKU00255,CUST00504,1,Negative,16-09-2025 00:56
SKU00255,CUST00426,4,Positive,30-07-2025 11:33
SKU00255,CUST00241,2,Negative,24-08-2025 01:30
SKU00255,CUST00049,1,Negative,04-08-2025 20:02
SKU00255,CUST00903,3,Negative,04-08-2025 15:58
SKU00255,CUST00694,2,Negative,17-07-2025 23:06
SKU00255,CUST00848,5,Positive,04-07-2025 02:29
SKU00255,CUST00827,1,Negative,02-08-2025 18:58
SKU00255,CUST00441,1,Negative,29-08-2025 23:01
SKU00255,CUST00233,1,Negative,24-08-2025 13:30
SKU00256,CUST00499,3,Negative,03-08-2025 01:00
SKU00256,CUST00804,3,Negative,13-09-2025 16:46
SKU00256,CUST00048,5,Positive,26-07-2025 23:17
SKU00256,CUST00918,2,Negative,21-09-2025 20:35
SKU00256,CUST00707,5,Positive,28-08-2025 16:05
SKU00256,CUST00686,1,Negative,07-09-2025 14:02
SKU00256,CUST00052,4,Positive,16-09-2025 13:46
SKU00256,CUST00469,1,Negative,11-07-2025 06:44
SKU00256,CUST00801,5,Positive,29-08-2025 04:36
SKU00256,CUST00801,1,Negative,18-09-2025 23:09
SKU00256,CUST00576,1,Negative,19-08-2025 06:06
SKU00256,CUST00108,2,Negative,31-08-2025 03:50
SKU00257,CUST00892,2,Negative,27-09-2025 10:45
SKU00257,CUST00371,2,Negative,09-09-2025 17:10
SKU00257,CUST00300,4,Positive,12-09-2025 23:30
SKU00257,CUST00519,4,Positive,10-09-2025 02:58
SKU00257,CUST00892,1,Negative,15-07-2025 23:32
SKU00257,CUST00663,3,Negative,02-08-2025 11:41
SKU00257,CUST00839,2,Negative,12-07-2025 22:34
SKU00257,CUST00869,2,Negative,12-08-2025 15:11
SKU00258,CUST00788,1,Negative,24-07-2025 19:37
SKU00258,CUST00855,4,Positive,03-08-2025 03:20
SKU00258,CUST00294,5,Positive,17-07-2025 15:04
SKU00258,CUST00088,3,Negative,06-08-2025 03:50
SKU00258,CUST00733,4,Positive,05-08-2025 00:21
SKU00258,CUST00645,2,Negative,15-07-2025 17:16
SKU00258,CUST00772,5,Positive,10-08-2025 22:41
SKU00258,CUST00807,2,Negative,14-07-2025 09:33
SKU00258,CUST00822,4,Positive,10-08-2025 03:18
SKU00258,CUST00941,4,Positive,26-09-2025 04:38
SKU00258,CUST00470,5,Positive,16-09-2025 03:34
SKU00258,CUST00699,3,Negative,30-09-2025 15:04
SKU00258,CUST00031,4,Positive,15-07-2025 03:14
SKU00258,CUST00789,1,Negative,08-09-2025 16:11
SKU00258,CUST00826,5,Positive,30-09-2025 14:50
SKU00258,CUST00072,1,Negative,02-08-2025 20:18
SKU00258,CUST00323,4,Positive,13-09-2025 23:45
SKU00258,CUST00169,4,Positive,06-07-2025 23:13
SKU00259,CUST00778,1,Negative,03-09-2025 02:19
SKU00259,CUST00945,2,Negative,26-09-2025 15:00
SKU00259,CUST00589,1,Negative,31-08-2025 07:45
SKU00259,CUST00731,5,Positive,29-07-2025 17:05
SKU00259,CUST00430,4,Positive,25-09-2025 00:01
SKU00259,CUST00698,5,Positive,23-09-2025 19:30
SKU00259,CUST00312,3,Negative,27-09-2025 06:39
SKU00259,CUST00353,1,Negative,19-09-2025 07:03
SKU00259,CUST00287,5,Positive,29-08-2025 06:20
SKU00259,CUST00943,2,Negative,06-09-2025 23:48
SKU00259,CUST00414,4,Positive,01-09-2025 12:20
SKU00259,CUST00211,5,Positive,30-08-2025 14:51
SKU00259,CUST00808,5,Positive,02-09-2025 07:21
SKU00259,CUST00453,3,Negative,25-09-2025 04:25
SKU00259,CUST00832,4,Positive,14-09-2025 06:48
SKU00259,CUST00203,3,Negative,09-07-2025 04:23
SKU00259,CUST00038,5,Positive,02-08-2025 11:25
SKU00260,CUST00743,2,Negative,20-08-2025 12:46
SKU00260,CUST00554,3,Negative,21-07-2025 18:02
SKU00260,CUST00096,5,Positive,23-08-2025 13:45
SKU00260,CUST00320,5,Positive,03-08-2025 01:54
SKU00260,CUST00776,2,Negative,03-07-2025 06:34
SKU00260,CUST00029,5,Positive,27-08-2025 12:38
SKU00260,CUST00265,2,Negative,19-09-2025 19:14
SKU00260,CUST00793,3,Negative,09-09-2025 12:53
SKU00260,CUST00433,5,Positive,11-07-2025 17:20
SKU00260,CUST00750,1,Negative,20-09-2025 17:01
SKU00260,CUST00382,3,Negative,30-08-2025 20:59
SKU00260,CUST00520,3,Negative,13-07-2025 00:30
SKU00260,CUST00049,1,Negative,13-08-2025 13:37
SKU00260,CUST00306,5,Positive,10-09-2025 13:00
SKU00260,CUST00006,4,Positive,02-08-2025 21:52
SKU00260,CUST00242,5,Positive,24-08-2025 21:56
SKU00260,CUST00732,5,Positive,20-09-2025 23:49
SKU00261,CUST00359,3,Negative,28-07-2025 15:00
SKU00261,CUST00683,5,Positive,04-09-2025 06:53
SKU00261,CUST00144,4,Positive,20-08-2025 10:54
SKU00261,CUST00756,2,Negative,11-07-2025 05:11
SKU00261,CUST00336,5,Positive,26-08-2025 13:01
SKU00261,CUST00198,3,Negative,14-08-2025 02:37
SKU00261,CUST00101,2,Negative,08-09-2025 02:14
SKU00261,CUST00436,4,Positive,08-07-2025 22:57
SKU00261,CUST00095,1,Negative,11-08-2025 06:03
SKU00261,CUST00910,2,Negative,16-08-2025 05:45
SKU00261,CUST00220,4,Positive,08-07-2025 13:55
SKU00261,CUST00379,5,Positive,09-08-2025 02:29
SKU00262,CUST00893,3,Negative,26-08-2025 17:31
SKU00262,CUST00511,4,Positive,12-08-2025 17:27
SKU00262,CUST00706,4,Positive,10-09-2025 01:01
SKU00262,CUST00997,4,Positive,18-09-2025 23:37
SKU00262,CUST00167,2,Negative,19-08-2025 02:33
SKU00262,CUST00131,4,Positive,08-09-2025 01:06
SKU00262,CUST00469,2,Negative,07-09-2025 09:39
SKU00262,CUST00526,5,Positive,12-07-2025 11:05
SKU00262,CUST00712,2,Negative,14-08-2025 05:14
SKU00262,CUST00485,1,Negative,11-09-2025 11:27
SKU00262,CUST00161,5,Positive,05-08-2025 20:36
SKU00262,CUST00944,1,Negative,28-08-2025 09:49
SKU00262,CUST00873,4,Positive,11-07-2025 17:06
SKU00262,CUST00124,3,Negative,25-08-2025 12:18
SKU00262,CUST00297,1,Negative,20-08-2025 18:09
SKU00262,CUST00157,1,Negative,06-08-2025 01:34
SKU00262,CUST00313,3,Negative,30-07-2025 10:38
SKU00263,CUST00498,1,Negative,15-09-2025 19:38
SKU00263,CUST00147,2,Negative,15-09-2025 02:22
SKU00263,CUST00604,4,Positive,05-07-2025 17:21
SKU00263,CUST00960,3,Negative,25-09-2025 07:39
SKU00263,CUST00291,2,Negative,18-07-2025 18:36
SKU00263,CUST00839,4,Positive,01-07-2025 04:51
SKU00263,CUST00126,5,Positive,03-08-2025 20:24
SKU00263,CUST00070,1,Negative,10-08-2025 13:01
SKU00263,CUST00493,5,Positive,31-07-2025 01:39
SKU00263,CUST00580,4,Positive,26-09-2025 09:49
SKU00263,CUST00346,4,Positive,16-08-2025 03:21
SKU00263,CUST00855,5,Positive,13-07-2025 21:28
SKU00263,CUST00781,2,Negative,19-08-2025 00:11
SKU00263,CUST00652,4,Positive,12-09-2025 22:50
SKU00264,CUST00684,4,Positive,15-07-2025 11:09
SKU00264,CUST00888,3,Negative,09-07-2025 16:07
SKU00264,CUST00820,5,Positive,03-09-2025 12:24
SKU00264,CUST00639,4,Positive,07-08-2025 14:19
SKU00264,CUST00239,4,Positive,02-08-2025 21:55
SKU00264,CUST00554,1,Negative,04-09-2025 02:14
SKU00264,CUST00912,4,Positive,10-09-2025 10:48
SKU00264,CUST00285,1,Negative,23-09-2025 01:49
SKU00264,CUST00170,1,Negative,25-08-2025 12:50
SKU00264,CUST00646,3,Negative,24-08-2025 11:19
SKU00264,CUST00661,1,Negative,01-09-2025 12:25
SKU00264,CUST00573,1,Negative,19-07-2025 16:23
SKU00264,CUST00979,5,Positive,22-08-2025 14:33
SKU00264,CUST00591,1,Negative,25-08-2025 08:45
SKU00264,CUST00535,2,Negative,11-09-2025 20:55
SKU00264,CUST00488,5,Positive,26-09-2025 01:50
SKU00264,CUST00020,1,Negative,02-09-2025 21:50
SKU00264,CUST00959,5,Positive,18-07-2025 10:49
SKU00264,CUST00986,1,Negative,27-07-2025 16:42
SKU00265,CUST00252,5,Positive,13-08-2025 03:07
SKU00265,CUST00087,5,Positive,28-08-2025 22:04
SKU00265,CUST00329,4,Positive,27-08-2025 04:13
SKU00265,CUST00047,4,Positive,22-09-2025 16:32
SKU00265,CUST00957,1,Negative,03-08-2025 00:09
SKU00265,CUST00448,2,Negative,10-08-2025 06:52
SKU00265,CUST00025,5,Positive,31-07-2025 19:33
SKU00265,CUST00392,3,Negative,09-07-2025 20:06
SKU00265,CUST00118,1,Negative,22-08-2025 14:26
SKU00265,CUST00173,3,Negative,14-07-2025 23:37
SKU00265,CUST00188,3,Negative,13-09-2025 14:16
SKU00266,CUST00158,3,Negative,09-08-2025 13:01
SKU00266,CUST00695,2,Negative,06-07-2025 17:16
SKU00266,CUST00630,3,Negative,18-07-2025 14:49
SKU00266,CUST00028,1,Negative,29-07-2025 22:26
SKU00266,CUST00400,1,Negative,01-08-2025 01:45
SKU00266,CUST00146,4,Positive,25-09-2025 16:51
SKU00266,CUST00332,3,Negative,06-08-2025 11:00
SKU00267,CUST00054,2,Negative,24-07-2025 06:21
SKU00267,CUST00771,5,Positive,26-08-2025 21:32
SKU00267,CUST00243,4,Positive,19-08-2025 09:10
SKU00267,CUST00771,5,Positive,07-08-2025 09:13
SKU00267,CUST00973,1,Negative,27-07-2025 03:29
SKU00267,CUST00063,3,Negative,15-08-2025 03:07
SKU00267,CUST00567,4,Positive,07-07-2025 08:31
SKU00267,CUST00496,1,Negative,09-08-2025 13:31
SKU00268,CUST00936,1,Negative,27-07-2025 03:11
SKU00268,CUST00568,5,Positive,04-09-2025 13:05
SKU00268,CUST00104,2,Negative,13-09-2025 01:52
SKU00268,CUST00569,2,Negative,30-07-2025 13:47
SKU00268,CUST00582,4,Positive,13-08-2025 07:12
SKU00268,CUST00086,5,Positive,20-07-2025 18:05
SKU00268,CUST00802,2,Negative,06-08-2025 05:51
SKU00268,CUST00554,2,Negative,14-09-2025 22:14
SKU00268,CUST00252,5,Positive,11-08-2025 03:24
SKU00268,CUST00985,5,Positive,13-08-2025 20:38
SKU00268,CUST00043,1,Negative,17-09-2025 21:35
SKU00268,CUST00476,5,Positive,29-07-2025 02:00
SKU00269,CUST00001,1,Negative,29-09-2025 15:13
SKU00269,CUST00944,4,Positive,27-07-2025 12:50
SKU00269,CUST00613,3,Negative,20-09-2025 12:08
SKU00269,CUST00697,4,Positive,04-08-2025 02:51
SKU00269,CUST00863,2,Negative,26-08-2025 19:31
SKU00269,CUST00861,5,Positive,28-07-2025 07:30
SKU00269,CUST00047,2,Negative,10-09-2025 18:25
SKU00269,CUST00547,5,Positive,07-07-2025 18:57
SKU00269,CUST00308,1,Negative,08-08-2025 09:07
SKU00269,CUST00716,1,Negative,19-09-2025 15:12
SKU00270,CUST00743,5,Positive,28-07-2025 03:11
SKU00270,CUST00900,4,Positive,21-07-2025 11:18
SKU00270,CUST00626,5,Positive,16-09-2025 20:55
SKU00270,CUST00326,3,Negative,31-08-2025 16:03
SKU00270,CUST00268,4,Positive,27-07-2025 12:10
SKU00270,CUST00252,3,Negative,03-08-2025 04:03
SKU00270,CUST00216,4,Positive,28-08-2025 04:58
SKU00270,CUST00337,1,Negative,27-09-2025 17:49
SKU00270,CUST00709,2,Negative,01-09-2025 18:19
SKU00271,CUST00624,4,Positive,01-07-2025 09:58
SKU00271,CUST00924,1,Negative,04-09-2025 07:31
SKU00271,CUST00178,4,Positive,23-08-2025 23:05
SKU00271,CUST00917,4,Positive,13-09-2025 00:40
SKU00271,CUST00403,5,Positive,08-07-2025 21:05
SKU00272,CUST00552,1,Negative,25-09-2025 15:50
SKU00272,CUST00853,4,Positive,04-09-2025 06:26
SKU00272,CUST00127,3,Negative,17-09-2025 21:55
SKU00272,CUST00386,5,Positive,04-08-2025 18:07
SKU00272,CUST00397,2,Negative,20-09-2025 11:21
SKU00272,CUST00787,1,Negative,13-07-2025 02:43
SKU00272,CUST00474,3,Negative,29-09-2025 21:36
SKU00273,CUST00456,1,Negative,22-07-2025 12:10
SKU00273,CUST00761,1,Negative,12-09-2025 15:14
SKU00273,CUST00288,3,Negative,19-07-2025 14:15
SKU00273,CUST00093,5,Positive,30-08-2025 16:54
SKU00273,CUST00311,2,Negative,23-07-2025 17:51
SKU00273,CUST00506,3,Negative,04-07-2025 13:44
SKU00273,CUST00288,4,Positive,26-09-2025 19:39
SKU00273,CUST00721,5,Positive,21-07-2025 07:12
SKU00273,CUST00008,2,Negative,18-09-2025 17:21
SKU00273,CUST00654,4,Positive,11-07-2025 18:31
SKU00273,CUST00891,3,Negative,25-08-2025 06:06
SKU00274,CUST00175,5,Positive,19-07-2025 19:31
SKU00274,CUST00676,5,Positive,04-09-2025 06:16
SKU00274,CUST00699,5,Positive,24-08-2025 20:52
SKU00274,CUST00180,1,Negative,27-08-2025 02:31
SKU00274,CUST00132,1,Negative,13-07-2025 08:56
SKU00274,CUST00266,5,Positive,22-09-2025 01:24
SKU00274,CUST00234,5,Positive,09-09-2025 18:27
SKU00274,CUST00802,3,Negative,19-07-2025 15:02
SKU00274,CUST00869,1,Negative,06-09-2025 06:46
SKU00274,CUST00695,5,Positive,29-08-2025 15:47
SKU00274,CUST00259,5,Positive,24-09-2025 17:46
SKU00274,CUST00465,1,Negative,30-09-2025 01:26
SKU00274,CUST00438,1,Negative,21-09-2025 21:38
SKU00274,CUST00962,3,Negative,11-08-2025 23:54
SKU00274,CUST00865,4,Positive,27-07-2025 14:32
SKU00274,CUST00125,5,Positive,15-08-2025 07:13
SKU00274,CUST00508,3,Negative,20-08-2025 05:17
SKU00274,CUST00778,1,Negative,24-09-2025 19:24
SKU00274,CUST00739,2,Negative,05-07-2025 13:26
SKU00274,CUST00285,4,Positive,21-08-2025 16:36
SKU00275,CUST00324,1,Negative,08-08-2025 01:05
SKU00275,CUST00200,3,Negative,08-07-2025 22:37
SKU00275,CUST00902,5,Positive,17-09-2025 10:00
SKU00275,CUST00026,2,Negative,05-09-2025 22:45
SKU00275,CUST00434,1,Negative,28-09-2025 00:45
SKU00275,CUST00256,2,Negative,16-07-2025 23:16
SKU00275,CUST00338,3,Negative,07-07-2025 02:26
SKU00275,CUST00642,1,Negative,03-07-2025 16:56
SKU00275,CUST00492,4,Positive,17-09-2025 10:54
SKU00275,CUST00025,5,Positive,16-09-2025 09:39
SKU00275,CUST00642,3,Negative,20-09-2025 14:31
SKU00275,CUST00257,2,Negative,11-07-2025 11:17
SKU00275,CUST00485,2,Negative,03-08-2025 02:07
SKU00275,CUST00853,1,Negative,18-09-2025 18:32
SKU00275,CUST00342,5,Positive,16-09-2025 02:24
SKU00275,CUST00243,1,Negative,14-09-2025 07:37
SKU00275,CUST00615,5,Positive,12-08-2025 13:50
SKU00275,CUST00783,1,Negative,30-08-2025 17:10
SKU00275,CUST00458,5,Positive,13-07-2025 02:51
SKU00276,CUST00998,1,Negative,28-09-2025 00:05
SKU00276,CUST00035,4,Positive,31-07-2025 09:59
SKU00276,CUST00912,1,Negative,14-09-2025 23:41
SKU00276,CUST00131,1,Negative,28-09-2025 05:41
SKU00276,CUST00822,4,Positive,06-07-2025 07:40
SKU00276,CUST00309,5,Positive,30-08-2025 19:07
SKU00276,CUST00443,1,Negative,10-07-2025 21:16
SKU00277,CUST00573,1,Negative,29-07-2025 15:12
SKU00277,CUST00871,4,Positive,08-08-2025 23:59
SKU00277,CUST00099,5,Positive,12-09-2025 00:12
SKU00277,CUST00421,2,Negative,22-09-2025 22:37
SKU00277,CUST00614,5,Positive,02-07-2025 00:42
SKU00277,CUST00465,4,Positive,15-08-2025 01:41
SKU00278,CUST00902,5,Positive,30-08-2025 02:54
SKU00278,CUST00104,3,Negative,02-09-2025 04:45
SKU00278,CUST00961,1,Negative,14-08-2025 02:04
SKU00278,CUST00530,3,Negative,27-08-2025 01:42
SKU00278,CUST00198,1,Negative,10-07-2025 23:17
SKU00278,CUST00013,5,Positive,08-09-2025 06:06
SKU00278,CUST00070,5,Positive,15-09-2025 15:28
SKU00278,CUST00861,2,Negative,26-09-2025 19:20
SKU00278,CUST00587,2,Negative,31-08-2025 21:09
SKU00278,CUST00522,3,Negative,04-08-2025 12:07
SKU00278,CUST00432,4,Positive,09-09-2025 08:29
SKU00278,CUST00636,4,Positive,19-07-2025 01:13
SKU00278,CUST00249,2,Negative,16-09-2025 09:12
SKU00278,CUST00046,1,Negative,13-07-2025 09:31
SKU00278,CUST00320,5,Positive,12-08-2025 07:35
SKU00278,CUST00526,3,Negative,31-07-2025 05:07
SKU00278,CUST00598,5,Positive,14-09-2025 07:02
SKU00278,CUST00150,2,Negative,15-08-2025 14:04
SKU00279,CUST00618,3,Negative,29-07-2025 06:13
SKU00279,CUST00378,1,Negative,20-08-2025 06:16
SKU00279,CUST00601,2,Negative,06-07-2025 13:33
SKU00279,CUST00244,5,Positive,18-09-2025 12:50
SKU00279,CUST00856,5,Positive,22-09-2025 08:55
SKU00279,CUST00056,4,Positive,03-08-2025 09:08
SKU00279,CUST00201,2,Negative,01-09-2025 04:36
SKU00279,CUST00931,2,Negative,15-09-2025 05:47
SKU00279,CUST00071,3,Negative,19-07-2025 09:13
SKU00279,CUST00684,4,Positive,06-09-2025 10:57
SKU00279,CUST00709,4,Positive,28-08-2025 05:32
SKU00279,CUST00710,3,Negative,21-09-2025 17:19
SKU00279,CUST00593,5,Positive,02-08-2025 14:08
SKU00279,CUST00631,3,Negative,10-08-2025 15:37
SKU00280,CUST00167,1,Negative,14-08-2025 02:36
SKU00280,CUST00898,1,Negative,18-08-2025 03:36
SKU00280,CUST00225,1,Negative,01-09-2025 00:26
SKU00280,CUST00229,2,Negative,15-08-2025 07:06
SKU00280,CUST00639,2,Negative,24-07-2025 04:57
SKU00280,CUST00493,3,Negative,17-09-2025 09:04
SKU00280,CUST00758,4,Positive,20-07-2025 22:25
SKU00280,CUST00410,2,Negative,19-09-2025 04:54
SKU00280,CUST00007,3,Negative,01-07-2025 23:03
SKU00280,CUST00076,3,Negative,03-07-2025 21:56
SKU00280,CUST00569,1,Negative,14-07-2025 19:49
SKU00280,CUST00298,4,Positive,19-07-2025 20:59
SKU00280,CUST00647,5,Positive,27-09-2025 14:45
SKU00280,CUST00784,3,Negative,05-07-2025 06:18
SKU00280,CUST00999,1,Negative,20-07-2025 07:59
SKU00281,CUST00291,2,Negative,22-07-2025 06:10
SKU00281,CUST00907,3,Negative,08-09-2025 19:00
SKU00281,CUST00179,3,Negative,21-09-2025 06:53
SKU00281,CUST00568,2,Negative,18-07-2025 08:01
SKU00281,CUST00201,1,Negative,18-07-2025 02:17
SKU00281,CUST00864,3,Negative,27-09-2025 09:57
SKU00281,CUST00104,1,Negative,19-09-2025 17:24
SKU00281,CUST00694,2,Negative,06-08-2025 18:57
SKU00281,CUST00671,1,Negative,02-08-2025 20:29
SKU00281,CUST00959,2,Negative,30-07-2025 14:52
SKU00281,CUST00468,2,Negative,05-08-2025 21:19
SKU00282,CUST00677,2,Negative,30-09-2025 09:03
SKU00282,CUST00540,5,Positive,24-09-2025 14:25
SKU00282,CUST00445,1,Negative,12-07-2025 12:06
SKU00282,CUST00148,2,Negative,16-09-2025 04:14
SKU00282,CUST00195,2,Negative,21-08-2025 16:56
SKU00282,CUST00388,3,Negative,31-07-2025 20:52
SKU00282,CUST00614,4,Positive,31-08-2025 18:19
SKU00282,CUST00251,1,Negative,13-09-2025 02:06
SKU00282,CUST00631,5,Positive,19-07-2025 08:38
SKU00282,CUST00875,5,Positive,29-07-2025 13:29
SKU00282,CUST00809,2,Negative,01-08-2025 19:33
SKU00282,CUST00254,1,Negative,31-08-2025 02:44
SKU00282,CUST00815,3,Negative,23-09-2025 17:53
SKU00282,CUST00130,5,Positive,26-08-2025 17:00
SKU00282,CUST00908,4,Positive,21-07-2025 07:33
SKU00282,CUST00745,1,Negative,15-09-2025 04:24
SKU00283,CUST00810,5,Positive,07-07-2025 07:09
SKU00283,CUST00172,5,Positive,07-08-2025 16:22
SKU00283,CUST00770,5,Positive,06-08-2025 08:06
SKU00283,CUST00511,5,Positive,15-08-2025 01:49
SKU00283,CUST00184,3,Negative,08-09-2025 04:12
SKU00283,CUST00383,5,Positive,06-09-2025 10:19
SKU00283,CUST00495,4,Positive,15-08-2025 23:56
SKU00283,CUST00275,5,Positive,08-08-2025 22:16
SKU00283,CUST00654,5,Positive,02-09-2025 01:59
SKU00283,CUST00038,2,Negative,22-07-2025 07:31
SKU00283,CUST00917,2,Negative,13-08-2025 21:25
SKU00283,CUST00884,2,Negative,08-08-2025 10:30
SKU00283,CUST00224,3,Negative,11-08-2025 06:22
SKU00283,CUST00911,4,Positive,25-08-2025 11:23
SKU00283,CUST00161,3,Negative,25-07-2025 17:05
SKU00283,CUST00564,1,Negative,14-07-2025 01:00
SKU00283,CUST00770,1,Negative,29-07-2025 15:30
SKU00283,CUST00456,5,Positive,04-08-2025 03:13
SKU00283,CUST00236,5,Positive,04-07-2025 23:52
SKU00283,CUST00477,5,Positive,30-08-2025 07:19
SKU00284,CUST00437,4,Positive,15-08-2025 09:28
SKU00284,CUST00443,4,Positive,05-08-2025 16:21
SKU00284,CUST00824,4,Positive,31-07-2025 18:42
SKU00284,CUST00280,4,Positive,03-07-2025 09:35
SKU00284,CUST00184,4,Positive,23-07-2025 16:46
SKU00284,CUST00272,1,Negative,04-08-2025 20:44
SKU00284,CUST00924,1,Negative,29-07-2025 14:16
SKU00284,CUST00863,5,Positive,19-08-2025 18:53
SKU00284,CUST00560,1,Negative,15-09-2025 07:13
SKU00284,CUST00284,2,Negative,10-07-2025 13:18
SKU00284,CUST00122,1,Negative,04-08-2025 23:24
SKU00284,CUST00040,5,Positive,20-07-2025 10:44
SKU00284,CUST00342,2,Negative,04-09-2025 13:06
SKU00284,CUST00338,3,Negative,30-07-2025 09:22
SKU00284,CUST00764,3,Negative,19-07-2025 12:13
SKU00285,CUST00876,5,Positive,27-09-2025 14:00
SKU00285,CUST00268,1,Negative,13-09-2025 18:24
SKU00285,CUST00307,3,Negative,18-09-2025 20:07
SKU00285,CUST00355,4,Positive,30-09-2025 19:54
SKU00285,CUST00416,5,Positive,12-09-2025 13:48
SKU00285,CUST00672,1,Negative,15-08-2025 19:50
SKU00285,CUST00670,5,Positive,12-09-2025 21:37
SKU00285,CUST00975,2,Negative,23-09-2025 00:40
SKU00285,CUST00408,2,Negative,23-07-2025 00:46
SKU00286,CUST00486,2,Negative,20-08-2025 01:57
SKU00286,CUST00602,5,Positive,12-09-2025 13:23
SKU00286,CUST00480,4,Positive,03-08-2025 01:47
SKU00286,CUST00811,1,Negative,31-07-2025 09:31
SKU00286,CUST00867,2,Negative,11-08-2025 15:09
SKU00286,CUST00789,4,Positive,21-07-2025 08:22
SKU00286,CUST00450,4,Positive,21-09-2025 19:30
SKU00286,CUST00572,1,Negative,06-08-2025 09:06
SKU00286,CUST00143,5,Positive,23-09-2025 19:59
SKU00286,CUST00132,3,Negative,30-09-2025 14:10
SKU00286,CUST00756,1,Negative,18-08-2025 12:37
SKU00287,CUST00348,2,Negative,10-08-2025 16:41
SKU00287,CUST00436,4,Positive,13-09-2025 01:32
SKU00287,CUST00798,5,Positive,30-07-2025 02:12
SKU00287,CUST00334,5,Positive,03-07-2025 06:09
SKU00287,CUST00582,1,Negative,28-09-2025 12:45
SKU00287,CUST00143,2,Negative,02-08-2025 01:32
SKU00287,CUST00582,5,Positive,27-09-2025 17:11
SKU00287,CUST00623,5,Positive,23-09-2025 04:07
SKU00287,CUST00401,4,Positive,20-07-2025 19:49
SKU00287,CUST00972,4,Positive,07-07-2025 04:27
SKU00287,CUST00548,4,Positive,19-07-2025 06:51
SKU00287,CUST00487,1,Negative,01-08-2025 22:15
SKU00287,CUST00584,4,Positive,01-09-2025 00:59
SKU00287,CUST00917,3,Negative,10-07-2025 01:16
SKU00287,CUST00176,1,Negative,04-09-2025 12:35
SKU00287,CUST00567,2,Negative,04-07-2025 02:42
SKU00288,CUST00028,2,Negative,20-07-2025 07:42
SKU00288,CUST00072,4,Positive,28-07-2025 13:20
SKU00288,CUST00211,2,Negative,29-07-2025 06:19
SKU00288,CUST00676,5,Positive,07-07-2025 19:03
SKU00288,CUST00466,1,Negative,05-08-2025 19:01
SKU00288,CUST00531,1,Negative,17-07-2025 16:22
SKU00288,CUST00335,4,Positive,07-08-2025 23:20
SKU00288,CUST00161,1,Negative,13-07-2025 12:54
SKU00288,CUST00550,4,Positive,16-08-2025 10:24
SKU00288,CUST00761,1,Negative,07-08-2025 18:25
SKU00288,CUST00979,2,Negative,13-07-2025 14:45
SKU00288,CUST00892,2,Negative,31-07-2025 01:47
SKU00288,CUST00443,4,Positive,16-07-2025 09:59
SKU00288,CUST00619,5,Positive,30-09-2025 04:23
SKU00288,CUST00318,5,Positive,20-07-2025 16:57
SKU00288,CUST00515,4,Positive,27-07-2025 17:49
SKU00288,CUST00207,1,Negative,14-07-2025 20:29
SKU00288,CUST00457,1,Negative,19-09-2025 01:25
SKU00288,CUST00409,5,Positive,17-09-2025 09:45
SKU00288,CUST00253,5,Positive,01-08-2025 22:22
SKU00289,CUST00472,4,Positive,25-08-2025 22:29
SKU00289,CUST00041,1,Negative,28-07-2025 22:52
SKU00289,CUST00662,4,Positive,03-08-2025 16:03
SKU00289,CUST00718,3,Negative,07-08-2025 23:18
SKU00289,CUST00628,2,Negative,10-08-2025 07:08
SKU00289,CUST00256,2,Negative,26-09-2025 09:04
SKU00289,CUST00633,4,Positive,14-08-2025 10:49
SKU00289,CUST00394,2,Negative,06-09-2025 19:40
SKU00289,CUST00583,1,Negative,08-08-2025 05:02
SKU00289,CUST00716,1,Negative,24-07-2025 06:31
SKU00289,CUST00907,2,Negative,27-07-2025 13:56
SKU00289,CUST00904,5,Positive,29-07-2025 08:09
SKU00289,CUST00683,1,Negative,06-09-2025 18:33
SKU00289,CUST00744,2,Negative,27-09-2025 05:30
SKU00289,CUST00506,4,Positive,12-09-2025 23:15
SKU00289,CUST00567,1,Negative,05-08-2025 19:12
SKU00289,CUST00079,1,Negative,18-08-2025 23:19
SKU00289,CUST00785,3,Negative,09-08-2025 19:35
SKU00289,CUST00462,2,Negative,25-07-2025 12:59
SKU00289,CUST00213,5,Positive,05-07-2025 08:00
SKU00290,CUST00028,1,Negative,01-09-2025 00:40
SKU00290,CUST00712,4,Positive,07-08-2025 00:09
SKU00290,CUST00352,4,Positive,22-09-2025 02:05
SKU00290,CUST00200,4,Positive,04-07-2025 16:01
SKU00290,CUST00011,3,Negative,12-07-2025 03:13
SKU00290,CUST00727,2,Negative,01-08-2025 18:13
SKU00290,CUST00687,4,Positive,17-08-2025 01:34
SKU00290,CUST00473,1,Negative,09-07-2025 00:21
SKU00290,CUST00562,2,Negative,08-09-2025 06:45
SKU00290,CUST00973,4,Positive,14-07-2025 14:49
SKU00290,CUST00483,3,Negative,20-09-2025 16:58
SKU00290,CUST00166,2,Negative,20-09-2025 09:50
SKU00290,CUST00019,5,Positive,10-07-2025 18:13
SKU00290,CUST00182,3,Negative,13-07-2025 01:17
SKU00290,CUST00548,4,Positive,17-07-2025 08:31
SKU00290,CUST00080,1,Negative,04-09-2025 18:25
SKU00290,CUST00280,2,Negative,12-08-2025 18:48
SKU00290,CUST00367,2,Negative,22-07-2025 00:53
SKU00290,CUST00732,1,Negative,25-09-2025 16:06
SKU00291,CUST00453,1,Negative,20-09-2025 05:11
SKU00291,CUST00651,5,Positive,01-09-2025 05:39
SKU00291,CUST00679,1,Negative,07-08-2025 22:12
SKU00291,CUST00707,3,Negative,13-08-2025 02:33
SKU00291,CUST00054,5,Positive,01-07-2025 10:52
SKU00291,CUST00050,4,Positive,13-09-2025 11:30
SKU00291,CUST00207,2,Negative,06-08-2025 08:59
SKU00291,CUST00931,2,Negative,20-07-2025 10:00
SKU00291,CUST00094,1,Negative,10-08-2025 22:35
SKU00291,CUST00029,1,Negative,02-08-2025 17:32
SKU00291,CUST00841,2,Negative,05-09-2025 00:25
SKU00292,CUST00226,1,Negative,16-09-2025 08:58
SKU00292,CUST00856,2,Negative,09-09-2025 07:04
SKU00292,CUST00172,1,Negative,10-08-2025 08:36
SKU00292,CUST00525,1,Negative,18-09-2025 04:32
SKU00292,CUST00335,3,Negative,24-08-2025 13:40
SKU00292,CUST00642,2,Negative,30-08-2025 15:35
SKU00292,CUST00213,5,Positive,08-08-2025 08:33
SKU00293,CUST00124,2,Negative,21-07-2025 18:08
SKU00293,CUST00109,3,Negative,01-08-2025 09:30
SKU00293,CUST00178,1,Negative,09-08-2025 01:03
SKU00293,CUST00670,3,Negative,02-07-2025 03:55
SKU00293,CUST00399,2,Negative,14-08-2025 13:01
SKU00293,CUST00226,1,Negative,02-09-2025 21:09
SKU00293,CUST00835,3,Negative,02-09-2025 02:28
SKU00293,CUST00639,3,Negative,05-07-2025 06:23
SKU00293,CUST00069,2,Negative,09-08-2025 21:55
SKU00293,CUST00309,5,Positive,18-08-2025 12:05
SKU00293,CUST00105,5,Positive,15-09-2025 19:46
SKU00293,CUST00945,5,Positive,17-07-2025 15:31
SKU00293,CUST00258,1,Negative,28-08-2025 05:47
SKU00293,CUST00333,4,Positive,04-09-2025 19:37
SKU00293,CUST00947,2,Negative,02-08-2025 05:43
SKU00293,CUST00180,3,Negative,21-09-2025 16:15
SKU00293,CUST00683,4,Positive,07-07-2025 13:19
SKU00293,CUST00344,1,Negative,29-08-2025 01:59
SKU00294,CUST00392,5,Positive,01-09-2025 04:41
SKU00294,CUST00760,2,Negative,18-08-2025 21:03
SKU00294,CUST00602,1,Negative,23-07-2025 14:00
SKU00294,CUST00022,5,Positive,12-09-2025 16:27
SKU00294,CUST00919,1,Negative,30-07-2025 23:40
SKU00294,CUST00243,4,Positive,12-09-2025 12:30
SKU00294,CUST00250,5,Positive,08-07-2025 16:59
SKU00294,CUST00062,2,Negative,06-08-2025 08:42
SKU00294,CUST00511,3,Negative,20-07-2025 14:43
SKU00294,CUST00156,4,Positive,20-07-2025 20:15
SKU00294,CUST00658,1,Negative,24-07-2025 02:43
SKU00294,CUST00946,5,Positive,30-09-2025 20:03
SKU00294,CUST00455,3,Negative,14-07-2025 00:51
SKU00294,CUST00285,3,Negative,01-09-2025 11:42
SKU00294,CUST00806,1,Negative,20-08-2025 13:43
SKU00294,CUST00811,4,Positive,01-09-2025 22:03
SKU00294,CUST00833,3,Negative,11-09-2025 20:54
SKU00294,CUST00025,2,Negative,21-09-2025 05:30
SKU00294,CUST00751,3,Negative,03-08-2025 06:36
SKU00295,CUST00211,5,Positive,06-07-2025 06:00
SKU00295,CUST00929,2,Negative,16-09-2025 19:31
SKU00295,CUST00704,2,Negative,29-08-2025 00:53
SKU00295,CUST00894,4,Positive,20-08-2025 15:07
SKU00295,CUST00330,2,Negative,12-08-2025 22:46
SKU00295,CUST00645,1,Negative,07-07-2025 06:34
SKU00295,CUST00891,4,Positive,07-07-2025 19:04
SKU00295,CUST00977,2,Negative,06-07-2025 01:25
SKU00295,CUST00650,2,Negative,30-09-2025 02:20
SKU00295,CUST00210,2,Negative,09-07-2025 21:48
SKU00295,CUST00178,5,Positive,23-08-2025 06:54
SKU00295,CUST00852,2,Negative,23-07-2025 22:38
SKU00296,CUST00437,4,Positive,31-07-2025 05:45
SKU00296,CUST00169,2,Negative,24-07-2025 18:42
SKU00296,CUST00435,2,Negative,28-08-2025 19:44
SKU00296,CUST00255,3,Negative,28-07-2025 16:55
SKU00296,CUST00591,4,Positive,31-08-2025 17:03
SKU00296,CUST00207,3,Negative,22-09-2025 17:35
SKU00296,CUST00801,4,Positive,08-07-2025 18:27
SKU00297,CUST00408,4,Positive,17-07-2025 06:55
SKU00297,CUST00483,4,Positive,11-08-2025 00:57
SKU00297,CUST00518,5,Positive,10-09-2025 08:30
SKU00297,CUST00444,2,Negative,18-09-2025 13:48
SKU00297,CUST00977,4,Positive,02-07-2025 22:09
SKU00297,CUST00781,4,Positive,11-08-2025 11:54
SKU00297,CUST00875,1,Negative,12-09-2025 16:16
SKU00297,CUST00929,3,Negative,27-08-2025 18:52
SKU00297,CUST00551,2,Negative,23-08-2025 16:14
SKU00297,CUST00745,2,Negative,25-07-2025 23:31
SKU00297,CUST00390,4,Positive,30-07-2025 16:40
SKU00297,CUST00465,3,Negative,06-08-2025 10:09
SKU00297,CUST00576,5,Positive,16-08-2025 16:26
SKU00297,CUST00074,3,Negative,14-07-2025 06:25
SKU00297,CUST00733,4,Positive,20-07-2025 00:03
SKU00297,CUST00159,2,Negative,01-07-2025 09:44
SKU00298,CUST00883,5,Positive,09-09-2025 21:52
SKU00298,CUST00743,3,Negative,17-08-2025 17:10
SKU00298,CUST00415,4,Positive,30-09-2025 07:01
SKU00298,CUST00405,3,Negative,07-08-2025 06:52
SKU00298,CUST00502,3,Negative,01-09-2025 05:45
SKU00299,CUST00419,1,Negative,28-09-2025 11:29
SKU00299,CUST00128,4,Positive,29-09-2025 12:01
SKU00299,CUST00580,2,Negative,19-07-2025 20:35
SKU00299,CUST00782,4,Positive,25-07-2025 18:47
SKU00299,CUST00790,3,Negative,19-08-2025 11:28
SKU00299,CUST00727,4,Positive,31-08-2025 15:36
SKU00299,CUST00706,3,Negative,06-09-2025 14:51
SKU00300,CUST00667,4,Positive,28-09-2025 22:56
SKU00300,CUST00435,2,Negative,24-07-2025 12:43
SKU00300,CUST00490,1,Negative,28-09-2025 11:10
SKU00300,CUST00833,3,Negative,31-08-2025 06:13
SKU00300,CUST00724,1,Negative,06-09-2025 17:13
SKU00300,CUST00682,2,Negative,26-07-2025 08:56
SKU00301,CUST00967,2,Negative,25-07-2025 16:32
SKU00301,CUST00254,5,Positive,26-08-2025 03:38
SKU00301,CUST00975,2,Negative,02-07-2025 04:44
SKU00301,CUST00120,1,Negative,01-09-2025 13:33
SKU00301,CUST00729,4,Positive,08-08-2025 14:37
SKU00301,CUST00724,5,Positive,26-09-2025 11:28
SKU00301,CUST00083,5,Positive,27-09-2025 08:20
SKU00301,CUST00194,4,Positive,17-07-2025 02:23
SKU00301,CUST00850,4,Positive,25-07-2025 13:13
SKU00301,CUST00709,3,Negative,18-08-2025 14:35
SKU00301,CUST00991,5,Positive,02-09-2025 22:23
SKU00301,CUST00908,4,Positive,26-08-2025 21:39
SKU00301,CUST00316,4,Positive,12-09-2025 01:21
SKU00301,CUST00898,1,Negative,11-07-2025 14:37
SKU00301,CUST00652,5,Positive,14-09-2025 09:49
SKU00301,CUST00817,3,Negative,18-09-2025 01:17
SKU00301,CUST00147,3,Negative,11-09-2025 16:40
SKU00301,CUST00215,4,Positive,06-09-2025 20:48
SKU00301,CUST00316,1,Negative,17-07-2025 08:23
SKU00302,CUST00002,1,Negative,07-07-2025 18:44
SKU00302,CUST00793,4,Positive,20-08-2025 23:15
SKU00302,CUST00427,3,Negative,10-09-2025 04:06
SKU00302,CUST00442,2,Negative,18-07-2025 03:02
SKU00302,CUST00384,2,Negative,07-09-2025 08:32
SKU00302,CUST00138,2,Negative,17-08-2025 05:33
SKU00302,CUST00187,5,Positive,11-07-2025 16:52
SKU00302,CUST00462,5,Positive,18-09-2025 01:37
SKU00302,CUST00218,2,Negative,20-07-2025 12:13
SKU00302,CUST00061,2,Negative,17-09-2025 13:31
SKU00302,CUST00778,2,Negative,26-07-2025 04:20
SKU00302,CUST00924,4,Positive,12-08-2025 18:58
SKU00302,CUST00642,5,Positive,11-07-2025 14:26
SKU00302,CUST00890,2,Negative,08-07-2025 17:58
SKU00302,CUST00301,1,Negative,06-08-2025 16:10
SKU00302,CUST00128,3,Negative,07-07-2025 05:44
SKU00302,CUST00351,1,Negative,26-08-2025 20:39
SKU00302,CUST00241,4,Positive,17-08-2025 02:35
SKU00302,CUST00689,1,Negative,01-07-2025 22:09
SKU00302,CUST00063,3,Negative,11-09-2025 23:49
SKU00303,CUST00682,5,Positive,15-09-2025 14:59
SKU00303,CUST00043,1,Negative,21-07-2025 11:49
SKU00303,CUST00535,1,Negative,06-08-2025 11:21
SKU00303,CUST00618,5,Positive,12-09-2025 22:06
SKU00303,CUST00273,4,Positive,15-08-2025 22:42
SKU00304,CUST00619,4,Positive,02-08-2025 16:13
SKU00304,CUST00380,3,Negative,31-07-2025 14:31
SKU00304,CUST00837,2,Negative,30-09-2025 08:40
SKU00304,CUST00370,4,Positive,06-08-2025 17:49
SKU00304,CUST00626,1,Negative,04-08-2025 13:36
SKU00304,CUST00895,3,Negative,17-09-2025 06:44
SKU00304,CUST00103,1,Negative,14-08-2025 08:41
SKU00304,CUST00892,4,Positive,09-09-2025 09:53
SKU00304,CUST00856,2,Negative,03-07-2025 11:50
SKU00304,CUST00617,1,Negative,23-09-2025 08:55
SKU00304,CUST00544,3,Negative,06-09-2025 21:24
SKU00304,CUST00770,2,Negative,05-08-2025 18:30
SKU00304,CUST00463,5,Positive,05-09-2025 14:55
SKU00304,CUST00675,4,Positive,19-08-2025 23:50
SKU00304,CUST00424,2,Negative,01-07-2025 07:17
SKU00305,CUST00018,3,Negative,23-09-2025 19:14
SKU00305,CUST00047,3,Negative,04-09-2025 19:41
SKU00305,CUST00455,2,Negative,28-08-2025 21:51
SKU00305,CUST00497,4,Positive,10-09-2025 18:28
SKU00305,CUST00628,1,Negative,03-08-2025 19:40
SKU00305,CUST00439,4,Positive,02-09-2025 22:02
SKU00305,CUST00878,1,Negative,10-09-2025 06:59
SKU00305,CUST00395,3,Negative,28-08-2025 22:49
SKU00305,CUST00200,2,Negative,23-09-2025 10:55
SKU00305,CUST00533,5,Positive,15-09-2025 04:51
SKU00305,CUST00878,5,Positive,04-07-2025 01:58
SKU00305,CUST00131,4,Positive,16-09-2025 08:43
SKU00305,CUST00090,3,Negative,19-09-2025 19:31
SKU00305,CUST00690,5,Positive,23-09-2025 22:23
SKU00305,CUST00479,2,Negative,26-09-2025 00:47
SKU00306,CUST00978,1,Negative,16-08-2025 19:32
SKU00306,CUST00679,5,Positive,24-07-2025 09:20
SKU00306,CUST00250,2,Negative,17-07-2025 13:08
SKU00306,CUST00772,1,Negative,11-07-2025 05:45
SKU00306,CUST00446,1,Negative,16-07-2025 13:22
SKU00306,CUST00952,3,Negative,26-09-2025 15:19
SKU00306,CUST00393,3,Negative,22-07-2025 09:30
SKU00306,CUST00737,3,Negative,03-09-2025 15:44
SKU00306,CUST00488,1,Negative,03-09-2025 14:40
SKU00306,CUST00140,5,Positive,31-08-2025 12:16
SKU00306,CUST00743,4,Positive,09-07-2025 18:44
SKU00306,CUST00815,3,Negative,23-09-2025 15:46
SKU00306,CUST00230,5,Positive,13-09-2025 09:41
SKU00306,CUST00947,5,Positive,07-07-2025 06:41
SKU00306,CUST00660,3,Negative,06-08-2025 14:29
SKU00306,CUST00933,4,Positive,02-09-2025 11:44
SKU00306,CUST00658,5,Positive,22-09-2025 02:57
SKU00306,CUST00448,2,Negative,22-07-2025 16:54
SKU00306,CUST00266,1,Negative,29-07-2025 06:01
SKU00307,CUST00115,1,Negative,03-08-2025 00:48
SKU00307,CUST00759,5,Positive,29-09-2025 23:51
SKU00307,CUST00193,1,Negative,25-08-2025 14:48
SKU00307,CUST00377,2,Negative,21-09-2025 20:24
SKU00307,CUST00321,4,Positive,26-08-2025 00:18
SKU00307,CUST00755,1,Negative,31-07-2025 04:12
SKU00307,CUST00064,5,Positive,22-08-2025 00:02
SKU00308,CUST00868,4,Positive,11-08-2025 03:17
SKU00308,CUST00328,3,Negative,16-09-2025 10:21
SKU00308,CUST00696,2,Negative,20-08-2025 11:06
SKU00308,CUST00680,5,Positive,27-08-2025 08:36
SKU00308,CUST00228,1,Negative,08-08-2025 09:08
SKU00308,CUST00010,5,Positive,21-09-2025 18:08
SKU00308,CUST00472,3,Negative,15-07-2025 01:10
SKU00308,CUST00836,3,Negative,20-09-2025 06:51
SKU00308,CUST00225,4,Positive,05-09-2025 00:28
SKU00308,CUST00467,2,Negative,28-08-2025 09:30
SKU00308,CUST00291,2,Negative,11-09-2025 12:46
SKU00309,CUST00614,3,Negative,30-07-2025 23:46
SKU00309,CUST00515,1,Negative,27-07-2025 13:11
SKU00309,CUST00869,5,Positive,16-08-2025 10:28
SKU00309,CUST00647,2,Negative,18-08-2025 01:29
SKU00309,CUST00299,4,Positive,06-07-2025 17:02
SKU00309,CUST00830,3,Negative,15-07-2025 19:49
SKU00310,CUST00869,2,Negative,07-09-2025 00:04
SKU00310,CUST00754,1,Negative,28-09-2025 15:06
SKU00310,CUST00887,2,Negative,22-09-2025 04:26
SKU00310,CUST00500,4,Positive,30-07-2025 00:57
SKU00310,CUST00835,2,Negative,03-07-2025 02:15
SKU00310,CUST00562,4,Positive,02-08-2025 18:13
SKU00310,CUST00433,4,Positive,03-08-2025 19:36
SKU00310,CUST00776,4,Positive,07-08-2025 23:14
SKU00310,CUST00074,5,Positive,09-09-2025 13:27
SKU00310,CUST00290,3,Negative,06-09-2025 14:40
SKU00310,CUST00946,2,Negative,07-09-2025 01:42
SKU00311,CUST00100,2,Negative,01-08-2025 09:37
SKU00311,CUST00771,5,Positive,23-09-2025 01:35
SKU00311,CUST00825,1,Negative,21-09-2025 12:12
SKU00311,CUST00958,3,Negative,14-08-2025 10:07
SKU00311,CUST00671,2,Negative,26-08-2025 00:52
SKU00311,CUST00141,4,Positive,06-09-2025 13:41
SKU00311,CUST00495,3,Negative,26-09-2025 02:40
SKU00311,CUST00149,2,Negative,22-07-2025 04:17
SKU00311,CUST00824,2,Negative,10-09-2025 09:25
SKU00311,CUST00667,1,Negative,05-08-2025 04:02
SKU00311,CUST00744,5,Positive,10-07-2025 21:33
SKU00311,CUST00695,2,Negative,06-08-2025 13:26
SKU00311,CUST00974,4,Positive,04-09-2025 23:13
SKU00311,CUST00862,2,Negative,28-09-2025 21:42
SKU00311,CUST00058,1,Negative,04-08-2025 12:34
SKU00311,CUST00998,4,Positive,18-07-2025 10:34
SKU00311,CUST00968,1,Negative,12-07-2025 09:26
SKU00312,CUST00608,4,Positive,15-07-2025 10:11
SKU00312,CUST00643,4,Positive,24-07-2025 18:53
SKU00312,CUST00035,1,Negative,24-07-2025 09:14
SKU00312,CUST00407,4,Positive,30-07-2025 09:19
SKU00312,CUST00705,5,Positive,17-07-2025 17:55
SKU00312,CUST00669,4,Positive,14-09-2025 07:51
SKU00312,CUST00709,1,Negative,14-09-2025 12:14
SKU00312,CUST00475,4,Positive,27-07-2025 17:17
SKU00312,CUST00648,4,Positive,05-08-2025 15:55
SKU00312,CUST00012,1,Negative,12-07-2025 07:45
SKU00312,CUST00085,1,Negative,17-08-2025 11:57
SKU00312,CUST00657,5,Positive,22-07-2025 20:08
SKU00312,CUST00024,5,Positive,25-08-2025 15:08
SKU00312,CUST00587,4,Positive,27-07-2025 13:49
SKU00312,CUST00711,1,Negative,16-09-2025 02:57
SKU00313,CUST00394,4,Positive,01-09-2025 14:01
SKU00313,CUST00720,4,Positive,29-07-2025 23:14
SKU00313,CUST00586,2,Negative,10-07-2025 15:42
SKU00313,CUST00334,1,Negative,08-09-2025 07:12
SKU00313,CUST00931,5,Positive,18-07-2025 22:49
SKU00313,CUST00416,1,Negative,08-08-2025 05:36
SKU00313,CUST00570,5,Positive,15-09-2025 01:37
SKU00313,CUST00832,5,Positive,17-08-2025 10:26
SKU00313,CUST00066,5,Positive,20-09-2025 06:41
SKU00313,CUST00599,5,Positive,08-09-2025 07:09
SKU00314,CUST00772,2,Negative,02-09-2025 22:36
SKU00314,CUST00920,1,Negative,18-07-2025 12:58
SKU00314,CUST00883,5,Positive,06-09-2025 11:58
SKU00314,CUST00185,1,Negative,23-08-2025 20:35
SKU00314,CUST00458,3,Negative,12-07-2025 22:42
SKU00314,CUST00041,2,Negative,25-08-2025 20:02
SKU00314,CUST00212,2,Negative,09-07-2025 12:38
SKU00314,CUST00576,3,Negative,21-09-2025 16:01
SKU00315,CUST00087,1,Negative,19-08-2025 03:24
SKU00315,CUST00306,3,Negative,22-08-2025 20:36
SKU00315,CUST00176,4,Positive,30-09-2025 18:32
SKU00315,CUST00674,1,Negative,25-07-2025 02:40
SKU00315,CUST00308,1,Negative,30-09-2025 20:50
SKU00315,CUST00969,5,Positive,26-09-2025 19:54
SKU00316,CUST00675,5,Positive,13-08-2025 04:44
SKU00316,CUST00144,5,Positive,17-08-2025 14:48
SKU00316,CUST00712,3,Negative,20-08-2025 17:54
SKU00316,CUST00933,3,Negative,28-08-2025 20:29
SKU00316,CUST00552,5,Positive,21-07-2025 08:57
SKU00316,CUST00705,1,Negative,03-09-2025 08:00
SKU00316,CUST00840,1,Negative,24-07-2025 00:29
SKU00316,CUST00038,2,Negative,14-07-2025 18:06
SKU00316,CUST00307,2,Negative,14-07-2025 00:43
SKU00316,CUST00617,5,Positive,21-07-2025 23:24
SKU00316,CUST00606,3,Negative,27-07-2025 22:22
SKU00316,CUST00132,5,Positive,10-08-2025 23:21
SKU00316,CUST00077,5,Positive,25-07-2025 18:07
SKU00316,CUST00267,4,Positive,02-09-2025 02:04
SKU00317,CUST00410,4,Positive,09-07-2025 01:59
SKU00317,CUST00968,3,Negative,04-09-2025 16:25
SKU00317,CUST00436,2,Negative,22-08-2025 00:44
SKU00317,CUST00209,1,Negative,31-08-2025 03:00
SKU00317,CUST00751,3,Negative,31-08-2025 11:16
SKU00317,CUST00714,2,Negative,08-09-2025 08:46
SKU00317,CUST00382,5,Positive,02-09-2025 19:39
SKU00317,CUST00664,5,Positive,28-08-2025 17:37
SKU00317,CUST00168,4,Positive,18-09-2025 18:23
SKU00317,CUST00158,3,Negative,15-09-2025 11:40
SKU00318,CUST00389,1,Negative,28-08-2025 14:30
SKU00318,CUST00254,1,Negative,27-07-2025 05:26
SKU00318,CUST00128,5,Positive,11-07-2025 16:17
SKU00318,CUST00701,5,Positive,09-08-2025 11:52
SKU00318,CUST00068,3,Negative,01-09-2025 03:43
SKU00318,CUST00092,3,Negative,27-09-2025 06:41
SKU00318,CUST00342,3,Negative,15-07-2025 04:58
SKU00318,CUST00890,2,Negative,27-07-2025 13:38
SKU00318,CUST00011,1,Negative,06-08-2025 14:50
SKU00318,CUST00993,2,Negative,06-08-2025 18:16
SKU00318,CUST00975,1,Negative,14-09-2025 23:54
SKU00318,CUST00948,1,Negative,18-07-2025 01:29
SKU00318,CUST00540,3,Negative,27-08-2025 04:03
SKU00318,CUST00842,4,Positive,10-07-2025 06:37
SKU00318,CUST00542,3,Negative,07-09-2025 00:10
SKU00318,CUST00586,3,Negative,23-08-2025 13:11
SKU00318,CUST00278,5,Positive,10-07-2025 14:50
SKU00318,CUST00919,1,Negative,17-07-2025 13:52
SKU00319,CUST00970,4,Positive,18-07-2025 12:59
SKU00319,CUST00354,5,Positive,23-08-2025 13:29
SKU00319,CUST00609,4,Positive,16-08-2025 07:10
SKU00319,CUST00607,2,Negative,26-07-2025 03:39
SKU00319,CUST00010,5,Positive,08-09-2025 05:55
SKU00319,CUST00160,2,Negative,14-07-2025 20:26
SKU00319,CUST00388,5,Positive,10-09-2025 09:39
SKU00319,CUST00274,1,Negative,28-09-2025 04:07
SKU00319,CUST00743,3,Negative,07-09-2025 16:36
SKU00319,CUST00797,2,Negative,04-09-2025 20:21
SKU00319,CUST00624,4,Positive,07-09-2025 14:55
SKU00319,CUST00469,2,Negative,12-08-2025 14:51
SKU00319,CUST00363,4,Positive,18-08-2025 18:16
SKU00319,CUST00294,3,Negative,11-08-2025 12:45
SKU00319,CUST00534,2,Negative,30-07-2025 15:08
SKU00320,CUST00971,3,Negative,09-08-2025 11:14
SKU00320,CUST00790,3,Negative,21-09-2025 01:33
SKU00320,CUST00093,1,Negative,08-07-2025 10:42
SKU00320,CUST00748,2,Negative,30-09-2025 17:41
SKU00320,CUST00096,2,Negative,25-08-2025 20:35
SKU00320,CUST00059,1,Negative,11-09-2025 04:16
SKU00320,CUST00293,5,Positive,29-09-2025 06:05
SKU00321,CUST00828,1,Negative,11-08-2025 03:57
SKU00321,CUST00694,5,Positive,29-09-2025 12:44
SKU00321,CUST00749,2,Negative,16-08-2025 13:40
SKU00321,CUST00510,5,Positive,05-09-2025 12:26
SKU00321,CUST00694,5,Positive,06-09-2025 18:10
SKU00321,CUST00128,4,Positive,02-07-2025 08:23
SKU00321,CUST00632,2,Negative,27-09-2025 10:31
SKU00321,CUST00852,1,Negative,08-09-2025 08:06
SKU00321,CUST00436,5,Positive,11-09-2025 18:51
SKU00321,CUST00354,2,Negative,10-09-2025 17:57
SKU00321,CUST00678,5,Positive,05-09-2025 10:01
SKU00321,CUST00624,1,Negative,28-08-2025 23:16
SKU00321,CUST00460,2,Negative,04-09-2025 11:45
SKU00321,CUST00953,5,Positive,26-09-2025 18:00
SKU00321,CUST00231,2,Negative,08-07-2025 07:02
SKU00321,CUST00376,2,Negative,19-08-2025 20:58
SKU00321,CUST00362,1,Negative,11-08-2025 01:00
SKU00321,CUST00508,4,Positive,17-07-2025 13:15
SKU00321,CUST00383,1,Negative,02-08-2025 19:30
SKU00321,CUST00936,2,Negative,19-09-2025 18:03
SKU00322,CUST00298,3,Negative,16-08-2025 21:45
SKU00322,CUST00301,3,Negative,21-07-2025 16:28
SKU00322,CUST00003,5,Positive,08-08-2025 05:12
SKU00322,CUST00223,3,Negative,29-09-2025 04:58
SKU00322,CUST00956,5,Positive,19-09-2025 04:05
SKU00322,CUST00915,1,Negative,29-09-2025 19:40
SKU00322,CUST00475,5,Positive,21-09-2025 08:48
SKU00322,CUST00500,1,Negative,04-08-2025 12:56
SKU00323,CUST00631,4,Positive,01-08-2025 21:34
SKU00323,CUST00306,3,Negative,11-07-2025 09:42
SKU00323,CUST00006,3,Negative,25-09-2025 10:18
SKU00323,CUST00740,2,Negative,09-08-2025 00:53
SKU00323,CUST00364,1,Negative,10-07-2025 20:08
SKU00324,CUST00504,2,Negative,09-07-2025 05:28
SKU00324,CUST00542,5,Positive,26-09-2025 05:40
SKU00324,CUST00158,4,Positive,13-07-2025 00:34
SKU00324,CUST00936,4,Positive,01-07-2025 16:06
SKU00324,CUST00160,3,Negative,22-07-2025 22:50
SKU00324,CUST00482,4,Positive,06-08-2025 08:12
SKU00324,CUST00307,3,Negative,11-08-2025 14:06
SKU00324,CUST00914,2,Negative,22-08-2025 01:57
SKU00324,CUST00832,3,Negative,11-07-2025 13:16
SKU00324,CUST00450,4,Positive,16-07-2025 17:06
SKU00324,CUST00144,3,Negative,11-09-2025 12:50
SKU00324,CUST00445,1,Negative,04-08-2025 21:04
SKU00324,CUST00905,2,Negative,11-07-2025 17:52
SKU00324,CUST00195,3,Negative,04-07-2025 21:48
SKU00324,CUST00137,4,Positive,10-08-2025 21:07
SKU00324,CUST00762,3,Negative,26-09-2025 11:28
SKU00324,CUST00033,2,Negative,03-09-2025 16:22
SKU00324,CUST00204,4,Positive,03-09-2025 14:07
SKU00325,CUST00122,4,Positive,17-08-2025 11:36
SKU00325,CUST00564,4,Positive,16-09-2025 15:42
SKU00325,CUST00699,2,Negative,01-08-2025 13:02
SKU00325,CUST00770,4,Positive,18-08-2025 17:24
SKU00325,CUST00744,4,Positive,13-07-2025 18:13
SKU00325,CUST00113,1,Negative,15-09-2025 23:09
SKU00325,CUST00022,2,Negative,16-07-2025 02:26
SKU00325,CUST00353,5,Positive,02-07-2025 07:48
SKU00325,CUST00786,2,Negative,06-07-2025 01:15
SKU00325,CUST00695,3,Negative,11-08-2025 17:11
SKU00325,CUST01000,5,Positive,10-09-2025 14:20
SKU00325,CUST00009,4,Positive,16-08-2025 14:55
SKU00325,CUST00297,3,Negative,17-08-2025 04:17
SKU00326,CUST00780,4,Positive,25-07-2025 01:17
SKU00326,CUST00633,2,Negative,09-09-2025 19:16
SKU00326,CUST00524,2,Negative,25-07-2025 05:17
SKU00326,CUST00288,1,Negative,22-09-2025 21:39
SKU00326,CUST00270,2,Negative,03-09-2025 16:39
SKU00326,CUST00841,4,Positive,20-07-2025 06:20
SKU00326,CUST00486,1,Negative,07-09-2025 01:47
SKU00327,CUST00194,5,Positive,31-08-2025 01:27
SKU00327,CUST00650,2,Negative,23-07-2025 06:30
SKU00327,CUST00124,2,Negative,08-08-2025 23:03
SKU00327,CUST00040,3,Negative,19-07-2025 15:48
SKU00327,CUST00952,2,Negative,11-08-2025 09:21
SKU00327,CUST00019,5,Positive,20-07-2025 09:12
SKU00327,CUST00094,1,Negative,06-08-2025 22:17
SKU00327,CUST00418,5,Positive,30-07-2025 18:04
SKU00327,CUST00717,2,Negative,22-07-2025 12:46
SKU00327,CUST00345,4,Positive,16-08-2025 12:36
SKU00328,CUST00523,4,Positive,01-09-2025 12:19
SKU00328,CUST00053,3,Negative,11-07-2025 16:26
SKU00328,CUST00276,3,Negative,28-07-2025 05:44
SKU00328,CUST00966,3,Negative,08-09-2025 02:06
SKU00328,CUST00429,2,Negative,01-08-2025 01:16
SKU00328,CUST00917,1,Negative,18-07-2025 15:30
SKU00329,CUST00001,1,Negative,03-09-2025 02:54
SKU00329,CUST00763,3,Negative,21-07-2025 13:56
SKU00329,CUST00293,4,Positive,28-07-2025 04:49
SKU00329,CUST00931,5,Positive,10-07-2025 18:47
SKU00329,CUST00442,2,Negative,25-07-2025 11:48
SKU00329,CUST00972,4,Positive,05-08-2025 07:12
SKU00330,CUST00312,1,Negative,10-07-2025 09:45
SKU00330,CUST00686,1,Negative,05-09-2025 07:24
SKU00330,CUST00566,2,Negative,02-08-2025 03:46
SKU00330,CUST00370,3,Negative,11-09-2025 03:09
SKU00330,CUST00798,5,Positive,21-08-2025 08:20
SKU00330,CUST00620,3,Negative,24-07-2025 03:10
SKU00330,CUST00666,3,Negative,21-07-2025 09:24
SKU00330,CUST00599,4,Positive,09-07-2025 11:15
SKU00330,CUST00909,1,Negative,13-07-2025 16:03
SKU00330,CUST00645,5,Positive,12-07-2025 16:26
SKU00330,CUST00043,5,Positive,27-09-2025 13:31
SKU00330,CUST00906,2,Negative,19-07-2025 17:33
SKU00330,CUST00722,4,Positive,28-09-2025 20:34
SKU00330,CUST00102,1,Negative,30-09-2025 10:35
SKU00330,CUST00560,5,Positive,03-08-2025 07:00
SKU00331,CUST00743,4,Positive,12-09-2025 21:13
SKU00331,CUST00207,5,Positive,08-09-2025 23:30
SKU00331,CUST00158,1,Negative,13-07-2025 09:52
SKU00331,CUST00197,4,Positive,23-08-2025 10:44
SKU00331,CUST00729,3,Negative,25-09-2025 13:32
SKU00331,CUST00899,5,Positive,03-08-2025 17:21
SKU00331,CUST00917,3,Negative,13-08-2025 13:02
SKU00331,CUST00645,1,Negative,27-09-2025 10:25
SKU00331,CUST00447,1,Negative,16-08-2025 21:03
SKU00331,CUST00430,5,Positive,29-09-2025 10:09
SKU00331,CUST00976,5,Positive,15-09-2025 18:53
SKU00331,CUST00023,2,Negative,28-08-2025 04:07
SKU00331,CUST00281,2,Negative,29-07-2025 02:56
SKU00331,CUST00047,5,Positive,06-07-2025 21:39
SKU00332,CUST00759,4,Positive,18-08-2025 01:29
SKU00332,CUST00702,5,Positive,23-09-2025 11:50
SKU00332,CUST00526,1,Negative,17-07-2025 01:41
SKU00332,CUST00449,5,Positive,07-08-2025 07:08
SKU00332,CUST00576,4,Positive,08-08-2025 22:02
SKU00332,CUST00622,3,Negative,21-07-2025 02:10
SKU00332,CUST00189,1,Negative,16-07-2025 12:50
SKU00332,CUST00586,2,Negative,27-08-2025 11:43
SKU00332,CUST00714,1,Negative,24-09-2025 08:34
SKU00332,CUST00951,5,Positive,14-08-2025 05:15
SKU00332,CUST00516,5,Positive,26-07-2025 03:07
SKU00333,CUST00873,2,Negative,29-07-2025 18:34
SKU00333,CUST00726,3,Negative,23-08-2025 14:36
SKU00333,CUST00122,2,Negative,22-07-2025 17:47
SKU00333,CUST00047,5,Positive,24-07-2025 03:05
SKU00333,CUST00299,1,Negative,01-09-2025 02:24
SKU00333,CUST00152,3,Negative,29-09-2025 00:38
SKU00333,CUST00137,3,Negative,23-09-2025 19:07
SKU00333,CUST00810,1,Negative,01-09-2025 08:55
SKU00333,CUST00255,2,Negative,21-08-2025 21:41
SKU00333,CUST00119,1,Negative,01-09-2025 23:27
SKU00333,CUST00356,5,Positive,05-08-2025 20:05
SKU00333,CUST00333,1,Negative,30-09-2025 21:20
SKU00333,CUST00723,5,Positive,26-07-2025 15:15
SKU00333,CUST00740,2,Negative,09-08-2025 15:30
SKU00334,CUST00333,1,Negative,30-08-2025 18:34
SKU00334,CUST00836,1,Negative,18-09-2025 23:54
SKU00334,CUST00365,2,Negative,09-09-2025 22:08
SKU00334,CUST00989,3,Negative,18-07-2025 03:49
SKU00334,CUST00263,1,Negative,22-08-2025 04:12
SKU00334,CUST00674,5,Positive,11-07-2025 08:01
SKU00334,CUST00740,4,Positive,30-09-2025 19:32
SKU00334,CUST00670,3,Negative,23-09-2025 11:18
SKU00334,CUST00642,5,Positive,23-08-2025 11:38
SKU00334,CUST00212,4,Positive,22-07-2025 10:07
SKU00334,CUST00333,3,Negative,20-07-2025 19:09
SKU00334,CUST00596,4,Positive,16-07-2025 02:40
SKU00334,CUST00457,2,Negative,09-09-2025 20:35
SKU00334,CUST00744,4,Positive,05-08-2025 18:59
SKU00335,CUST00924,4,Positive,10-07-2025 02:18
SKU00335,CUST00508,2,Negative,14-08-2025 14:27
SKU00335,CUST00190,2,Negative,19-07-2025 08:04
SKU00335,CUST00584,4,Positive,30-09-2025 14:10
SKU00335,CUST00747,2,Negative,01-09-2025 20:56
SKU00335,CUST00289,1,Negative,31-07-2025 02:43
SKU00335,CUST00167,2,Negative,18-09-2025 08:54
SKU00335,CUST00404,5,Positive,19-07-2025 05:43
SKU00335,CUST00072,2,Negative,07-07-2025 23:53
SKU00336,CUST00252,4,Positive,27-09-2025 06:25
SKU00336,CUST00661,4,Positive,10-07-2025 17:33
SKU00336,CUST00742,5,Positive,14-07-2025 07:54
SKU00336,CUST00745,1,Negative,28-08-2025 13:46
SKU00336,CUST00103,4,Positive,07-08-2025 06:45
SKU00336,CUST00022,1,Negative,19-09-2025 06:01
SKU00336,CUST00014,1,Negative,13-07-2025 19:59
SKU00336,CUST00255,1,Negative,26-07-2025 23:41
SKU00336,CUST00147,5,Positive,02-07-2025 07:27
SKU00336,CUST00812,1,Negative,15-09-2025 20:42
SKU00336,CUST00109,5,Positive,10-09-2025 11:18
SKU00336,CUST00838,3,Negative,21-09-2025 18:58
SKU00336,CUST00725,1,Negative,20-07-2025 15:26
SKU00336,CUST00143,4,Positive,12-09-2025 18:09
SKU00336,CUST00577,4,Positive,18-09-2025 04:10
SKU00336,CUST00168,3,Negative,02-08-2025 05:02
SKU00336,CUST00491,2,Negative,24-07-2025 16:06
SKU00336,CUST00058,5,Positive,06-09-2025 04:34
SKU00337,CUST00643,5,Positive,12-07-2025 22:47
SKU00337,CUST00022,1,Negative,10-07-2025 23:34
SKU00337,CUST00558,3,Negative,10-07-2025 22:59
SKU00337,CUST00524,4,Positive,14-07-2025 18:29
SKU00337,CUST00002,2,Negative,03-07-2025 07:55
SKU00337,CUST00233,4,Positive,07-08-2025 10:00
SKU00337,CUST00151,3,Negative,02-09-2025 15:06
SKU00337,CUST00294,2,Negative,28-09-2025 11:41
SKU00337,CUST00901,4,Positive,05-09-2025 16:16
SKU00337,CUST00906,1,Negative,17-08-2025 18:01
SKU00337,CUST00174,1,Negative,22-07-2025 19:10
SKU00337,CUST00105,3,Negative,04-08-2025 16:35
SKU00337,CUST00079,5,Positive,02-08-2025 09:38
SKU00338,CUST00370,1,Negative,25-09-2025 22:52
SKU00338,CUST00045,5,Positive,15-07-2025 16:05
SKU00338,CUST00183,4,Positive,21-08-2025 12:06
SKU00338,CUST00343,5,Positive,18-07-2025 14:36
SKU00338,CUST00696,4,Positive,15-07-2025 14:02
SKU00338,CUST00915,3,Negative,30-08-2025 15:47
SKU00338,CUST00838,3,Negative,03-08-2025 19:47
SKU00338,CUST00897,1,Negative,27-07-2025 07:41
SKU00339,CUST00678,3,Negative,29-09-2025 13:46
SKU00339,CUST00272,1,Negative,15-09-2025 14:10
SKU00339,CUST00003,2,Negative,14-09-2025 12:22
SKU00339,CUST00672,2,Negative,01-08-2025 02:15
SKU00339,CUST00152,4,Positive,13-08-2025 08:52
SKU00339,CUST00739,4,Positive,18-09-2025 02:16
SKU00339,CUST00069,1,Negative,26-08-2025 02:28
SKU00339,CUST00438,3,Negative,15-07-2025 01:06
SKU00339,CUST00093,3,Negative,13-07-2025 09:10
SKU00339,CUST00187,4,Positive,04-08-2025 05:38
SKU00339,CUST00327,4,Positive,11-08-2025 03:36
SKU00339,CUST00493,4,Positive,28-08-2025 10:09
SKU00339,CUST00813,3,Negative,14-07-2025 10:04
SKU00339,CUST00822,2,Negative,07-08-2025 04:53
SKU00339,CUST00429,5,Positive,18-08-2025 06:19
SKU00339,CUST00552,5,Positive,17-08-2025 19:50
SKU00339,CUST00546,5,Positive,18-09-2025 18:00
SKU00339,CUST00236,4,Positive,09-07-2025 02:50
SKU00339,CUST00595,4,Positive,21-08-2025 03:52
SKU00339,CUST00592,2,Negative,07-09-2025 06:19
SKU00340,CUST00241,3,Negative,01-07-2025 06:40
SKU00340,CUST00209,1,Negative,05-08-2025 04:26
SKU00340,CUST00572,4,Positive,13-07-2025 23:17
SKU00340,CUST00944,1,Negative,06-07-2025 18:49
SKU00340,CUST00934,3,Negative,05-08-2025 00:51
SKU00340,CUST00870,2,Negative,29-07-2025 14:41
SKU00340,CUST00472,2,Negative,20-09-2025 02:16
SKU00341,CUST00249,2,Negative,19-09-2025 08:57
SKU00341,CUST00230,1,Negative,11-09-2025 12:37
SKU00341,CUST00142,1,Negative,06-09-2025 13:17
SKU00341,CUST00721,2,Negative,06-08-2025 15:32
SKU00341,CUST00751,1,Negative,06-09-2025 14:04
SKU00341,CUST00989,4,Positive,06-08-2025 02:05
SKU00341,CUST00056,1,Negative,03-09-2025 08:18
SKU00341,CUST00596,1,Negative,16-08-2025 07:05
SKU00341,CUST00858,5,Positive,23-09-2025 12:21
SKU00341,CUST00162,1,Negative,15-07-2025 06:16
SKU00341,CUST00375,2,Negative,08-07-2025 16:04
SKU00341,CUST00251,1,Negative,02-07-2025 05:04
SKU00341,CUST00583,4,Positive,15-07-2025 12:51
SKU00341,CUST00784,2,Negative,15-08-2025 14:37
SKU00341,CUST00762,2,Negative,11-09-2025 15:12
SKU00341,CUST00541,3,Negative,15-08-2025 15:36
SKU00341,CUST00422,3,Negative,13-08-2025 02:32
SKU00341,CUST00801,1,Negative,28-07-2025 20:13
SKU00342,CUST00160,1,Negative,24-09-2025 13:14
SKU00342,CUST00658,1,Negative,28-08-2025 15:49
SKU00342,CUST00770,2,Negative,18-08-2025 20:45
SKU00342,CUST00165,1,Negative,08-08-2025 11:39
SKU00342,CUST00853,4,Positive,05-09-2025 00:17
SKU00342,CUST00971,4,Positive,23-08-2025 19:16
SKU00342,CUST00729,3,Negative,28-09-2025 05:46
SKU00342,CUST00586,5,Positive,30-07-2025 17:06
SKU00343,CUST00434,2,Negative,27-07-2025 09:24
SKU00343,CUST00997,1,Negative,20-08-2025 15:11
SKU00343,CUST00387,2,Negative,11-09-2025 03:37
SKU00343,CUST00217,4,Positive,30-08-2025 02:28
SKU00343,CUST00058,2,Negative,08-08-2025 02:06
SKU00343,CUST00189,5,Positive,28-08-2025 17:56
SKU00343,CUST00862,1,Negative,18-09-2025 06:43
SKU00343,CUST00710,4,Positive,16-08-2025 08:27
SKU00343,CUST00321,4,Positive,19-09-2025 07:38
SKU00343,CUST00390,2,Negative,06-07-2025 07:23
SKU00343,CUST00823,3,Negative,01-09-2025 18:47
SKU00343,CUST00435,2,Negative,27-07-2025 04:57
SKU00344,CUST00107,1,Negative,05-08-2025 05:09
SKU00344,CUST00618,3,Negative,03-07-2025 17:21
SKU00344,CUST00246,3,Negative,16-07-2025 19:15
SKU00344,CUST00555,1,Negative,07-07-2025 08:12
SKU00344,CUST00217,5,Positive,02-07-2025 01:34
SKU00344,CUST00775,3,Negative,19-07-2025 05:28
SKU00344,CUST00565,2,Negative,31-08-2025 23:33
SKU00344,CUST00952,1,Negative,24-07-2025 08:01
SKU00345,CUST00088,5,Positive,24-08-2025 20:04
SKU00345,CUST00046,5,Positive,15-09-2025 17:21
SKU00345,CUST00496,1,Negative,05-07-2025 15:57
SKU00345,CUST00323,1,Negative,30-09-2025 14:32
SKU00345,CUST00317,1,Negative,04-08-2025 15:03
SKU00345,CUST00770,3,Negative,08-08-2025 15:43
SKU00345,CUST00513,2,Negative,31-07-2025 12:46
SKU00345,CUST00770,4,Positive,09-09-2025 10:58
SKU00345,CUST00365,2,Negative,07-09-2025 05:18
SKU00345,CUST00691,1,Negative,02-08-2025 04:01
SKU00345,CUST00418,5,Positive,10-07-2025 19:21
SKU00345,CUST00515,2,Negative,03-07-2025 07:11
SKU00345,CUST00602,4,Positive,16-08-2025 07:22
SKU00346,CUST00298,2,Negative,15-07-2025 17:06
SKU00346,CUST00699,4,Positive,08-07-2025 15:30
SKU00346,CUST00907,1,Negative,08-09-2025 18:08
SKU00346,CUST00238,2,Negative,17-09-2025 09:33
SKU00346,CUST00698,2,Negative,13-09-2025 15:29
SKU00346,CUST00736,2,Negative,18-08-2025 16:51
SKU00347,CUST00459,2,Negative,02-08-2025 21:58
SKU00347,CUST00298,3,Negative,30-08-2025 12:47
SKU00347,CUST00877,4,Positive,04-07-2025 21:14
SKU00347,CUST00913,4,Positive,24-07-2025 05:10
SKU00347,CUST00214,5,Positive,28-08-2025 22:07
SKU00347,CUST00077,2,Negative,25-08-2025 00:58
SKU00347,CUST00643,4,Positive,10-07-2025 10:58
SKU00347,CUST00825,1,Negative,14-07-2025 20:20
SKU00347,CUST00785,3,Negative,23-08-2025 02:55
SKU00347,CUST00889,1,Negative,18-08-2025 10:32
SKU00347,CUST00097,4,Positive,31-07-2025 11:01
SKU00347,CUST00174,3,Negative,16-07-2025 16:15
SKU00347,CUST00070,3,Negative,25-08-2025 23:22
SKU00347,CUST00373,3,Negative,09-07-2025 15:55
SKU00347,CUST00073,2,Negative,07-09-2025 23:56
SKU00348,CUST00265,4,Positive,25-07-2025 20:35
SKU00348,CUST00782,4,Positive,02-09-2025 03:17
SKU00348,CUST00947,2,Negative,30-09-2025 05:57
SKU00348,CUST00127,5,Positive,17-08-2025 09:43
SKU00348,CUST00041,3,Negative,22-09-2025 09:37
SKU00348,CUST00294,4,Positive,09-08-2025 17:06
SKU00348,CUST00878,5,Positive,28-09-2025 01:05
SKU00348,CUST00697,2,Negative,12-08-2025 19:12
SKU00348,CUST00376,5,Positive,21-09-2025 00:36
SKU00348,CUST00640,3,Negative,06-08-2025 06:44
SKU00348,CUST00086,4,Positive,19-08-2025 02:55
SKU00348,CUST00461,3,Negative,24-09-2025 04:30
SKU00348,CUST00897,1,Negative,30-08-2025 06:08
SKU00348,CUST00660,1,Negative,10-09-2025 22:45
SKU00348,CUST00810,2,Negative,06-09-2025 22:31
SKU00348,CUST00841,5,Positive,01-07-2025 18:30
SKU00348,CUST00159,1,Negative,29-07-2025 05:17
SKU00348,CUST00385,2,Negative,25-08-2025 08:30
SKU00348,CUST00409,1,Negative,22-07-2025 15:44
SKU00349,CUST00896,4,Positive,03-09-2025 23:14
SKU00349,CUST00096,3,Negative,15-08-2025 05:34
SKU00349,CUST00480,5,Positive,26-09-2025 09:26
SKU00349,CUST00838,4,Positive,11-07-2025 14:15
SKU00349,CUST00088,2,Negative,10-09-2025 01:09
SKU00349,CUST00111,4,Positive,13-09-2025 14:04
SKU00349,CUST00444,2,Negative,08-08-2025 23:36
SKU00349,CUST00337,1,Negative,31-07-2025 19:19
SKU00349,CUST00351,5,Positive,17-08-2025 05:08
SKU00349,CUST00218,4,Positive,12-07-2025 02:23
SKU00349,CUST00286,4,Positive,04-07-2025 17:12
SKU00349,CUST00559,2,Negative,15-08-2025 15:06
SKU00349,CUST00150,2,Negative,01-08-2025 02:05
SKU00349,CUST00582,1,Negative,28-08-2025 08:36
SKU00349,CUST00793,4,Positive,07-07-2025 01:24
SKU00349,CUST00959,3,Negative,15-09-2025 15:48
SKU00349,CUST00441,4,Positive,21-07-2025 17:18
SKU00350,CUST00217,1,Negative,12-09-2025 15:42
SKU00350,CUST00701,4,Positive,27-07-2025 04:47
SKU00350,CUST00259,2,Negative,09-07-2025 02:46
SKU00350,CUST00146,1,Negative,27-07-2025 14:14
SKU00350,CUST00415,1,Negative,29-07-2025 23:10
SKU00350,CUST00895,4,Positive,23-09-2025 14:15
SKU00351,CUST00538,2,Negative,04-09-2025 00:23
SKU00351,CUST00915,3,Negative,18-07-2025 20:56
SKU00351,CUST00851,1,Negative,09-07-2025 23:24
SKU00351,CUST00917,4,Positive,03-08-2025 04:57
SKU00351,CUST00987,3,Negative,16-07-2025 23:23
SKU00351,CUST00204,3,Negative,30-09-2025 10:52
SKU00351,CUST00430,4,Positive,16-08-2025 03:59
SKU00351,CUST00549,2,Negative,06-09-2025 15:24
SKU00351,CUST00448,3,Negative,27-09-2025 14:30
SKU00351,CUST00710,5,Positive,07-08-2025 18:45
SKU00351,CUST00843,1,Negative,24-08-2025 11:00
SKU00351,CUST00802,5,Positive,20-07-2025 06:40
SKU00351,CUST00080,5,Positive,29-08-2025 20:34
SKU00351,CUST00149,3,Negative,03-09-2025 11:22
SKU00351,CUST00844,3,Negative,02-07-2025 09:03
SKU00351,CUST00155,4,Positive,29-09-2025 15:57
SKU00351,CUST00152,4,Positive,22-09-2025 21:58
SKU00351,CUST00325,1,Negative,15-09-2025 21:31
SKU00352,CUST00270,5,Positive,09-09-2025 03:02
SKU00352,CUST00004,4,Positive,30-09-2025 14:06
SKU00352,CUST00853,2,Negative,31-08-2025 14:00
SKU00352,CUST00461,5,Positive,10-07-2025 11:03
SKU00352,CUST00038,2,Negative,11-09-2025 09:37
SKU00352,CUST00193,4,Positive,06-09-2025 14:50
SKU00352,CUST00560,2,Negative,28-08-2025 08:17
SKU00352,CUST00387,2,Negative,03-08-2025 19:05
SKU00352,CUST00215,2,Negative,04-09-2025 23:38
SKU00352,CUST00591,1,Negative,05-08-2025 22:45
SKU00352,CUST00834,3,Negative,02-07-2025 13:43
SKU00352,CUST00310,3,Negative,18-08-2025 17:56
SKU00352,CUST00839,1,Negative,06-09-2025 21:31
SKU00352,CUST00512,4,Positive,10-08-2025 04:48
SKU00352,CUST00421,3,Negative,04-08-2025 04:42
SKU00352,CUST00849,5,Positive,11-08-2025 08:18
SKU00352,CUST00536,3,Negative,12-07-2025 00:11
SKU00352,CUST00949,2,Negative,14-08-2025 13:08
SKU00353,CUST00383,2,Negative,23-08-2025 16:00
SKU00353,CUST00610,2,Negative,22-08-2025 16:43
SKU00353,CUST00447,4,Positive,28-07-2025 16:09
SKU00353,CUST00866,4,Positive,31-08-2025 13:34
SKU00353,CUST00291,5,Positive,30-09-2025 01:28
SKU00353,CUST00948,1,Negative,09-07-2025 12:10
SKU00353,CUST00826,1,Negative,09-07-2025 16:52
SKU00353,CUST00666,1,Negative,29-08-2025 19:59
SKU00353,CUST00955,4,Positive,11-07-2025 01:34
SKU00353,CUST00509,5,Positive,29-09-2025 00:35
SKU00353,CUST00558,1,Negative,31-08-2025 12:13
SKU00353,CUST00455,5,Positive,26-08-2025 10:22
SKU00353,CUST00826,1,Negative,03-09-2025 19:52
SKU00353,CUST00297,4,Positive,21-07-2025 13:41
SKU00353,CUST00229,4,Positive,23-08-2025 13:17
SKU00353,CUST00391,1,Negative,19-07-2025 23:41
SKU00353,CUST00877,4,Positive,13-07-2025 01:58
SKU00353,CUST00360,4,Positive,10-08-2025 02:12
SKU00354,CUST00008,3,Negative,14-09-2025 22:38
SKU00354,CUST00230,5,Positive,28-07-2025 12:50
SKU00354,CUST00275,3,Negative,30-07-2025 20:17
SKU00354,CUST00859,4,Positive,04-09-2025 08:54
SKU00354,CUST00248,1,Negative,26-09-2025 09:35
SKU00354,CUST00931,4,Positive,04-07-2025 04:08
SKU00354,CUST00016,1,Negative,15-07-2025 21:23
SKU00354,CUST00810,3,Negative,20-09-2025 15:08
SKU00354,CUST00837,5,Positive,18-09-2025 14:49
SKU00354,CUST00760,5,Positive,31-07-2025 19:45
SKU00354,CUST00344,2,Negative,25-08-2025 13:17
SKU00354,CUST00441,2,Negative,23-08-2025 22:58
SKU00354,CUST00997,4,Positive,19-07-2025 16:55
SKU00354,CUST00632,4,Positive,19-09-2025 10:39
SKU00354,CUST00053,5,Positive,11-08-2025 15:52
SKU00354,CUST00132,4,Positive,09-09-2025 16:37
SKU00354,CUST00178,4,Positive,26-09-2025 18:52
SKU00355,CUST00530,2,Negative,12-08-2025 11:13
SKU00355,CUST00237,1,Negative,07-09-2025 22:28
SKU00355,CUST00821,2,Negative,18-08-2025 23:00
SKU00355,CUST00122,5,Positive,15-09-2025 03:30
SKU00355,CUST00402,3,Negative,20-09-2025 07:08
SKU00355,CUST00567,2,Negative,01-08-2025 07:15
SKU00355,CUST00209,1,Negative,10-07-2025 01:19
SKU00355,CUST00027,4,Positive,02-07-2025 02:53
SKU00355,CUST00644,5,Positive,15-07-2025 20:37
SKU00355,CUST00029,5,Positive,07-09-2025 16:46
SKU00355,CUST00557,1,Negative,25-08-2025 12:22
SKU00355,CUST00392,1,Negative,11-09-2025 01:46
SKU00355,CUST00752,2,Negative,14-08-2025 01:12
SKU00355,CUST00650,3,Negative,19-07-2025 02:42
SKU00355,CUST00246,2,Negative,29-07-2025 19:52
SKU00356,CUST00549,2,Negative,09-09-2025 12:25
SKU00356,CUST00799,4,Positive,13-09-2025 19:08
SKU00356,CUST00267,1,Negative,27-07-2025 16:42
SKU00356,CUST00085,2,Negative,30-08-2025 22:02
SKU00356,CUST00024,5,Positive,23-09-2025 04:06
SKU00356,CUST00106,1,Negative,14-08-2025 13:50
SKU00356,CUST00950,5,Positive,12-07-2025 21:52
SKU00356,CUST00110,2,Negative,28-07-2025 10:11
SKU00356,CUST00269,2,Negative,10-07-2025 00:11
SKU00356,CUST00080,4,Positive,21-09-2025 00:06
SKU00356,CUST00371,2,Negative,07-08-2025 22:37
SKU00357,CUST00503,1,Negative,10-08-2025 04:05
SKU00357,CUST00076,4,Positive,30-08-2025 17:56
SKU00357,CUST00079,2,Negative,05-09-2025 17:36
SKU00357,CUST00430,4,Positive,25-09-2025 09:10
SKU00357,CUST00322,4,Positive,17-09-2025 12:03
SKU00357,CUST00165,2,Negative,30-07-2025 00:08
SKU00357,CUST00011,2,Negative,03-09-2025 01:08
SKU00357,CUST00581,5,Positive,21-09-2025 23:50
SKU00358,CUST00121,3,Negative,03-08-2025 16:03
SKU00358,CUST00496,5,Positive,28-08-2025 06:05
SKU00358,CUST00560,1,Negative,16-07-2025 09:04
SKU00358,CUST00535,3,Negative,28-09-2025 23:05
SKU00358,CUST00125,2,Negative,28-08-2025 20:20
SKU00358,CUST00031,5,Positive,03-07-2025 05:40
SKU00359,CUST00222,3,Negative,12-07-2025 03:28
SKU00359,CUST00921,2,Negative,03-07-2025 20:44
SKU00359,CUST00336,2,Negative,22-07-2025 08:04
SKU00359,CUST00086,2,Negative,26-07-2025 23:31
SKU00359,CUST00281,4,Positive,20-07-2025 08:15
SKU00359,CUST00977,1,Negative,03-08-2025 20:11
SKU00359,CUST00726,5,Positive,02-09-2025 07:05
SKU00359,CUST00302,4,Positive,11-09-2025 08:25
SKU00359,CUST00829,4,Positive,12-08-2025 08:05
SKU00360,CUST00945,2,Negative,25-07-2025 06:45
SKU00360,CUST00178,2,Negative,05-09-2025 16:57
SKU00360,CUST00867,3,Negative,08-08-2025 03:21
SKU00360,CUST00106,5,Positive,16-09-2025 00:10
SKU00360,CUST00785,5,Positive,31-07-2025 06:02
SKU00360,CUST00170,2,Negative,09-09-2025 02:31
SKU00360,CUST00500,4,Positive,24-09-2025 17:12
SKU00360,CUST00457,4,Positive,27-08-2025 21:32
SKU00360,CUST00766,3,Negative,18-09-2025 05:09
SKU00360,CUST00327,5,Positive,11-07-2025 10:37
SKU00360,CUST00622,4,Positive,11-08-2025 16:22
SKU00360,CUST00205,5,Positive,04-08-2025 06:21
SKU00360,CUST00383,1,Negative,13-08-2025 15:11
SKU00360,CUST00172,1,Negative,19-08-2025 15:32
SKU00360,CUST00260,5,Positive,09-08-2025 18:55
SKU00360,CUST00301,5,Positive,19-09-2025 06:19
SKU00360,CUST00899,5,Positive,04-08-2025 04:48
SKU00361,CUST00031,1,Negative,18-07-2025 11:12
SKU00361,CUST00829,3,Negative,11-08-2025 16:32
SKU00361,CUST00810,2,Negative,04-08-2025 17:36
SKU00361,CUST00252,1,Negative,21-07-2025 21:24
SKU00361,CUST00673,3,Negative,06-08-2025 02:44
SKU00361,CUST00149,3,Negative,12-07-2025 20:59
SKU00361,CUST00010,3,Negative,05-09-2025 19:50
SKU00361,CUST00012,3,Negative,21-07-2025 18:07
SKU00361,CUST00477,5,Positive,16-09-2025 05:02
SKU00361,CUST00330,2,Negative,24-08-2025 12:43
SKU00361,CUST00068,4,Positive,28-07-2025 12:52
SKU00361,CUST00617,2,Negative,21-08-2025 04:36
SKU00361,CUST00223,1,Negative,24-08-2025 11:07
SKU00361,CUST00285,5,Positive,30-09-2025 20:58
SKU00361,CUST00905,1,Negative,25-08-2025 17:23
SKU00361,CUST00915,4,Positive,05-09-2025 05:28
SKU00361,CUST00775,4,Positive,31-07-2025 20:29
SKU00362,CUST00203,2,Negative,05-07-2025 19:42
SKU00362,CUST00822,4,Positive,18-08-2025 09:56
SKU00362,CUST00048,3,Negative,10-08-2025 21:33
SKU00362,CUST00123,1,Negative,13-08-2025 23:03
SKU00362,CUST00176,5,Positive,01-08-2025 17:40
SKU00362,CUST00606,4,Positive,23-07-2025 22:54
SKU00362,CUST00591,1,Negative,28-07-2025 16:11
SKU00362,CUST00019,5,Positive,01-07-2025 10:49
SKU00362,CUST00934,4,Positive,28-07-2025 14:37
SKU00362,CUST00135,4,Positive,04-07-2025 14:14
SKU00362,CUST00918,5,Positive,28-09-2025 03:10
SKU00362,CUST00541,1,Negative,02-08-2025 18:10
SKU00362,CUST00661,1,Negative,07-07-2025 17:50
SKU00362,CUST00482,1,Negative,19-09-2025 13:41
SKU00362,CUST00822,4,Positive,09-09-2025 05:18
SKU00363,CUST00282,3,Negative,12-09-2025 04:13
SKU00363,CUST00355,4,Positive,08-07-2025 17:52
SKU00363,CUST00570,3,Negative,17-08-2025 22:40
SKU00363,CUST00628,1,Negative,08-08-2025 04:31
SKU00363,CUST00306,4,Positive,17-08-2025 21:33
SKU00363,CUST00870,1,Negative,20-09-2025 20:30
SKU00363,CUST00383,5,Positive,10-07-2025 23:24
SKU00363,CUST00030,2,Negative,05-07-2025 15:27
SKU00363,CUST00846,1,Negative,14-07-2025 11:16
SKU00363,CUST00108,3,Negative,22-09-2025 15:10
SKU00363,CUST00705,4,Positive,22-07-2025 23:24
SKU00363,CUST00175,1,Negative,19-07-2025 13:26
SKU00363,CUST00742,3,Negative,18-09-2025 05:45
SKU00363,CUST00925,5,Positive,01-07-2025 11:30
SKU00364,CUST00266,1,Negative,11-07-2025 18:11
SKU00364,CUST00050,3,Negative,08-07-2025 06:51
SKU00364,CUST00271,3,Negative,05-09-2025 18:58
SKU00364,CUST00628,4,Positive,27-07-2025 04:56
SKU00364,CUST00716,2,Negative,28-09-2025 19:04
SKU00364,CUST00142,5,Positive,14-08-2025 17:29
SKU00365,CUST00130,3,Negative,22-09-2025 16:21
SKU00365,CUST00152,5,Positive,25-09-2025 04:43
SKU00365,CUST00871,4,Positive,31-08-2025 20:05
SKU00365,CUST00458,1,Negative,20-08-2025 15:47
SKU00365,CUST00541,2,Negative,26-08-2025 02:34
SKU00365,CUST00490,4,Positive,28-07-2025 05:42
SKU00365,CUST00330,4,Positive,22-07-2025 22:13
SKU00365,CUST00095,3,Negative,13-09-2025 09:22
SKU00366,CUST00729,1,Negative,04-08-2025 06:34
SKU00366,CUST00572,2,Negative,03-09-2025 00:42
SKU00366,CUST00663,2,Negative,06-09-2025 11:23
SKU00366,CUST00080,1,Negative,18-08-2025 00:30
SKU00366,CUST00062,2,Negative,02-07-2025 06:35
SKU00366,CUST00687,2,Negative,15-08-2025 10:52
SKU00366,CUST00839,4,Positive,19-07-2025 05:52
SKU00366,CUST00500,1,Negative,03-08-2025 01:18
SKU00366,CUST00214,5,Positive,12-09-2025 22:39
SKU00366,CUST00541,5,Positive,22-09-2025 08:21
SKU00366,CUST00321,3,Negative,07-09-2025 18:57
SKU00366,CUST00465,2,Negative,21-09-2025 07:32
SKU00366,CUST00517,1,Negative,27-09-2025 18:03
SKU00366,CUST00134,2,Negative,28-09-2025 00:03
SKU00367,CUST00395,4,Positive,23-09-2025 06:15
SKU00367,CUST00636,5,Positive,20-07-2025 17:04
SKU00367,CUST00799,4,Positive,19-07-2025 05:57
SKU00367,CUST00071,3,Negative,11-08-2025 01:52
SKU00367,CUST00169,3,Negative,23-09-2025 10:51
SKU00367,CUST00592,1,Negative,15-07-2025 07:12
SKU00367,CUST00473,1,Negative,11-09-2025 08:02
SKU00367,CUST00113,2,Negative,02-07-2025 14:39
SKU00367,CUST00916,4,Positive,19-07-2025 03:48
SKU00367,CUST00274,1,Negative,16-08-2025 05:43
SKU00367,CUST00678,5,Positive,13-08-2025 22:43
SKU00367,CUST00361,3,Negative,12-07-2025 11:43
SKU00367,CUST00950,5,Positive,09-07-2025 03:53
SKU00367,CUST00363,4,Positive,21-07-2025 14:08
SKU00367,CUST00155,4,Positive,18-08-2025 18:11
SKU00367,CUST00442,5,Positive,02-08-2025 09:40
SKU00368,CUST00452,3,Negative,05-08-2025 21:39
SKU00368,CUST00101,1,Negative,01-09-2025 23:23
SKU00368,CUST00392,4,Positive,19-07-2025 19:53
SKU00368,CUST00302,2,Negative,09-08-2025 02:20
SKU00368,CUST00181,5,Positive,27-07-2025 18:57
SKU00368,CUST00543,5,Positive,17-08-2025 22:12
SKU00369,CUST00112,1,Negative,01-09-2025 18:05
SKU00369,CUST00255,1,Negative,22-07-2025 07:39
SKU00369,CUST00118,1,Negative,25-09-2025 21:38
SKU00369,CUST00037,5,Positive,26-07-2025 20:14
SKU00369,CUST00245,1,Negative,21-08-2025 15:57
SKU00369,CUST00104,3,Negative,22-07-2025 23:42
SKU00369,CUST00904,5,Positive,06-09-2025 21:58
SKU00369,CUST00734,4,Positive,08-08-2025 01:12
SKU00369,CUST00403,1,Negative,22-07-2025 08:22
SKU00369,CUST00752,3,Negative,18-08-2025 01:50
SKU00369,CUST00211,2,Negative,15-09-2025 06:52
SKU00369,CUST00209,3,Negative,31-08-2025 20:04
SKU00369,CUST00295,5,Positive,28-07-2025 23:02
SKU00369,CUST00752,1,Negative,10-07-2025 03:36
SKU00369,CUST00190,5,Positive,27-09-2025 03:17
SKU00369,CUST00718,5,Positive,16-08-2025 06:55
SKU00369,CUST00757,3,Negative,21-09-2025 18:37
SKU00369,CUST00929,2,Negative,17-07-2025 12:40
SKU00370,CUST00698,1,Negative,17-07-2025 04:18
SKU00370,CUST00192,3,Negative,26-09-2025 08:50
SKU00370,CUST00467,2,Negative,02-07-2025 05:40
SKU00370,CUST00683,4,Positive,11-08-2025 13:07
SKU00370,CUST00343,1,Negative,18-07-2025 05:38
SKU00370,CUST00998,3,Negative,24-09-2025 13:28
SKU00370,CUST00079,2,Negative,04-09-2025 22:39
SKU00370,CUST00779,1,Negative,27-08-2025 16:07
SKU00370,CUST00361,4,Positive,26-08-2025 14:51
SKU00370,CUST00002,4,Positive,23-09-2025 18:44
SKU00370,CUST00254,4,Positive,11-07-2025 14:53
SKU00370,CUST00047,1,Negative,25-08-2025 01:49
SKU00370,CUST00697,3,Negative,20-09-2025 02:31
SKU00370,CUST00234,5,Positive,18-08-2025 20:24
SKU00370,CUST00172,2,Negative,14-09-2025 06:28
SKU00371,CUST00103,3,Negative,17-09-2025 01:12
SKU00371,CUST00754,3,Negative,13-08-2025 22:40
SKU00371,CUST00503,3,Negative,22-08-2025 23:36
SKU00371,CUST00264,4,Positive,25-07-2025 14:47
SKU00371,CUST00374,4,Positive,02-07-2025 07:35
SKU00371,CUST00848,3,Negative,30-07-2025 05:41
SKU00371,CUST00728,3,Negative,25-09-2025 13:02
SKU00371,CUST00531,5,Positive,17-08-2025 00:37
SKU00372,CUST00277,5,Positive,09-09-2025 16:51
SKU00372,CUST00656,1,Negative,15-07-2025 08:37
SKU00372,CUST00421,2,Negative,03-09-2025 00:26
SKU00372,CUST00146,3,Negative,18-08-2025 08:01
SKU00372,CUST00032,2,Negative,26-08-2025 01:52
SKU00372,CUST00759,4,Positive,04-08-2025 21:30
SKU00372,CUST00212,1,Negative,19-07-2025 19:41
SKU00372,CUST00943,4,Positive,01-09-2025 00:21
SKU00373,CUST00989,3,Negative,24-09-2025 03:53
SKU00373,CUST00642,5,Positive,26-09-2025 07:20
SKU00373,CUST00935,4,Positive,24-09-2025 01:26
SKU00373,CUST00540,2,Negative,26-07-2025 18:12
SKU00373,CUST00933,3,Negative,25-09-2025 05:10
SKU00373,CUST00340,4,Positive,27-08-2025 04:48
SKU00373,CUST00428,3,Negative,31-07-2025 00:46
SKU00373,CUST00196,1,Negative,26-08-2025 06:22
SKU00374,CUST00855,5,Positive,12-07-2025 22:31
SKU00374,CUST00444,4,Positive,25-08-2025 00:25
SKU00374,CUST00992,3,Negative,29-07-2025 00:02
SKU00374,CUST00113,1,Negative,18-08-2025 10:35
SKU00374,CUST00950,2,Negative,15-08-2025 06:35
SKU00374,CUST00698,2,Negative,20-08-2025 19:06
SKU00374,CUST00990,3,Negative,30-08-2025 13:32
SKU00374,CUST00572,2,Negative,30-07-2025 11:32
SKU00374,CUST00499,3,Negative,07-07-2025 06:34
SKU00374,CUST00819,3,Negative,02-07-2025 12:19
SKU00374,CUST00465,1,Negative,22-07-2025 02:24
SKU00374,CUST00290,5,Positive,12-07-2025 23:37
SKU00374,CUST00055,4,Positive,30-07-2025 16:36
SKU00374,CUST00006,4,Positive,04-08-2025 04:48
SKU00374,CUST00677,1,Negative,05-07-2025 20:16
SKU00375,CUST00142,3,Negative,24-09-2025 07:34
SKU00375,CUST00291,5,Positive,03-09-2025 14:19
SKU00375,CUST00982,5,Positive,16-07-2025 01:15
SKU00375,CUST00977,1,Negative,08-09-2025 05:52
SKU00375,CUST00278,2,Negative,10-09-2025 04:08
SKU00375,CUST00202,4,Positive,26-08-2025 19:40
SKU00375,CUST00941,1,Negative,29-07-2025 05:37
SKU00375,CUST00225,1,Negative,15-08-2025 22:35
SKU00375,CUST00956,3,Negative,25-07-2025 03:34
SKU00375,CUST00832,4,Positive,11-08-2025 00:38
SKU00375,CUST00409,1,Negative,25-09-2025 16:55
SKU00375,CUST00268,3,Negative,27-08-2025 23:12
SKU00375,CUST00319,2,Negative,24-08-2025 17:59
SKU00376,CUST00696,3,Negative,17-09-2025 02:20
SKU00376,CUST00593,2,Negative,05-09-2025 08:15
SKU00376,CUST00787,2,Negative,25-07-2025 06:35
SKU00376,CUST00139,4,Positive,23-08-2025 19:34
SKU00376,CUST00205,3,Negative,30-07-2025 14:41
SKU00376,CUST00088,3,Negative,25-08-2025 00:25
SKU00376,CUST00950,4,Positive,22-08-2025 23:52
SKU00376,CUST00188,4,Positive,14-09-2025 23:08
SKU00376,CUST00897,4,Positive,10-07-2025 07:47
SKU00376,CUST00142,5,Positive,12-08-2025 21:42
SKU00376,CUST00711,3,Negative,18-08-2025 21:58
SKU00376,CUST00958,3,Negative,15-08-2025 11:24
SKU00376,CUST00363,4,Positive,15-08-2025 07:08
SKU00376,CUST00431,4,Positive,14-08-2025 18:52
SKU00376,CUST00029,5,Positive,03-07-2025 13:34
SKU00376,CUST00981,4,Positive,09-07-2025 14:03
SKU00376,CUST00774,2,Negative,29-08-2025 17:32
SKU00376,CUST00929,3,Negative,15-09-2025 08:59
SKU00377,CUST00595,5,Positive,06-08-2025 05:24
SKU00377,CUST00131,5,Positive,22-08-2025 17:54
SKU00377,CUST00922,5,Positive,24-09-2025 05:26
SKU00377,CUST00301,1,Negative,12-09-2025 08:03
SKU00377,CUST00866,4,Positive,13-07-2025 05:27
SKU00377,CUST00413,1,Negative,14-08-2025 22:25
SKU00377,CUST00827,5,Positive,14-08-2025 16:23
SKU00377,CUST00860,1,Negative,09-07-2025 05:16
SKU00377,CUST00057,3,Negative,19-09-2025 13:47
SKU00377,CUST00666,1,Negative,02-08-2025 09:04
SKU00377,CUST00609,1,Negative,18-09-2025 19:15
SKU00377,CUST00298,5,Positive,16-08-2025 17:54
SKU00378,CUST00886,1,Negative,12-07-2025 18:58
SKU00378,CUST00759,5,Positive,04-09-2025 11:29
SKU00378,CUST00524,1,Negative,07-09-2025 02:46
SKU00378,CUST00210,5,Positive,14-07-2025 23:53
SKU00378,CUST00576,4,Positive,14-07-2025 05:50
SKU00378,CUST00229,2,Negative,30-07-2025 05:07
SKU00378,CUST00644,3,Negative,08-09-2025 19:43
SKU00378,CUST00960,1,Negative,17-09-2025 05:13
SKU00378,CUST00497,5,Positive,05-09-2025 18:37
SKU00378,CUST00206,1,Negative,07-07-2025 12:27
SKU00378,CUST00001,2,Negative,28-08-2025 14:56
SKU00378,CUST00902,1,Negative,20-08-2025 11:16
SKU00378,CUST00100,2,Negative,20-07-2025 20:02
SKU00378,CUST00107,4,Positive,03-07-2025 09:27
SKU00378,CUST00853,5,Positive,13-08-2025 02:09
SKU00379,CUST00057,1,Negative,30-07-2025 02:52
SKU00379,CUST00415,4,Positive,18-07-2025 20:51
SKU00379,CUST00840,2,Negative,20-09-2025 17:21
SKU00379,CUST00869,5,Positive,26-07-2025 06:28
SKU00379,CUST00842,5,Positive,05-09-2025 03:35
SKU00379,CUST00450,5,Positive,12-07-2025 23:04
SKU00379,CUST00443,2,Negative,31-08-2025 18:26
SKU00379,CUST00023,2,Negative,14-07-2025 18:09
SKU00379,CUST00839,2,Negative,17-07-2025 13:56
SKU00379,CUST00524,5,Positive,20-07-2025 10:51
SKU00379,CUST00488,4,Positive,29-07-2025 03:49
SKU00379,CUST00297,1,Negative,27-08-2025 03:55
SKU00379,CUST00505,3,Negative,03-09-2025 19:51
SKU00379,CUST00282,4,Positive,07-08-2025 11:01
SKU00379,CUST00715,1,Negative,15-08-2025 01:06
SKU00379,CUST00427,4,Positive,15-07-2025 09:15
SKU00379,CUST00029,3,Negative,14-08-2025 09:04
SKU00380,CUST00578,4,Positive,02-07-2025 01:40
SKU00380,CUST00595,3,Negative,04-07-2025 07:25
SKU00380,CUST00661,5,Positive,13-08-2025 03:42
SKU00380,CUST00044,3,Negative,14-07-2025 12:36
SKU00380,CUST00480,4,Positive,27-07-2025 21:13
SKU00380,CUST00010,2,Negative,04-08-2025 17:36
SKU00380,CUST00513,5,Positive,21-07-2025 11:09
SKU00380,CUST00358,5,Positive,07-08-2025 22:13
SKU00381,CUST00179,2,Negative,04-08-2025 03:54
SKU00381,CUST00672,5,Positive,02-08-2025 22:36
SKU00381,CUST00471,2,Negative,28-07-2025 00:34
SKU00381,CUST00804,3,Negative,28-09-2025 15:51
SKU00381,CUST00404,1,Negative,27-09-2025 22:48
SKU00381,CUST00860,4,Positive,06-08-2025 13:21
SKU00381,CUST00986,4,Positive,28-08-2025 19:42
SKU00382,CUST00590,5,Positive,14-09-2025 06:48
SKU00382,CUST00675,5,Positive,26-07-2025 04:02
SKU00382,CUST00133,3,Negative,27-08-2025 04:07
SKU00382,CUST00979,5,Positive,03-08-2025 19:07
SKU00382,CUST00599,5,Positive,19-09-2025 13:46
SKU00382,CUST00414,1,Negative,05-07-2025 08:41
SKU00382,CUST00031,2,Negative,23-07-2025 11:54
SKU00382,CUST00099,1,Negative,18-08-2025 11:45
SKU00382,CUST00957,4,Positive,01-08-2025 10:10
SKU00382,CUST00779,2,Negative,13-09-2025 22:17
SKU00383,CUST00108,2,Negative,09-09-2025 16:44
SKU00383,CUST00914,4,Positive,12-09-2025 09:10
SKU00383,CUST00997,4,Positive,28-09-2025 13:17
SKU00383,CUST00066,1,Negative,29-08-2025 09:50
SKU00383,CUST00257,1,Negative,04-07-2025 15:11
SKU00383,CUST00868,1,Negative,12-08-2025 20:50
SKU00383,CUST00782,3,Negative,28-08-2025 21:19
SKU00383,CUST00647,1,Negative,28-09-2025 16:01
SKU00383,CUST00179,3,Negative,11-07-2025 10:52
SKU00383,CUST00716,4,Positive,06-08-2025 15:56
SKU00383,CUST00137,5,Positive,24-08-2025 00:39
SKU00383,CUST00205,2,Negative,25-07-2025 12:21
SKU00384,CUST00449,3,Negative,22-07-2025 21:26
SKU00384,CUST00207,2,Negative,12-08-2025 03:26
SKU00384,CUST00834,5,Positive,17-09-2025 12:20
SKU00384,CUST00809,2,Negative,09-07-2025 08:26
SKU00384,CUST00597,1,Negative,31-08-2025 01:56
SKU00384,CUST00983,1,Negative,20-07-2025 18:16
SKU00384,CUST00035,2,Negative,25-09-2025 17:31
SKU00384,CUST00006,3,Negative,14-09-2025 04:26
SKU00384,CUST00418,5,Positive,23-08-2025 01:37
SKU00384,CUST00886,1,Negative,03-08-2025 01:54
SKU00384,CUST00190,5,Positive,18-08-2025 04:10
SKU00384,CUST00195,2,Negative,25-08-2025 09:03
SKU00384,CUST00848,4,Positive,18-08-2025 15:03
SKU00384,CUST00361,3,Negative,30-08-2025 01:09
SKU00384,CUST00922,5,Positive,21-09-2025 20:36
SKU00384,CUST00142,1,Negative,12-08-2025 14:39
SKU00384,CUST00438,4,Positive,23-09-2025 20:30
SKU00384,CUST00073,5,Positive,08-07-2025 14:05
SKU00384,CUST00131,5,Positive,29-07-2025 22:55
SKU00384,CUST00104,1,Negative,18-08-2025 10:05
SKU00385,CUST00053,5,Positive,22-08-2025 11:32
SKU00385,CUST00339,1,Negative,22-07-2025 18:00
SKU00385,CUST00842,3,Negative,28-09-2025 13:03
SKU00385,CUST00849,3,Negative,07-08-2025 21:45
SKU00385,CUST00721,3,Negative,07-07-2025 14:20
SKU00385,CUST00894,2,Negative,28-07-2025 23:14
SKU00385,CUST00077,5,Positive,25-08-2025 20:40
SKU00385,CUST00248,5,Positive,29-09-2025 11:16
SKU00385,CUST00626,5,Positive,31-07-2025 07:34
SKU00385,CUST00409,5,Positive,06-07-2025 11:59
SKU00385,CUST00560,1,Negative,26-08-2025 13:57
SKU00385,CUST00483,3,Negative,02-09-2025 10:08
SKU00386,CUST00034,3,Negative,10-08-2025 21:56
SKU00386,CUST00268,2,Negative,02-08-2025 11:32
SKU00386,CUST00910,1,Negative,14-07-2025 12:33
SKU00386,CUST00210,5,Positive,18-09-2025 07:11
SKU00386,CUST00752,3,Negative,28-09-2025 17:28
SKU00387,CUST00242,4,Positive,08-07-2025 01:53
SKU00387,CUST00825,5,Positive,26-09-2025 19:13
SKU00387,CUST00625,1,Negative,03-08-2025 13:52
SKU00387,CUST00073,4,Positive,28-08-2025 01:47
SKU00387,CUST00758,5,Positive,29-09-2025 05:34
SKU00387,CUST00083,5,Positive,16-08-2025 11:37
SKU00388,CUST00278,1,Negative,11-07-2025 02:28
SKU00388,CUST00037,4,Positive,19-08-2025 06:48
SKU00388,CUST00231,3,Negative,11-08-2025 21:30
SKU00388,CUST00490,3,Negative,14-09-2025 21:07
SKU00388,CUST00871,2,Negative,03-07-2025 01:57
SKU00388,CUST00954,1,Negative,03-07-2025 13:24
SKU00388,CUST00793,2,Negative,21-08-2025 20:44
SKU00388,CUST00623,4,Positive,05-09-2025 05:02
SKU00388,CUST00701,1,Negative,23-08-2025 15:24
SKU00389,CUST00054,4,Positive,13-09-2025 08:10
SKU00389,CUST00387,2,Negative,11-08-2025 17:19
SKU00389,CUST00719,4,Positive,23-08-2025 08:31
SKU00389,CUST00142,1,Negative,12-08-2025 12:30
SKU00389,CUST00121,5,Positive,26-09-2025 17:25
SKU00389,CUST00377,3,Negative,19-07-2025 19:13
SKU00389,CUST00352,4,Positive,28-09-2025 03:15
SKU00389,CUST00060,2,Negative,23-07-2025 12:40
SKU00389,CUST00095,5,Positive,01-07-2025 23:25
SKU00389,CUST00233,4,Positive,11-09-2025 13:44
SKU00389,CUST00771,5,Positive,25-08-2025 03:38
SKU00389,CUST00047,1,Negative,23-09-2025 18:50
SKU00389,CUST00738,2,Negative,17-09-2025 21:32
SKU00389,CUST00059,1,Negative,06-07-2025 12:00
SKU00389,CUST00130,4,Positive,18-07-2025 12:48
SKU00389,CUST00290,1,Negative,31-07-2025 11:57
SKU00389,CUST00359,5,Positive,02-09-2025 14:44
SKU00389,CUST00912,2,Negative,29-07-2025 09:22
SKU00389,CUST00133,5,Positive,08-08-2025 14:59
SKU00389,CUST00491,1,Negative,02-09-2025 17:57
SKU00390,CUST00079,3,Negative,30-09-2025 02:33
SKU00390,CUST00557,2,Negative,18-08-2025 01:16
SKU00390,CUST00723,3,Negative,26-09-2025 03:39
SKU00390,CUST00938,2,Negative,13-08-2025 01:31
SKU00390,CUST00731,3,Negative,30-09-2025 09:41
SKU00390,CUST00376,5,Positive,29-07-2025 10:00
SKU00390,CUST00890,2,Negative,21-08-2025 03:38
SKU00391,CUST00327,5,Positive,18-08-2025 21:06
SKU00391,CUST00107,1,Negative,03-08-2025 15:43
SKU00391,CUST00923,4,Positive,07-09-2025 11:56
SKU00391,CUST00974,5,Positive,17-08-2025 04:56
SKU00391,CUST00287,1,Negative,20-07-2025 18:19
SKU00391,CUST00934,2,Negative,20-09-2025 16:39
SKU00391,CUST01000,5,Positive,23-07-2025 09:11
SKU00391,CUST00313,5,Positive,21-07-2025 11:07
SKU00391,CUST00126,3,Negative,09-09-2025 09:09
SKU00391,CUST00836,2,Negative,04-07-2025 11:34
SKU00391,CUST00241,4,Positive,02-09-2025 02:23
SKU00391,CUST00783,4,Positive,12-07-2025 02:11
SKU00391,CUST00022,4,Positive,20-09-2025 04:46
SKU00392,CUST00277,3,Negative,27-08-2025 02:41
SKU00392,CUST00394,3,Negative,19-09-2025 07:27
SKU00392,CUST00989,1,Negative,06-07-2025 19:09
SKU00392,CUST00286,5,Positive,07-08-2025 06:38
SKU00392,CUST00508,1,Negative,22-09-2025 18:24
SKU00392,CUST00392,4,Positive,13-08-2025 02:38
SKU00393,CUST00230,2,Negative,06-08-2025 19:53
SKU00393,CUST00189,4,Positive,21-08-2025 16:47
SKU00393,CUST00054,3,Negative,04-07-2025 00:56
SKU00393,CUST00555,3,Negative,29-09-2025 23:53
SKU00393,CUST00027,5,Positive,12-09-2025 06:03
SKU00393,CUST00915,3,Negative,28-09-2025 14:02
SKU00394,CUST00830,5,Positive,22-07-2025 00:35
SKU00394,CUST00776,1,Negative,03-08-2025 02:27
SKU00394,CUST00744,5,Positive,12-08-2025 03:28
SKU00394,CUST00887,4,Positive,14-09-2025 23:37
SKU00394,CUST00747,1,Negative,17-09-2025 09:22
SKU00394,CUST00112,5,Positive,07-08-2025 16:21
SKU00394,CUST00976,3,Negative,22-09-2025 08:28
SKU00394,CUST00961,5,Positive,15-08-2025 00:02
SKU00394,CUST00435,5,Positive,08-09-2025 19:54
SKU00394,CUST00582,5,Positive,26-07-2025 06:04
SKU00394,CUST00167,4,Positive,15-08-2025 08:57
SKU00394,CUST00764,2,Negative,13-07-2025 19:17
SKU00394,CUST00930,1,Negative,28-07-2025 06:04
SKU00395,CUST00088,2,Negative,13-09-2025 21:21
SKU00395,CUST00556,3,Negative,02-08-2025 18:30
SKU00395,CUST00585,4,Positive,04-07-2025 17:57
SKU00395,CUST00631,3,Negative,05-08-2025 02:48
SKU00395,CUST00276,3,Negative,14-09-2025 23:11
SKU00395,CUST00669,5,Positive,02-07-2025 04:45
SKU00395,CUST00128,3,Negative,25-08-2025 04:33
SKU00395,CUST00677,3,Negative,20-09-2025 04:01
SKU00395,CUST00271,2,Negative,13-08-2025 02:08
SKU00395,CUST00474,1,Negative,12-08-2025 17:03
SKU00395,CUST00010,4,Positive,04-07-2025 14:13
SKU00395,CUST00990,3,Negative,16-08-2025 14:57
SKU00395,CUST00654,5,Positive,22-07-2025 03:36
SKU00396,CUST00060,5,Positive,30-09-2025 03:38
SKU00396,CUST00082,3,Negative,26-09-2025 02:15
SKU00396,CUST00625,5,Positive,31-07-2025 11:44
SKU00396,CUST00977,1,Negative,12-08-2025 18:17
SKU00396,CUST00185,3,Negative,13-09-2025 08:51
SKU00396,CUST00806,3,Negative,26-07-2025 04:46
SKU00396,CUST00890,4,Positive,13-07-2025 08:26
SKU00396,CUST00233,2,Negative,15-07-2025 06:18
SKU00396,CUST00893,5,Positive,02-09-2025 16:32
SKU00396,CUST00051,2,Negative,12-07-2025 02:40
SKU00396,CUST00671,1,Negative,18-07-2025 21:20
SKU00396,CUST00701,5,Positive,22-09-2025 13:16
SKU00396,CUST00451,5,Positive,31-07-2025 19:26
SKU00396,CUST00043,5,Positive,08-09-2025 15:33
SKU00396,CUST00234,1,Negative,08-09-2025 09:01
SKU00396,CUST00266,3,Negative,02-07-2025 13:33
SKU00396,CUST00695,3,Negative,22-08-2025 11:19
SKU00396,CUST00736,1,Negative,28-08-2025 07:27
SKU00397,CUST00359,1,Negative,08-07-2025 12:32
SKU00397,CUST00520,4,Positive,11-07-2025 23:44
SKU00397,CUST00524,1,Negative,24-07-2025 00:12
SKU00397,CUST00209,3,Negative,25-08-2025 09:02
SKU00397,CUST00381,4,Positive,07-07-2025 22:21
SKU00397,CUST00658,4,Positive,24-09-2025 00:53
SKU00397,CUST00290,2,Negative,03-07-2025 09:32
SKU00397,CUST00335,5,Positive,15-09-2025 12:33
SKU00397,CUST00369,3,Negative,09-08-2025 15:01
SKU00397,CUST00919,3,Negative,15-08-2025 16:46
SKU00397,CUST00966,3,Negative,30-08-2025 09:10
SKU00397,CUST00032,2,Negative,05-08-2025 18:12
SKU00398,CUST00298,2,Negative,27-09-2025 12:49
SKU00398,CUST00606,1,Negative,11-07-2025 07:32
SKU00398,CUST00624,2,Negative,17-09-2025 10:51
SKU00398,CUST00321,5,Positive,08-09-2025 11:51
SKU00398,CUST00800,5,Positive,15-09-2025 01:36
SKU00398,CUST00596,3,Negative,30-09-2025 06:13
SKU00399,CUST00388,5,Positive,04-07-2025 03:57
SKU00399,CUST00673,2,Negative,07-08-2025 00:00
SKU00399,CUST00781,1,Negative,08-07-2025 12:08
SKU00399,CUST00982,2,Negative,24-08-2025 21:28
SKU00399,CUST00516,5,Positive,31-08-2025 04:45
SKU00399,CUST00562,4,Positive,22-08-2025 07:53
SKU00399,CUST00751,1,Negative,21-09-2025 07:02
SKU00399,CUST00900,5,Positive,16-09-2025 11:57
SKU00399,CUST00053,5,Positive,15-08-2025 20:36
SKU00399,CUST00676,5,Positive,20-08-2025 12:28
SKU00399,CUST00452,3,Negative,27-07-2025 03:14
SKU00400,CUST00857,5,Positive,29-07-2025 10:53
SKU00400,CUST00933,2,Negative,01-08-2025 21:53
SKU00400,CUST00249,3,Negative,23-07-2025 10:00
SKU00400,CUST00467,3,Negative,11-09-2025 15:24
SKU00400,CUST00996,1,Negative,06-09-2025 06:58
SKU00400,CUST00247,4,Positive,10-09-2025 03:32
SKU00400,CUST00981,4,Positive,05-08-2025 03:14
SKU00400,CUST00082,3,Negative,24-08-2025 09:57
SKU00400,CUST00518,1,Negative,27-09-2025 19:15
SKU00400,CUST00371,4,Positive,28-08-2025 18:15
SKU00400,CUST00236,4,Positive,15-09-2025 08:13
SKU00401,CUST00236,5,Positive,19-09-2025 08:57
SKU00401,CUST00847,2,Negative,28-09-2025 21:04
SKU00401,CUST00551,2,Negative,14-09-2025 09:15
SKU00401,CUST00932,4,Positive,04-09-2025 10:46
SKU00401,CUST00599,2,Negative,28-08-2025 19:01
SKU00401,CUST00267,3,Negative,03-08-2025 03:55
SKU00401,CUST00322,1,Negative,08-07-2025 21:55
SKU00401,CUST00419,4,Positive,19-08-2025 00:47
SKU00401,CUST00152,5,Positive,17-08-2025 23:34
SKU00401,CUST00648,2,Negative,26-09-2025 08:51
SKU00401,CUST00185,4,Positive,02-07-2025 12:08
SKU00401,CUST00171,1,Negative,10-08-2025 15:28
SKU00401,CUST00270,5,Positive,08-09-2025 01:38
SKU00401,CUST00953,4,Positive,11-09-2025 02:58
SKU00401,CUST00104,2,Negative,23-09-2025 09:59
SKU00401,CUST00035,4,Positive,03-07-2025 07:45
SKU00401,CUST00707,2,Negative,08-07-2025 02:08
SKU00401,CUST00136,5,Positive,23-09-2025 03:58
SKU00402,CUST00926,4,Positive,04-08-2025 09:44
SKU00402,CUST00131,4,Positive,06-09-2025 15:57
SKU00402,CUST00571,2,Negative,08-09-2025 03:02
SKU00402,CUST00301,1,Negative,02-08-2025 16:49
SKU00402,CUST00919,3,Negative,27-08-2025 10:14
SKU00402,CUST00624,5,Positive,11-07-2025 11:07
SKU00402,CUST00740,1,Negative,08-07-2025 03:51
SKU00402,CUST00757,3,Negative,13-08-2025 14:00
SKU00402,CUST00933,4,Positive,31-08-2025 05:56
SKU00402,CUST00461,4,Positive,29-07-2025 02:05
SKU00402,CUST00776,4,Positive,06-09-2025 23:22
SKU00402,CUST00138,2,Negative,09-09-2025 06:21
SKU00402,CUST00785,5,Positive,27-09-2025 23:13
SKU00402,CUST00840,5,Positive,09-07-2025 03:14
SKU00402,CUST00156,1,Negative,27-08-2025 15:04
SKU00402,CUST00608,3,Negative,04-09-2025 10:19
SKU00402,CUST00665,4,Positive,06-08-2025 20:00
SKU00403,CUST00450,2,Negative,19-08-2025 09:16
SKU00403,CUST00740,5,Positive,28-07-2025 02:48
SKU00403,CUST00968,1,Negative,23-07-2025 13:12
SKU00403,CUST00305,4,Positive,03-08-2025 02:51
SKU00403,CUST00050,5,Positive,20-08-2025 06:16
SKU00403,CUST00919,5,Positive,26-08-2025 07:05
SKU00403,CUST00521,4,Positive,28-07-2025 16:41
SKU00403,CUST00331,4,Positive,31-07-2025 22:20
SKU00403,CUST00776,2,Negative,14-07-2025 21:40
SKU00403,CUST00043,2,Negative,11-08-2025 19:13
SKU00403,CUST00532,3,Negative,25-08-2025 20:10
SKU00403,CUST00901,5,Positive,31-07-2025 12:31
SKU00403,CUST00102,3,Negative,28-07-2025 15:36
SKU00403,CUST00170,1,Negative,28-07-2025 22:43
SKU00403,CUST00281,4,Positive,12-08-2025 14:45
SKU00404,CUST00907,2,Negative,29-07-2025 00:12
SKU00404,CUST00962,3,Negative,28-08-2025 20:28
SKU00404,CUST00772,1,Negative,28-09-2025 18:16
SKU00404,CUST00238,3,Negative,14-07-2025 16:33
SKU00404,CUST00099,2,Negative,23-08-2025 14:38
SKU00404,CUST00859,5,Positive,12-09-2025 06:57
SKU00404,CUST00173,1,Negative,28-08-2025 02:21
SKU00404,CUST00925,1,Negative,25-09-2025 11:21
SKU00404,CUST00553,5,Positive,16-09-2025 13:47
SKU00404,CUST00200,1,Negative,17-08-2025 09:58
SKU00404,CUST00853,1,Negative,05-08-2025 21:05
SKU00404,CUST00209,3,Negative,30-09-2025 10:34
SKU00405,CUST00750,4,Positive,20-08-2025 13:46
SKU00405,CUST00130,4,Positive,29-07-2025 15:15
SKU00405,CUST00941,1,Negative,08-09-2025 12:59
SKU00405,CUST00724,1,Negative,13-08-2025 03:32
SKU00405,CUST00911,4,Positive,17-08-2025 21:22
SKU00405,CUST00270,1,Negative,22-09-2025 22:26
SKU00405,CUST00141,3,Negative,10-09-2025 00:49
SKU00405,CUST00685,1,Negative,04-08-2025 08:13
SKU00405,CUST00823,1,Negative,11-09-2025 06:17
SKU00405,CUST00813,2,Negative,09-09-2025 14:52
SKU00405,CUST00077,3,Negative,16-07-2025 05:12
SKU00405,CUST00520,3,Negative,27-07-2025 19:22
SKU00405,CUST00465,5,Positive,04-09-2025 06:03
SKU00405,CUST00796,1,Negative,07-09-2025 14:59
SKU00405,CUST00705,3,Negative,25-09-2025 15:08
SKU00405,CUST00947,1,Negative,12-08-2025 01:50
SKU00405,CUST00103,5,Positive,31-07-2025 19:53
SKU00405,CUST00195,5,Positive,03-09-2025 04:32
SKU00406,CUST00972,1,Negative,24-07-2025 21:01
SKU00406,CUST00141,5,Positive,06-08-2025 12:37
SKU00406,CUST00894,2,Negative,04-09-2025 09:00
SKU00406,CUST00201,3,Negative,15-08-2025 15:26
SKU00406,CUST00156,4,Positive,18-09-2025 00:27
SKU00406,CUST00192,4,Positive,28-07-2025 10:30
SKU00407,CUST00204,1,Negative,20-08-2025 03:04
SKU00407,CUST00878,2,Negative,01-07-2025 07:27
SKU00407,CUST00445,1,Negative,17-08-2025 15:23
SKU00407,CUST00572,5,Positive,21-07-2025 05:56
SKU00407,CUST00728,2,Negative,04-07-2025 18:26
SKU00407,CUST00429,3,Negative,29-08-2025 13:16
SKU00407,CUST00390,5,Positive,23-07-2025 18:55
SKU00407,CUST00654,3,Negative,17-08-2025 00:20
SKU00407,CUST00544,2,Negative,24-09-2025 05:37
SKU00408,CUST00861,2,Negative,23-09-2025 22:59
SKU00408,CUST00300,4,Positive,17-08-2025 14:17
SKU00408,CUST00816,4,Positive,28-08-2025 01:04
SKU00408,CUST00366,5,Positive,16-08-2025 16:42
SKU00408,CUST00303,1,Negative,22-07-2025 06:08
SKU00408,CUST00116,3,Negative,10-08-2025 17:43
SKU00408,CUST00993,4,Positive,01-08-2025 14:13
SKU00408,CUST00254,4,Positive,12-07-2025 05:52
SKU00408,CUST00181,4,Positive,31-07-2025 23:06
SKU00408,CUST00677,1,Negative,03-08-2025 17:55
SKU00408,CUST00714,4,Positive,07-09-2025 10:20
SKU00408,CUST00132,4,Positive,20-09-2025 13:37
SKU00408,CUST00825,4,Positive,28-08-2025 08:34
SKU00408,CUST00422,2,Negative,03-07-2025 19:29
SKU00409,CUST00275,5,Positive,21-07-2025 21:14
SKU00409,CUST00912,4,Positive,06-07-2025 21:40
SKU00409,CUST00576,3,Negative,26-07-2025 09:35
SKU00409,CUST00692,3,Negative,09-08-2025 22:13
SKU00409,CUST00401,4,Positive,11-08-2025 06:47
SKU00409,CUST00409,3,Negative,27-09-2025 13:58
SKU00409,CUST00056,3,Negative,17-08-2025 03:18
SKU00409,CUST00746,2,Negative,02-08-2025 23:53
SKU00409,CUST00652,1,Negative,30-07-2025 22:52
SKU00409,CUST00459,4,Positive,22-07-2025 11:41
SKU00409,CUST00587,2,Negative,22-08-2025 01:00
SKU00409,CUST00212,1,Negative,29-08-2025 13:06
SKU00409,CUST00626,3,Negative,13-07-2025 13:05
SKU00409,CUST00620,5,Positive,02-07-2025 22:25
SKU00410,CUST00822,4,Positive,09-07-2025 18:18
SKU00410,CUST00800,3,Negative,27-09-2025 13:38
SKU00410,CUST00362,5,Positive,07-07-2025 03:53
SKU00410,CUST00671,1,Negative,20-08-2025 08:32
SKU00410,CUST00216,3,Negative,21-08-2025 23:44
SKU00411,CUST00161,5,Positive,08-08-2025 09:38
SKU00411,CUST00881,2,Negative,29-07-2025 04:11
SKU00411,CUST00821,2,Negative,27-09-2025 09:58
SKU00411,CUST00383,3,Negative,10-08-2025 03:16
SKU00411,CUST00221,5,Positive,10-09-2025 04:47
SKU00411,CUST00255,1,Negative,04-07-2025 12:03
SKU00411,CUST00866,1,Negative,12-09-2025 07:33
SKU00411,CUST00963,5,Positive,10-07-2025 22:53
SKU00411,CUST00514,4,Positive,15-09-2025 19:57
SKU00411,CUST00497,1,Negative,16-07-2025 05:42
SKU00411,CUST00290,3,Negative,03-07-2025 08:29
SKU00412,CUST00647,2,Negative,04-07-2025 06:42
SKU00412,CUST00279,1,Negative,17-09-2025 22:25
SKU00412,CUST00803,4,Positive,02-09-2025 14:54
SKU00412,CUST00411,2,Negative,18-09-2025 10:46
SKU00412,CUST00759,3,Negative,22-09-2025 16:34
SKU00412,CUST00087,1,Negative,08-07-2025 04:10
SKU00412,CUST00517,4,Positive,02-07-2025 22:57
SKU00412,CUST00016,5,Positive,28-08-2025 17:27
SKU00412,CUST00942,2,Negative,10-07-2025 06:39
SKU00412,CUST00754,5,Positive,15-09-2025 22:56
SKU00412,CUST00401,2,Negative,19-09-2025 17:28
SKU00412,CUST00621,3,Negative,15-09-2025 04:39
SKU00413,CUST00436,5,Positive,11-09-2025 04:26
SKU00413,CUST00024,3,Negative,27-07-2025 14:34
SKU00413,CUST00470,2,Negative,10-07-2025 16:16
SKU00413,CUST00271,5,Positive,15-08-2025 18:26
SKU00413,CUST00386,3,Negative,11-08-2025 16:53
SKU00413,CUST00096,2,Negative,09-08-2025 10:49
SKU00413,CUST00575,3,Negative,16-08-2025 22:17
SKU00413,CUST00292,5,Positive,19-08-2025 04:26
SKU00413,CUST00251,4,Positive,02-07-2025 16:06
SKU00413,CUST00509,4,Positive,06-08-2025 04:32
SKU00413,CUST00782,5,Positive,08-09-2025 09:05
SKU00413,CUST00111,4,Positive,22-07-2025 18:05
SKU00413,CUST00592,1,Negative,08-08-2025 13:53
SKU00413,CUST00790,2,Negative,13-08-2025 09:47
SKU00413,CUST00379,4,Positive,24-08-2025 16:14
SKU00414,CUST00659,3,Negative,02-08-2025 06:37
SKU00414,CUST00148,1,Negative,10-07-2025 06:16
SKU00414,CUST00575,2,Negative,21-07-2025 03:56
SKU00414,CUST00886,4,Positive,27-08-2025 14:44
SKU00414,CUST00256,1,Negative,14-07-2025 17:19
SKU00414,CUST00413,5,Positive,20-09-2025 08:50
SKU00414,CUST00485,5,Positive,09-09-2025 04:47
SKU00414,CUST00860,5,Positive,12-09-2025 20:17
SKU00415,CUST00061,4,Positive,25-07-2025 11:15
SKU00415,CUST00422,3,Negative,10-09-2025 21:30
SKU00415,CUST00346,2,Negative,04-07-2025 13:04
SKU00415,CUST00330,5,Positive,28-08-2025 03:08
SKU00415,CUST00417,1,Negative,27-07-2025 00:49
SKU00415,CUST00707,2,Negative,12-09-2025 07:21
SKU00415,CUST00576,4,Positive,22-08-2025 23:18
SKU00415,CUST00512,3,Negative,02-09-2025 07:17
SKU00415,CUST00242,3,Negative,14-08-2025 19:04
SKU00415,CUST00726,4,Positive,19-08-2025 22:42
SKU00415,CUST00569,1,Negative,28-09-2025 10:37
SKU00415,CUST00108,4,Positive,06-09-2025 21:23
SKU00416,CUST00385,2,Negative,12-09-2025 11:40
SKU00416,CUST00014,2,Negative,20-08-2025 11:32
SKU00416,CUST00767,1,Negative,17-07-2025 03:16
SKU00416,CUST00203,4,Positive,23-09-2025 10:39
SKU00416,CUST00996,1,Negative,04-07-2025 19:01
SKU00416,CUST00907,4,Positive,18-08-2025 01:51
SKU00416,CUST00175,5,Positive,17-08-2025 07:14
SKU00417,CUST00767,5,Positive,10-08-2025 14:21
SKU00417,CUST00409,1,Negative,29-07-2025 19:28
SKU00417,CUST00121,4,Positive,29-07-2025 13:35
SKU00417,CUST00738,3,Negative,20-08-2025 17:28
SKU00417,CUST00331,5,Positive,25-09-2025 08:47
SKU00417,CUST00381,5,Positive,02-09-2025 03:07
SKU00417,CUST00170,2,Negative,29-07-2025 04:12
SKU00417,CUST00536,2,Negative,16-09-2025 22:41
SKU00417,CUST00629,3,Negative,20-08-2025 10:14
SKU00418,CUST00484,4,Positive,21-07-2025 10:46
SKU00418,CUST00959,3,Negative,29-09-2025 00:15
SKU00418,CUST00765,2,Negative,16-07-2025 22:42
SKU00418,CUST00537,4,Positive,01-07-2025 22:53
SKU00418,CUST00326,4,Positive,18-07-2025 09:37
SKU00418,CUST00154,4,Positive,07-07-2025 12:13
SKU00418,CUST00006,3,Negative,07-09-2025 02:31
SKU00418,CUST00193,2,Negative,06-09-2025 09:14
SKU00418,CUST00097,5,Positive,14-08-2025 12:36
SKU00418,CUST00339,1,Negative,06-07-2025 22:23
SKU00418,CUST00640,4,Positive,27-08-2025 17:10
SKU00418,CUST00161,1,Negative,04-08-2025 00:36
SKU00418,CUST00652,5,Positive,24-09-2025 18:20
SKU00419,CUST00354,1,Negative,29-09-2025 02:06
SKU00419,CUST00198,3,Negative,28-07-2025 14:12
SKU00419,CUST00841,4,Positive,26-08-2025 17:54
SKU00419,CUST00747,3,Negative,05-08-2025 15:48
SKU00419,CUST00640,4,Positive,29-09-2025 17:05
SKU00419,CUST00261,5,Positive,22-08-2025 12:39
SKU00419,CUST00657,2,Negative,08-07-2025 12:31
SKU00419,CUST00607,2,Negative,10-07-2025 23:57
SKU00419,CUST00749,2,Negative,28-07-2025 04:24
SKU00419,CUST00183,3,Negative,24-08-2025 17:25
SKU00419,CUST00105,2,Negative,16-09-2025 08:52
SKU00419,CUST00535,5,Positive,01-09-2025 14:33
SKU00420,CUST00339,5,Positive,13-09-2025 22:50
SKU00420,CUST00874,5,Positive,28-08-2025 17:13
SKU00420,CUST00284,5,Positive,03-09-2025 21:42
SKU00420,CUST00932,4,Positive,21-07-2025 07:43
SKU00420,CUST00173,1,Negative,15-09-2025 01:22
SKU00420,CUST00238,2,Negative,09-07-2025 20:50
SKU00420,CUST00952,5,Positive,15-07-2025 05:21
SKU00420,CUST00147,2,Negative,16-08-2025 03:54
SKU00420,CUST00896,1,Negative,01-08-2025 09:25
SKU00420,CUST00080,1,Negative,14-07-2025 07:10
SKU00420,CUST00524,4,Positive,11-08-2025 07:16
SKU00420,CUST00681,4,Positive,01-08-2025 18:10
SKU00420,CUST00310,5,Positive,12-09-2025 18:56
SKU00420,CUST00121,2,Negative,24-08-2025 09:13
SKU00420,CUST00403,4,Positive,14-09-2025 03:21
SKU00420,CUST00395,4,Positive,04-08-2025 11:11
SKU00420,CUST00320,5,Positive,31-07-2025 18:35
SKU00421,CUST00905,5,Positive,20-09-2025 18:26
SKU00421,CUST00220,2,Negative,30-09-2025 19:09
SKU00421,CUST00649,3,Negative,08-09-2025 01:33
SKU00421,CUST00147,4,Positive,24-08-2025 10:01
SKU00421,CUST00453,4,Positive,06-09-2025 11:41
SKU00421,CUST00808,3,Negative,05-09-2025 13:01
SKU00421,CUST00124,5,Positive,26-09-2025 08:35
SKU00422,CUST00668,3,Negative,18-07-2025 06:47
SKU00422,CUST00026,3,Negative,22-09-2025 01:09
SKU00422,CUST00478,3,Negative,09-09-2025 17:30
SKU00422,CUST00435,2,Negative,29-08-2025 21:39
SKU00422,CUST00574,2,Negative,07-08-2025 03:11
SKU00422,CUST00384,2,Negative,29-09-2025 14:29
SKU00422,CUST00766,1,Negative,20-07-2025 00:19
SKU00422,CUST00453,3,Negative,21-08-2025 01:40
SKU00422,CUST00200,1,Negative,26-08-2025 21:55
SKU00422,CUST00318,3,Negative,10-07-2025 03:17
SKU00422,CUST00933,3,Negative,27-09-2025 21:59
SKU00422,CUST00260,5,Positive,28-09-2025 11:23
SKU00422,CUST00014,5,Positive,27-07-2025 12:12
SKU00422,CUST00035,3,Negative,01-09-2025 07:12
SKU00422,CUST00491,4,Positive,05-07-2025 06:20
SKU00422,CUST00713,3,Negative,27-07-2025 14:52
SKU00422,CUST00641,1,Negative,25-08-2025 13:16
SKU00422,CUST00844,1,Negative,22-09-2025 19:22
SKU00423,CUST00623,4,Positive,17-08-2025 14:28
SKU00423,CUST00178,4,Positive,11-09-2025 19:28
SKU00423,CUST00896,5,Positive,17-09-2025 09:26
SKU00423,CUST00107,1,Negative,05-08-2025 21:04
SKU00423,CUST00030,5,Positive,25-09-2025 19:47
SKU00423,CUST00731,2,Negative,07-09-2025 12:15
SKU00423,CUST00754,2,Negative,23-09-2025 13:22
SKU00423,CUST00872,2,Negative,09-07-2025 00:59
SKU00423,CUST00430,1,Negative,06-07-2025 10:36
SKU00423,CUST00455,1,Negative,31-07-2025 12:13
SKU00423,CUST00100,5,Positive,27-07-2025 22:34
SKU00423,CUST00874,2,Negative,02-09-2025 14:30
SKU00423,CUST00629,1,Negative,02-08-2025 07:09
SKU00423,CUST00858,3,Negative,26-09-2025 03:52
SKU00423,CUST00727,2,Negative,26-09-2025 22:29
SKU00423,CUST00601,3,Negative,20-08-2025 03:09
SKU00423,CUST00015,4,Positive,10-08-2025 10:13
SKU00423,CUST00858,1,Negative,07-07-2025 07:21
SKU00423,CUST00198,5,Positive,15-07-2025 07:43
SKU00423,CUST00747,3,Negative,09-07-2025 03:39
SKU00424,CUST00455,1,Negative,27-07-2025 18:01
SKU00424,CUST00624,2,Negative,05-09-2025 20:49
SKU00424,CUST00518,4,Positive,17-07-2025 19:02
SKU00424,CUST00651,1,Negative,31-07-2025 05:03
SKU00424,CUST00281,5,Positive,04-08-2025 01:09
SKU00424,CUST00121,3,Negative,15-08-2025 06:26
SKU00424,CUST00582,1,Negative,24-08-2025 23:18
SKU00424,CUST00953,4,Positive,09-07-2025 13:25
SKU00424,CUST00120,1,Negative,18-07-2025 17:15
SKU00424,CUST00748,1,Negative,19-07-2025 00:36
SKU00425,CUST00606,1,Negative,13-09-2025 10:35
SKU00425,CUST00174,1,Negative,22-07-2025 02:52
SKU00425,CUST00654,3,Negative,14-08-2025 16:41
SKU00425,CUST00084,2,Negative,30-07-2025 21:11
SKU00425,CUST00858,2,Negative,11-09-2025 13:35
SKU00425,CUST00774,2,Negative,31-07-2025 03:29
SKU00425,CUST00055,4,Positive,07-09-2025 12:53
SKU00425,CUST00294,2,Negative,28-07-2025 02:01
SKU00425,CUST00144,5,Positive,31-07-2025 15:15
SKU00425,CUST00424,2,Negative,20-09-2025 02:19
SKU00425,CUST00193,3,Negative,24-09-2025 18:51
SKU00425,CUST00205,2,Negative,29-07-2025 15:14
SKU00425,CUST00266,4,Positive,26-07-2025 16:26
SKU00425,CUST00095,4,Positive,04-08-2025 11:34
SKU00425,CUST00593,3,Negative,03-08-2025 20:54
SKU00426,CUST00850,2,Negative,04-07-2025 13:35
SKU00426,CUST00973,5,Positive,07-08-2025 10:42
SKU00426,CUST00160,5,Positive,25-08-2025 05:11
SKU00426,CUST00216,4,Positive,03-08-2025 16:23
SKU00426,CUST00662,3,Negative,21-07-2025 03:23
SKU00426,CUST00351,5,Positive,23-08-2025 13:20
SKU00426,CUST00850,3,Negative,09-07-2025 19:28
SKU00426,CUST00526,2,Negative,26-07-2025 01:40
SKU00426,CUST00224,4,Positive,26-07-2025 07:48
SKU00426,CUST00033,1,Negative,20-08-2025 04:46
SKU00426,CUST00675,2,Negative,16-08-2025 03:19
SKU00426,CUST00144,4,Positive,26-08-2025 23:23
SKU00426,CUST00331,3,Negative,24-08-2025 17:40
SKU00426,CUST00387,5,Positive,26-09-2025 12:07
SKU00426,CUST00035,3,Negative,07-09-2025 02:07
SKU00426,CUST00108,3,Negative,23-09-2025 09:41
SKU00426,CUST00923,1,Negative,16-07-2025 09:54
SKU00426,CUST00432,4,Positive,02-08-2025 11:56
SKU00426,CUST00345,1,Negative,19-07-2025 04:00
SKU00427,CUST00314,2,Negative,15-08-2025 07:49
SKU00427,CUST00560,2,Negative,12-09-2025 00:23
SKU00427,CUST00023,4,Positive,17-09-2025 13:37
SKU00427,CUST00632,4,Positive,27-08-2025 15:07
SKU00427,CUST00590,4,Positive,09-09-2025 23:14
SKU00427,CUST00409,4,Positive,19-09-2025 23:35
SKU00427,CUST00250,3,Negative,09-09-2025 05:34
SKU00427,CUST00383,5,Positive,02-08-2025 19:18
SKU00427,CUST00495,4,Positive,30-07-2025 03:27
SKU00427,CUST00042,2,Negative,13-09-2025 02:19
SKU00427,CUST00958,5,Positive,11-07-2025 11:19
SKU00427,CUST00432,4,Positive,14-09-2025 03:43
SKU00427,CUST00276,5,Positive,08-08-2025 21:48
SKU00427,CUST00608,1,Negative,16-07-2025 22:12
SKU00427,CUST00525,2,Negative,28-09-2025 13:14
SKU00427,CUST00308,5,Positive,06-09-2025 17:35
SKU00428,CUST00975,5,Positive,11-09-2025 23:56
SKU00428,CUST00143,2,Negative,03-09-2025 09:50
SKU00428,CUST00342,1,Negative,09-07-2025 18:38
SKU00428,CUST00317,2,Negative,16-09-2025 19:36
SKU00428,CUST00355,4,Positive,08-08-2025 10:43
SKU00428,CUST00170,4,Positive,01-07-2025 01:57
SKU00428,CUST00675,2,Negative,20-07-2025 10:58
SKU00428,CUST00905,2,Negative,30-07-2025 06:02
SKU00428,CUST00315,1,Negative,18-07-2025 22:08
SKU00428,CUST00242,2,Negative,12-08-2025 09:13
SKU00428,CUST00093,2,Negative,15-07-2025 23:10
SKU00429,CUST00006,4,Positive,16-07-2025 11:15
SKU00429,CUST00353,1,Negative,15-08-2025 17:02
SKU00429,CUST00564,4,Positive,06-09-2025 20:16
SKU00429,CUST00218,4,Positive,03-09-2025 21:34
SKU00429,CUST00386,4,Positive,07-09-2025 13:37
SKU00429,CUST00249,1,Negative,07-08-2025 15:06
SKU00429,CUST00132,3,Negative,13-09-2025 02:01
SKU00429,CUST00958,2,Negative,08-08-2025 19:47
SKU00429,CUST00792,3,Negative,26-09-2025 04:32
SKU00429,CUST00290,4,Positive,27-08-2025 22:58
SKU00429,CUST00404,5,Positive,07-07-2025 22:58
SKU00429,CUST00356,4,Positive,04-09-2025 00:55
SKU00429,CUST00759,5,Positive,03-07-2025 14:40
SKU00429,CUST00228,5,Positive,18-07-2025 07:08
SKU00429,CUST00787,2,Negative,05-08-2025 20:08
SKU00429,CUST00371,3,Negative,18-08-2025 16:28
SKU00430,CUST00626,5,Positive,11-09-2025 23:33
SKU00430,CUST00408,1,Negative,01-09-2025 16:18
SKU00430,CUST00236,2,Negative,18-08-2025 12:58
SKU00430,CUST00193,1,Negative,21-07-2025 12:12
SKU00430,CUST00310,4,Positive,10-07-2025 00:21
SKU00431,CUST00394,2,Negative,11-08-2025 07:58
SKU00431,CUST00155,3,Negative,31-07-2025 04:53
SKU00431,CUST00397,4,Positive,04-07-2025 09:09
SKU00431,CUST00268,4,Positive,18-07-2025 10:18
SKU00431,CUST00168,4,Positive,05-09-2025 05:58
SKU00431,CUST00530,1,Negative,15-08-2025 03:20
SKU00431,CUST00826,1,Negative,03-08-2025 14:54
SKU00431,CUST00703,1,Negative,02-09-2025 16:17
SKU00431,CUST00884,4,Positive,17-09-2025 00:24
SKU00431,CUST00827,1,Negative,16-07-2025 14:53
SKU00431,CUST00327,2,Negative,25-08-2025 19:06
SKU00431,CUST00520,4,Positive,05-09-2025 15:11
SKU00431,CUST00466,1,Negative,17-08-2025 04:47
SKU00431,CUST00670,4,Positive,11-08-2025 00:23
SKU00431,CUST00790,1,Negative,30-07-2025 09:56
SKU00432,CUST00265,1,Negative,28-08-2025 14:34
SKU00432,CUST00827,4,Positive,18-08-2025 17:53
SKU00432,CUST00382,4,Positive,08-09-2025 03:08
SKU00432,CUST00344,5,Positive,05-08-2025 10:11
SKU00432,CUST00115,2,Negative,11-08-2025 04:08
SKU00432,CUST00545,4,Positive,23-09-2025 11:58
SKU00432,CUST00691,1,Negative,15-07-2025 14:25
SKU00432,CUST00008,3,Negative,29-09-2025 16:47
SKU00432,CUST00725,5,Positive,26-07-2025 00:48
SKU00432,CUST00203,5,Positive,17-09-2025 22:02
SKU00432,CUST00630,4,Positive,12-08-2025 05:21
SKU00432,CUST00050,4,Positive,28-07-2025 08:26
SKU00432,CUST00041,1,Negative,23-09-2025 06:20
SKU00432,CUST00502,4,Positive,05-08-2025 15:24
SKU00432,CUST00052,5,Positive,05-09-2025 15:23
SKU00432,CUST00379,3,Negative,11-08-2025 07:57
SKU00432,CUST00346,3,Negative,13-09-2025 10:51
SKU00432,CUST00839,1,Negative,22-08-2025 16:41
SKU00433,CUST00184,3,Negative,04-08-2025 15:36
SKU00433,CUST00428,1,Negative,13-08-2025 09:02
SKU00433,CUST00333,3,Negative,31-08-2025 17:56
SKU00433,CUST00037,5,Positive,11-07-2025 20:14
SKU00433,CUST00366,1,Negative,21-08-2025 13:56
SKU00433,CUST00757,4,Positive,25-07-2025 03:20
SKU00433,CUST00180,1,Negative,21-08-2025 22:36
SKU00433,CUST00097,2,Negative,09-09-2025 13:32
SKU00433,CUST00149,4,Positive,11-08-2025 20:32
SKU00433,CUST00915,3,Negative,03-08-2025 12:48
SKU00433,CUST00996,4,Positive,05-09-2025 21:28
SKU00433,CUST00633,2,Negative,28-09-2025 04:54
SKU00433,CUST00846,5,Positive,25-08-2025 06:01
SKU00434,CUST00042,1,Negative,01-08-2025 17:00
SKU00434,CUST00382,1,Negative,15-07-2025 05:57
SKU00434,CUST00624,1,Negative,07-08-2025 01:55
SKU00434,CUST00525,1,Negative,02-08-2025 19:04
SKU00434,CUST00950,3,Negative,11-08-2025 00:33
SKU00434,CUST00411,1,Negative,18-07-2025 20:35
SKU00434,CUST00974,3,Negative,09-09-2025 01:26
SKU00434,CUST00669,1,Negative,20-09-2025 06:00
SKU00434,CUST00935,4,Positive,12-07-2025 07:17
SKU00434,CUST00813,2,Negative,25-08-2025 10:16
SKU00434,CUST00268,3,Negative,29-08-2025 18:24
SKU00434,CUST00527,5,Positive,21-09-2025 22:31
SKU00434,CUST00813,2,Negative,06-09-2025 09:44
SKU00434,CUST00819,1,Negative,06-08-2025 08:02
SKU00434,CUST00588,4,Positive,21-07-2025 21:28
SKU00434,CUST00779,4,Positive,27-07-2025 16:17
SKU00434,CUST00765,2,Negative,27-07-2025 21:06
SKU00434,CUST00514,1,Negative,28-08-2025 16:52
SKU00434,CUST00409,2,Negative,04-09-2025 20:20
SKU00435,CUST00280,1,Negative,09-08-2025 12:48
SKU00435,CUST00213,1,Negative,14-09-2025 22:18
SKU00435,CUST00425,2,Negative,27-07-2025 16:15
SKU00435,CUST00274,4,Positive,28-08-2025 03:57
SKU00435,CUST00810,3,Negative,10-07-2025 10:22
SKU00435,CUST00227,2,Negative,02-07-2025 18:06
SKU00435,CUST00727,3,Negative,22-07-2025 11:06
SKU00435,CUST00066,5,Positive,28-07-2025 22:41
SKU00435,CUST00746,5,Positive,19-09-2025 06:59
SKU00435,CUST00472,5,Positive,10-08-2025 20:27
SKU00435,CUST00651,5,Positive,01-08-2025 22:02
SKU00435,CUST00555,4,Positive,16-08-2025 04:14
SKU00435,CUST00953,5,Positive,02-07-2025 05:17
SKU00435,CUST00352,3,Negative,01-08-2025 00:49
SKU00436,CUST00843,4,Positive,15-07-2025 17:40
SKU00436,CUST00474,4,Positive,21-07-2025 10:49
SKU00436,CUST00546,2,Negative,04-09-2025 08:10
SKU00436,CUST00400,3,Negative,09-08-2025 02:54
SKU00436,CUST00034,5,Positive,08-07-2025 15:10
SKU00436,CUST00647,4,Positive,24-08-2025 11:59
SKU00436,CUST00354,1,Negative,21-07-2025 03:37
SKU00436,CUST00766,5,Positive,05-08-2025 20:16
SKU00436,CUST00312,3,Negative,11-09-2025 21:37
SKU00436,CUST00323,4,Positive,04-09-2025 11:42
SKU00436,CUST00479,1,Negative,16-07-2025 03:16
SKU00436,CUST00640,5,Positive,17-07-2025 04:31
SKU00436,CUST00640,3,Negative,24-08-2025 20:17
SKU00436,CUST00442,4,Positive,13-09-2025 06:26
SKU00436,CUST00024,3,Negative,24-08-2025 00:35
SKU00436,CUST00762,4,Positive,23-07-2025 18:56
SKU00437,CUST00944,5,Positive,13-07-2025 18:52
SKU00437,CUST00388,5,Positive,21-09-2025 11:52
SKU00437,CUST00127,1,Negative,08-08-2025 10:09
SKU00437,CUST00224,2,Negative,11-07-2025 17:47
SKU00437,CUST00585,3,Negative,18-07-2025 08:13
SKU00437,CUST00886,2,Negative,13-09-2025 10:56
SKU00437,CUST00797,4,Positive,23-08-2025 09:45
SKU00437,CUST00419,3,Negative,11-09-2025 22:36
SKU00437,CUST00223,4,Positive,26-09-2025 10:13
SKU00437,CUST00614,3,Negative,01-08-2025 00:15
SKU00437,CUST00789,3,Negative,31-08-2025 04:38
SKU00437,CUST00109,3,Negative,18-08-2025 18:27
SKU00437,CUST00549,5,Positive,08-08-2025 01:49
SKU00437,CUST00231,4,Positive,18-08-2025 01:02
SKU00437,CUST00775,4,Positive,28-07-2025 19:05
SKU00437,CUST00846,4,Positive,16-07-2025 05:45
SKU00437,CUST00947,2,Negative,08-08-2025 20:11
SKU00438,CUST00004,5,Positive,19-09-2025 13:43
SKU00438,CUST00343,4,Positive,02-09-2025 17:02
SKU00438,CUST00177,1,Negative,07-08-2025 05:16
SKU00438,CUST00595,4,Positive,10-08-2025 14:38
SKU00438,CUST00421,2,Negative,31-08-2025 18:57
SKU00438,CUST00030,5,Positive,22-07-2025 18:24
SKU00438,CUST00142,5,Positive,30-08-2025 04:31
SKU00438,CUST00516,1,Negative,28-08-2025 05:05
SKU00438,CUST00585,4,Positive,30-09-2025 19:08
SKU00438,CUST00024,3,Negative,29-08-2025 04:57
SKU00438,CUST00256,2,Negative,25-08-2025 06:34
SKU00438,CUST00641,4,Positive,05-09-2025 10:40
SKU00438,CUST00094,3,Negative,03-07-2025 04:56
SKU00438,CUST00761,5,Positive,24-09-2025 18:43
SKU00439,CUST00566,5,Positive,22-09-2025 19:57
SKU00439,CUST00198,2,Negative,14-08-2025 10:40
SKU00439,CUST00378,2,Negative,18-07-2025 00:16
SKU00439,CUST00484,2,Negative,01-08-2025 08:00
SKU00439,CUST00136,3,Negative,07-07-2025 07:01
SKU00439,CUST00916,1,Negative,21-07-2025 02:21
SKU00439,CUST00592,4,Positive,14-08-2025 13:59
SKU00439,CUST00251,5,Positive,13-08-2025 01:47
SKU00439,CUST00248,2,Negative,14-08-2025 19:09
SKU00439,CUST00513,1,Negative,17-09-2025 00:43
SKU00439,CUST00619,3,Negative,23-09-2025 16:06
SKU00439,CUST00943,2,Negative,24-07-2025 18:34
SKU00439,CUST00474,1,Negative,01-07-2025 16:02
SKU00439,CUST00767,1,Negative,05-09-2025 05:13
SKU00439,CUST00694,4,Positive,23-09-2025 04:24
SKU00439,CUST00533,4,Positive,22-09-2025 16:59
SKU00439,CUST00395,1,Negative,15-09-2025 00:37
SKU00440,CUST00981,3,Negative,24-09-2025 18:22
SKU00440,CUST00734,5,Positive,12-07-2025 17:54
SKU00440,CUST00733,5,Positive,01-09-2025 19:49
SKU00440,CUST00547,1,Negative,12-08-2025 13:49
SKU00440,CUST00493,1,Negative,29-07-2025 10:39
SKU00440,CUST00832,4,Positive,19-09-2025 10:05
SKU00440,CUST00843,1,Negative,05-08-2025 06:43
SKU00440,CUST00410,5,Positive,31-08-2025 02:18
SKU00440,CUST00666,4,Positive,11-08-2025 14:41
SKU00440,CUST00807,1,Negative,11-07-2025 01:27
SKU00440,CUST00150,3,Negative,12-09-2025 14:07
SKU00440,CUST00846,5,Positive,12-09-2025 03:57
SKU00440,CUST00811,1,Negative,09-09-2025 02:22
SKU00440,CUST00174,3,Negative,10-08-2025 02:06
SKU00440,CUST00673,3,Negative,14-07-2025 18:46
SKU00440,CUST00935,2,Negative,16-09-2025 05:46
SKU00440,CUST00495,2,Negative,26-07-2025 16:20
SKU00440,CUST00100,3,Negative,01-09-2025 08:03
SKU00441,CUST00470,4,Positive,12-09-2025 01:27
SKU00441,CUST00251,3,Negative,03-08-2025 05:56
SKU00441,CUST00303,4,Positive,02-08-2025 02:29
SKU00441,CUST00807,4,Positive,06-09-2025 22:05
SKU00441,CUST00265,5,Positive,27-07-2025 17:29
SKU00441,CUST00609,1,Negative,12-09-2025 22:00
SKU00441,CUST00144,2,Negative,20-08-2025 15:50
SKU00442,CUST00027,2,Negative,24-09-2025 10:56
SKU00442,CUST00380,5,Positive,05-08-2025 05:12
SKU00442,CUST00731,3,Negative,30-07-2025 18:34
SKU00442,CUST00968,2,Negative,25-08-2025 02:41
SKU00442,CUST00650,3,Negative,16-08-2025 03:29
SKU00442,CUST00731,4,Positive,04-09-2025 08:51
SKU00442,CUST00302,2,Negative,11-09-2025 05:01
SKU00442,CUST00825,2,Negative,15-07-2025 05:25
SKU00442,CUST00623,3,Negative,22-09-2025 09:57
SKU00442,CUST00394,3,Negative,31-08-2025 19:45
SKU00442,CUST00234,1,Negative,21-09-2025 14:47
SKU00442,CUST00217,5,Positive,30-07-2025 09:56
SKU00442,CUST00152,5,Positive,02-07-2025 04:07
SKU00442,CUST00266,3,Negative,09-09-2025 00:22
SKU00443,CUST00489,5,Positive,26-09-2025 09:09
SKU00443,CUST00175,3,Negative,01-09-2025 12:16
SKU00443,CUST00160,5,Positive,21-09-2025 18:43
SKU00443,CUST00514,3,Negative,20-08-2025 19:27
SKU00443,CUST00384,4,Positive,23-09-2025 00:32
SKU00443,CUST00949,4,Positive,01-09-2025 22:49
SKU00443,CUST00174,5,Positive,16-08-2025 19:15
SKU00443,CUST00180,4,Positive,26-09-2025 02:28
SKU00443,CUST00389,1,Negative,03-09-2025 22:17
SKU00443,CUST00970,1,Negative,03-08-2025 05:46
SKU00443,CUST00231,3,Negative,21-07-2025 01:00
SKU00443,CUST00230,2,Negative,28-07-2025 00:31
SKU00443,CUST00624,1,Negative,02-09-2025 02:36
SKU00443,CUST00202,3,Negative,18-08-2025 10:15
SKU00443,CUST00471,5,Positive,27-09-2025 14:45
SKU00443,CUST00654,1,Negative,20-09-2025 13:17
SKU00443,CUST00765,5,Positive,26-09-2025 04:48
SKU00444,CUST00760,2,Negative,05-08-2025 07:09
SKU00444,CUST00681,1,Negative,08-08-2025 16:33
SKU00444,CUST00642,1,Negative,01-08-2025 23:49
SKU00444,CUST00520,1,Negative,27-07-2025 08:34
SKU00444,CUST00567,5,Positive,21-09-2025 04:44
SKU00444,CUST00760,5,Positive,23-09-2025 17:20
SKU00444,CUST00082,1,Negative,13-08-2025 08:43
SKU00444,CUST00581,5,Positive,25-07-2025 01:48
SKU00444,CUST00251,3,Negative,16-09-2025 09:46
SKU00444,CUST00758,2,Negative,05-09-2025 23:06
SKU00444,CUST00959,2,Negative,23-07-2025 04:04
SKU00444,CUST00707,4,Positive,18-07-2025 05:26
SKU00445,CUST00624,3,Negative,23-08-2025 14:11
SKU00445,CUST00285,1,Negative,11-09-2025 03:34
SKU00445,CUST00195,1,Negative,26-09-2025 23:27
SKU00445,CUST00925,2,Negative,20-08-2025 17:38
SKU00445,CUST00311,1,Negative,21-07-2025 04:03
SKU00445,CUST00234,2,Negative,26-08-2025 20:43
SKU00446,CUST00476,1,Negative,22-08-2025 03:08
SKU00446,CUST00903,1,Negative,31-07-2025 22:59
SKU00446,CUST00809,1,Negative,20-07-2025 01:42
SKU00446,CUST00490,1,Negative,12-08-2025 21:41
SKU00446,CUST00086,4,Positive,20-07-2025 03:57
SKU00446,CUST00103,5,Positive,27-08-2025 05:20
SKU00446,CUST00221,5,Positive,17-08-2025 07:19
SKU00446,CUST00308,5,Positive,01-07-2025 22:22
SKU00446,CUST00596,4,Positive,22-09-2025 14:35
SKU00446,CUST00927,1,Negative,08-09-2025 21:40
SKU00446,CUST00908,4,Positive,14-09-2025 11:27
SKU00446,CUST00659,2,Negative,27-08-2025 04:19
SKU00446,CUST00826,5,Positive,12-09-2025 08:32
SKU00446,CUST00468,1,Negative,25-07-2025 10:36
SKU00446,CUST00773,4,Positive,28-08-2025 09:15
SKU00446,CUST00278,4,Positive,31-08-2025 06:38
SKU00446,CUST00181,3,Negative,19-08-2025 06:04
SKU00446,CUST00495,5,Positive,28-07-2025 13:11
SKU00446,CUST00975,3,Negative,26-07-2025 15:37
SKU00446,CUST00889,5,Positive,25-07-2025 04:15
SKU00447,CUST00282,5,Positive,18-08-2025 20:13
SKU00447,CUST00317,4,Positive,11-07-2025 19:44
SKU00447,CUST00775,2,Negative,17-08-2025 08:08
SKU00447,CUST00007,3,Negative,25-09-2025 17:41
SKU00447,CUST00998,5,Positive,15-08-2025 16:21
SKU00447,CUST00508,2,Negative,18-07-2025 08:37
SKU00447,CUST00068,4,Positive,04-09-2025 08:08
SKU00447,CUST00312,1,Negative,28-09-2025 20:05
SKU00447,CUST00883,4,Positive,03-08-2025 05:55
SKU00447,CUST00654,5,Positive,18-09-2025 20:41
SKU00447,CUST00188,2,Negative,14-09-2025 14:42
SKU00447,CUST00112,2,Negative,21-07-2025 16:49
SKU00447,CUST00315,5,Positive,30-07-2025 15:35
SKU00447,CUST00328,5,Positive,15-08-2025 19:32
SKU00447,CUST00106,3,Negative,29-09-2025 01:21
SKU00448,CUST00585,2,Negative,01-08-2025 10:25
SKU00448,CUST00161,2,Negative,13-09-2025 09:50
SKU00448,CUST00406,2,Negative,21-09-2025 18:08
SKU00448,CUST00162,5,Positive,03-09-2025 07:56
SKU00448,CUST00161,3,Negative,20-08-2025 03:27
SKU00448,CUST00486,5,Positive,15-09-2025 13:55
SKU00448,CUST00427,3,Negative,23-07-2025 04:57
SKU00448,CUST00956,3,Negative,15-08-2025 19:47
SKU00448,CUST00957,3,Negative,06-08-2025 00:00
SKU00448,CUST00149,3,Negative,02-08-2025 09:37
SKU00448,CUST00745,3,Negative,19-09-2025 12:14
SKU00449,CUST00461,3,Negative,11-08-2025 07:00
SKU00449,CUST00577,4,Positive,13-09-2025 01:12
SKU00449,CUST00428,1,Negative,13-09-2025 00:06
SKU00449,CUST00963,4,Positive,06-07-2025 08:52
SKU00449,CUST00992,4,Positive,04-08-2025 07:58
SKU00449,CUST00662,2,Negative,14-08-2025 08:37
SKU00449,CUST00786,3,Negative,02-07-2025 21:23
SKU00449,CUST00839,2,Negative,21-07-2025 06:05
SKU00449,CUST00678,3,Negative,29-07-2025 14:55
SKU00449,CUST00853,3,Negative,03-07-2025 07:10
SKU00449,CUST00330,4,Positive,15-09-2025 18:58
SKU00449,CUST00392,3,Negative,24-08-2025 04:23
SKU00449,CUST00574,2,Negative,16-09-2025 10:15
SKU00449,CUST00221,5,Positive,18-08-2025 19:56
SKU00449,CUST00451,3,Negative,11-07-2025 08:56
SKU00450,CUST00249,2,Negative,01-08-2025 14:25
SKU00450,CUST00741,4,Positive,30-09-2025 09:50
SKU00450,CUST00739,5,Positive,15-08-2025 14:52
SKU00450,CUST00975,1,Negative,14-09-2025 20:23
SKU00450,CUST00676,4,Positive,05-09-2025 18:41
SKU00450,CUST00983,4,Positive,25-07-2025 06:11
SKU00450,CUST00287,5,Positive,26-08-2025 21:44
SKU00451,CUST00061,1,Negative,06-07-2025 10:45
SKU00451,CUST00655,3,Negative,27-07-2025 19:14
SKU00451,CUST00551,3,Negative,12-08-2025 12:54
SKU00451,CUST00946,3,Negative,11-07-2025 18:43
SKU00451,CUST00484,2,Negative,24-09-2025 12:31
SKU00451,CUST00768,1,Negative,01-08-2025 12:14
SKU00451,CUST00794,4,Positive,19-09-2025 00:46
SKU00451,CUST00156,2,Negative,27-08-2025 06:21
SKU00451,CUST00307,5,Positive,20-07-2025 10:01
SKU00451,CUST00576,1,Negative,12-08-2025 13:13
SKU00451,CUST00252,3,Negative,25-08-2025 14:33
SKU00451,CUST00560,3,Negative,24-08-2025 01:08
SKU00451,CUST00544,3,Negative,05-09-2025 22:48
SKU00451,CUST00023,2,Negative,13-09-2025 23:07
SKU00451,CUST00789,1,Negative,23-09-2025 12:56
SKU00451,CUST00805,3,Negative,21-09-2025 20:38
SKU00451,CUST00370,4,Positive,11-09-2025 13:16
SKU00452,CUST00189,3,Negative,15-08-2025 11:16
SKU00452,CUST00234,4,Positive,05-08-2025 03:59
SKU00452,CUST00342,2,Negative,04-09-2025 19:04
SKU00452,CUST00995,3,Negative,25-07-2025 19:01
SKU00452,CUST00619,1,Negative,14-07-2025 14:51
SKU00452,CUST00123,4,Positive,11-08-2025 11:45
SKU00452,CUST00406,4,Positive,16-09-2025 11:42
SKU00452,CUST00050,5,Positive,06-07-2025 20:28
SKU00452,CUST00935,5,Positive,06-08-2025 06:15
SKU00452,CUST00017,5,Positive,12-08-2025 10:45
SKU00452,CUST00033,5,Positive,23-09-2025 18:25
SKU00453,CUST00810,5,Positive,17-08-2025 18:27
SKU00453,CUST00290,5,Positive,02-08-2025 09:41
SKU00453,CUST00650,1,Negative,10-09-2025 07:21
SKU00453,CUST00078,5,Positive,09-07-2025 22:42
SKU00453,CUST00998,5,Positive,14-09-2025 18:54
SKU00453,CUST00116,5,Positive,16-07-2025 08:41
SKU00453,CUST00818,5,Positive,21-09-2025 04:01
SKU00453,CUST00872,1,Negative,25-08-2025 17:20
SKU00453,CUST00945,4,Positive,29-08-2025 05:28
SKU00453,CUST00666,2,Negative,12-09-2025 00:04
SKU00453,CUST00075,4,Positive,18-09-2025 09:30
SKU00453,CUST00284,4,Positive,13-08-2025 19:34
SKU00453,CUST00911,2,Negative,02-09-2025 03:38
SKU00453,CUST00339,1,Negative,18-07-2025 15:19
SKU00453,CUST00664,5,Positive,02-08-2025 23:48
SKU00454,CUST00541,4,Positive,25-09-2025 08:26
SKU00454,CUST00022,4,Positive,25-08-2025 19:14
SKU00454,CUST00301,1,Negative,30-08-2025 13:18
SKU00454,CUST00849,4,Positive,02-07-2025 19:58
SKU00454,CUST00009,2,Negative,01-08-2025 07:12
SKU00454,CUST00438,2,Negative,26-07-2025 03:10
SKU00454,CUST00877,2,Negative,26-08-2025 17:41
SKU00454,CUST00691,3,Negative,21-08-2025 16:29
SKU00454,CUST00469,2,Negative,13-09-2025 18:03
SKU00454,CUST00842,5,Positive,28-09-2025 20:14
SKU00454,CUST00364,5,Positive,15-07-2025 19:35
SKU00454,CUST00194,2,Negative,21-07-2025 00:21
SKU00454,CUST00316,2,Negative,10-07-2025 19:06
SKU00454,CUST00027,5,Positive,28-08-2025 10:34
SKU00454,CUST00968,1,Negative,14-09-2025 16:16
SKU00454,CUST00131,5,Positive,03-08-2025 20:06
SKU00454,CUST00978,1,Negative,01-08-2025 19:02
SKU00454,CUST00892,3,Negative,29-09-2025 03:28
SKU00454,CUST00236,2,Negative,20-07-2025 13:59
SKU00455,CUST00168,4,Positive,27-07-2025 07:39
SKU00455,CUST00239,2,Negative,13-09-2025 23:41
SKU00455,CUST00364,1,Negative,14-07-2025 07:57
SKU00455,CUST00899,4,Positive,12-07-2025 22:52
SKU00455,CUST00855,4,Positive,03-07-2025 11:14
SKU00455,CUST00455,2,Negative,06-08-2025 22:26
SKU00455,CUST00051,4,Positive,12-08-2025 13:53
SKU00455,CUST00409,2,Negative,20-07-2025 23:09
SKU00455,CUST00790,4,Positive,27-08-2025 07:18
SKU00455,CUST00835,1,Negative,10-07-2025 00:21
SKU00455,CUST00993,2,Negative,19-08-2025 04:42
SKU00455,CUST00936,5,Positive,09-09-2025 08:15
SKU00455,CUST00529,1,Negative,16-07-2025 19:32
SKU00455,CUST00775,2,Negative,12-07-2025 16:27
SKU00456,CUST00759,5,Positive,04-08-2025 19:06
SKU00456,CUST00768,3,Negative,10-08-2025 07:19
SKU00456,CUST00196,2,Negative,09-07-2025 19:33
SKU00456,CUST00819,5,Positive,04-08-2025 22:31
SKU00456,CUST00490,3,Negative,19-08-2025 09:26
SKU00456,CUST00115,4,Positive,02-07-2025 13:37
SKU00456,CUST00008,4,Positive,17-09-2025 00:05
SKU00456,CUST00431,4,Positive,22-09-2025 06:06
SKU00456,CUST00103,3,Negative,04-08-2025 23:46
SKU00456,CUST00969,3,Negative,20-09-2025 05:16
SKU00456,CUST00067,4,Positive,30-09-2025 20:12
SKU00456,CUST00869,3,Negative,23-07-2025 06:26
SKU00456,CUST00719,1,Negative,02-09-2025 03:37
SKU00456,CUST00660,4,Positive,24-09-2025 01:05
SKU00456,CUST00483,1,Negative,27-07-2025 16:08
SKU00456,CUST00748,3,Negative,05-07-2025 09:43
SKU00456,CUST00145,2,Negative,18-07-2025 05:16
SKU00456,CUST00579,1,Negative,13-07-2025 10:08
SKU00456,CUST00532,2,Negative,14-07-2025 14:44
SKU00456,CUST00712,4,Positive,13-09-2025 00:15
SKU00457,CUST00063,5,Positive,16-09-2025 21:40
SKU00457,CUST00215,3,Negative,06-08-2025 02:07
SKU00457,CUST00633,4,Positive,18-09-2025 22:18
SKU00457,CUST00162,4,Positive,17-07-2025 17:46
SKU00457,CUST00179,5,Positive,15-07-2025 16:44
SKU00457,CUST00760,2,Negative,05-08-2025 10:40
SKU00458,CUST00806,2,Negative,03-07-2025 21:51
SKU00458,CUST00510,2,Negative,30-07-2025 17:10
SKU00458,CUST00414,3,Negative,27-09-2025 06:04
SKU00458,CUST00862,3,Negative,30-08-2025 09:09
SKU00458,CUST00329,1,Negative,15-09-2025 01:08
SKU00458,CUST00027,3,Negative,03-07-2025 18:24
SKU00458,CUST00911,4,Positive,04-07-2025 07:44
SKU00458,CUST00753,2,Negative,27-09-2025 16:47
SKU00459,CUST00048,5,Positive,06-08-2025 14:33
SKU00459,CUST00781,5,Positive,09-09-2025 03:35
SKU00459,CUST00538,2,Negative,16-07-2025 08:34
SKU00459,CUST00103,1,Negative,03-08-2025 20:27
SKU00459,CUST00919,2,Negative,09-07-2025 22:39
SKU00459,CUST00430,1,Negative,11-07-2025 21:56
SKU00459,CUST00992,4,Positive,15-08-2025 02:12
SKU00459,CUST00426,5,Positive,12-08-2025 18:14
SKU00459,CUST00138,5,Positive,17-09-2025 14:05
SKU00459,CUST00653,1,Negative,31-07-2025 05:41
SKU00459,CUST00488,4,Positive,26-09-2025 08:06
SKU00459,CUST00925,3,Negative,13-07-2025 10:43
SKU00459,CUST00331,5,Positive,05-08-2025 11:52
SKU00459,CUST00980,5,Positive,03-09-2025 21:33
SKU00459,CUST00734,1,Negative,16-08-2025 09:19
SKU00459,CUST00505,5,Positive,20-07-2025 01:22
SKU00459,CUST00129,2,Negative,19-08-2025 23:25
SKU00459,CUST00133,2,Negative,22-07-2025 21:34
SKU00460,CUST00762,1,Negative,08-09-2025 15:21
SKU00460,CUST00414,3,Negative,25-09-2025 02:40
SKU00460,CUST00630,1,Negative,25-07-2025 06:01
SKU00460,CUST00232,3,Negative,18-07-2025 22:12
SKU00460,CUST00748,3,Negative,01-08-2025 21:45
SKU00460,CUST00728,4,Positive,03-09-2025 21:22
SKU00460,CUST00605,5,Positive,20-08-2025 04:28
SKU00461,CUST00779,2,Negative,01-08-2025 20:09
SKU00461,CUST00433,3,Negative,03-09-2025 04:42
SKU00461,CUST00149,5,Positive,10-09-2025 11:57
SKU00461,CUST00958,1,Negative,11-09-2025 14:49
SKU00461,CUST00928,4,Positive,31-08-2025 08:23
SKU00461,CUST00050,2,Negative,18-07-2025 16:29
SKU00461,CUST00015,2,Negative,31-08-2025 14:47
SKU00461,CUST00035,2,Negative,16-07-2025 17:13
SKU00461,CUST00407,3,Negative,02-07-2025 03:17
SKU00461,CUST00586,4,Positive,16-08-2025 23:26
SKU00461,CUST00879,3,Negative,19-07-2025 05:29
SKU00461,CUST00644,5,Positive,09-08-2025 09:14
SKU00461,CUST00463,2,Negative,14-08-2025 00:01
SKU00462,CUST00559,4,Positive,12-07-2025 10:32
SKU00462,CUST00763,3,Negative,02-09-2025 15:20
SKU00462,CUST00787,5,Positive,28-09-2025 16:48
SKU00462,CUST00346,3,Negative,25-09-2025 15:44
SKU00462,CUST00191,3,Negative,03-08-2025 02:32
SKU00462,CUST00827,4,Positive,13-09-2025 22:54
SKU00462,CUST00563,4,Positive,03-09-2025 09:28
SKU00462,CUST00099,3,Negative,13-09-2025 02:32
SKU00462,CUST00532,3,Negative,07-07-2025 03:04
SKU00462,CUST00801,3,Negative,11-08-2025 09:51
SKU00462,CUST00658,1,Negative,22-08-2025 18:01
SKU00462,CUST00130,1,Negative,23-07-2025 01:14
SKU00462,CUST00999,4,Positive,19-09-2025 14:13
SKU00463,CUST00124,5,Positive,08-09-2025 04:42
SKU00463,CUST00303,2,Negative,23-09-2025 18:57
SKU00463,CUST00356,3,Negative,13-08-2025 22:33
SKU00463,CUST00447,5,Positive,30-09-2025 05:18
SKU00463,CUST00085,5,Positive,18-07-2025 17:31
SKU00463,CUST00408,5,Positive,19-07-2025 22:05
SKU00463,CUST00146,2,Negative,14-09-2025 08:00
SKU00463,CUST00018,2,Negative,10-09-2025 04:58
SKU00464,CUST00539,5,Positive,14-09-2025 17:23
SKU00464,CUST00156,5,Positive,22-09-2025 11:46
SKU00464,CUST00544,5,Positive,05-07-2025 13:30
SKU00464,CUST00820,5,Positive,05-08-2025 05:03
SKU00464,CUST00553,2,Negative,06-09-2025 08:25
SKU00464,CUST00970,5,Positive,17-07-2025 04:33
SKU00464,CUST00384,2,Negative,10-07-2025 17:20
SKU00464,CUST00697,2,Negative,31-08-2025 15:26
SKU00464,CUST00650,5,Positive,22-07-2025 23:13
SKU00464,CUST00864,2,Negative,22-08-2025 12:12
SKU00464,CUST00965,5,Positive,11-08-2025 04:01
SKU00464,CUST00879,2,Negative,28-07-2025 00:46
SKU00464,CUST00051,4,Positive,29-07-2025 18:53
SKU00464,CUST00400,5,Positive,10-08-2025 21:36
SKU00464,CUST00916,4,Positive,15-08-2025 10:31
SKU00464,CUST00330,2,Negative,09-09-2025 01:19
SKU00465,CUST00001,1,Negative,25-07-2025 09:38
SKU00465,CUST00726,5,Positive,03-09-2025 20:49
SKU00465,CUST00320,2,Negative,28-09-2025 14:52
SKU00465,CUST00752,5,Positive,27-08-2025 16:05
SKU00465,CUST00983,1,Negative,06-07-2025 17:59
SKU00465,CUST00774,4,Positive,14-07-2025 14:55
SKU00465,CUST00148,4,Positive,18-09-2025 20:25
SKU00465,CUST00165,2,Negative,07-08-2025 23:39
SKU00465,CUST00806,2,Negative,01-09-2025 17:29
SKU00465,CUST00430,4,Positive,27-08-2025 10:06
SKU00465,CUST00199,2,Negative,20-09-2025 00:07
SKU00465,CUST00359,1,Negative,22-07-2025 23:19
SKU00465,CUST00987,3,Negative,14-07-2025 15:14
SKU00465,CUST00915,4,Positive,12-07-2025 23:42
SKU00466,CUST00211,4,Positive,14-07-2025 19:50
SKU00466,CUST00689,3,Negative,12-09-2025 20:17
SKU00466,CUST00336,1,Negative,31-08-2025 19:45
SKU00466,CUST00121,5,Positive,31-07-2025 05:03
SKU00466,CUST00537,1,Negative,13-09-2025 22:05
SKU00466,CUST00644,5,Positive,15-08-2025 17:45
SKU00466,CUST00238,4,Positive,30-07-2025 00:18
SKU00466,CUST00842,1,Negative,22-08-2025 13:13
SKU00466,CUST00761,5,Positive,14-08-2025 02:45
SKU00467,CUST00073,3,Negative,23-09-2025 23:26
SKU00467,CUST00279,1,Negative,07-08-2025 00:57
SKU00467,CUST00859,3,Negative,11-07-2025 22:55
SKU00467,CUST00642,4,Positive,11-08-2025 08:26
SKU00467,CUST00600,2,Negative,24-09-2025 01:47
SKU00467,CUST00727,4,Positive,12-09-2025 15:20
SKU00467,CUST00299,2,Negative,20-08-2025 18:18
SKU00467,CUST00106,1,Negative,10-09-2025 01:07
SKU00467,CUST00618,5,Positive,22-09-2025 23:47
SKU00468,CUST00248,4,Positive,20-09-2025 05:40
SKU00468,CUST00719,4,Positive,10-08-2025 22:34
SKU00468,CUST00059,1,Negative,22-09-2025 23:59
SKU00468,CUST00789,3,Negative,20-09-2025 18:45
SKU00468,CUST00742,3,Negative,26-09-2025 20:10
SKU00468,CUST00258,5,Positive,01-08-2025 22:13
SKU00468,CUST00430,3,Negative,04-08-2025 15:04
SKU00468,CUST00086,1,Negative,10-07-2025 19:39
SKU00468,CUST00731,4,Positive,24-07-2025 13:38
SKU00468,CUST00600,4,Positive,22-07-2025 11:52
SKU00468,CUST00606,4,Positive,03-09-2025 15:01
SKU00468,CUST00273,1,Negative,14-09-2025 19:40
SKU00468,CUST00847,4,Positive,24-08-2025 10:27
SKU00468,CUST00622,5,Positive,06-08-2025 11:43
SKU00468,CUST00622,5,Positive,23-09-2025 12:09
SKU00468,CUST00948,4,Positive,05-07-2025 02:06
SKU00469,CUST00605,1,Negative,25-08-2025 21:18
SKU00469,CUST00098,1,Negative,13-09-2025 04:19
SKU00469,CUST00245,3,Negative,26-08-2025 07:46
SKU00469,CUST00689,5,Positive,10-08-2025 22:56
SKU00469,CUST00835,4,Positive,08-09-2025 17:44
SKU00469,CUST00763,1,Negative,03-08-2025 17:16
SKU00469,CUST00663,4,Positive,21-09-2025 17:50
SKU00469,CUST00472,5,Positive,22-09-2025 19:53
SKU00470,CUST00963,4,Positive,17-09-2025 22:48
SKU00470,CUST00825,4,Positive,03-09-2025 23:02
SKU00470,CUST00930,1,Negative,21-07-2025 23:24
SKU00470,CUST00581,2,Negative,03-07-2025 08:15
SKU00470,CUST00646,3,Negative,10-07-2025 14:13
SKU00470,CUST00300,4,Positive,16-09-2025 20:33
SKU00471,CUST00747,4,Positive,21-09-2025 11:18
SKU00471,CUST00913,3,Negative,04-08-2025 19:34
SKU00471,CUST00839,3,Negative,04-08-2025 05:06
SKU00471,CUST00997,2,Negative,27-07-2025 20:36
SKU00471,CUST00457,1,Negative,01-08-2025 12:10
SKU00472,CUST00716,3,Negative,13-09-2025 14:59
SKU00472,CUST00813,2,Negative,21-07-2025 07:53
SKU00472,CUST00572,5,Positive,01-09-2025 22:37
SKU00472,CUST00330,4,Positive,12-09-2025 03:21
SKU00472,CUST00357,2,Negative,21-09-2025 00:20
SKU00472,CUST00512,1,Negative,02-08-2025 09:43
SKU00472,CUST00361,5,Positive,22-08-2025 06:10
SKU00472,CUST00758,2,Negative,31-07-2025 17:34
SKU00472,CUST00849,3,Negative,10-07-2025 20:02
SKU00472,CUST00937,1,Negative,01-09-2025 02:01
SKU00472,CUST00416,3,Negative,30-08-2025 08:53
SKU00472,CUST00510,2,Negative,12-09-2025 10:55
SKU00472,CUST00392,2,Negative,26-07-2025 16:45
SKU00472,CUST00877,4,Positive,04-08-2025 00:56
SKU00472,CUST00346,4,Positive,25-09-2025 23:19
SKU00472,CUST00371,2,Negative,17-07-2025 08:44
SKU00472,CUST00331,1,Negative,11-07-2025 19:46
SKU00472,CUST00195,5,Positive,31-07-2025 03:34
SKU00472,CUST00931,5,Positive,06-09-2025 23:39
SKU00473,CUST00775,5,Positive,22-08-2025 06:13
SKU00473,CUST00183,4,Positive,30-08-2025 01:08
SKU00473,CUST00713,1,Negative,20-07-2025 06:49
SKU00473,CUST00096,1,Negative,08-09-2025 02:18
SKU00473,CUST00613,4,Positive,21-09-2025 17:47
SKU00473,CUST00270,2,Negative,08-09-2025 12:08
SKU00473,CUST00349,5,Positive,04-08-2025 08:24
SKU00473,CUST00407,2,Negative,28-09-2025 10:41
SKU00473,CUST00395,1,Negative,21-09-2025 01:00
SKU00473,CUST00980,3,Negative,29-08-2025 13:22
SKU00473,CUST00584,1,Negative,01-08-2025 10:35
SKU00473,CUST00231,4,Positive,19-09-2025 05:01
SKU00473,CUST00042,2,Negative,23-08-2025 04:54
SKU00473,CUST00159,3,Negative,03-07-2025 13:25
SKU00474,CUST00230,2,Negative,24-07-2025 19:42
SKU00474,CUST00897,2,Negative,12-08-2025 18:06
SKU00474,CUST00664,2,Negative,15-07-2025 02:45
SKU00474,CUST00013,3,Negative,24-07-2025 15:48
SKU00474,CUST00988,1,Negative,22-09-2025 06:11
SKU00474,CUST00627,4,Positive,20-09-2025 08:31
SKU00474,CUST00450,4,Positive,24-08-2025 00:19
SKU00474,CUST00565,5,Positive,19-07-2025 15:56
SKU00474,CUST00423,2,Negative,21-09-2025 07:45
SKU00474,CUST00532,5,Positive,08-08-2025 19:10
SKU00474,CUST00643,5,Positive,25-09-2025 06:35
SKU00474,CUST00924,4,Positive,11-09-2025 12:09
SKU00474,CUST00268,3,Negative,17-09-2025 00:07
SKU00474,CUST00821,3,Negative,11-08-2025 21:02
SKU00474,CUST00380,3,Negative,26-09-2025 09:16
SKU00474,CUST00948,2,Negative,01-08-2025 02:00
SKU00474,CUST00554,3,Negative,08-07-2025 11:31
SKU00474,CUST00982,2,Negative,01-08-2025 05:31
SKU00474,CUST00881,2,Negative,16-09-2025 05:46
SKU00474,CUST00552,5,Positive,13-07-2025 12:02
SKU00475,CUST00940,5,Positive,07-09-2025 18:35
SKU00475,CUST00488,5,Positive,31-07-2025 10:28
SKU00475,CUST00108,5,Positive,23-07-2025 02:52
SKU00475,CUST00738,3,Negative,08-09-2025 16:02
SKU00475,CUST00719,5,Positive,18-09-2025 17:14
SKU00475,CUST00230,4,Positive,27-07-2025 03:07
SKU00475,CUST00589,1,Negative,14-08-2025 16:26
SKU00475,CUST00634,4,Positive,18-08-2025 06:24
SKU00476,CUST00067,2,Negative,03-07-2025 03:31
SKU00476,CUST00574,4,Positive,24-08-2025 06:33
SKU00476,CUST00666,1,Negative,25-09-2025 23:27
SKU00476,CUST00356,4,Positive,23-09-2025 05:36
SKU00476,CUST00724,2,Negative,07-07-2025 04:36
SKU00476,CUST00699,3,Negative,07-07-2025 08:25
SKU00476,CUST00978,3,Negative,25-08-2025 07:37
SKU00476,CUST00259,1,Negative,08-09-2025 06:50
SKU00476,CUST00613,4,Positive,11-08-2025 19:54
SKU00476,CUST00722,2,Negative,08-08-2025 11:19
SKU00476,CUST00221,4,Positive,31-07-2025 01:56
SKU00476,CUST00552,3,Negative,02-08-2025 02:11
SKU00476,CUST00239,5,Positive,16-09-2025 12:26
SKU00476,CUST00897,5,Positive,30-09-2025 20:57
SKU00476,CUST00417,2,Negative,13-09-2025 09:36
SKU00476,CUST00553,5,Positive,31-07-2025 12:44
SKU00476,CUST00884,1,Negative,29-08-2025 04:27
SKU00476,CUST00055,3,Negative,27-08-2025 00:51
SKU00477,CUST00794,1,Negative,29-08-2025 14:22
SKU00477,CUST00066,5,Positive,10-08-2025 04:01
SKU00477,CUST00748,2,Negative,10-09-2025 02:58
SKU00477,CUST00200,2,Negative,28-08-2025 09:39
SKU00477,CUST00793,2,Negative,20-09-2025 03:24
SKU00477,CUST00186,1,Negative,02-09-2025 01:13
SKU00477,CUST00952,4,Positive,09-09-2025 17:55
SKU00477,CUST00123,3,Negative,09-07-2025 15:37
SKU00478,CUST00969,4,Positive,25-08-2025 17:31
SKU00478,CUST00718,4,Positive,17-09-2025 03:35
SKU00478,CUST00418,4,Positive,06-09-2025 14:45
SKU00478,CUST00486,2,Negative,21-09-2025 06:16
SKU00478,CUST00352,2,Negative,10-07-2025 07:22
SKU00478,CUST00319,3,Negative,18-07-2025 05:23
SKU00478,CUST00725,4,Positive,24-09-2025 08:22
SKU00478,CUST00259,4,Positive,09-07-2025 19:25
SKU00479,CUST00267,4,Positive,20-07-2025 11:26
SKU00479,CUST00233,3,Negative,01-09-2025 20:08
SKU00479,CUST00649,1,Negative,02-08-2025 23:36
SKU00479,CUST00463,1,Negative,20-08-2025 20:41
SKU00479,CUST00264,1,Negative,24-09-2025 08:55
SKU00479,CUST00621,1,Negative,24-08-2025 02:12
SKU00479,CUST00061,3,Negative,10-07-2025 06:30
SKU00479,CUST00173,1,Negative,21-08-2025 08:56
SKU00479,CUST00013,1,Negative,01-08-2025 17:38
SKU00479,CUST00394,3,Negative,03-07-2025 16:26
SKU00480,CUST00880,1,Negative,17-07-2025 17:42
SKU00480,CUST00194,5,Positive,18-08-2025 08:53
SKU00480,CUST00187,5,Positive,22-07-2025 04:50
SKU00480,CUST01000,3,Negative,10-07-2025 09:56
SKU00480,CUST00894,2,Negative,28-08-2025 05:26
SKU00480,CUST00384,5,Positive,18-07-2025 04:16
SKU00480,CUST00913,4,Positive,07-09-2025 13:57
SKU00480,CUST00867,2,Negative,19-08-2025 06:09
SKU00480,CUST00153,4,Positive,03-07-2025 22:42
SKU00480,CUST00638,1,Negative,29-09-2025 19:23
SKU00480,CUST00551,1,Negative,17-09-2025 08:55
SKU00480,CUST00957,3,Negative,29-09-2025 18:47
SKU00480,CUST00299,1,Negative,03-08-2025 21:21
SKU00480,CUST00700,2,Negative,27-08-2025 07:02
SKU00480,CUST00531,2,Negative,26-09-2025 09:41
SKU00480,CUST00103,4,Positive,19-07-2025 18:05
SKU00481,CUST00628,3,Negative,30-09-2025 01:16
SKU00481,CUST00466,5,Positive,19-09-2025 18:09
SKU00481,CUST00399,4,Positive,30-09-2025 15:42
SKU00481,CUST00120,5,Positive,07-07-2025 08:32
SKU00481,CUST00347,2,Negative,05-08-2025 12:07
SKU00481,CUST00145,2,Negative,18-09-2025 09:06
SKU00481,CUST00503,2,Negative,16-09-2025 02:16
SKU00481,CUST00414,1,Negative,04-08-2025 18:56
SKU00481,CUST00061,4,Positive,17-09-2025 17:33
SKU00482,CUST00869,5,Positive,09-07-2025 19:56
SKU00482,CUST00680,3,Negative,27-09-2025 12:48
SKU00482,CUST00540,5,Positive,25-08-2025 20:02
SKU00482,CUST00720,5,Positive,20-08-2025 15:35
SKU00482,CUST00404,5,Positive,01-09-2025 10:45
SKU00482,CUST00206,3,Negative,01-08-2025 02:23
SKU00482,CUST00139,4,Positive,13-09-2025 03:08
SKU00482,CUST00203,3,Negative,30-09-2025 16:15
SKU00483,CUST00414,4,Positive,06-08-2025 14:37
SKU00483,CUST00085,4,Positive,03-07-2025 07:32
SKU00483,CUST00504,1,Negative,01-08-2025 05:10
SKU00483,CUST00575,4,Positive,29-08-2025 04:37
SKU00483,CUST00399,3,Negative,18-08-2025 07:31
SKU00483,CUST00806,3,Negative,13-09-2025 20:11
SKU00483,CUST00701,1,Negative,21-08-2025 05:16
SKU00483,CUST00852,1,Negative,19-07-2025 06:15
SKU00483,CUST00970,1,Negative,30-07-2025 19:38
SKU00483,CUST00914,5,Positive,11-09-2025 14:37
SKU00483,CUST00922,5,Positive,22-08-2025 16:47
SKU00483,CUST00178,3,Negative,10-09-2025 18:35
SKU00483,CUST00050,5,Positive,03-07-2025 17:09
SKU00483,CUST00049,3,Negative,07-08-2025 08:53
SKU00483,CUST00193,3,Negative,22-08-2025 05:04
SKU00483,CUST00054,4,Positive,10-09-2025 16:55
SKU00483,CUST00521,5,Positive,21-09-2025 10:49
SKU00483,CUST00183,5,Positive,06-08-2025 00:04
SKU00484,CUST00933,2,Negative,10-07-2025 13:52
SKU00484,CUST00469,2,Negative,25-09-2025 15:20
SKU00484,CUST00227,3,Negative,08-07-2025 02:01
SKU00484,CUST00732,2,Negative,18-08-2025 02:04
SKU00484,CUST00212,5,Positive,01-09-2025 04:17
SKU00484,CUST00628,1,Negative,05-07-2025 09:24
SKU00485,CUST00211,1,Negative,28-09-2025 17:48
SKU00485,CUST00298,1,Negative,26-09-2025 19:23
SKU00485,CUST00247,3,Negative,18-07-2025 04:34
SKU00485,CUST00400,2,Negative,06-08-2025 02:19
SKU00485,CUST00940,4,Positive,05-07-2025 08:17
SKU00485,CUST00160,2,Negative,28-08-2025 03:11
SKU00485,CUST00253,5,Positive,03-09-2025 21:47
SKU00485,CUST00265,4,Positive,05-09-2025 01:26
SKU00485,CUST00585,3,Negative,20-07-2025 21:23
SKU00485,CUST00963,3,Negative,09-08-2025 17:30
SKU00485,CUST00707,1,Negative,10-08-2025 09:05
SKU00485,CUST00844,4,Positive,06-08-2025 14:46
SKU00485,CUST00285,2,Negative,18-09-2025 07:06
SKU00485,CUST00798,4,Positive,25-07-2025 14:31
SKU00485,CUST00615,1,Negative,30-08-2025 19:56
SKU00485,CUST00710,4,Positive,05-07-2025 01:23
SKU00485,CUST00713,4,Positive,13-07-2025 12:19
SKU00486,CUST00073,1,Negative,12-07-2025 04:37
SKU00486,CUST00163,4,Positive,07-07-2025 10:57
SKU00486,CUST00188,5,Positive,01-08-2025 18:50
SKU00486,CUST00172,3,Negative,05-09-2025 02:37
SKU00486,CUST00733,4,Positive,28-07-2025 15:38
SKU00486,CUST00550,3,Negative,28-07-2025 15:24
SKU00486,CUST00877,5,Positive,26-07-2025 09:20
SKU00486,CUST00112,1,Negative,08-08-2025 08:11
SKU00486,CUST00843,2,Negative,09-07-2025 09:34
SKU00486,CUST00569,4,Positive,20-07-2025 11:52
SKU00486,CUST00131,5,Positive,04-07-2025 11:10
SKU00486,CUST00481,4,Positive,11-07-2025 14:47
SKU00487,CUST00235,1,Negative,19-09-2025 21:15
SKU00487,CUST00398,2,Negative,09-07-2025 02:49
SKU00487,CUST00781,1,Negative,24-07-2025 11:19
SKU00487,CUST00447,5,Positive,06-08-2025 00:15
SKU00487,CUST00449,2,Negative,12-08-2025 21:59
SKU00487,CUST00612,1,Negative,03-09-2025 08:36
SKU00487,CUST00957,5,Positive,13-09-2025 10:45
SKU00487,CUST00998,2,Negative,13-09-2025 14:50
SKU00488,CUST00743,3,Negative,05-07-2025 05:57
SKU00488,CUST00583,1,Negative,15-07-2025 19:50
SKU00488,CUST00350,3,Negative,28-09-2025 12:02
SKU00488,CUST00180,3,Negative,14-08-2025 20:37
SKU00488,CUST00206,1,Negative,07-08-2025 23:49
SKU00488,CUST00390,2,Negative,30-09-2025 22:15
SKU00488,CUST00299,5,Positive,07-07-2025 04:18
SKU00488,CUST00231,2,Negative,30-08-2025 21:30
SKU00488,CUST00200,3,Negative,02-09-2025 21:16
SKU00488,CUST00739,4,Positive,03-07-2025 10:58
SKU00488,CUST00893,4,Positive,07-07-2025 17:40
SKU00489,CUST00617,5,Positive,28-07-2025 22:38
SKU00489,CUST00571,2,Negative,14-07-2025 22:03
SKU00489,CUST00561,3,Negative,06-07-2025 12:09
SKU00489,CUST00115,1,Negative,09-08-2025 19:11
SKU00489,CUST00531,5,Positive,02-07-2025 16:41
SKU00489,CUST00634,2,Negative,09-09-2025 07:13
SKU00489,CUST00956,3,Negative,05-08-2025 23:01
SKU00489,CUST00040,2,Negative,26-09-2025 12:41
SKU00489,CUST00107,2,Negative,01-07-2025 13:45
SKU00489,CUST00391,1,Negative,24-08-2025 15:12
SKU00489,CUST00060,4,Positive,13-09-2025 15:11
SKU00489,CUST00581,1,Negative,22-09-2025 04:57
SKU00490,CUST00781,1,Negative,24-08-2025 17:22
SKU00490,CUST00559,1,Negative,02-07-2025 22:07
SKU00490,CUST00665,4,Positive,29-09-2025 23:51
SKU00490,CUST00586,4,Positive,28-07-2025 10:11
SKU00490,CUST00703,5,Positive,07-08-2025 13:13
SKU00490,CUST00461,2,Negative,05-09-2025 07:13
SKU00490,CUST00503,5,Positive,25-07-2025 06:38
SKU00490,CUST00354,4,Positive,16-08-2025 12:27
SKU00490,CUST00942,2,Negative,14-08-2025 02:25
SKU00490,CUST00550,3,Negative,22-07-2025 17:35
SKU00490,CUST00148,3,Negative,31-08-2025 20:32
SKU00490,CUST00749,2,Negative,07-08-2025 17:09
SKU00491,CUST00904,2,Negative,05-08-2025 17:41
SKU00491,CUST00758,1,Negative,11-08-2025 22:01
SKU00491,CUST00825,3,Negative,14-07-2025 23:30
SKU00491,CUST00044,4,Positive,09-08-2025 20:14
SKU00491,CUST00728,5,Positive,21-09-2025 16:34
SKU00491,CUST00233,4,Positive,13-07-2025 03:19
SKU00491,CUST00861,3,Negative,21-07-2025 04:54
SKU00491,CUST00965,4,Positive,10-08-2025 21:19
SKU00491,CUST00905,4,Positive,14-08-2025 17:13
SKU00491,CUST00752,4,Positive,13-08-2025 02:20
SKU00491,CUST00976,4,Positive,15-08-2025 00:04
SKU00491,CUST00373,3,Negative,01-08-2025 15:39
SKU00491,CUST00682,4,Positive,13-07-2025 22:10
SKU00492,CUST00252,2,Negative,08-09-2025 04:27
SKU00492,CUST00196,5,Positive,19-07-2025 21:27
SKU00492,CUST00971,5,Positive,05-08-2025 06:49
SKU00492,CUST00922,4,Positive,23-08-2025 05:24
SKU00492,CUST00884,4,Positive,06-08-2025 09:23
SKU00492,CUST00660,3,Negative,21-07-2025 17:31
SKU00492,CUST00403,2,Negative,15-08-2025 15:43
SKU00492,CUST00112,5,Positive,02-09-2025 07:49
SKU00492,CUST00464,3,Negative,26-09-2025 20:02
SKU00492,CUST00853,5,Positive,10-08-2025 00:18
SKU00492,CUST00053,2,Negative,22-07-2025 02:03
SKU00493,CUST00565,2,Negative,03-09-2025 01:05
SKU00493,CUST00394,5,Positive,11-08-2025 22:07
SKU00493,CUST00185,4,Positive,03-07-2025 07:32
SKU00493,CUST00711,2,Negative,07-08-2025 11:22
SKU00493,CUST00582,2,Negative,27-07-2025 12:52
SKU00493,CUST00764,5,Positive,13-09-2025 16:27
SKU00493,CUST00160,4,Positive,25-08-2025 20:00
SKU00493,CUST00801,2,Negative,15-07-2025 15:07
SKU00493,CUST00422,3,Negative,15-08-2025 11:52
SKU00493,CUST00252,2,Negative,13-09-2025 01:02
SKU00493,CUST00954,4,Positive,31-07-2025 16:50
SKU00493,CUST00626,5,Positive,21-08-2025 12:21
SKU00493,CUST00753,1,Negative,04-09-2025 15:38
SKU00493,CUST00100,1,Negative,09-07-2025 07:48
SKU00493,CUST00022,1,Negative,28-09-2025 08:09
SKU00494,CUST00340,1,Negative,31-07-2025 10:01
SKU00494,CUST00954,3,Negative,20-07-2025 17:02
SKU00494,CUST00762,2,Negative,21-07-2025 16:21
SKU00494,CUST00315,1,Negative,05-08-2025 05:42
SKU00494,CUST00639,3,Negative,26-08-2025 15:32
SKU00494,CUST00927,4,Positive,16-08-2025 03:02
SKU00495,CUST00721,2,Negative,29-07-2025 03:08
SKU00495,CUST00311,1,Negative,16-09-2025 21:34
SKU00495,CUST00576,2,Negative,26-09-2025 11:03
SKU00495,CUST00902,2,Negative,16-07-2025 20:24
SKU00495,CUST00426,1,Negative,21-08-2025 16:21
SKU00495,CUST00933,5,Positive,09-08-2025 18:37
SKU00495,CUST00163,5,Positive,23-08-2025 15:00
SKU00495,CUST00644,4,Positive,06-09-2025 22:47
SKU00495,CUST00288,2,Negative,12-07-2025 00:08
SKU00495,CUST00680,2,Negative,27-09-2025 06:33
SKU00495,CUST00456,1,Negative,12-09-2025 08:50
SKU00495,CUST00041,2,Negative,24-09-2025 11:05
SKU00495,CUST00391,4,Positive,06-08-2025 19:59
SKU00495,CUST00489,2,Negative,13-09-2025 11:33
SKU00495,CUST00021,5,Positive,05-09-2025 19:26
SKU00496,CUST00954,4,Positive,26-08-2025 18:53
SKU00496,CUST00586,2,Negative,13-08-2025 10:21
SKU00496,CUST00916,1,Negative,17-08-2025 17:54
SKU00496,CUST00970,5,Positive,03-08-2025 09:10
SKU00496,CUST00907,3,Negative,09-07-2025 06:05
SKU00496,CUST00908,3,Negative,07-07-2025 16:31
SKU00496,CUST00182,2,Negative,30-08-2025 14:05
SKU00496,CUST00308,4,Positive,28-09-2025 00:12
SKU00496,CUST00154,1,Negative,29-09-2025 18:46
SKU00496,CUST00810,2,Negative,31-08-2025 13:50
SKU00496,CUST00329,3,Negative,08-09-2025 01:42
SKU00496,CUST00812,1,Negative,04-08-2025 10:32
SKU00496,CUST00618,4,Positive,02-07-2025 13:10
SKU00496,CUST00637,5,Positive,10-08-2025 13:24
SKU00496,CUST00174,3,Negative,21-09-2025 15:33
SKU00496,CUST00259,2,Negative,19-08-2025 20:21
SKU00497,CUST00533,1,Negative,17-08-2025 12:52
SKU00497,CUST00327,2,Negative,06-07-2025 01:11
SKU00497,CUST00665,2,Negative,07-09-2025 00:19
SKU00497,CUST00314,3,Negative,13-08-2025 14:05
SKU00497,CUST00444,3,Negative,04-07-2025 22:16
SKU00497,CUST00280,4,Positive,03-09-2025 00:32
SKU00497,CUST00083,3,Negative,23-08-2025 12:33
SKU00497,CUST00033,2,Negative,23-09-2025 16:00
SKU00497,CUST00949,5,Positive,02-07-2025 00:52
SKU00497,CUST00753,5,Positive,02-07-2025 20:46
SKU00497,CUST00310,4,Positive,20-07-2025 09:12
SKU00497,CUST00927,4,Positive,06-08-2025 21:30
SKU00497,CUST00398,1,Negative,06-09-2025 12:08
SKU00498,CUST00714,4,Positive,02-08-2025 14:05
SKU00498,CUST00376,5,Positive,21-09-2025 21:05
SKU00498,CUST00803,4,Positive,09-08-2025 12:49
SKU00498,CUST00725,3,Negative,13-07-2025 20:22
SKU00498,CUST00966,3,Negative,08-09-2025 19:39
SKU00498,CUST00268,5,Positive,19-07-2025 17:29
SKU00498,CUST00501,3,Negative,26-07-2025 21:23
SKU00498,CUST00086,4,Positive,28-09-2025 04:54
SKU00498,CUST00688,1,Negative,17-09-2025 04:53
SKU00498,CUST00683,3,Negative,22-09-2025 15:23
SKU00498,CUST00522,1,Negative,03-07-2025 05:36
SKU00498,CUST00831,2,Negative,17-09-2025 06:38
SKU00498,CUST00781,1,Negative,24-07-2025 14:08
SKU00499,CUST00182,3,Negative,07-07-2025 07:21
SKU00499,CUST00158,5,Positive,16-09-2025 19:31
SKU00499,CUST00243,1,Negative,22-09-2025 20:32
SKU00499,CUST00078,1,Negative,09-09-2025 04:57
SKU00499,CUST00014,3,Negative,23-09-2025 11:37
SKU00499,CUST00931,5,Positive,07-07-2025 20:00
SKU00499,CUST00160,5,Positive,30-08-2025 18:58
SKU00500,CUST00647,3,Negative,15-09-2025 07:49
SKU00500,CUST00681,1,Negative,29-08-2025 11:22
SKU00500,CUST00125,1,Negative,07-09-2025 08:46
SKU00500,CUST00143,2,Negative,28-09-2025 03:06
SKU00500,CUST00764,1,Negative,19-07-2025 00:25
SKU00500,CUST00094,1,Negative,01-07-2025 08:57
SKU00500,CUST00444,2,Negative,21-07-2025 09:50
SKU00500,CUST00052,1,Negative,07-08-2025 13:32
SKU00500,CUST00329,5,Positive,19-07-2025 16:52
SKU00500,CUST00488,2,Negative,07-09-2025 18:18
SKU00500,CUST00508,5,Positive,07-09-2025 13:44
SKU00500,CUST00191,4,Positive,28-07-2025 23:14
SKU00500,CUST00750,5,Positive,22-09-2025 23:36
SKU00500,CUST00882,1,Negative,12-08-2025 23:08
SKU00500,CUST00190,5,Positive,01-07-2025 14:42
SKU00500,CUST00082,2,Negative,20-07-2025 04:43
SKU00500,CUST00270,2,Negative,24-09-2025 06:17
SKU00500,CUST00556,5,Positive,19-07-2025 09:12
SKU00500,CUST00717,1,Negative,07-09-2025 05:48
