sku_id,order_id,quantity,status,timestamp
62316095,ORD20260103000001,1,completed,2026-04-03T08:14:22.436022
1982137274,ORD20260107000002,2,shipped,2026-04-07T19:45:10.436022
059035342X,ORD20260112000003,1,completed,2026-04-12T11:32:56.436022
307474275,ORD20260118000004,3,completed,2026-04-18T23:05:41.436022
140449132,ORD20260122000005,1,cancelled,2026-04-22T06:27:33.436022
61120081,ORD20260125000006,2,completed,2026-04-25T15:49:08.436022
553386794,ORD20260129000007,1,shipped,2026-04-29T21:10:55.436022
544003411,ORD20260202000008,3,completed,2026-04-02T09:36:17.436022
62316117,ORD20260205000009,1,completed,2026-04-05T14:22:49.436022
143127748,ORD20260208000010,2,cancelled,2026-04-08T18:11:03.436022
1594634025,ORD20260211000011,1,completed,2026-04-11T07:58:26.436022
038549081X,ORD20260214000012,3,shipped,2026-04-14T20:44:12.436022
62457713,ORD20260217000013,1,completed,2026-04-17T12:09:37.436022
142437239,ORD20260219000014,2,completed,2026-04-19T16:55:28.436022
030788744X,ORD20260221000015,1,cancelled,2026-04-21T10:13:59.436022
62315005,ORD20260224000016,3,completed,2026-04-24T22:47:05.436022
596007120,ORD20260226000017,1,shipped,2026-04-26T05:39:44.436022
262033844,ORD20260301000018,2,completed,2026-04-01T13:28:16.436022
132350882,ORD20260303000019,1,completed,2026-04-03T17:06:51.436022
735211299,ORD20260305000020,3,cancelled,2026-04-05T08:50:33.436022
385472579,ORD20260307000021,1,completed,2026-04-07T19:21:07.436022
60850523,ORD20260308000022,2,shipped,2026-04-08T23:34:42.436022
143039954,ORD20260310000023,1,completed,2026-04-10T06:12:25.436022
1501128035,ORD20260311000024,3,completed,2026-04-11T15:46:18.436022
525559477,ORD20260312000025,1,cancelled,2026-04-12T20:03:54.436022
804139296,ORD20260313000026,2,completed,2026-04-13T11:27:39.436022
66620996,ORD20260314000027,1,shipped,2026-04-14T09:18:06.436022
006245773X,ORD20260315000028,3,completed,2026-04-15T18:42:57.436022
451524934,ORD20260316000029,1,completed,2026-04-16T07:55:21.436022
316769487,ORD20260317000030,2,cancelled,2026-04-17T14:09:48.436022
671027034,ORD20260102000031,1,completed,2026-04-02T05:21:44.436022
1982157283,ORD20260104000032,2,shipped,2026-04-04T17:38:29.436022
593230256,ORD20260106000033,1,completed,2026-04-06T12:11:53.436022
345803485,ORD20260109000034,3,completed,2026-04-09T21:47:16.436022
081298160X,ORD20260111000035,1,cancelled,2026-04-11T03:59:08.436022
590353403,ORD20260113000036,2,completed,2026-04-13T14:26:37.436022
143110438,ORD20260115000037,1,shipped,2026-04-15T18:02:49.436022
307465357,ORD20260117000038,3,completed,2026-04-17T07:33:55.436022
140283331,ORD20260120000039,1,completed,2026-04-20T10:48:12.436022
62315008,ORD20260123000040,2,cancelled,2026-04-23T16:19:27.436022
307346617,ORD20260126000041,1,completed,2026-04-26T22:05:41.436022
61992275,ORD20260128000042,3,shipped,2026-04-28T09:57:06.436022
006256577X,ORD20260130000043,1,completed,2026-04-30T13:44:38.436022
1250316774,ORD20260201000044,2,completed,2026-04-01T06:15:22.436022
62457715,ORD20260203000045,1,cancelled,2026-04-03T19:29:57.436022
307277674,ORD20260206000046,3,completed,2026-04-06T08:03:11.436022
385484518,ORD20260207000047,1,shipped,2026-04-07T23:41:36.436022
1501173219,ORD20260209000048,2,completed,2026-04-09T15:12:48.436022
143130722,ORD20260212000049,1,completed,2026-04-12T04:56:19.436022
399590501,ORD20260213000050,3,cancelled,2026-04-13T20:27:05.436022
62316112,ORD20260215000051,1,completed,2026-04-15T11:08:34.436022
307719227,ORD20260218000052,2,shipped,2026-04-18T17:35:42.436022
143127550,ORD20260220000053,1,completed,2026-04-20T02:49:58.436022
62315009,ORD20260222000054,3,completed,2026-04-22T13:22:16.436022
143126562,ORD20260225000055,1,cancelled,2026-04-25T21:54:09.436022
62316113,ORD20260227000056,2,completed,2026-04-27T07:40:31.436022
307463740,ORD20260228000057,1,shipped,2026-04-28T18:16:47.436022
62871337,ORD20260302000058,3,completed,2026-04-02T10:25:53.436022
307273601,ORD20260304000059,1,completed,2026-04-04T22:37:14.436022
1501161933,ORD20260306000060,2,cancelled,2026-04-06T05:18:29.436022
140280197,ORD20260307000061,1,completed,2026-04-07T16:44:51.436022
1455586691,ORD20260308000062,3,shipped,2026-04-08T12:09:03.436022
62316107,ORD20260309000063,1,completed,2026-04-09T23:55:17.436022
140449266,ORD20260310000064,2,completed,2026-04-10T07:31:42.436022
679783275,ORD20260311000065,1,cancelled,2026-04-11T19:02:28.436022
307743657,ORD20260312000066,3,completed,2026-04-12T03:47:56.436022
61122415,ORD20260312000067,1,shipped,2026-04-12T14:20:11.436022
142437247,ORD20260313000068,2,completed,2026-04-13T08:36:25.436022
553213119,ORD20260313000069,1,completed,2026-04-13T21:11:39.436022
60853983,ORD20260314000070,3,cancelled,2026-04-14T06:58:04.436022
131103627,ORD20260314000071,1,completed,2026-04-14T17:23:49.436022
1491957660,ORD20260315000072,2,shipped,2026-04-15T01:42:33.436022
141182803,ORD20260315000073,1,completed,2026-04-15T12:56:18.436022
60935467,ORD20260316000074,3,completed,2026-04-16T09:17:45.436022
307387892,ORD20260316000075,1,cancelled,2026-04-16T20:33:27.436022
140449334,ORD20260317000076,2,completed,2026-04-17T04:51:09.436022
812981606,ORD20260317000077,1,shipped,2026-04-17T10:14:36.436022
679734529,ORD20260317000078,3,completed,2026-04-17T16:28:52.436022
307476463,ORD20260317000079,1,completed,2026-04-17T18:39:05.436022
62315001,ORD20260317000080,2,cancelled,2026-04-17T21:07:44.436022
553573404,ORD20260101000081,1,completed,2026-04-01T02:14:36.436022
62315002,ORD20260101000082,2,shipped,2026-04-01T18:45:22.436022
1451673319,ORD20260102000083,1,completed,2026-04-02T11:08:49.436022
261103573,ORD20260103000084,3,completed,2026-04-03T21:37:15.436022
140449273,ORD20260104000085,1,cancelled,2026-04-04T06:29:58.436022
307949486,ORD20260105000086,2,completed,2026-04-05T13:52:41.436022
62457716,ORD20260106000087,1,shipped,2026-04-06T20:16:33.436022
140449198,ORD20260107000088,3,completed,2026-04-07T09:44:27.436022
679410430,ORD20260108000089,1,completed,2026-04-08T17:03:12.436022
140449181,ORD20260109000090,2,cancelled,2026-04-09T05:58:39.436022
307278449,ORD20260110000091,1,completed,2026-04-10T14:21:47.436022
1591846445,ORD20260111000092,3,shipped,2026-04-11T22:39:05.436022
385545969,ORD20260112000093,1,completed,2026-04-12T07:11:28.436022
62316114,ORD20260113000094,2,completed,2026-04-13T16:33:54.436022
143127745,ORD20260114000095,1,cancelled,2026-04-14T01:47:19.436022
807014295,ORD20260115000096,3,completed,2026-04-15T12:05:42.436022
525536291,ORD20260116000097,1,shipped,2026-04-16T19:26:31.436022
140449204,ORD20260117000098,2,completed,2026-04-17T08:14:09.436022
307271037,ORD20260118000099,1,completed,2026-04-18T23:51:36.436022
90711001-BEIGE,ORD20260119000100,3,cancelled,2026-04-19T10:37:25.436022
90711002-WHITE,ORD20260120000101,1,completed,2026-04-20T15:42:58.436022
90711003-BLACK,ORD20260121000102,2,shipped,2026-04-21T03:29:11.436022
90711004-GREEN,ORD20260122000103,1,completed,2026-04-22T18:57:44.436022
90711005-OAK,ORD20260123000104,3,completed,2026-04-23T06:12:33.436022
90711006-BLUE,ORD20260124000105,1,cancelled,2026-04-24T20:08:27.436022
90711007-GRAY,ORD20260125000106,2,completed,2026-04-25T09:34:56.436022
90711008-WHITE,ORD20260126000107,1,shipped,2026-04-26T13:49:18.436022
90721001-BLACK,ORD20260127000108,3,completed,2026-04-27T22:05:37.436022
90721002-WHITE,ORD20260128000109,1,completed,2026-04-28T04:26:59.436022
90721003-BEIGE,ORD20260129000110,2,cancelled,2026-04-29T16:41:03.436022
90721004-GREEN,ORD20260130000111,1,completed,2026-04-30T11:53:47.436022
90721005-WOOD,ORD20260131000112,3,shipped,2026-04-31T23:18:21.436022
90721006-BLUE,ORD20260201000113,1,completed,2026-04-01T08:07:54.436022
90721007-WHITE,ORD20260202000114,2,completed,2026-04-02T17:46:29.436022
90721008-GRAY,ORD20260203000115,1,cancelled,2026-04-03T03:55:13.436022
90721009-BLACK,ORD20260204000116,3,completed,2026-04-04T12:22:06.436022
90721010-WOOD,ORD20260205000117,1,shipped,2026-04-05T21:11:34.436022
90731001-WHITE,ORD20260206000118,2,completed,2026-04-06T09:39:48.436022
90731002-GRAY,ORD20260207000119,1,completed,2026-04-07T14:58:20.436022
90731003-BLACK,ORD20260208000120,3,cancelled,2026-04-08T01:43:17.436022
90731004-BEIGE,ORD20260209000121,1,completed,2026-04-09T18:26:55.436022
90731005-WOOD,ORD20260210000122,2,shipped,2026-04-10T07:32:44.436022
90731006-BLUE,ORD20260211000123,1,completed,2026-04-11T16:15:28.436022
90731007-WHITE,ORD20260212000124,3,completed,2026-04-12T22:49:03.436022
90731008-GREEN,ORD20260213000125,1,cancelled,2026-04-13T05:27:41.436022
90731009-GRAY,ORD20260214000126,2,completed,2026-04-14T19:03:22.436022
90731010-BLACK,ORD20260215000127,1,shipped,2026-04-15T10:18:56.436022
90731011-WHITE,ORD20260216000128,3,completed,2026-04-16T23:36:14.436022
90731012-BLACK,ORD20260217000129,1,completed,2026-04-17T08:52:31.436022
90731013-GREEN,ORD20260218000130,2,cancelled,2026-04-18T14:07:45.436022
90731014-WOOD,ORD20260101000081,1,completed,2026-04-01T02:14:36.436022
90731015-GRAY,ORD20260101000082,2,shipped,2026-04-01T18:45:22.436022
90731016-WHITE,ORD20260102000083,1,completed,2026-04-02T11:08:49.436022
90731017-BLACK,ORD20260103000084,3,completed,2026-04-03T21:37:15.436022
90731018-BEIGE,ORD20260104000085,1,cancelled,2026-04-04T06:29:58.436022
90731019-WHITE,ORD20260105000086,2,completed,2026-04-05T13:52:41.436022
90731020-BLUE,ORD20260106000087,1,shipped,2026-04-06T20:16:33.436022
90731021-WHITE,ORD20260107000088,3,completed,2026-04-07T09:44:27.436022
90731022-GRAY,ORD20260108000089,1,completed,2026-04-08T17:03:12.436022
90731023-BLACK,ORD20260109000090,2,cancelled,2026-04-09T05:58:39.436022
90731024-WOOD,ORD20260110000091,1,completed,2026-04-10T14:21:47.436022
90731025-BLUE,ORD20260111000092,3,shipped,2026-04-11T22:39:05.436022
90731026-GREEN,ORD20260112000093,1,completed,2026-04-12T07:11:28.436022
90731027-BLACK,ORD20260113000094,2,completed,2026-04-13T16:33:54.436022
90731028-WHITE,ORD20260114000095,1,cancelled,2026-04-14T01:47:19.436022
90731029-GRAY,ORD20260115000096,3,completed,2026-04-15T12:05:42.436022
90731030-BEIGE,ORD20260116000097,1,shipped,2026-04-16T19:26:31.436022
90731031-WHITE,ORD20260117000098,2,completed,2026-04-17T08:14:09.436022
90731032-BLACK,ORD20260118000099,1,completed,2026-04-18T23:51:36.436022
90731033-GREEN,ORD20260119000100,3,cancelled,2026-04-19T10:37:25.436022
90741001-WHITE,ORD20260120000101,1,completed,2026-04-20T15:42:58.436022
90741002-BLACK,ORD20260121000102,2,shipped,2026-04-21T03:29:11.436022
90741003-GRAY,ORD20260122000103,1,completed,2026-04-22T18:57:44.436022
90741004-BEIGE,ORD20260123000104,3,completed,2026-04-23T06:12:33.436022
90741005-WOOD,ORD20260124000105,1,cancelled,2026-04-24T20:08:27.436022
90741006-BLUE,ORD20260125000106,2,completed,2026-04-25T09:34:56.436022
90741007-WHITE,ORD20260126000107,1,shipped,2026-04-26T13:49:18.436022
90741008-GREEN,ORD20260127000108,3,completed,2026-04-27T22:05:37.436022
90741009-BLACK,ORD20260128000109,1,completed,2026-04-28T04:26:59.436022
90741010-WHITE,ORD20260129000110,2,cancelled,2026-04-29T16:41:03.436022
90741011-BEIGE,ORD20260130000111,1,completed,2026-04-30T11:53:47.436022
90741012-GRAY,ORD20260131000112,3,shipped,2026-04-31T23:18:21.436022
90741013-WOOD,ORD20260201000113,1,completed,2026-04-01T08:07:54.436022
90741014-BLUE,ORD20260202000114,2,completed,2026-04-02T17:46:29.436022
90741015-BLACK,ORD20260203000115,1,cancelled,2026-04-03T03:55:13.436022
90741016-WHITE,ORD20260204000116,3,completed,2026-04-04T12:22:06.436022
90741017-GREEN,ORD20260205000117,1,shipped,2026-04-05T21:11:34.436022
90741018-GRAY,ORD20260206000118,2,completed,2026-04-06T09:39:48.436022
90741019-BEIGE,ORD20260207000119,1,completed,2026-04-07T14:58:20.436022
90741020-WOOD,ORD20260208000120,3,cancelled,2026-04-08T01:43:17.436022
90751001-BLACK,ORD20260209000121,1,completed,2026-04-09T18:26:55.436022
90751002-WHITE,ORD20260210000122,2,shipped,2026-04-10T07:32:44.436022
90751003-GRAY,ORD20260211000123,1,completed,2026-04-11T16:15:28.436022
90751004-BEIGE,ORD20260212000124,3,completed,2026-04-12T22:49:03.436022
90751005-BLUE,ORD20260213000125,1,cancelled,2026-04-13T05:27:41.436022
90751006-WOOD,ORD20260214000126,2,completed,2026-04-14T19:03:22.436022
90751007-BLACK,ORD20260215000127,1,shipped,2026-04-15T10:18:56.436022
90751008-WHITE,ORD20260216000128,3,completed,2026-04-16T23:36:14.436022
90751009-GREEN,ORD20260217000129,1,completed,2026-04-17T08:52:31.436022
90751010-BLUE,ORD20260218000130,2,cancelled,2026-04-18T14:07:45.436022
90751011-WHITE,ORD20260219000131,1,completed,2026-04-19T06:11:22.436022
90751012-BLACK,ORD20260220000132,2,shipped,2026-04-20T15:48:39.436022
90751013-BEIGE,ORD20260221000133,1,completed,2026-04-21T09:27:14.436022
90751014-GREEN,ORD20260222000134,3,completed,2026-04-22T20:36:51.436022
90751015-WOOD,ORD20260223000135,1,cancelled,2026-04-23T04:18:07.436022
90751016-BLUE,ORD20260224000136,2,completed,2026-04-24T13:59:43.436022
90751017-GRAY,ORD20260225000137,1,shipped,2026-04-25T22:41:26.436022
90751018-BLACK,ORD20260226000138,3,completed,2026-04-26T07:33:58.436022
90751019-WHITE,ORD20260227000139,1,completed,2026-04-27T16:25:11.436022
90751020-BEIGE,ORD20260228000140,2,cancelled,2026-04-28T03:12:49.436022
90751021-GREEN,ORD20260301000141,1,completed,2026-04-01T11:07:36.436022
90751022-BLUE,ORD20260302000142,3,shipped,2026-04-02T19:54:08.436022
90751023-WOOD,ORD20260303000143,1,completed,2026-04-03T08:22:47.436022
90751024-GRAY,ORD20260304000144,2,completed,2026-04-04T17:39:21.436022
90751025-BEIGE,ORD20260305000145,1,cancelled,2026-04-05T01:28:55.436022
90751026-WHITE,ORD20260306000146,3,completed,2026-04-06T12:45:33.436022
90751027-BLACK,ORD20260307000147,1,shipped,2026-04-07T21:16:04.436022
90751028-BROWN,ORD20260308000148,2,completed,2026-04-08T06:53:42.436022
90732001-500G,ORD20260309000149,1,completed,2026-04-09T15:38:19.436022
90732002-1KG,ORD20260310000150,3,cancelled,2026-04-10T02:27:58.436022
90732003-200G,ORD20260311000151,1,completed,2026-04-11T10:14:37.436022
90732004-500ML,ORD20260312000152,2,shipped,2026-04-12T18:59:05.436022
90732005-1L,ORD20260313000153,1,completed,2026-04-13T07:21:49.436022
90732006-250G,ORD20260314000154,3,completed,2026-04-14T16:42:13.436022
90732007-100G,ORD20260315000155,1,cancelled,2026-04-15T03:35:26.436022
90732008-500G,ORD20260316000156,2,completed,2026-04-16T11:58:44.436022
90732009-200G,ORD20260317000157,1,shipped,2026-04-17T20:23:17.436022
90732010-150G,ORD20260201000481,1,completed,2026-04-01T06:14:22.436022
90732011-1KG,ORD20260202000482,2,shipped,2026-04-02T15:48:39.436022
90732012-1KG,ORD20260203000483,1,completed,2026-04-03T09:27:14.436022
90732013-500G,ORD20260204000484,3,completed,2026-04-04T20:36:51.436022
90732014-200G,ORD20260205000485,1,cancelled,2026-04-05T04:18:07.436022
90732015-750ML,ORD20260206000486,2,completed,2026-04-06T13:59:43.436022
90732016-400G,ORD20260207000487,1,shipped,2026-04-07T22:41:26.436022
90732017-200G,ORD20260208000488,3,completed,2026-04-08T07:33:58.436022
90732018-500G,ORD20260209000489,1,completed,2026-04-09T16:25:11.436022
90732019-250G,ORD20260210000490,2,cancelled,2026-04-10T03:12:49.436022
90732020-300G,ORD20260211000491,1,completed,2026-04-11T11:07:36.436022
90732021-1KG,ORD20260212000492,3,shipped,2026-04-12T19:54:08.436022
90732022-500G,ORD20260213000493,1,completed,2026-04-13T08:22:47.436022
90732023-1L,ORD20260214000494,2,completed,2026-04-14T17:39:21.436022
90732024-500G,ORD20260215000495,1,cancelled,2026-04-15T01:28:55.436022
90732025-200G,ORD20260216000496,3,completed,2026-04-16T12:45:33.436022
90732026-1KG,ORD20260217000497,1,shipped,2026-04-17T21:16:04.436022
90732027-100G,ORD20260218000498,2,completed,2026-04-18T06:53:42.436022
90732028-500G,ORD20260219000499,1,completed,2026-04-19T15:38:19.436022
90732029-750ML,ORD20260220000500,3,cancelled,2026-04-20T02:27:58.436022
90732030-500G,ORD20260221000501,1,completed,2026-04-21T10:14:37.436022
90732031-500G,ORD20260222000502,2,shipped,2026-04-22T18:59:05.436022
90732032-200G,ORD20260223000503,1,completed,2026-04-23T07:21:49.436022
90732033-500ML,ORD20260224000504,3,completed,2026-04-24T16:42:13.436022
90732034-100G,ORD20260225000505,1,cancelled,2026-04-25T03:35:26.436022
90732035-400G,ORD20260226000506,2,completed,2026-04-26T11:58:44.436022
90732036-500G,ORD20260227000507,1,shipped,2026-04-27T20:23:17.436022
90732037-250G,ORD20260228000508,3,completed,2026-04-28T08:47:59.436022
90732038-200G,ORD20260301000509,1,completed,2026-04-01T17:29:36.436022
90732039-750ML,ORD20260302000510,2,cancelled,2026-04-02T05:12:08.436022
90732040-300G,ORD20260303000511,1,completed,2026-04-03T13:41:55.436022
90732041-1KG,ORD20260304000512,3,shipped,2026-04-04T22:18:27.436022
90732042-500G,ORD20260305000513,1,completed,2026-04-05T09:36:12.436022
90732043-500G,ORD20260306000514,2,completed,2026-04-06T18:07:49.436022
90732044-200G,ORD20260307000515,1,cancelled,2026-04-07T02:55:33.436022
90732045-1L,ORD20260308000516,3,completed,2026-04-08T14:19:21.436022
90732046-200G,ORD20260309000517,1,shipped,2026-04-09T23:08:46.436022
90732047-1KG,ORD20260310000518,2,completed,2026-04-10T06:27:35.436022
90732048-500G,ORD20260311000519,1,completed,2026-04-11T15:44:58.436022
90732049-250G,ORD20260312000520,3,cancelled,2026-04-12T03:31:17.436022
90732050-300G,ORD20260313000521,1,completed,2026-04-13T11:12:43.436022
90732051-2KG,ORD20260314000522,2,shipped,2026-04-14T20:06:25.436022
90732052-5KG,ORD20260315000523,1,completed,2026-04-15T07:48:14.436022
90732053-100G,ORD20260315000524,3,completed,2026-04-15T16:29:57.436022
90732054-2L,ORD20260316000525,1,cancelled,2026-04-16T01:17:38.436022
90732055-500ML,ORD20260316000526,2,completed,2026-04-16T13:03:22.436022
90732056-100G,ORD20260317000527,1,shipped,2026-04-17T22:45:09.436022
90732057-200G,ORD20260317000528,3,completed,2026-04-17T08:36:51.436022
90732058-2KG,ORD20260317000529,1,completed,2026-04-17T17:58:27.436022
90732059-500G,ORD20260317000530,2,cancelled,2026-04-17T05:21:14.436022
90732060-300G,ORD20260105000531,1,completed,2026-04-05T07:12:34.436022
90732101-750G,ORD20260106000532,2,shipped,2026-04-06T18:45:21.436022
90732102-2KG,ORD20260107000533,1,completed,2026-04-07T09:33:11.436022
90732103-250G,ORD20260108000534,3,completed,2026-04-08T21:14:55.436022
90732104-750G,ORD20260109000535,1,cancelled,2026-04-09T04:29:47.436022
90732105-500G,ORD20260110000536,2,completed,2026-04-10T13:58:22.436022
90732106-750ML,ORD20260111000537,1,shipped,2026-04-11T22:41:03.436022
90732107-200G,ORD20260112000538,3,completed,2026-04-12T06:19:36.436022
90732108-500ML,ORD20260113000539,1,completed,2026-04-13T17:07:52.436022
90732109-100G,ORD20260114000540,2,cancelled,2026-04-14T02:48:19.436022
90732110-300G,ORD20260115000541,1,completed,2026-04-15T11:22:44.436022
90732111-1KG,ORD20260116000542,3,shipped,2026-04-16T20:59:10.436022
90732112-1L,ORD20260117000543,1,completed,2026-04-17T08:36:27.436022
90732113-250G,ORD20260118000544,2,completed,2026-04-18T16:12:53.436022
90732114-500G,ORD20260119000545,1,cancelled,2026-04-19T03:27:15.436022
90732115-150G,ORD20260120000546,3,completed,2026-04-20T12:45:39.436022
90732116-400G,ORD20260121000547,1,shipped,2026-04-21T23:08:17.436022
90732117-1KG,ORD20260122000548,2,completed,2026-04-22T07:54:28.436022
90732118-300ML,ORD20260123000549,1,completed,2026-04-23T15:19:06.436022
90732119-1L,ORD20260124000550,3,cancelled,2026-04-24T01:42:51.436022
90732120-400G,ORD20260125000551,1,completed,2026-04-25T10:33:20.436022
90732121-2KG,ORD20260126000552,2,shipped,2026-04-26T19:16:43.436022
90732122-750G,ORD20260127000553,1,completed,2026-04-27T06:58:11.436022
90732123-300G,ORD20260128000554,3,completed,2026-04-28T17:29:38.436022
90732124-1KG,ORD20260129000555,1,cancelled,2026-04-29T02:17:54.436022
90732125-200G,ORD20260130000556,2,completed,2026-04-30T13:41:27.436022
90732126-500ML,ORD20260131000557,1,shipped,2026-04-31T21:05:49.436022
90732127-600G,ORD20260201000558,3,completed,2026-04-01T08:26:13.436022
90732128-300G,ORD20260202000559,1,completed,2026-04-02T16:44:32.436022
90732129-500G,ORD20260203000560,2,cancelled,2026-04-03T03:58:07.436022
90732130-1KG,ORD20260204000561,1,completed,2026-04-04T12:11:45.436022
90732131-250G,ORD20260205000562,3,shipped,2026-04-05T20:53:29.436022
90732132-200G,ORD20260206000563,1,completed,2026-04-06T07:34:18.436022
90732133-500G,ORD20260207000564,2,completed,2026-04-07T15:09:52.436022
90732134-1KG,ORD20260208000565,1,cancelled,2026-04-08T02:46:33.436022
90732135-500ML,ORD20260209000566,3,completed,2026-04-09T11:57:24.436022
90732136-750G,ORD20260210000567,1,shipped,2026-04-10T22:18:36.436022
90732137-400G,ORD20260211000568,2,completed,2026-04-11T06:41:59.436022
90732138-250G,ORD20260212000569,1,completed,2026-04-12T17:22:15.436022
90732139-300G,ORD20260213000570,3,cancelled,2026-04-13T03:36:41.436022
90733001-BLUE,ORD20260214000571,1,completed,2026-04-14T10:48:05.436022
90733002-A4,ORD20260215000572,2,shipped,2026-04-15T19:33:28.436022
90733003-SET,ORD20260216000573,1,completed,2026-04-16T08:07:56.436022
90733004-BLACK,ORD20260217000574,3,completed,2026-04-17T16:59:14.436022
90733005-500,ORD20260218000575,1,cancelled,2026-04-18T01:25:47.436022
90733006-BLUE,ORD20260219000576,2,completed,2026-04-19T12:38:22.436022
90733007-WHITE,ORD20260220000577,1,shipped,2026-04-20T21:11:03.436022
90733008-METAL,ORD20260221000578,3,completed,2026-04-21T09:52:37.436022
90733009-GLUE,ORD20260222000579,1,completed,2026-04-22T18:26:58.436022
90733010-RULER,ORD20260223000580,2,cancelled,2026-04-23T04:44:19.436022
90733011-BLUE,ORD20260224000581,1,completed,2026-04-24T10:12:45.436022
90733012-A4,ORD20260225000582,2,shipped,2026-04-25T19:45:33.436022
90733013-METAL,ORD20260226000583,1,completed,2026-04-26T07:28:14.436022
90733014-WHITE,ORD20260227000584,3,completed,2026-04-27T21:09:52.436022
90733015-SET,ORD20260228000585,1,cancelled,2026-04-28T03:36:17.436022
90733016-A4,ORD20260301000586,2,completed,2026-04-01T12:18:41.436022
90733017-BLACK,ORD20260302000587,1,shipped,2026-04-02T22:54:06.436022
90733018-METAL,ORD20260303000588,3,completed,2026-04-03T08:33:29.436022
90733019-SET,ORD20260304000589,1,completed,2026-04-04T16:27:55.436022
90733020-A4,ORD20260305000590,2,cancelled,2026-04-05T01:48:12.436022
90733021-BLACK,ORD20260306000591,1,completed,2026-04-06T11:05:37.436022
90733022-A4,ORD20260307000592,3,shipped,2026-04-07T20:41:03.436022
90733023-WHITE,ORD20260308000593,1,completed,2026-04-08T06:14:26.436022
90733024-BLUE,ORD20260309000594,2,completed,2026-04-09T14:52:48.436022
90733025-BLACK,ORD20260310000595,1,cancelled,2026-04-10T23:19:11.436022
90733026-METAL,ORD20260311000596,3,completed,2026-04-11T09:37:25.436022
90733027-SET,ORD20260312000597,1,shipped,2026-04-12T18:06:44.436022
90733028-BLUE,ORD20260313000598,2,completed,2026-04-13T04:28:59.436022
90733029-WHITE,ORD20260314000599,1,completed,2026-04-14T13:11:32.436022
90733030-BLUE,ORD20260315000600,3,cancelled,2026-04-15T21:47:08.436022
90733031-BLUE,ORD20260101000601,1,completed,2026-04-01T08:22:11.436022
90733032-BLACK,ORD20260102000602,2,shipped,2026-04-02T17:35:49.436022
90733033-SET,ORD20260103000603,1,completed,2026-04-03T06:14:33.436022
90733034-WHITE,ORD20260104000604,3,completed,2026-04-04T19:52:18.436022
90733035-METAL,ORD20260105000605,1,cancelled,2026-04-05T02:47:56.436022
90733036-SET,ORD20260106000606,2,completed,2026-04-06T11:23:40.436022
90733037-WHITE,ORD20260107000607,1,shipped,2026-04-07T22:09:27.436022
90733038-BLUE,ORD20260108000608,3,completed,2026-04-08T07:31:15.436022
90733039-BLACK,ORD20260109000609,1,completed,2026-04-09T15:44:58.436022
90733040-WHITE,ORD20260110000610,2,cancelled,2026-04-10T03:26:21.436022
90733041-BLUE,ORD20260111000611,1,completed,2026-04-11T12:58:36.436022
90733042-WHITE,ORD20260112000612,3,shipped,2026-04-12T21:13:47.436022
90733043-BLUE,ORD20260113000613,1,completed,2026-04-13T09:37:05.436022
90733044-METAL,ORD20260114000614,2,completed,2026-04-14T18:24:19.436022
90733045-SET,ORD20260115000615,1,cancelled,2026-04-15T01:56:42.436022
90733046-BLACK,ORD20260116000616,3,completed,2026-04-16T11:11:58.436022
90733047-BLUE,ORD20260117000617,1,shipped,2026-04-17T20:42:13.436022
90733048-WHITE,ORD20260118000618,2,completed,2026-04-18T06:35:29.436022
90733049-BLACK,ORD20260119000619,1,completed,2026-04-19T14:17:50.436022
90733050-SET,ORD20260120000620,3,cancelled,2026-04-20T23:08:04.436022
90733051-BLUE,ORD20260121000621,1,completed,2026-04-21T10:49:36.436022
90733052-A5,ORD20260122000622,2,shipped,2026-04-22T19:33:18.436022
90733053-SET,ORD20260123000623,1,completed,2026-04-23T05:26:57.436022
90733054-BLACK,ORD20260124000624,3,completed,2026-04-24T16:58:22.436022
90733055-1000,ORD20260125000625,1,cancelled,2026-04-25T02:19:44.436022
90733056-RED,ORD20260126000626,2,completed,2026-04-26T12:36:09.436022
90733057-WHITE,ORD20260127000627,1,shipped,2026-04-27T21:07:31.436022
90733058-METAL,ORD20260128000628,3,completed,2026-04-28T08:43:55.436022
90733059-GLUE,ORD20260129000629,1,completed,2026-04-29T17:25:13.436022
90733060-RULER,ORD20260130000630,2,cancelled,2026-04-30T04:51:28.436022
90733061-BLACK,ORD20260301000631,1,completed,2026-04-01T07:14:22.436022
90733062-YELLOW,ORD20260302000632,2,shipped,2026-04-02T18:48:39.436022
90733063-METAL,ORD20260303000633,1,completed,2026-04-03T09:27:14.436022
90733064-WHITE,ORD20260304000634,3,completed,2026-04-04T20:36:51.436022
90733065-SET,ORD20260305000635,1,cancelled,2026-04-05T04:18:07.436022
90733066-BROWN,ORD20260306000636,2,completed,2026-04-06T13:59:43.436022
90733067-BLUE,ORD20260307000637,1,shipped,2026-04-07T22:41:26.436022
90733068-METAL,ORD20260308000638,3,completed,2026-04-08T07:33:58.436022
90733069-SET,ORD20260309000639,1,completed,2026-04-09T16:25:11.436022
90733070-A4,ORD20260310000640,2,cancelled,2026-04-10T03:12:49.436022
90733071-BLACK,ORD20260311000641,1,completed,2026-04-11T11:07:36.436022
90733072-A4,ORD20260312000642,3,shipped,2026-04-12T19:54:08.436022
90733073-WHITE,ORD20260313000643,1,completed,2026-04-13T08:22:47.436022
90733074-SET,ORD20260314000644,2,completed,2026-04-14T17:39:21.436022
90733075-BLACK,ORD20260315000645,1,cancelled,2026-04-15T01:28:55.436022
90733076-METAL,ORD20260316000646,3,completed,2026-04-16T12:45:33.436022
90733077-SET,ORD20260317000647,1,shipped,2026-04-17T21:16:04.436022
90733078-BLUE,ORD20260317000648,2,completed,2026-04-17T06:53:42.436022
90733079-WHITE,ORD20260317000649,1,completed,2026-04-17T15:38:19.436022
90733080-BLUE,ORD20260317000650,3,cancelled,2026-04-17T02:27:58.436022
90733081-BLUE,ORD20260201000651,1,completed,2026-04-01T10:14:37.436022
90733082-A4,ORD20260202000652,2,shipped,2026-04-02T18:59:05.436022
90733083-SET,ORD20260203000653,1,completed,2026-04-03T07:21:49.436022
90733084-BLACK,ORD20260204000654,3,completed,2026-04-04T16:42:13.436022
90733085-5000,ORD20260205000655,1,cancelled,2026-04-05T03:35:26.436022
90733086-GREEN,ORD20260206000656,2,completed,2026-04-06T11:58:44.436022
90733087-WHITE,ORD20260207000657,1,shipped,2026-04-07T20:23:17.436022
90733088-METAL,ORD20260208000658,3,completed,2026-04-08T08:47:59.436022
90733089-GLUE,ORD20260209000659,1,completed,2026-04-09T17:29:36.436022
90733090-RULER,ORD20260210000660,2,cancelled,2026-04-10T05:12:08.436022
90733091-BLUE,ORD20260211000661,1,completed,2026-04-11T13:41:55.436022
90733092-YELLOW,ORD20260212000662,3,shipped,2026-04-12T22:18:27.436022
90733093-METAL,ORD20260213000663,1,completed,2026-04-13T09:36:12.436022
90733094-WHITE,ORD20260214000664,2,completed,2026-04-14T18:07:49.436022
90733095-SET,ORD20260215000665,1,cancelled,2026-04-15T02:55:33.436022
90733096-BROWN,ORD20260216000666,3,completed,2026-04-16T14:19:21.436022
90733097-BLACK,ORD20260217000667,1,shipped,2026-04-17T23:08:46.436022
90733098-METAL,ORD20260218000668,2,completed,2026-04-18T06:27:35.436022
90734001-STEEL,ORD20260219000669,1,completed,2026-04-19T15:44:58.436022
90734002-SET,ORD20260220000670,3,cancelled,2026-04-20T03:31:17.436022
90734003-STEEL,ORD20260221000671,1,completed,2026-04-21T11:12:43.436022
90734004-STEEL,ORD20260222000672,2,shipped,2026-04-22T20:06:25.436022
90734005-STEEL,ORD20260223000673,1,completed,2026-04-23T07:48:14.436022
90734006-BLACK,ORD20260224000674,3,completed,2026-04-24T16:29:57.436022
90734007-SET,ORD20260225000675,1,cancelled,2026-04-25T01:17:38.436022
90734008-STEEL,ORD20260226000676,2,completed,2026-04-26T13:03:22.436022
90734009-STEEL,ORD20260227000677,1,shipped,2026-04-27T22:45:09.436022
90734010-BOX,ORD20260228000678,3,completed,2026-04-28T08:36:51.436022
90734011-STEEL,ORD20260301000679,1,completed,2026-04-01T17:58:27.436022
90734012-BLACK,ORD20260302000680,2,cancelled,2026-04-02T05:21:14.436022
90734013-STEEL,ORD20260303000681,1,completed,2026-04-03T06:18:22.436022
90734014-YELLOW,ORD20260304000682,2,shipped,2026-04-04T17:52:39.436022
90734015-STEEL,ORD20260305000683,1,completed,2026-04-05T08:31:14.436022
90734016-STEEL,ORD20260306000684,3,completed,2026-04-06T21:40:51.436022
90734017-STEEL,ORD20260307000685,1,cancelled,2026-04-07T03:22:07.436022
90734018-BLACK,ORD20260308000686,2,completed,2026-04-08T12:03:43.436022
90734019-STEEL,ORD20260309000687,1,shipped,2026-04-09T23:45:26.436022
90734020-STEEL,ORD20260310000688,3,completed,2026-04-10T09:37:58.436022
90734021-STEEL,ORD20260311000689,1,completed,2026-04-11T18:29:11.436022
90734022-STEEL,ORD20260312000690,2,cancelled,2026-04-12T04:16:49.436022
90734023-STEEL,ORD20260313000691,1,completed,2026-04-13T10:11:36.436022
90734024-STEEL,ORD20260314000692,3,shipped,2026-04-14T19:58:08.436022
90734025-STEEL,ORD20260315000693,1,completed,2026-04-15T07:26:47.436022
90734026-STEEL,ORD20260316000694,2,completed,2026-04-16T16:43:21.436022
90734027-STEEL,ORD20260317000695,1,cancelled,2026-04-17T00:32:55.436022
90734028-STEEL,ORD20260317000696,3,completed,2026-04-17T11:49:33.436022
90734029-STEEL,ORD20260317000697,1,shipped,2026-04-17T20:20:04.436022
90734030-STEEL,ORD20260201000698,2,completed,2026-04-01T05:53:42.436022
90734031-STEEL,ORD20260202000699,1,completed,2026-04-02T14:38:19.436022
90734032-STEEL,ORD20260203000700,3,cancelled,2026-04-03T02:27:58.436022
90734033-BLACK,ORD20260204000701,1,completed,2026-04-04T10:14:37.436022
90734034-STEEL,ORD20260205000702,2,shipped,2026-04-05T18:59:05.436022
90734035-STEEL,ORD20260206000703,1,completed,2026-04-06T07:21:49.436022
90734036-BLUE,ORD20260207000704,3,completed,2026-04-07T16:42:13.436022
90734037-BLACK,ORD20260208000705,1,cancelled,2026-04-08T03:35:26.436022
90734038-STEEL,ORD20260209000706,2,completed,2026-04-09T11:58:44.436022
90734039-STEEL,ORD20260210000707,1,shipped,2026-04-10T20:23:17.436022
90734040-STEEL,ORD20260211000708,3,completed,2026-04-11T08:47:59.436022
90734041-STEEL,ORD20260212000709,1,completed,2026-04-12T17:29:36.436022
90734042-STEEL,ORD20260213000710,2,cancelled,2026-04-13T05:12:08.436022
90734043-BLACK,ORD20260214000711,1,completed,2026-04-14T13:41:55.436022
90734044-STEEL,ORD20260215000712,3,shipped,2026-04-15T22:18:27.436022
90734045-STEEL,ORD20260216000713,1,completed,2026-04-16T09:36:12.436022
90734046-STEEL,ORD20260217000714,2,completed,2026-04-17T18:07:49.436022
90734047-STEEL,ORD20260218000715,1,cancelled,2026-04-18T02:55:33.436022
90734048-STEEL,ORD20260219000716,3,completed,2026-04-19T14:19:21.436022
90734049-STEEL,ORD20260220000717,1,shipped,2026-04-20T23:08:46.436022
90734050-STEEL,ORD20260221000718,2,completed,2026-04-21T06:27:35.436022
90734051-STEEL,ORD20260222000719,1,completed,2026-04-22T15:44:58.436022
90734052-STEEL,ORD20260223000720,3,cancelled,2026-04-23T03:31:17.436022
90734053-STEEL,ORD20260224000721,1,completed,2026-04-24T11:12:43.436022
90734054-STEEL,ORD20260225000722,2,shipped,2026-04-25T20:06:25.436022
90734055-STEEL,ORD20260226000723,1,completed,2026-04-26T07:48:14.436022
90734056-STEEL,ORD20260227000724,3,completed,2026-04-27T16:29:57.436022
90734057-STEEL,ORD20260228000725,1,cancelled,2026-04-28T01:17:38.436022
90734058-STEEL,ORD20260301000726,2,completed,2026-04-01T13:03:22.436022
90734059-STEEL,ORD20260302000727,1,shipped,2026-04-02T22:45:09.436022
90734060-STEEL,ORD20260303000728,3,completed,2026-04-03T08:36:51.436022
90734061-STEEL,ORD20260304000729,1,completed,2026-04-04T17:58:27.436022
90734062-STEEL,ORD20260305000730,2,cancelled,2026-04-05T05:21:14.436022
90734063-STEEL,ORD20260306000731,1,completed,2026-04-06T06:22:18.436022
90734064-STEEL,ORD20260307000732,2,shipped,2026-04-07T17:41:52.436022
90734065-STEEL,ORD20260308000733,1,completed,2026-04-08T09:15:37.436022
90734066-STEEL,ORD20260309000734,3,completed,2026-04-09T21:33:44.436022
90734067-STEEL,ORD20260310000735,1,cancelled,2026-04-10T04:58:12.436022
90734068-STEEL,ORD20260311000736,2,completed,2026-04-11T13:27:59.436022
90734069-STEEL,ORD20260312000737,1,shipped,2026-04-12T23:49:21.436022
90734070-STEEL,ORD20260313000738,3,completed,2026-04-13T08:42:05.436022
90734071-STEEL,ORD20260314000739,1,completed,2026-04-14T16:18:36.436022
90734072-STEEL,ORD20260315000740,2,cancelled,2026-04-15T02:37:48.436022
90734073-STEEL,ORD20260316000741,1,completed,2026-04-16T11:55:14.436022
90734074-STEEL,ORD20260317000742,3,completed,2026-04-17T19:23:57.436022
90734075-STEEL,ORD20260317000743,1,shipped,2026-04-17T07:08:26.436022
90734076-STEEL,ORD20260317000744,2,completed,2026-04-17T14:46:11.436022
90734077-STEEL,ORD20260317000745,1,cancelled,2026-04-17T01:29:33.436022
90734078-STEEL,ORD20260201000746,3,completed,2026-04-01T12:07:54.436022
90734079-STEEL,ORD20260202000747,1,shipped,2026-04-02T20:35:19.436022
90734080-STEEL,ORD20260203000748,2,completed,2026-04-03T06:54:27.436022
90734081-STEEL,ORD20260204000749,1,completed,2026-04-04T15:22:41.436022
90734082-STEEL,ORD20260205000750,3,cancelled,2026-04-05T03:11:08.436022
90734083-STEEL,ORD20260206000751,1,completed,2026-04-06T10:49:36.436022
90734084-STEEL,ORD20260207000752,2,shipped,2026-04-07T19:33:18.436022
90734085-STEEL,ORD20260208000753,1,completed,2026-04-08T05:26:57.436022
90734086-STEEL,ORD20260209000754,3,completed,2026-04-09T16:58:22.436022
90734087-STEEL,ORD20260210000755,1,cancelled,2026-04-10T02:19:44.436022
90734088-STEEL,ORD20260211000756,2,completed,2026-04-11T12:36:09.436022
90734089-STEEL,ORD20260212000757,1,shipped,2026-04-12T21:07:31.436022
90734090-STEEL,ORD20260213000758,3,completed,2026-04-13T08:43:55.436022
90734091-STEEL,ORD20260214000759,1,completed,2026-04-14T17:25:13.436022
90734092-STEEL,ORD20260215000760,2,cancelled,2026-04-15T04:51:28.436022
90734093-STEEL,ORD20260216000761,1,completed,2026-04-16T13:18:44.436022
90734094-STEEL,ORD20260217000762,3,shipped,2026-04-17T22:40:17.436022
90734095-STEEL,ORD20260218000763,1,completed,2026-04-18T09:07:53.436022
90734096-STEEL,ORD20260219000764,2,completed,2026-04-19T18:29:35.436022
90734097-STEEL,ORD20260220000765,1,cancelled,2026-04-20T03:56:11.436022
90734098-STEEL,ORD20260221000766,3,completed,2026-04-21T11:14:26.436022
90734099-STEEL,ORD20260222000767,1,shipped,2026-04-22T20:48:39.436022
90734100-STEEL,ORD20260223000768,2,completed,2026-04-23T07:21:05.436022
SKU_LIP_001,ORD20260224000769,1,completed,2026-04-24T16:37:42.436022
SKU_EYE_001,ORD20260225000770,3,cancelled,2026-04-25T02:08:59.436022
SKU_SKIN_001,ORD20260226000771,1,completed,2026-04-26T12:55:16.436022
SKU_FOUND_001,ORD20260227000772,2,shipped,2026-04-27T21:33:48.436022
SKU_HAIR_001,ORD20260228000773,1,completed,2026-04-28T08:14:27.436022
SKU_LIP_002,ORD20260301000774,3,completed,2026-04-01T17:49:52.436022
SKU_EYE_002,ORD20260302000775,1,cancelled,2026-04-02T05:26:33.436022
SKU_SKIN_002,ORD20260303000776,2,completed,2026-04-03T13:38:09.436022
SKU_SKIN_003,ORD20260304000777,1,shipped,2026-04-04T22:11:47.436022
SKU_FOUND_002,ORD20260305000778,3,completed,2026-04-05T09:57:26.436022
SKU_HAIR_002,ORD20260306000779,1,completed,2026-04-06T18:43:51.436022
SKU_HAIR_003,ORD20260307000780,2,cancelled,2026-04-07T03:19:14.436022
SKU_SKIN_004,ORD20260308000781,1,completed,2026-04-08T10:22:14.436022
SKU_LIP_003,ORD20260309000782,2,shipped,2026-04-09T18:35:47.436022
SKU_SKIN_005,ORD20260310000783,1,completed,2026-04-10T07:49:31.436022
SKU_EYE_003,ORD20260311000784,3,completed,2026-04-11T16:12:05.436022
SKU_SKIN_006,ORD20260312000785,1,cancelled,2026-04-12T02:58:39.436022
SKU_HAIR_004,ORD20260313000786,2,completed,2026-04-13T13:44:52.436022
SKU_SKIN_007,ORD20260314000787,1,completed,2026-04-14T11:27:18.436022
SKU_EYE_004,ORD20260314000788,2,completed,2026-04-14T13:48:20.006466517
SKU_NAIL_001,ORD20260314000789,1,completed,2026-04-14T18:31:08.671199332
SKU_SKIN_008,ORD20260314000790,1,cancelled,2026-04-14T20:34:42.635473566
SKU_LIP_004,ORD20260314000791,1,shipped,2026-04-14T23:38:17.808857921
SKU_SKIN_009,ORD20260315000792,3,shipped,2026-04-15T01:30:24.015721645
SKU_EYE_005,ORD20260315000793,1,cancelled,2026-04-15T06:21:03.270930971
SKU_SKIN_010,ORD20260315000794,3,cancelled,2026-04-15T08:00:07.990789438
SKU_HAIR_005,ORD20260315000795,3,completed,2026-04-15T10:30:37.100563500
SKU_SKIN_011,ORD20260315000796,3,completed,2026-04-15T14:08:01.611715158
SKU_LIP_005,ORD20260315000797,2,cancelled,2026-04-15T16:57:17.054084424
SKU_SKIN_012,ORD20260315000798,3,shipped,2026-04-15T21:14:20.906283692
SKU_PERF_001,ORD20260316000799,2,completed,2026-04-16T00:52:06.065120674
SKU_SKIN_013,ORD20260316000800,3,completed,2026-04-16T04:57:31.960453497
SKU_EYE_006,ORD20260316000801,3,completed,2026-04-16T09:04:05.669713762
SKU_SKIN_014,ORD20260316000802,1,completed,2026-04-16T13:25:06.346401454
SKU_HAIR_006,ORD20260316000803,1,completed,2026-04-16T15:28:23.315926442
SKU_SKIN_015,ORD20260316000804,3,cancelled,2026-04-16T20:18:48.897683905
SKU_SKIN_016,ORD20260316000805,1,completed,2026-04-16T21:58:53.363129726
SKU_NAIL_002,ORD20260317000806,3,shipped,2026-04-17T01:51:50.703833945
SKU_SKIN_017,ORD20260317000807,1,shipped,2026-04-17T04:17:16.272740851
SKU_SKIN_018,ORD20260317000808,2,completed,2026-04-17T07:58:16.803400347
SKU_SKIN_019,ORD20260317000809,1,completed,2026-04-17T09:37:21.179426531
SKU_SKIN_020,ORD20260317000810,1,completed,2026-04-17T12:38:45.750432702
SKU_MAKE_001,ORD20260317000811,1,shipped,2026-04-17T15:11:00.037137885
SKU_SKIN_021,ORD20260317000812,1,completed,2026-04-17T17:36:58.604980197
SKU_HAIR_007,ORD20260317000813,1,cancelled,2026-04-17T21:19:11.541431099
SKU_NAIL_003,ORD20260318000814,1,completed,2026-04-18T02:13:19.789264982
SKU_SKIN_022,ORD20260318000815,1,completed,2026-04-18T06:28:05.814180030
SKU_SKIN_023,ORD20260318000816,2,completed,2026-04-18T11:11:05.335737402
SKU_MAKE_002,ORD20260318000817,3,shipped,2026-04-18T14:33:50.275366506
SKU_HAIR_008,ORD20260318000818,2,shipped,2026-04-18T18:48:07.009423726
SKU_LIP_101,ORD20260318000819,1,completed,2026-04-18T21:46:47.633498294
SKU_LIP_102,ORD20260319000820,1,cancelled,2026-04-19T02:35:59.296727671
SKU_LIP_103,ORD20260319000821,3,shipped,2026-04-19T07:14:56.452536798
SKU_LIP_104,ORD20260319000822,2,shipped,2026-04-19T09:29:21.526678179
SKU_SERUM_101,ORD20260319000823,1,completed,2026-04-19T11:45:30.890756357
SKU_SERUM_102,ORD20260319000824,3,completed,2026-04-19T14:54:22.416842871
SKU_SERUM_103,ORD20260319000825,2,shipped,2026-04-19T16:54:17.003848338
SKU_FW_101,ORD20260319000826,1,completed,2026-04-19T21:06:38.163287469
SKU_FW_102,ORD20260319000827,1,completed,2026-04-19T22:59:34.244037749
SKU_MOIST_101,ORD20260320000828,1,completed,2026-04-20T01:53:38.641670343
SKU_LIP_401,ORD20260320000829,1,shipped,2026-04-20T03:48:19.023327511
SKU_LIP_402,ORD20260320000830,1,completed,2026-04-20T08:26:34.016749147
SKU_LIP_403,ORD20260320000831,2,completed,2026-04-20T11:48:39.751485710
SKU_LIP_404,ORD20260320000832,1,completed,2026-04-20T15:53:05.542115297
SKU_LIP_405,ORD20260320000833,3,cancelled,2026-04-20T20:35:38.941828099
SKU_LIP_406,ORD20260320000834,1,cancelled,2026-04-20T23:08:15.901368425
SKU_LIP_407,ORD20260321000835,3,completed,2026-04-21T01:57:06.120714054
SKU_LIP_408,ORD20260321000836,3,cancelled,2026-04-21T05:11:45.409693328
SKU_LIP_409,ORD20260321000837,3,completed,2026-04-21T08:23:46.556254687
SKU_LIP_410,ORD20260321000838,1,completed,2026-04-21T12:24:56.165819367
SKU_SERUM_401,ORD20260321000839,2,completed,2026-04-21T15:10:13.569861748
SKU_SERUM_402,ORD20260321000840,1,completed,2026-04-21T18:56:04.844515906
SKU_SERUM_403,ORD20260321000841,1,shipped,2026-04-21T21:01:08.235005523
SKU_SERUM_404,ORD20260322000842,1,completed,2026-04-22T01:51:59.283862969
SKU_SERUM_405,ORD20260322000843,2,cancelled,2026-04-22T03:30:37.557754559
SKU_SERUM_406,ORD20260322000844,1,completed,2026-04-22T05:26:02.699320113
SKU_SERUM_407,ORD20260322000845,1,shipped,2026-04-22T07:11:20.122360701
SKU_SERUM_408,ORD20260322000846,2,completed,2026-04-22T09:03:56.345684977
SKU_SERUM_409,ORD20260322000847,3,cancelled,2026-04-22T12:36:03.183858498
SKU_SERUM_410,ORD20260322000848,2,completed,2026-04-22T14:29:15.867122607
SKU_MOIST_401,ORD20260322000849,1,cancelled,2026-04-22T17:03:30.373778896
SKU_MOIST_402,ORD20260322000850,2,completed,2026-04-22T19:41:59.806408227
SKU_MOIST_403,ORD20260322000851,2,completed,2026-04-22T23:48:29.169515076
SKU_MOIST_404,ORD20260323000852,3,completed,2026-04-23T03:23:20.265256123
SKU_MOIST_405,ORD20260323000853,1,completed,2026-04-23T08:06:44.755256078
SKU_MOIST_406,ORD20260323000854,3,completed,2026-04-23T11:30:45.293463409
SKU_MOIST_407,ORD20260323000855,1,cancelled,2026-04-23T15:02:21.412533042
SKU_MOIST_408,ORD20260323000856,1,completed,2026-04-23T16:43:53.643320898
SKU_MOIST_409,ORD20260323000857,3,completed,2026-04-23T20:45:09.330587135
SKU_MOIST_410,ORD20260323000858,3,completed,2026-04-23T23:57:11.786984547
SKU_FOUND_501,ORD20260324000859,1,cancelled,2026-04-24T02:54:51.581791965
SKU_COMP_502,ORD20260324000860,1,completed,2026-04-24T07:05:35.557687961
SKU_EYE_503,ORD20260324000861,2,completed,2026-04-24T11:00:16.901873554
SKU_EYE_504,ORD20260324000862,2,completed,2026-04-24T14:13:59.381523939
SKU_EYE_505,ORD20260324000863,2,completed,2026-04-24T18:26:23.718109673
SKU_SKIN_506,ORD20260324000864,2,completed,2026-04-24T21:22:09.507081825
SKU_SKIN_507,ORD20260325000865,2,cancelled,2026-04-25T00:00:29.955107240
SKU_HAIR_508,ORD20260325000866,1,cancelled,2026-04-25T02:33:40.374787333
SKU_PERF_509,ORD20260325000867,1,completed,2026-04-25T07:08:36.965634575
SKU_BODY_510,ORD20260325000868,1,completed,2026-04-25T08:49:08.554102507
SKU_EYE_601,ORD20260325000869,2,completed,2026-04-25T10:41:20.270165529
SKU_NAIL_602,ORD20260325000870,2,shipped,2026-04-25T15:31:29.240478465
SKU_SKIN_603,ORD20260325000871,1,cancelled,2026-04-25T19:40:38.332035167
SKU_SKIN_604,ORD20260326000872,1,completed,2026-04-26T00:12:15.339758547
SKU_SKIN_605,ORD20260326000873,1,completed,2026-04-26T03:55:06.167750657
SKU_HAIR_606,ORD20260326000874,1,completed,2026-04-26T08:50:12.657929464
SKU_HAIR_607,ORD20260326000875,2,completed,2026-04-26T10:58:03.682544968
SKU_SKIN_608,ORD20260326000876,1,cancelled,2026-04-26T12:57:08.910231775
SKU_BODY_609,ORD20260326000877,2,shipped,2026-04-26T17:34:11.453702653
SKU_BODY_610,ORD20260326000878,3,cancelled,2026-04-26T21:15:13.729154258
SKU_SKIN_611,ORD20260327000879,1,completed,2026-04-27T01:15:50.668657351
SKU_SKIN_612,ORD20260327000880,1,completed,2026-04-27T03:47:14.584983771
SKU_MAKE_613,ORD20260327000881,1,completed,2026-04-27T07:01:56.086860813
SKU_MAKE_614,ORD20260327000882,3,completed,2026-04-27T11:34:20.553646823
SKU_SKIN_615,ORD20260327000883,1,cancelled,2026-04-27T15:17:09.542333914
SKU_APP_TSHIRT_051,ORD20260327000884,1,cancelled,2026-04-27T19:51:08.293087439
SKU_APP_SHIRT_052,ORD20260327000885,1,shipped,2026-04-27T22:06:50.879266040
SKU_APP_JEANS_053,ORD20260328000886,2,cancelled,2026-04-28T01:41:37.173345104
SKU_APP_KURTA_054,ORD20260328000887,2,completed,2026-04-28T06:25:11.107044746
SKU_APP_DRESS_055,ORD20260328000888,2,shipped,2026-04-28T10:53:20.488936014
SKU_APP_HOODIE_056,ORD20260328000889,1,cancelled,2026-04-28T15:09:19.543894852
SKU_APP_LEGGINGS_057,ORD20260328000890,2,completed,2026-04-28T17:30:13.824214022
SKU_APP_JACKET_058,ORD20260328000891,2,shipped,2026-04-28T21:11:29.302500903
SKU_APP_SAREE_059,ORD20260329000892,2,cancelled,2026-04-29T01:14:35.988539034
SKU_APP_SHORTS_060,ORD20260329000893,1,completed,2026-04-29T05:18:35.447611825
SKU_APP_POLO_061,ORD20260329000894,1,completed,2026-04-29T09:21:34.822690214
SKU_APP_CROPTOP_062,ORD20260329000895,2,completed,2026-04-29T11:52:50.775575255
SKU_APP_CHINOS_063,ORD20260329000896,3,completed,2026-04-29T16:20:51.966173597
SKU_APP_SKIRT_064,ORD20260329000897,3,completed,2026-04-29T19:25:03.814592265
SKU_APP_SWEATER_065,ORD20260329000898,3,completed,2026-04-29T23:48:39.232067802
SKU_APP_TANKTOP_066,ORD20260330000899,1,cancelled,2026-04-30T01:33:44.571828836
SKU_APP_TRACKPANT_067,ORD20260330000900,3,shipped,2026-04-30T05:54:15.785128571
SKU_APP_DUPATTA_068,ORD20260330000901,1,completed,2026-04-30T08:05:22.798775089
SKU_APP_BLAZER_069,ORD20260330000902,2,completed,2026-04-30T11:49:45.726376332
SKU_APP_PALAZZO_070,ORD20260330000903,3,completed,2026-04-30T13:48:13.023510258
SKU_APP_CARDIGAN_071,ORD20260330000904,1,shipped,2026-04-30T17:46:07.793317151
SKU_APP_JOGGER_072,ORD20260330000905,1,completed,2026-04-30T20:43:02.182065950
SKU_APP_BLOUSE_073,ORD20260330000906,3,completed,2026-04-30T22:53:19.282045731
SKU_APP_OVERALLS_074,ORD20260331000907,1,completed,2026-04-31T03:43:04.362003206
SKU_APP_PONCHO_075,ORD20260331000908,1,cancelled,2026-04-31T06:17:19.379345948
SKU_APP_WAISTCOAT_076,ORD20260331000909,3,completed,2026-04-31T08:13:17.797272181
SKU_APP_SHRUG_077,ORD20260331000910,1,shipped,2026-04-31T09:59:06.571431231
SKU_APP_THERMAL_078,ORD20260331000911,3,completed,2026-04-31T14:48:21.594722683
SKU_APP_ROMPER_079,ORD20260331000912,1,completed,2026-04-31T18:31:59.921145408
SKU_APP_OVERCOAT_080,ORD20260331000913,2,cancelled,2026-04-31T22:17:10.446426820
SKU_APP_VEST_081,ORD20260401000914,2,cancelled,2026-04-01T01:56:27.608353362
SKU_APP_CAMISOLE_082,ORD20260401000915,1,cancelled,2026-04-01T04:31:07.905878082
SKU_APP_CAPRI_083,ORD20260401000916,1,completed,2026-04-01T07:20:48.628699505
SKU_APP_ANARKALI_084,ORD20260401000917,1,shipped,2026-04-01T11:55:09.065698468
SKU_APP_PETTICOAT_085,ORD20260401000918,1,cancelled,2026-04-01T15:56:52.464929575
SKU_APP_DHOTI_086,ORD20260401000919,2,cancelled,2026-04-01T17:51:48.925346121
SKU_APP_LUNGI_087,ORD20260401000920,2,cancelled,2026-04-01T19:51:57.148939455
SKU_APP_PARKA_088,ORD20260402000921,3,completed,2026-04-02T00:40:39.969975323
SKU_APP_TUXEDO_089,ORD20260402000922,1,completed,2026-04-02T03:14:04.052843377
SKU_APP_JUMPSUIT_090,ORD20260402000923,1,completed,2026-04-02T06:59:43.396997718
SKU_APP_PULLOVER_091,ORD20260402000924,1,completed,2026-04-02T08:55:45.810352703
SKU_APP_BURKHA_092,ORD20260402000925,1,completed,2026-04-02T11:21:56.600307416
SKU_APP_RAINCOAT_093,ORD20260402000926,1,completed,2026-04-02T15:19:40.627262488
SKU_APP_BODYSUIT_094,ORD20260402000927,1,cancelled,2026-04-02T17:36:35.055960219
SKU_APP_NIGHTSUIT_095,ORD20260402000928,1,cancelled,2026-04-02T21:58:42.871508850
SKU_APP_BATHROBE_096,ORD20260403000929,2,shipped,2026-04-03T01:54:27.241137166
SKU_APP_HENLEY_097,ORD20260403000930,2,cancelled,2026-04-03T05:11:28.656846965
SKU_APP_KAFTAN_098,ORD20260403000931,3,shipped,2026-04-03T08:33:19.884414042
SKU_APP_GOWN_099,ORD20260403000932,2,completed,2026-04-03T11:32:46.159709026
SKU_APP_WORKPANT_100,ORD20260403000933,1,completed,2026-04-03T15:48:18.919461620
SKU_APP_TSHIRT_101,ORD20260403000934,2,shipped,2026-04-03T18:07:40.734004806
SKU_APP_TSHIRT_102,ORD20260403000935,1,cancelled,2026-04-03T22:01:21.864845351
SKU_APP_TSHIRT_103,ORD20260404000936,2,shipped,2026-04-04T01:07:20.144215191
SKU_APP_TSHIRT_104,ORD20260404000937,1,completed,2026-04-04T04:26:25.489726638
SKU_APP_TSHIRT_105,ORD20260404000938,3,completed,2026-04-04T08:30:27.464147119
SKU_APP_SHIRT_106,ORD20260404000939,3,completed,2026-04-04T11:43:23.615613301
SKU_APP_SHIRT_107,ORD20260404000940,3,completed,2026-04-04T16:30:31.308793939
SKU_APP_SHIRT_108,ORD20260404000941,2,shipped,2026-04-04T18:49:07.366036609
SKU_APP_SHIRT_109,ORD20260404000942,2,shipped,2026-04-04T21:50:14.477117570
SKU_APP_SHIRT_110,ORD20260405000943,3,cancelled,2026-04-05T01:44:59.564761268
SKU_APP_JEANS_201,ORD20260405000944,3,shipped,2026-04-05T05:44:15.918658812
SKU_APP_JEANS_202,ORD20260405000945,2,completed,2026-04-05T10:16:22.594522138
SKU_APP_JEANS_203,ORD20260405000946,2,completed,2026-04-05T14:11:12.030379882
SKU_APP_JEANS_204,ORD20260405000947,3,completed,2026-04-05T16:53:45.877690448
SKU_APP_JEANS_205,ORD20260405000948,1,completed,2026-04-05T20:47:08.432036155
SKU_APP_DRESS_206,ORD20260406000949,3,cancelled,2026-04-06T01:31:16.413527378
SKU_APP_DRESS_207,ORD20260406000950,3,shipped,2026-04-06T06:18:59.120649954
SKU_APP_DRESS_208,ORD20260406000951,3,completed,2026-04-06T10:35:56.405948930
SKU_APP_DRESS_209,ORD20260406000952,2,shipped,2026-04-06T14:56:26.326323732
SKU_APP_DRESS_210,ORD20260406000953,1,cancelled,2026-04-06T17:08:47.529915263
SKU_APP_KURTA_301,ORD20260406000954,3,completed,2026-04-06T21:47:55.346967513
SKU_APP_KURTA_302,ORD20260407000955,3,completed,2026-04-07T02:06:43.196637575
SKU_APP_KURTA_303,ORD20260407000956,3,completed,2026-04-07T04:15:06.610792476
SKU_APP_KURTA_304,ORD20260407000957,2,completed,2026-04-07T07:55:37.707164070
SKU_APP_KURTA_305,ORD20260407000958,3,completed,2026-04-07T09:52:19.731490959
SKU_APP_DRESS_306,ORD20260407000959,2,completed,2026-04-07T12:36:10.591518121
SKU_APP_DRESS_307,ORD20260407000960,1,completed,2026-04-07T16:44:08.677442165
SKU_APP_DRESS_308,ORD20260407000961,1,completed,2026-04-07T21:27:00.098232723
SKU_APP_DRESS_309,ORD20260408000962,2,shipped,2026-04-08T01:09:56.208898652
SKU_APP_DRESS_310,ORD20260408000963,3,completed,2026-04-08T06:00:38.450868318
SKU_APP_HOODIE_311,ORD20260408000964,1,completed,2026-04-08T09:50:29.061311544
SKU_APP_HOODIE_312,ORD20260408000965,3,completed,2026-04-08T13:51:58.703179893
SKU_APP_HOODIE_313,ORD20260408000966,2,shipped,2026-04-08T16:12:55.708928404
SKU_APP_HOODIE_314,ORD20260408000967,3,completed,2026-04-08T19:44:35.526734831
SKU_APP_HOODIE_315,ORD20260408000968,3,shipped,2026-04-08T23:27:41.223373403
SKU_APP_JACKET_316,ORD20260409000969,1,completed,2026-04-09T03:38:42.222456486
SKU_APP_JACKET_317,ORD20260409000970,2,completed,2026-04-09T06:06:13.320398847
SKU_APP_JACKET_318,ORD20260409000971,1,shipped,2026-04-09T09:42:29.313504646
SKU_APP_JACKET_319,ORD20260409000972,2,completed,2026-04-09T12:07:21.652519430
SKU_APP_JACKET_320,ORD20260409000973,3,completed,2026-04-09T14:38:45.686895293
SKU_APP_LEGG_321,ORD20260409000974,2,cancelled,2026-04-09T16:19:09.161773378
SKU_APP_SAREE_322,ORD20260409000975,2,completed,2026-04-09T19:09:26.448564679
SKU_APP_SHORTS_323,ORD20260409000976,1,shipped,2026-04-09T23:13:22.825017460
SKU_APP_POLO_324,ORD20260410000977,2,shipped,2026-04-10T02:52:14.684508767
SKU_APP_TOP_325,ORD20260410000978,2,completed,2026-04-10T06:18:18.920145350
SKU_ELEC_PHONE_101,ORD20260410000979,3,completed,2026-04-10T08:21:29.694116562
SKU_ELEC_LAPTOP_102,ORD20260410000980,3,shipped,2026-04-10T10:48:45.680786504
SKU_ELEC_EARBUDS_103,ORD20260410000981,1,completed,2026-04-10T15:01:45.224303686
SKU_ELEC_TV_104,ORD20260410000982,2,completed,2026-04-10T17:38:06.725760938
SKU_ELEC_SMARTWATCH_105,ORD20260410000983,2,completed,2026-04-10T22:28:47.001020982
SKU_ELEC_CAMERA_106,ORD20260411000984,1,cancelled,2026-04-11T02:39:09.222730113
SKU_ELEC_SPEAKER_107,ORD20260411000985,2,shipped,2026-04-11T07:15:53.145959644
SKU_ELEC_TABLET_108,ORD20260411000986,1,completed,2026-04-11T09:43:30.977193413
SKU_ELEC_ROUTER_109,ORD20260411000987,3,completed,2026-04-11T13:48:43.313188704
SKU_ELEC_POWERBANK_110,ORD20260411000988,1,completed,2026-04-11T16:24:55.124533707
SKU_ELEC_KEYBOARD_111,ORD20260411000989,1,cancelled,2026-04-11T18:13:37.371969376
SKU_ELEC_MOUSE_112,ORD20260411000990,2,completed,2026-04-11T21:24:19.223259339
SKU_ELEC_MONITOR_113,ORD20260412000991,1,cancelled,2026-04-12T00:39:25.515715712
SKU_ELEC_PRINTER_114,ORD20260412000992,1,shipped,2026-04-12T05:12:34.955969413
SKU_ELEC_HARDDRIVE_115,ORD20260412000993,2,completed,2026-04-12T09:17:02.469921548
SKU_ELEC_SSD_116,ORD20260412000994,1,shipped,2026-04-12T14:04:30.707143963
SKU_ELEC_DRONE_117,ORD20260412000995,1,completed,2026-04-12T18:31:45.814322241
SKU_ELEC_CONSOLE_118,ORD20260412000996,1,shipped,2026-04-12T22:43:05.744925123
SKU_ELEC_VR_119,ORD20260413000997,1,cancelled,2026-04-13T03:05:17.391499717
SKU_ELEC_PROJECTOR_120,ORD20260413000998,3,completed,2026-04-13T07:13:47.409873175
SKU_ELEC_CABLE_121,ORD20260413000999,2,completed,2026-04-13T09:30:52.255663064
SKU_ELEC_HEADPHONE_122,ORD20260413001000,3,completed,2026-04-13T13:59:27.756575857
SKU_ELEC_MIC_123,ORD20260413001001,3,completed,2026-04-13T18:00:11.359286063
SKU_ELEC_CONTROLLER_124,ORD20260413001002,1,completed,2026-04-13T21:16:44.267054396
SKU_ELEC_DASHCAM_125,ORD20260414001003,1,completed,2026-04-14T00:59:20.113050512
SKU_ELEC_TRIPOD_126,ORD20260414001004,2,completed,2026-04-14T02:57:58.489113683
SKU_ELEC_FLASH_127,ORD20260414001005,2,shipped,2026-04-14T04:40:43.983433250
SKU_ELEC_SMARTBULB_128,ORD20260414001006,1,cancelled,2026-04-14T09:13:33.249430780
SKU_ELEC_SMARTPLUG_129,ORD20260414001007,1,shipped,2026-04-14T13:35:26.597751993
SKU_ELEC_AIRPURIFIER_130,ORD20260414001008,1,completed,2026-04-14T16:47:54.523554530
SKU_ELEC_KINDLE_131,ORD20260414001009,1,completed,2026-04-14T20:59:11.056610411
SKU_ELEC_DRAWINGTAB_132,ORD20260415001010,2,completed,2026-04-15T01:48:30.381952018
SKU_ELEC_WEBCAM_133,ORD20260415001011,3,completed,2026-04-15T06:32:12.160491135
SKU_ELEC_LENS_134,ORD20260415001012,2,completed,2026-04-15T11:07:07.996815661
SKU_ELEC_GIMBAL_135,ORD20260415001013,1,completed,2026-04-15T14:23:41.089397215
SKU_ELEC_SOUNDBAR_136,ORD20260415001014,1,completed,2026-04-15T16:10:56.249151554
SKU_ELEC_DOORBELL_137,ORD20260415001015,1,completed,2026-04-15T18:31:13.988616728
SKU_ELEC_THERMOSTAT_138,ORD20260415001016,1,completed,2026-04-15T22:19:06.924248475
SKU_ELEC_KETTLE_139,ORD20260416001017,1,cancelled,2026-04-16T00:30:21.849096206
SKU_ELEC_BLENDER_140,ORD20260416001018,1,completed,2026-04-16T04:48:53.789903070
SKU_ELEC_SMARTLOCK_141,ORD20260416001019,1,completed,2026-04-16T09:28:13.382576658
SKU_ELEC_ACTIONCAM_142,ORD20260416001020,2,cancelled,2026-04-16T11:16:14.967291055
SKU_ELEC_PORTABLESSD_143,ORD20260416001021,3,completed,2026-04-16T15:10:55.080443653
SKU_ELEC_STREAMSTICK_144,ORD20260416001022,3,completed,2026-04-16T17:50:35.234799257
SKU_ELEC_SMARTSCALE_145,ORD20260416001023,3,shipped,2026-04-16T20:29:21.960888452
SKU_ELEC_BABYMONITOR_146,ORD20260416001024,3,completed,2026-04-16T23:28:34.816806579
SKU_ELEC_CLICKER_147,ORD20260417001025,1,completed,2026-04-17T01:58:26.882399174
SKU_ELEC_DIGITALFRAME_148,ORD20260417001026,2,cancelled,2026-04-17T06:38:41.725453920
SKU_ELEC_GAMINGCHAIR_149,ORD20260417001027,1,completed,2026-04-17T08:58:16.088417914
SKU_ELEC_DESKFAN_150,ORD20260417001028,2,completed,2026-04-17T12:44:27.917285295
SKU_LAP_601,ORD20260417001029,1,completed,2026-04-17T16:48:11.302277169
SKU_LAP_602,ORD20260417001030,2,completed,2026-04-17T20:37:17.602464282
SKU_LAP_603,ORD20260418001031,3,shipped,2026-04-18T00:16:37.735286579
SKU_LAP_604,ORD20260418001032,1,completed,2026-04-18T02:37:38.321941043
SKU_LAP_605,ORD20260418001033,1,completed,2026-04-18T06:04:29.205693963
SKU_LAP_606,ORD20260418001034,2,completed,2026-04-18T07:57:43.200185129
SKU_LAP_607,ORD20260418001035,2,completed,2026-04-18T10:38:47.543194367
SKU_LAP_608,ORD20260418001036,1,completed,2026-04-18T13:55:32.694519386
SKU_LAP_609,ORD20260418001037,1,cancelled,2026-04-18T16:50:52.770066025
SKU_LAP_610,ORD20260418001038,1,completed,2026-04-18T21:02:40.038572688
SKU_EAR_510,ORD20260419001039,1,completed,2026-04-19T01:54:29.338947831
SKU_WATCH_511,ORD20260419001040,1,completed,2026-04-19T04:06:26.168327376
SKU_WATCH_512,ORD20260419001041,2,cancelled,2026-04-19T06:55:18.210352298
SKU_WATCH_513,ORD20260419001042,1,completed,2026-04-19T11:21:40.892830266
SKU_WATCH_514,ORD20260419001043,2,completed,2026-04-19T15:41:19.879084313
SKU_WATCH_515,ORD20260419001044,1,shipped,2026-04-19T19:35:35.888123622
SKU_TV_516,ORD20260419001045,3,cancelled,2026-04-19T21:55:35.702863933
SKU_TV_517,ORD20260420001046,1,completed,2026-04-20T01:35:07.731464999
SKU_TV_518,ORD20260420001047,1,completed,2026-04-20T05:55:07.365426850
SKU_TV_519,ORD20260420001048,2,completed,2026-04-20T09:50:31.686962045
SKU_TV_520,ORD20260420001049,2,cancelled,2026-04-20T13:38:09.592424594
SKU_EAR_506,ORD20260420001050,2,shipped,2026-04-20T17:22:50.120466543
SKU_EAR_507,ORD20260420001051,3,completed,2026-04-20T20:16:19.814056649
SKU_EAR_508,ORD20260420001052,3,completed,2026-04-20T22:39:37.098376262
SKU_EAR_509,ORD20260421001053,2,cancelled,2026-04-21T02:37:54.318217618
SKU_PHONE_501,ORD20260421001054,1,cancelled,2026-04-21T04:59:35.126731072
SKU_PHONE_502,ORD20260421001055,1,cancelled,2026-04-21T09:30:14.633026435
SKU_PHONE_503,ORD20260421001056,3,shipped,2026-04-21T12:20:57.237699497
SKU_PHONE_504,ORD20260421001057,3,completed,2026-04-21T14:53:39.375647345
SKU_PHONE_505,ORD20260421001058,1,cancelled,2026-04-21T19:36:01.661017800
SKU_TAB_1001,ORD20260421001059,1,shipped,2026-04-21T22:28:58.698806908
SKU_TAB_1002,ORD20260422001060,1,completed,2026-04-22T00:37:22.449130231
SKU_TAB_1003,ORD20260422001061,2,shipped,2026-04-22T03:24:44.889825331
SKU_TAB_1004,ORD20260422001062,3,completed,2026-04-22T05:12:27.105006753
SKU_TAB_1005,ORD20260422001063,1,completed,2026-04-22T09:09:23.904521296
SKU_SPK_1006,ORD20260422001064,2,shipped,2026-04-22T12:07:29.714472514
SKU_SPK_1007,ORD20260422001065,2,completed,2026-04-22T14:34:40.494668651
SKU_SPK_1008,ORD20260422001066,1,completed,2026-04-22T18:49:23.068552186
SKU_SPK_1009,ORD20260422001067,1,completed,2026-04-22T21:58:36.393931769
SKU_SPK_1010,ORD20260422001068,3,completed,2026-04-22T23:39:36.848859159
SKU_HEAD_1011,ORD20260423001069,1,completed,2026-04-23T04:13:46.328538983
SKU_HEAD_1012,ORD20260423001070,3,shipped,2026-04-23T07:38:52.229034885
SKU_HEAD_1013,ORD20260423001071,1,completed,2026-04-23T11:07:24.974505775
SKU_HEAD_1014,ORD20260423001072,1,shipped,2026-04-23T14:49:14.511627100
SKU_HEAD_1015,ORD20260423001073,1,completed,2026-04-23T17:43:11.378285214
SKU_CAM_1016,ORD20260423001074,1,cancelled,2026-04-23T21:43:04.557453623
SKU_CAM_1017,ORD20260424001075,1,shipped,2026-04-24T00:21:07.921396832
SKU_CAM_1018,ORD20260424001076,2,completed,2026-04-24T02:39:45.277912959
SKU_CAM_1019,ORD20260424001077,1,completed,2026-04-24T06:02:36.463488356
SKU_CAM_1020,ORD20260424001078,1,completed,2026-04-24T08:33:17.897376398
SKU_PB_1021,ORD20260424001079,1,completed,2026-04-24T11:58:44.598091764
SKU_PB_1022,ORD20260424001080,3,completed,2026-04-24T14:40:54.671782501
SKU_PB_1023,ORD20260424001081,3,completed,2026-04-24T16:46:04.253542168
SKU_PB_1024,ORD20260424001082,3,completed,2026-04-24T20:25:22.712792694
SKU_PB_1025,ORD20260425001083,1,shipped,2026-04-25T00:22:58.918602133
SKU_USB_1201,ORD20260425001084,1,completed,2026-04-25T04:07:27.215499352
SKU_USB_1202,ORD20260425001085,3,completed,2026-04-25T07:02:28.673941427
SKU_HDD_1203,ORD20260425001086,3,completed,2026-04-25T09:22:40.629489467
SKU_HDD_1204,ORD20260425001087,1,completed,2026-04-25T11:02:29.287456796
SKU_SSD_1205,ORD20260425001088,2,completed,2026-04-25T13:10:28.075367918
SKU_MON_1206,ORD20260425001089,2,shipped,2026-04-25T15:43:47.133164258
SKU_MON_1207,ORD20260425001090,3,completed,2026-04-25T18:58:00.883881919
SKU_MON_1208,ORD20260425001091,1,shipped,2026-04-25T22:20:41.388529481
SKU_MON_1209,ORD20260426001092,1,cancelled,2026-04-26T02:09:53.048385431
SKU_MON_1210,ORD20260426001093,1,shipped,2026-04-26T06:55:33.862204264
SKU_KEY_1211,ORD20260426001094,3,completed,2026-04-26T11:34:57.005225293
SKU_KEY_1212,ORD20260426001095,2,cancelled,2026-04-26T15:59:54.367623638
SKU_KEY_1213,ORD20260426001096,2,cancelled,2026-04-26T17:54:29.416672731
SKU_KEY_1214,ORD20260426001097,1,completed,2026-04-26T20:15:47.054507275
SKU_KEY_1215,ORD20260427001098,2,completed,2026-04-27T00:31:45.873819606
SKU_MOU_1216,ORD20260427001099,1,completed,2026-04-27T04:59:42.275467440
SKU_MOU_1217,ORD20260427001100,2,completed,2026-04-27T07:45:37.494821266
SKU_PRN_1218,ORD20260427001101,3,shipped,2026-04-27T10:32:16.549510302
SKU_AC_1219,ORD20260427001102,2,completed,2026-04-27T14:48:50.251724128
SKU_FRG_1220,ORD20260427001103,1,cancelled,2026-04-27T18:05:08.421664703
SKU_FRG_1316,ORD20260427001104,2,completed,2026-04-27T20:02:22.286341963
SKU_FRG_1317,ORD20260428001105,3,shipped,2026-04-28T00:48:45.999311516
SKU_WM_1318,ORD20260428001106,1,shipped,2026-04-28T05:36:57.470576555
SKU_WM_1319,ORD20260428001107,1,completed,2026-04-28T08:54:26.855089913
SKU_WM_1320,ORD20260428001108,2,completed,2026-04-28T12:19:39.661491237
SKU_AC_1311,ORD20260428001109,3,shipped,2026-04-28T17:10:11.368987796
SKU_AC_1312,ORD20260428001110,1,cancelled,2026-04-28T20:52:19.190599575
SKU_AC_1313,ORD20260429001111,1,cancelled,2026-04-29T00:05:03.834185621
SKU_AC_1314,ORD20260429001112,2,cancelled,2026-04-29T03:24:11.205272989
SKU_AC_1315,ORD20260429001113,1,completed,2026-04-29T05:42:50.398206278
SKU_PRN_1306,ORD20260429001114,2,completed,2026-04-29T08:23:32.855288177
SKU_PRN_1307,ORD20260429001115,1,completed,2026-04-29T11:30:32.723176501
SKU_PRN_1308,ORD20260429001116,1,completed,2026-04-29T15:47:15.934912809
SKU_PRN_1309,ORD20260429001117,2,cancelled,2026-04-29T19:32:29.765227182
SKU_PRN_1310,ORD20260429001118,2,completed,2026-04-29T23:33:27.741625216
SKU_MOU_1301,ORD20260430001119,1,completed,2026-04-30T02:33:12.243334486
SKU_MOU_1302,ORD20260430001120,1,completed,2026-04-30T05:51:37.547692010
SKU_MOU_1303,ORD20260430001121,1,completed,2026-04-30T08:22:55.436154338
SKU_MOU_1304,ORD20260430001122,2,cancelled,2026-04-30T10:52:26.982239984
SKU_MOU_1305,ORD20260430001123,3,shipped,2026-04-30T13:10:30.473417681
SKU_JEW_RING_151,ORD20260430001124,1,completed,2026-04-30T17:26:05.655397095
SKU_JEW_NECKLACE_152,ORD20260430001125,1,completed,2026-04-30T19:36:06.717382821
SKU_JEW_EARRING_153,ORD20260430001126,1,completed,2026-04-30T22:10:30.530058949
SKU_JEW_BRACELET_154,ORD20260501001127,2,cancelled,2026-04-01T00:20:47.086858683
SKU_JEW_ANKLET_155,ORD20260501001128,1,completed,2026-04-01T04:16:15.125854306
SKU_JEW_WATCH_156,ORD20260501001129,1,cancelled,2026-04-01T08:12:31.413803865
SKU_JEW_SUNGLASSES_157,ORD20260501001130,3,completed,2026-04-01T10:17:13.771549955
SKU_JEW_HANDBAG_158,ORD20260501001131,3,shipped,2026-04-01T12:50:44.462441731
SKU_JEW_BELT_159,ORD20260501001132,2,shipped,2026-04-01T17:42:03.239876166
SKU_JEW_WALLET_160,ORD20260501001133,3,completed,2026-04-01T20:25:04.211593170
SKU_JEW_HAT_161,ORD20260502001134,1,completed,2026-04-02T00:58:55.157445750
SKU_JEW_SCARF_162,ORD20260502001135,1,completed,2026-04-02T05:29:45.004976198
SKU_JEW_BROOCH_163,ORD20260502001136,1,shipped,2026-04-02T10:07:23.024429440
SKU_JEW_CHAIN_164,ORD20260502001137,1,completed,2026-04-02T12:13:38.755411730
SKU_JEW_TOERING_165,ORD20260502001138,2,completed,2026-04-02T15:13:37.418480474
SKU_JEW_BACKPACK_166,ORD20260502001139,1,completed,2026-04-02T18:01:36.143272311
SKU_JEW_HAIRPIN_167,ORD20260502001140,3,shipped,2026-04-02T20:36:14.655618365
SKU_JEW_CUFFLINK_168,ORD20260502001141,2,cancelled,2026-04-02T22:45:39.572223660
SKU_JEW_KEYCHAIN_169,ORD20260503001142,1,completed,2026-04-03T02:03:21.021069927
SKU_JEW_DUFFEL_170,ORD20260503001143,2,shipped,2026-04-03T05:07:15.063155166
SKU_JEW_PENDANT_171,ORD20260503001144,1,cancelled,2026-04-03T07:44:00.545809572
SKU_JEW_LOCKET_172,ORD20260503001145,1,cancelled,2026-04-03T11:17:40.916915902
SKU_JEW_NOSEPIN_173,ORD20260503001146,3,cancelled,2026-04-03T15:55:08.731321875
SKU_JEW_BANGLES_174,ORD20260503001147,3,cancelled,2026-04-03T19:44:10.029164976
SKU_JEW_TIARA_175,ORD20260503001148,2,completed,2026-04-03T23:02:02.441673158
SKU_JEW_HAIRBAND_176,ORD20260504001149,2,shipped,2026-04-04T03:56:57.940699704
SKU_JEW_HAIRCLIP_177,ORD20260504001150,1,completed,2026-04-04T05:40:17.672192270
SKU_JEW_CARDHOLDER_178,ORD20260504001151,3,shipped,2026-04-04T09:45:30.210681460
SKU_JEW_LUGGAGETAG_179,ORD20260504001152,2,completed,2026-04-04T12:41:31.417062116
SKU_JEW_TRAVELWALLET_180,ORD20260504001153,2,cancelled,2026-04-04T17:26:24.185554020
SKU_JEW_LAPELPIN_181,ORD20260504001154,1,completed,2026-04-04T22:14:41.351934869
SKU_JEW_TIECLIP_182,ORD20260505001155,1,completed,2026-04-05T00:58:49.247249184
SKU_JEW_ARMLET_183,ORD20260505001156,2,cancelled,2026-04-05T02:49:53.756380506
SKU_JEW_WAISTCHAIN_184,ORD20260505001157,1,cancelled,2026-04-05T04:38:10.784491636
SKU_JEW_SCRUNCHIE_185,ORD20260505001158,1,shipped,2026-04-05T06:51:09.481917910
SKU_JEW_POTLIBAG_186,ORD20260505001159,3,completed,2026-04-05T10:39:24.510725580
SKU_JEW_SUNGLASSCHAIN_187,ORD20260505001160,3,completed,2026-04-05T13:45:09.335942491
SKU_JEW_JEWELBOX_188,ORD20260505001161,3,cancelled,2026-04-05T16:01:47.342753670
SKU_JEW_WATCHSTRAP_189,ORD20260505001162,3,completed,2026-04-05T19:54:12.505977447
SKU_JEW_BEADBRACELET_190,ORD20260505001163,1,completed,2026-04-05T22:55:18.048287461
SKU_JEW_GEMRING_191,ORD20260506001164,2,completed,2026-04-06T02:19:18.650647315
SKU_JEW_JEWELROLL_192,ORD20260506001165,1,cancelled,2026-04-06T05:52:18.034337599
SKU_JEW_CHARMKEY_193,ORD20260506001166,3,completed,2026-04-06T10:02:16.833552191
SKU_JEW_BROOCHSET_194,ORD20260506001167,1,completed,2026-04-06T12:15:46.631870554
SKU_JEW_WAISTBELT_195,ORD20260506001168,2,completed,2026-04-06T14:04:40.664225763
SKU_JEW_SOCKS_196,ORD20260506001169,2,completed,2026-04-06T18:06:13.132559977
SKU_JEW_GLOVES_197,ORD20260506001170,2,cancelled,2026-04-06T19:47:01.260284016
SKU_JEW_UMBRELLA_198,ORD20260506001171,3,cancelled,2026-04-06T21:46:05.162106126
SKU_JEW_PHONECHARM_199,ORD20260507001172,1,completed,2026-04-07T01:53:31.777170450
SKU_BRACE_201,ORD20260507001173,1,completed,2026-04-07T06:18:35.465149542
SKU_BRACE_202,ORD20260507001174,3,completed,2026-04-07T10:45:57.733861827
SKU_BRACE_203,ORD20260507001175,3,cancelled,2026-04-07T15:35:51.987557261
SKU_BRACE_204,ORD20260507001176,1,completed,2026-04-07T17:43:01.980668690
SKU_BRACE_205,ORD20260507001177,1,completed,2026-04-07T22:33:26.352916423
SKU_WATCH_206,ORD20260508001178,1,shipped,2026-04-08T00:57:40.080926239
SKU_WATCH_207,ORD20260508001179,3,completed,2026-04-08T03:52:52.949081919
SKU_WATCH_208,ORD20260508001180,1,completed,2026-04-08T08:43:35.792299657
SKU_WATCH_209,ORD20260508001181,1,completed,2026-04-08T10:27:48.466709560
SKU_WATCH_210,ORD20260508001182,1,completed,2026-04-08T12:13:23.957222747
SKU_BAG_211,ORD20260508001183,1,cancelled,2026-04-08T14:54:47.199490241
SKU_BAG_212,ORD20260508001184,1,completed,2026-04-08T19:37:50.073247085
SKU_BAG_213,ORD20260509001185,3,completed,2026-04-09T00:07:55.357162955
SKU_BAG_214,ORD20260509001186,3,cancelled,2026-04-09T03:06:08.696549441
SKU_BAG_215,ORD20260509001187,3,cancelled,2026-04-09T05:25:45.573453045
SKU_WAL_216,ORD20260509001188,3,shipped,2026-04-09T08:45:02.222014411
SKU_WAL_217,ORD20260509001189,1,completed,2026-04-09T11:02:59.515272469
SKU_WAL_218,ORD20260509001190,1,completed,2026-04-09T13:45:58.194567900
SKU_WAL_219,ORD20260509001191,3,shipped,2026-04-09T17:43:32.724059264
SKU_WAL_220,ORD20260509001192,3,completed,2026-04-09T19:44:40.328257932
SKU_RING_101,ORD20260509001193,3,completed,2026-04-09T23:53:50.682372542
SKU_RING_102,ORD20260510001194,1,shipped,2026-04-10T03:05:53.774063038
SKU_RING_103,ORD20260510001195,3,completed,2026-04-10T06:36:54.737504503
SKU_RING_104,ORD20260510001196,2,shipped,2026-04-10T09:24:08.947897012
SKU_RING_105,ORD20260510001197,1,cancelled,2026-04-10T12:05:49.664562485
SKU_NECK_106,ORD20260510001198,2,completed,2026-04-10T16:32:26.745384998
SKU_NECK_107,ORD20260510001199,2,shipped,2026-04-10T20:34:31.629319269
SKU_NECK_108,ORD20260510001200,1,completed,2026-04-10T23:13:00.771153238
SKU_NECK_109,ORD20260511001201,3,shipped,2026-04-11T01:57:20.319624706
SKU_NECK_110,ORD20260511001202,1,shipped,2026-04-11T04:21:53.156309688
SKU_EAR_111,ORD20260511001203,1,completed,2026-04-11T06:55:40.961152834
SKU_EAR_112,ORD20260511001204,3,cancelled,2026-04-11T11:01:40.264686628
SKU_EAR_113,ORD20260511001205,3,shipped,2026-04-11T15:54:34.575936623
SKU_EAR_114,ORD20260511001206,1,shipped,2026-04-11T20:04:11.588297744
SKU_EAR_115,ORD20260511001207,3,completed,2026-04-11T21:47:53.122856240
SKU_ANK_301,ORD20260512001208,3,shipped,2026-04-12T02:10:06.756085973
SKU_ANK_302,ORD20260512001209,3,cancelled,2026-04-12T05:47:43.478385613
SKU_ANK_303,ORD20260512001210,1,completed,2026-04-12T07:57:42.568795005
SKU_ANK_304,ORD20260512001211,3,cancelled,2026-04-12T12:40:42.824317797
SKU_ANK_305,ORD20260512001212,1,cancelled,2026-04-12T17:30:53.091719420
SKU_HAIR_306,ORD20260512001213,3,completed,2026-04-12T20:13:59.053468356
SKU_HAIR_307,ORD20260512001214,3,completed,2026-04-12T22:09:29.236280807
SKU_HAIR_308,ORD20260512001215,3,completed,2026-04-12T23:52:44.316479727
SKU_HAIR_309,ORD20260513001216,3,cancelled,2026-04-13T04:16:30.620883699
SKU_HAIR_310,ORD20260513001217,1,completed,2026-04-13T08:45:49.867531095
SKU_SUN_311,ORD20260513001218,3,completed,2026-04-13T11:09:53.805963908
SKU_SUN_312,ORD20260513001219,2,completed,2026-04-13T15:50:00.339342504
SKU_SUN_313,ORD20260513001220,1,completed,2026-04-13T20:01:31.013786339
SKU_SUN_314,ORD20260513001221,1,shipped,2026-04-13T22:26:41.998037410
SKU_SUN_315,ORD20260514001222,2,shipped,2026-04-14T00:44:04.622376291
SKU_PHA_PARACETAMOL_001,ORD20260514001223,1,completed,2026-04-14T04:09:41.260821571
SKU_PHA_IBUPROFEN_002,ORD20260514001224,1,shipped,2026-04-14T08:41:05.648804130
SKU_PHA_ANTACID_003,ORD20260514001225,1,shipped,2026-04-14T11:01:48.555705864
SKU_PHA_COUGH_004,ORD20260514001226,1,completed,2026-04-14T14:20:12.437550900
SKU_PHA_VITC_005,ORD20260514001227,2,completed,2026-04-14T18:25:33.084194197
SKU_PHA_MULTIVIT_006,ORD20260514001228,1,completed,2026-04-14T22:44:29.646059223
SKU_PHA_BANDAGE_007,ORD20260515001229,3,completed,2026-04-15T00:48:25.131025799
SKU_PHA_SANITIZER_008,ORD20260515001230,1,shipped,2026-04-15T02:45:08.540546607
SKU_PHA_THERMOMETER_009,ORD20260515001231,1,cancelled,2026-04-15T05:18:20.278385704
SKU_PHA_GLUCOSE_010,ORD20260515001232,1,completed,2026-04-15T09:22:59.500022014
SKU_PHA_B12_011,ORD20260515001233,1,completed,2026-04-15T12:05:20.090244101
SKU_PHA_DIGENE_012,ORD20260515001234,1,completed,2026-04-15T15:06:17.033475732
SKU_PHA_VITD_013,ORD20260515001235,2,cancelled,2026-04-15T19:13:54.560758269
SKU_PHA_GASRELIEF_014,ORD20260515001236,2,shipped,2026-04-15T23:06:20.140380248
SKU_PHA_ANTIFUNGAL_015,ORD20260516001237,2,cancelled,2026-04-16T00:49:04.203086403
SKU_PHA_ANTIBIOTIC_016,ORD20260516001238,2,completed,2026-04-16T02:55:23.810424962
SKU_PHA_ALLERGY_017,ORD20260516001239,3,cancelled,2026-04-16T07:13:25.473379160
SKU_PHA_BETADINE_018,ORD20260516001240,1,completed,2026-04-16T10:53:06.295630248
SKU_PHA_INSULIN_019,ORD20260516001241,1,completed,2026-04-16T14:20:09.069437003
SKU_PHA_VITAMINC_020,ORD20260516001242,1,cancelled,2026-04-16T18:51:05.239675238
SKU_PHA_CALCIUM_021,ORD20260516001243,1,cancelled,2026-04-16T21:49:07.865854349
SKU_PHA_IRON_022,ORD20260517001244,1,cancelled,2026-04-17T01:07:04.717880454
SKU_PHA_ZINC_023,ORD20260517001245,2,shipped,2026-04-17T05:19:23.655380309
SKU_PHA_ORAL_024,ORD20260517001246,3,shipped,2026-04-17T09:44:55.154479270
SKU_PHA_LOZENGE_025,ORD20260517001247,1,shipped,2026-04-17T12:13:13.642137052
SKU_PHA_ELECTROLYTE_026,ORD20260517001248,1,completed,2026-04-17T16:06:19.664719511
SKU_PHA_INHALER_027,ORD20260517001249,1,cancelled,2026-04-17T20:25:13.034755737
SKU_PHA_OINTMENT_028,ORD20260517001250,2,completed,2026-04-17T23:46:01.010125743
SKU_PHA_GLUCOMETER_029,ORD20260518001251,1,completed,2026-04-18T04:40:30.329782965
SKU_PHA_BP_030,ORD20260518001252,1,cancelled,2026-04-18T08:49:43.681304170
SKU_PHA_PAINSPRAY_031,ORD20260518001253,3,completed,2026-04-18T12:33:19.627394273
SKU_PHA_COOLGEL_032,ORD20260518001254,2,completed,2026-04-18T17:23:02.541999414
SKU_PHA_COLDTAB_033,ORD20260518001255,1,completed,2026-04-18T21:51:39.118908347
SKU_PHA_DIGESTIVE_034,ORD20260519001256,1,completed,2026-04-19T02:30:29.171743494
SKU_PHA_PROBIOTIC_035,ORD20260519001257,1,completed,2026-04-19T04:54:12.864124941
SKU_PHA_CALAMINE_036,ORD20260519001258,3,cancelled,2026-04-19T07:40:10.790298418
SKU_PHA_LIVER_037,ORD20260519001259,1,completed,2026-04-19T12:11:38.012747420
SKU_PHA_STEAM_038,ORD20260519001260,1,completed,2026-04-19T14:44:46.239923414
SKU_PHA_MASK_039,ORD20260519001261,2,completed,2026-04-19T17:55:51.021678487
SKU_PHA_VAPORUB_040,ORD20260519001262,2,completed,2026-04-19T19:49:59.297023534
SKU_PHA_PROTEIN_041,ORD20260519001263,1,completed,2026-04-19T23:05:11.452243126
SKU_PHA_VITAMINK2_042,ORD20260520001264,3,cancelled,2026-04-20T02:03:14.145141836
SKU_PHA_MAGNESIUM_043,ORD20260520001265,1,completed,2026-04-20T05:49:25.550286797
SKU_PHA_PROTEINBAR_044,ORD20260520001266,1,cancelled,2026-04-20T10:39:39.401484926
SKU_PHA_COLLAGEN_045,ORD20260520001267,1,cancelled,2026-04-20T14:57:36.396330736
SKU_PHA_BANDAGEKIT_046,ORD20260520001268,1,completed,2026-04-20T16:41:22.153731527
SKU_PHA_HEATINGPAD_047,ORD20260520001269,3,completed,2026-04-20T18:50:18.684554282
SKU_PHA_PULSE_048,ORD20260520001270,3,completed,2026-04-20T23:41:58.700475492
SKU_PHA_MASSAGER_049,ORD20260521001271,3,cancelled,2026-04-21T01:50:14.938371197
SKU_PHA_STRETCH_050,ORD20260521001272,1,shipped,2026-04-21T04:53:47.718705526
SKU_PHA_PARACETAMOL_101,ORD20260521001273,1,completed,2026-04-21T07:46:17.241639969
SKU_PHA_ASPIRIN_102,ORD20260521001274,2,shipped,2026-04-21T10:35:18.174492152
SKU_PHA_CETIRIZINE_103,ORD20260521001275,1,completed,2026-04-21T14:45:11.596854015
SKU_PHA_PANTOP_104,ORD20260521001276,3,completed,2026-04-21T18:42:00.744814138
SKU_PHA_METFORMIN_105,ORD20260521001277,3,cancelled,2026-04-21T20:21:58.542788878
SKU_PHA_OMEGA_106,ORD20260521001278,3,cancelled,2026-04-21T23:12:04.437625265
SKU_PHA_BIOTIN_107,ORD20260522001279,2,completed,2026-04-22T00:53:47.928844216
SKU_PHA_ASHWAGANDHA_108,ORD20260522001280,3,completed,2026-04-22T05:01:07.425796552
SKU_PHA_GINSENG_109,ORD20260522001281,2,cancelled,2026-04-22T07:57:53.205026769
SKU_PHA_CURCUMIN_110,ORD20260522001282,3,cancelled,2026-04-22T12:46:43.654441463
SKU_PHA_WEIGHT_111,ORD20260522001283,1,shipped,2026-04-22T14:33:01.291363433
SKU_PHA_NEBULIZER_112,ORD20260522001284,2,completed,2026-04-22T18:21:01.589590887
SKU_PHA_FITNESS_113,ORD20260522001285,3,shipped,2026-04-22T22:52:10.430478485
SKU_PHA_MASSAGER_114,ORD20260523001286,3,completed,2026-04-23T02:15:41.202483451
SKU_PHA_HEART_115,ORD20260523001287,3,cancelled,2026-04-23T06:28:35.440860397
SKU_PHA_ORAL_REHYD_301,ORD20260523001288,3,cancelled,2026-04-23T08:38:01.111692246
SKU_PHA_PROBIOTIC_302,ORD20260523001289,1,completed,2026-04-23T11:35:31.773882414
SKU_PHA_ANTACID_303,ORD20260523001290,1,cancelled,2026-04-23T15:35:20.420219659
SKU_PHA_COUGHLOZ_304,ORD20260523001291,1,completed,2026-04-23T19:03:56.783985162
SKU_PHA_INSULIN_305,ORD20260523001292,1,completed,2026-04-23T22:24:42.165298697
SKU_PHA_BP_MONITOR_306,ORD20260524001293,1,completed,2026-04-24T00:05:42.891425437
SKU_PHA_GLUCO_307,ORD20260524001294,1,completed,2026-04-24T04:07:09.744316424
SKU_PHA_PULSE_308,ORD20260524001295,2,completed,2026-04-24T06:03:28.294486185
SKU_PHA_PROTEIN_309,ORD20260524001296,1,completed,2026-04-24T10:49:46.304374857
SKU_PHA_ELECTROLYTE_310,ORD20260524001297,1,completed,2026-04-24T13:02:58.706959670
SKU_LIP_301,ORD20260524001298,1,shipped,2026-04-24T15:41:21.155166152
SKU_LIP_302,ORD20260524001299,1,completed,2026-04-24T17:26:12.345017781
SKU_LIP_303,ORD20260524001300,2,completed,2026-04-24T21:00:15.952632561
SKU_LIP_304,ORD20260524001301,2,completed,2026-04-24T22:43:34.407756530
SKU_LIP_305,ORD20260525001302,1,completed,2026-04-25T03:34:25.730174785
SKU_TAB_401,ORD20260525001303,1,shipped,2026-04-25T06:15:02.785411791
SKU_TAB_402,ORD20260525001304,1,cancelled,2026-04-25T09:12:52.060717790
SKU_TAB_403,ORD20260525001305,2,completed,2026-04-25T12:32:25.774930257
SKU_TAB_404,ORD20260525001306,2,completed,2026-04-25T14:32:18.124711620
SKU_MOU_401,ORD20260525001307,3,completed,2026-04-25T16:14:23.529608657
SKU_MOU_402,ORD20260525001308,3,completed,2026-04-25T20:49:56.833644928
SKU_MOU_403,ORD20260526001309,3,cancelled,2026-04-26T01:16:15.025373059
SKU_WATCH_411,ORD20260526001310,3,completed,2026-04-26T02:57:21.024807522
SKU_WATCH_412,ORD20260526001311,3,completed,2026-04-26T06:16:02.267174511
SKU_WATCH_413,ORD20260526001312,2,cancelled,2026-04-26T07:56:25.331817303
SKU_WATCH_414,ORD20260526001313,2,cancelled,2026-04-26T11:43:31.058024008
SKU_WATCH_415,ORD20260526001314,1,completed,2026-04-26T14:21:44.977537807
SKU_BAG_416,ORD20260526001315,1,completed,2026-04-26T16:33:03.341116744
SKU_BAG_417,ORD20260526001316,2,cancelled,2026-04-26T21:13:49.626020983
SKU_BAG_418,ORD20260527001317,2,completed,2026-04-27T01:08:25.435718312
SKU_BAG_419,ORD20260527001318,3,completed,2026-04-27T05:44:34.270353259
SKU_BAG_420,ORD20260527001319,1,cancelled,2026-04-27T08:09:58.741238243
SKU_TAB_421,ORD20260527001320,1,completed,2026-04-27T10:00:47.894564230
SKU_TAB_422,ORD20260527001321,3,completed,2026-04-27T12:08:02.848649976
SKU_TAB_423,ORD20260527001322,2,shipped,2026-04-27T15:28:03.907101211
SKU_TAB_424,ORD20260527001323,2,completed,2026-04-27T19:45:46.933497249
SKU_TAB_425,ORD20260528001324,3,completed,2026-04-28T00:20:05.693360729
SKU_MIN_SERUM_501,ORD20260528001325,1,completed,2026-04-28T05:09:37.339307790
SKU_MIN_SERUM_502,ORD20260528001326,1,completed,2026-04-28T08:34:28.536592560
SKU_MIN_SERUM_503,ORD20260528001327,2,cancelled,2026-04-28T11:17:57.614356112
SKU_MIN_SERUM_504,ORD20260528001328,2,completed,2026-04-28T14:00:29.340786550
SKU_MIN_MOIST_505,ORD20260528001329,1,shipped,2026-04-28T15:39:41.994047440
SKU_MIN_MOIST_506,ORD20260528001330,2,shipped,2026-04-28T17:54:50.673584401
SKU_MIN_TONER_507,ORD20260528001331,1,cancelled,2026-04-28T20:00:11.839017945
SKU_MIN_FW_508,ORD20260529001332,1,completed,2026-04-29T00:51:53.282848520
SKU_MIN_SUN_509,ORD20260529001333,1,completed,2026-04-29T04:53:10.221253538
SKU_CB_701,ORD20260529001334,1,shipped,2026-04-29T07:59:17.876685167
SKU_CB_702,ORD20260529001335,1,shipped,2026-04-29T09:43:57.427742376
SKU_CB_703,ORD20260529001336,2,completed,2026-04-29T13:52:59.662295816
SKU_HB_704,ORD20260529001337,1,completed,2026-04-29T17:31:44.445596149
SKU_HB_705,ORD20260529001338,2,shipped,2026-04-29T21:19:38.607778457
SKU_HB_706,ORD20260530001339,3,cancelled,2026-04-30T00:41:18.415950954
SKU_AN_707,ORD20260530001340,3,completed,2026-04-30T03:21:53.056285143
SKU_AN_708,ORD20260530001341,2,cancelled,2026-04-30T07:04:52.107943749
SKU_TF_709,ORD20260530001342,1,cancelled,2026-04-30T11:40:52.833798729
SKU_TF_710,ORD20260530001343,2,completed,2026-04-30T15:39:09.450416718
SKU_CH_711,ORD20260530001344,3,shipped,2026-04-30T19:19:11.883920132
SKU_DHC_713,ORD20260530001345,1,completed,2026-04-30T21:55:12.132658893
SKU_OPI_714,ORD20260531001346,1,cancelled,2026-04-31T00:25:21.454723857
SKU_NYX_715,ORD20260531001347,1,completed,2026-04-31T03:27:59.295751908
SKU_LU_716,ORD20260531001348,1,completed,2026-04-31T06:13:36.590770293
SKU_VL_717,ORD20260531001349,1,shipped,2026-04-31T10:28:28.807775221
SKU_AS_801,ORD20260531001350,1,shipped,2026-04-31T12:56:13.152345915
SKU_AS_802,ORD20260531001351,1,cancelled,2026-04-31T14:58:46.213947730
SKU_VH_803,ORD20260531001352,2,completed,2026-04-31T17:44:18.630843440
SKU_VH_804,ORD20260531001353,2,completed,2026-04-31T21:19:43.646440786
SKU_GD_805,ORD20260601001354,1,completed,2026-04-01T01:40:40.966494839
SKU_GD_806,ORD20260601001355,1,shipped,2026-04-01T04:30:08.306583920
SKU_AU_807,ORD20260601001356,3,completed,2026-04-01T06:35:36.516824502
SKU_AU_808,ORD20260601001357,2,shipped,2026-04-01T08:34:21.715098216
SKU_CO_809,ORD20260601001358,2,cancelled,2026-04-01T10:31:54.638844515
SKU_CO_810,ORD20260601001359,2,completed,2026-04-01T14:14:46.234164191
SKU_BQ_901,ORD20260601001360,2,completed,2026-04-01T16:15:37.240248151
SKU_BQ_902,ORD20260601001361,1,completed,2026-04-01T18:03:50.196010168
SKU_WA_903,ORD20260601001362,1,shipped,2026-04-01T20:10:42.954769341
SKU_WA_904,ORD20260601001363,2,cancelled,2026-04-01T22:51:01.861840707
SKU_RO_905,ORD20260602001364,1,completed,2026-04-02T02:30:04.622828891
SKU_RO_906,ORD20260602001365,2,cancelled,2026-04-02T04:10:32.323645839
SKU_NX_907,ORD20260602001366,3,shipped,2026-04-02T07:11:47.289752623
SKU_NX_908,ORD20260602001367,3,completed,2026-04-02T09:54:25.326759400
SKU_KS_909,ORD20260602001368,2,shipped,2026-04-02T11:59:57.075977289
SKU_KS_910,ORD20260602001369,2,completed,2026-04-02T15:33:01.653918651
SKU_AM_901,ORD20260602001370,1,shipped,2026-04-02T17:55:27.674380150
SKU_AM_902,ORD20260602001371,2,completed,2026-04-02T22:18:27.557731011
SKU_AM_903,ORD20260603001372,3,shipped,2026-04-03T00:27:01.803007947
SKU_BS_904,ORD20260603001373,1,completed,2026-04-03T02:44:14.177550401
SKU_BS_905,ORD20260603001374,2,shipped,2026-04-03T05:26:00.032454766
SKU_BS_906,ORD20260603001375,2,completed,2026-04-03T09:28:25.148665338
SKU_MB_907,ORD20260603001376,1,completed,2026-04-03T13:30:29.186673712
SKU_MB_908,ORD20260603001377,1,shipped,2026-04-03T16:22:24.764548854
SKU_MB_909,ORD20260603001378,1,cancelled,2026-04-03T20:44:52.676585689
SKU_DA_901,ORD20260603001379,3,completed,2026-04-03T23:43:58.450528990
SKU_DA_902,ORD20260604001380,2,completed,2026-04-04T02:14:44.412926196
SKU_EN_903,ORD20260604001381,1,shipped,2026-04-04T03:57:17.317857154
SKU_EN_904,ORD20260604001382,2,cancelled,2026-04-04T05:46:21.876073810
SKU_SS_905,ORD20260604001383,3,completed,2026-04-04T10:13:57.813082603
SKU_SS_906,ORD20260604001384,3,completed,2026-04-04T14:39:15.648264227
SKU_FU_907,ORD20260604001385,2,completed,2026-04-04T18:32:07.623734932
SKU_FU_908,ORD20260604001386,1,cancelled,2026-04-04T20:58:17.755748970
SKU_LP_901,ORD20260604001387,1,shipped,2026-04-04T23:11:32.915326590
SKU_LP_902,ORD20260605001388,2,shipped,2026-04-05T02:57:38.038356066
SKU_LP_903,ORD20260605001389,1,cancelled,2026-04-05T05:46:52.640256518
SKU_LP_904,ORD20260605001390,1,completed,2026-04-05T07:56:48.226892860
SKU_LP_905,ORD20260605001391,2,completed,2026-04-05T11:17:34.370493365
SKU_FC_906,ORD20260605001392,3,completed,2026-04-05T14:02:43.517582262
SKU_FC_907,ORD20260605001393,1,completed,2026-04-05T16:14:03.488452423
SKU_FC_908,ORD20260605001394,1,completed,2026-04-05T18:18:14.492684692
SKU_FC_909,ORD20260605001395,1,cancelled,2026-04-05T20:53:54.659097053
SKU_FC_910,ORD20260606001396,1,completed,2026-04-06T00:08:32.584009715
SKU_ET_911,ORD20260606001397,1,shipped,2026-04-06T02:27:12.400800722
SKU_ET_912,ORD20260606001398,3,cancelled,2026-04-06T06:28:51.258132960
SKU_ET_913,ORD20260606001399,1,cancelled,2026-04-06T10:34:08.538891679
SKU_ET_914,ORD20260606001400,1,completed,2026-04-06T13:31:13.392828774
SKU_ET_915,ORD20260606001401,2,completed,2026-04-06T18:08:07.108003798
SKU_ST_916,ORD20260606001402,3,shipped,2026-04-06T20:39:14.352213654
SKU_ST_917,ORD20260607001403,2,cancelled,2026-04-07T00:58:03.735121229
SKU_ST_918,ORD20260607001404,2,completed,2026-04-07T04:02:18.326959304
SKU_ST_919,ORD20260607001405,1,shipped,2026-04-07T06:09:12.180011833
SKU_ST_920,ORD20260607001406,3,completed,2026-04-07T09:09:19.459166530
SKU_MIC_1001,ORD20260607001407,2,cancelled,2026-04-07T11:50:04.003374887
SKU_LIGHT_1002,ORD20260607001408,2,cancelled,2026-04-07T16:21:13.014589519
SKU_STAND_1003,ORD20260607001409,1,cancelled,2026-04-07T18:42:55.253722085
SKU_GP_1004,ORD20260607001410,3,completed,2026-04-07T21:00:39.874952502
SKU_GP_1005,ORD20260607001411,1,completed,2026-04-07T23:52:53.935804932
SKU_INH_1001,ORD20260608001412,1,completed,2026-04-08T01:44:00.181467238
SKU_INH_1002,ORD20260608001413,1,completed,2026-04-08T04:56:04.016790734
SKU_INH_1003,ORD20260608001414,2,completed,2026-04-08T07:29:28.832633646
SKU_INH_1004,ORD20260608001415,1,completed,2026-04-08T10:13:01.188549089
SKU_INH_1005,ORD20260608001416,1,completed,2026-04-08T13:39:07.010290257
SKU_NEB_1006,ORD20260608001417,1,shipped,2026-04-08T18:32:05.284793979
SKU_NEB_1007,ORD20260608001418,2,completed,2026-04-08T20:42:53.606162795
SKU_NEB_1008,ORD20260609001419,1,shipped,2026-04-09T01:34:28.982816065
SKU_NEB_1009,ORD20260609001420,2,completed,2026-04-09T06:26:58.653025083
SKU_NEB_1010,ORD20260609001421,3,shipped,2026-04-09T11:07:10.062808710
SKU_HP_1011,ORD20260609001422,2,completed,2026-04-09T13:04:08.150105685
SKU_HP_1012,ORD20260609001423,2,completed,2026-04-09T16:27:28.677479138
SKU_HP_1013,ORD20260609001424,3,completed,2026-04-09T19:12:35.810322619
SKU_HP_1014,ORD20260609001425,1,completed,2026-04-09T22:37:47.789376913
SKU_HP_1015,ORD20260610001426,1,shipped,2026-04-10T01:47:22.746936237
SKU_JOG_1001,ORD20260610001427,1,completed,2026-04-10T05:15:07.921279492
SKU_JOG_1002,ORD20260610001428,3,completed,2026-04-10T09:49:13.439738066
SKU_JOG_1003,ORD20260610001429,3,completed,2026-04-10T11:49:54.039416534
SKU_JOG_1004,ORD20260610001430,1,completed,2026-04-10T14:03:24.849485234
SKU_KAF_1005,ORD20260610001431,3,completed,2026-04-10T16:46:08.765901930
SKU_KAF_1006,ORD20260610001432,3,completed,2026-04-10T19:47:23.007644998
SKU_KAF_1007,ORD20260610001433,1,completed,2026-04-10T22:25:34.698295278
SKU_KAF_1008,ORD20260611001434,2,shipped,2026-04-11T01:38:02.248173241
SKU_NS_1009,ORD20260611001435,1,completed,2026-04-11T05:49:44.495046648
SKU_NS_1010,ORD20260611001436,1,completed,2026-04-11T09:59:49.457105888
SKU_NS_1011,ORD20260611001437,1,completed,2026-04-11T12:47:13.783715401
SKU_NS_1012,ORD20260611001438,1,cancelled,2026-04-11T17:16:51.848241649
SKU_000001,ORD20260611001439,3,completed,2026-04-11T20:03:52.002375575
SKU_000002,ORD20260611001440,2,completed,2026-04-11T22:49:55.564376756
SKU_000003,ORD20260612001441,1,completed,2026-04-12T02:08:11.324085852
SKU_000004,ORD20260612001442,1,shipped,2026-04-12T07:01:12.546850285
SKU_000005,ORD20260612001443,1,completed,2026-04-12T11:31:57.035922662
SKU_000006,ORD20260612001444,1,completed,2026-04-12T15:24:31.677339998
SKU_000007,ORD20260612001445,2,cancelled,2026-04-12T20:09:24.379949157
SKU_000008,ORD20260613001446,1,cancelled,2026-04-13T00:59:33.604885928
SKU_000009,ORD20260613001447,1,cancelled,2026-04-13T05:51:53.311720701
SKU_000010,ORD20260613001448,2,completed,2026-04-13T08:44:26.074522539
SKU_000011,ORD20260613001449,1,shipped,2026-04-13T11:03:45.883047638
SKU_000012,ORD20260613001450,1,completed,2026-04-13T14:28:53.129461007
SKU_000013,ORD20260613001451,1,completed,2026-04-13T18:35:12.803094248
SKU_000014,ORD20260613001452,1,shipped,2026-04-13T21:19:23.255053338
SKU_000015,ORD20260614001453,1,completed,2026-04-14T01:55:45.930599706
SKU_000016,ORD20260614001454,1,completed,2026-04-14T04:14:21.233727735
SKU_000017,ORD20260614001455,1,completed,2026-04-14T07:58:14.598905252
SKU_000018,ORD20260614001456,2,completed,2026-04-14T10:36:12.801826578
SKU_000019,ORD20260614001457,1,shipped,2026-04-14T13:11:19.807912566
SKU_000020,ORD20260614001458,1,completed,2026-04-14T15:00:22.389199083
SKU_000021,ORD20260614001459,3,completed,2026-04-14T17:03:22.705093996
SKU_000022,ORD20260614001460,1,completed,2026-04-14T19:17:20.908476762
SKU_000023,ORD20260614001461,1,completed,2026-04-14T22:19:35.342905003
SKU_000024,ORD20260615001462,1,cancelled,2026-04-15T02:25:15.000596657
SKU_000025,ORD20260615001463,2,completed,2026-04-15T06:02:13.570359874
SKU_000026,ORD20260615001464,2,completed,2026-04-15T10:55:53.530393328
SKU_000027,ORD20260615001465,2,cancelled,2026-04-15T13:59:24.118111856
SKU_000028,ORD20260615001466,1,completed,2026-04-15T16:43:50.854495218
SKU_000029,ORD20260615001467,2,completed,2026-04-15T18:54:42.980297190
SKU_000030,ORD20260615001468,2,cancelled,2026-04-15T21:11:01.545291614
SKU_000031,ORD20260615001469,1,completed,2026-04-15T22:49:32.556403675
SKU_000032,ORD20260616001470,1,completed,2026-04-16T02:04:26.642035574
SKU_000033,ORD20260616001471,2,completed,2026-04-16T04:46:38.958269722
SKU_000034,ORD20260616001472,3,completed,2026-04-16T08:35:53.399566453
SKU_000035,ORD20260616001473,2,completed,2026-04-16T13:11:20.604269
SKU_000036,ORD20260616001474,1,completed,2026-04-16T15:41:55.786329359
SKU_000037,ORD20260616001475,3,completed,2026-04-16T18:08:24.121322061
SKU_000038,ORD20260616001476,2,shipped,2026-04-16T22:25:46.403967864
SKU_000039,ORD20260617001477,1,cancelled,2026-04-17T00:17:44.795972348
SKU_000040,ORD20260617001478,2,completed,2026-04-17T02:30:21.534503968
SKU_000041,ORD20260617001479,1,shipped,2026-04-17T06:16:58.893251988
SKU_000042,ORD20260617001480,2,completed,2026-04-17T08:01:40.767882248
SKU_000043,ORD20260617001481,2,completed,2026-04-17T12:25:02.608821519
SKU_000044,ORD20260617001482,2,completed,2026-04-17T14:12:58.803266696
SKU_000045,ORD20260617001483,1,completed,2026-04-17T17:38:22.920553880
SKU_000046,ORD20260617001484,2,cancelled,2026-04-17T21:51:34.340292928
SKU_000047,ORD20260618001485,1,completed,2026-04-18T01:12:22.949203030
SKU_000048,ORD20260618001486,2,shipped,2026-04-18T04:33:04.513233192
SKU_000049,ORD20260618001487,1,cancelled,2026-04-18T06:35:33.428578556
SKU_000050,ORD20260618001488,2,completed,2026-04-18T10:34:32.863306841
SKU_000051,ORD20260618001489,2,cancelled,2026-04-18T12:52:42.424462365
SKU_000052,ORD20260618001490,1,cancelled,2026-04-18T17:18:02.247337063
SKU_000053,ORD20260618001491,1,completed,2026-04-18T19:54:35.260357846
SKU_000054,ORD20260618001492,1,completed,2026-04-18T22:13:58.608873917
SKU_000055,ORD20260619001493,1,shipped,2026-04-19T01:50:02.038423476
SKU_000056,ORD20260619001494,1,shipped,2026-04-19T04:23:01.561776400
SKU_000057,ORD20260619001495,3,cancelled,2026-04-19T07:56:53.417249718
SKU_000058,ORD20260619001496,2,completed,2026-04-19T10:29:24.645094767
SKU_000059,ORD20260619001497,1,cancelled,2026-04-19T15:09:36.298918112
SKU_000060,ORD20260619001498,1,completed,2026-04-19T19:34:32.443944639
SKU_000061,ORD20260619001499,1,shipped,2026-04-19T21:40:19.625683409
SKU_000062,ORD20260619001500,1,completed,2026-04-19T23:51:15.935273946
SKU_000063,ORD20260620001501,1,completed,2026-04-20T02:59:56.938786466
SKU_000064,ORD20260620001502,2,completed,2026-04-20T05:50:32.365728630
SKU_000065,ORD20260620001503,1,shipped,2026-04-20T09:05:11.835415096
SKU_000066,ORD20260620001504,2,shipped,2026-04-20T12:17:21.096844072
SKU_000067,ORD20260620001505,2,cancelled,2026-04-20T15:27:22.842477862
SKU_000068,ORD20260620001506,3,completed,2026-04-20T17:24:39.368884112
SKU_000069,ORD20260620001507,2,completed,2026-04-20T20:48:30.470366364
SKU_000070,ORD20260620001508,3,completed,2026-04-20T23:05:01.985981039
SKU_000071,ORD20260621001509,1,completed,2026-04-21T02:13:55.152989648
SKU_000072,ORD20260621001510,1,cancelled,2026-04-21T06:04:16.120441464
SKU_000073,ORD20260621001511,1,completed,2026-04-21T09:23:26.928536454
SKU_000074,ORD20260621001512,1,cancelled,2026-04-21T11:11:08.330247551
SKU_000075,ORD20260621001513,3,completed,2026-04-21T13:01:59.883497139
SKU_000076,ORD20260621001514,1,cancelled,2026-04-21T14:53:48.606662134
SKU_000077,ORD20260621001515,1,cancelled,2026-04-21T16:36:01.235053197
SKU_000078,ORD20260621001516,3,completed,2026-04-21T19:55:08.467658702
SKU_000079,ORD20260621001517,1,shipped,2026-04-21T22:07:57.748588493
SKU_000080,ORD20260622001518,2,shipped,2026-04-22T00:40:17.318979027
SKU_000081,ORD20260622001519,1,cancelled,2026-04-22T03:09:08.145535141
SKU_000082,ORD20260622001520,3,cancelled,2026-04-22T06:34:53.998303727
SKU_000083,ORD20260622001521,1,completed,2026-04-22T09:57:20.958384631
SKU_000084,ORD20260622001522,1,completed,2026-04-22T11:51:59.876884427
SKU_000085,ORD20260622001523,1,completed,2026-04-22T16:16:55.105966321
SKU_000086,ORD20260622001524,1,cancelled,2026-04-22T19:36:45.408866150
SKU_000087,ORD20260622001525,1,cancelled,2026-04-22T22:23:15.423957513
SKU_000088,ORD20260623001526,1,completed,2026-04-23T02:55:31.034664589
SKU_000089,ORD20260623001527,1,completed,2026-04-23T07:04:25.285486384
SKU_000090,ORD20260623001528,3,shipped,2026-04-23T11:26:29.049087352
SKU_000091,ORD20260623001529,3,completed,2026-04-23T14:06:22.904024470
SKU_000092,ORD20260623001530,2,shipped,2026-04-23T16:27:56.743305643
SKU_000093,ORD20260623001531,1,completed,2026-04-23T21:08:15.844963211
SKU_000094,ORD20260624001532,3,shipped,2026-04-24T02:00:04.644056951
SKU_000095,ORD20260624001533,2,completed,2026-04-24T04:32:01.456729084
SKU_000096,ORD20260624001534,2,completed,2026-04-24T07:01:12.373438259
SKU_000097,ORD20260624001535,1,cancelled,2026-04-24T09:39:46.837584119
SKU_000098,ORD20260624001536,1,cancelled,2026-04-24T12:58:07.232727683
SKU_000099,ORD20260624001537,3,completed,2026-04-24T16:07:28.138697280
SKU_000100,ORD20260624001538,3,completed,2026-04-24T17:52:27.362397776
SKU_000101,ORD20260624001539,3,completed,2026-04-24T20:30:03.865439279
SKU_000102,ORD20260624001540,3,completed,2026-04-24T23:35:00.314262814
SKU_000103,ORD20260625001541,3,completed,2026-04-25T02:30:39.119703958
SKU_000104,ORD20260625001542,3,cancelled,2026-04-25T05:54:01.411744987
SKU_000105,ORD20260625001543,1,completed,2026-04-25T07:38:42.175896794
SKU_000106,ORD20260625001544,3,shipped,2026-04-25T11:08:43.336788946
SKU_000107,ORD20260625001545,1,completed,2026-04-25T13:42:50.354873960
SKU_000108,ORD20260625001546,2,cancelled,2026-04-25T18:21:27.125399889
SKU_000109,ORD20260625001547,2,completed,2026-04-25T21:32:08.826937085
SKU_000110,ORD20260626001548,1,cancelled,2026-04-26T00:52:48.637207114
SKU_000111,ORD20260626001549,1,cancelled,2026-04-26T03:22:47.623026697
SKU_000112,ORD20260626001550,1,cancelled,2026-04-26T06:40:22.864214187
SKU_000113,ORD20260626001551,1,completed,2026-04-26T08:20:41.864782259
SKU_000114,ORD20260626001552,1,cancelled,2026-04-26T10:18:00.312638049
SKU_000115,ORD20260626001553,2,completed,2026-04-26T14:08:56.493198344
SKU_000116,ORD20260626001554,1,cancelled,2026-04-26T17:08:26.476148655
SKU_000117,ORD20260626001555,1,completed,2026-04-26T20:26:45.877296044
SKU_000118,ORD20260627001556,1,completed,2026-04-27T00:05:15.339082970
SKU_000119,ORD20260627001557,3,completed,2026-04-27T02:50:33.649169803
SKU_000120,ORD20260627001558,2,completed,2026-04-27T05:35:57.709504507
SKU_000121,ORD20260627001559,1,completed,2026-04-27T08:00:48.383676354
SKU_000122,ORD20260627001560,2,shipped,2026-04-27T12:52:34.948646186
SKU_000123,ORD20260627001561,2,shipped,2026-04-27T16:59:13.470427910
SKU_000124,ORD20260627001562,1,shipped,2026-04-27T19:36:29.736304257
SKU_000125,ORD20260627001563,1,completed,2026-04-27T21:39:44.282014386
SKU_000126,ORD20260628001564,3,completed,2026-04-28T01:27:21.093103615
SKU_000127,ORD20260628001565,3,completed,2026-04-28T03:07:47.460871048
SKU_000128,ORD20260628001566,1,completed,2026-04-28T05:33:42.254795085
SKU_000129,ORD20260628001567,3,completed,2026-04-28T08:15:55.801225125
SKU_000130,ORD20260628001568,1,completed,2026-04-28T12:15:05.612610039
SKU_000131,ORD20260628001569,2,completed,2026-04-28T14:27:00.983026058
SKU_000132,ORD20260628001570,2,cancelled,2026-04-28T16:47:26.456801335
SKU_000133,ORD20260628001571,2,shipped,2026-04-28T19:14:41.892479067
SKU_000134,ORD20260628001572,1,completed,2026-04-28T22:15:26.847027067
SKU_000135,ORD20260629001573,1,completed,2026-04-29T00:36:08.391020948
SKU_000136,ORD20260629001574,1,shipped,2026-04-29T03:22:31.252027971
SKU_000137,ORD20260629001575,2,completed,2026-04-29T05:52:38.096903096
SKU_000138,ORD20260629001576,1,shipped,2026-04-29T10:29:56.881433870
SKU_000139,ORD20260629001577,3,shipped,2026-04-29T14:23:43.571446643
SKU_000140,ORD20260629001578,1,cancelled,2026-04-29T17:53:57.379184018
SKU_000141,ORD20260629001579,1,completed,2026-04-29T21:03:28.895627342
SKU_000142,ORD20260630001580,2,shipped,2026-04-30T01:20:07.630136736
SKU_000143,ORD20260630001581,2,completed,2026-04-30T04:22:17.324646718
SKU_000144,ORD20260630001582,1,cancelled,2026-04-30T06:28:38.372148559
SKU_000145,ORD20260630001583,2,shipped,2026-04-30T11:12:41.784108791
SKU_000146,ORD20260630001584,1,shipped,2026-04-30T16:05:00.318749757
SKU_000147,ORD20260630001585,1,completed,2026-04-30T18:15:40.599459126
SKU_000148,ORD20260630001586,3,completed,2026-04-30T23:06:18.059246298
SKU_000149,ORD20260701001587,1,completed,2026-04-01T03:01:14.719016022
SKU_000150,ORD20260701001588,3,shipped,2026-04-01T05:49:36.089548907
SKU_000151,ORD20260701001589,2,shipped,2026-04-01T07:57:21.889493003
SKU_000152,ORD20260701001590,1,cancelled,2026-04-01T10:43:20.241865425
SKU_000153,ORD20260701001591,1,cancelled,2026-04-01T13:45:47.288555997
SKU_000154,ORD20260701001592,1,completed,2026-04-01T16:25:52.102689011
SKU_000155,ORD20260701001593,1,cancelled,2026-04-01T20:56:50.631911617
SKU_000156,ORD20260702001594,1,completed,2026-04-02T01:35:56.205718326
SKU_000157,ORD20260702001595,1,completed,2026-04-02T05:02:46.648269711
SKU_000158,ORD20260702001596,3,completed,2026-04-02T08:35:45.163796417
SKU_000159,ORD20260702001597,3,completed,2026-04-02T11:37:52.039819809
SKU_000160,ORD20260702001598,2,completed,2026-04-02T15:34:25.498509589
SKU_000161,ORD20260702001599,2,completed,2026-04-02T18:47:47.599228954
SKU_000162,ORD20260702001600,1,completed,2026-04-02T22:05:27.976698228
SKU_000163,ORD20260703001601,3,completed,2026-04-03T02:48:33.349501364
SKU_000164,ORD20260703001602,1,completed,2026-04-03T05:25:55.690927978
SKU_000165,ORD20260703001603,3,completed,2026-04-03T09:30:48.969903034
SKU_000166,ORD20260703001604,2,cancelled,2026-04-03T14:16:42.494270240
SKU_000167,ORD20260703001605,2,shipped,2026-04-03T17:11:53.246353718
SKU_000168,ORD20260703001606,3,cancelled,2026-04-03T19:31:33.955133609
SKU_000169,ORD20260703001607,1,completed,2026-04-03T22:40:50.502092421
SKU_000170,ORD20260704001608,3,completed,2026-04-04T01:32:45.965441666
SKU_000171,ORD20260704001609,2,completed,2026-04-04T05:10:30.725642133
SKU_000172,ORD20260704001610,1,completed,2026-04-04T09:45:36.748612399
SKU_000173,ORD20260704001611,3,completed,2026-04-04T12:53:55.472878678
SKU_000174,ORD20260704001612,3,completed,2026-04-04T17:33:00.695735005
SKU_000175,ORD20260704001613,3,completed,2026-04-04T20:46:08.133097255
SKU_000176,ORD20260705001614,1,completed,2026-04-05T01:41:13.916142226
SKU_000177,ORD20260705001615,2,shipped,2026-04-05T05:11:41.563273535
SKU_000178,ORD20260705001616,3,completed,2026-04-05T09:12:37.812741332
SKU_000179,ORD20260705001617,1,completed,2026-04-05T12:31:28.976564959
SKU_000180,ORD20260705001618,1,completed,2026-04-05T17:05:48.566795145
SKU_000181,ORD20260705001619,1,completed,2026-04-05T19:57:50.417241617
SKU_000182,ORD20260705001620,2,cancelled,2026-04-05T22:00:42.508515612
SKU_000183,ORD20260706001621,3,completed,2026-04-06T01:11:18.690887355
SKU_000184,ORD20260706001622,1,cancelled,2026-04-06T04:32:59.356282585
SKU_000185,ORD20260706001623,2,completed,2026-04-06T08:46:39.950077376
SKU_000186,ORD20260706001624,1,completed,2026-04-06T12:46:56.795426483
SKU_000187,ORD20260706001625,2,shipped,2026-04-06T17:32:58.664960410
SKU_000188,ORD20260706001626,1,completed,2026-04-06T21:47:33.855178143
SKU_000189,ORD20260707001627,1,shipped,2026-04-07T00:56:33.755082256
SKU_000190,ORD20260707001628,1,completed,2026-04-07T04:19:55.321811867
SKU_000191,ORD20260707001629,2,cancelled,2026-04-07T07:35:11.631980360
SKU_000192,ORD20260707001630,1,shipped,2026-04-07T10:05:59.301186907
SKU_000193,ORD20260707001631,1,completed,2026-04-07T14:23:44.946806922
SKU_000194,ORD20260707001632,1,completed,2026-04-07T17:31:36.027350779
SKU_000195,ORD20260707001633,1,shipped,2026-04-07T22:26:37.206294469
SKU_000196,ORD20260708001634,1,completed,2026-04-08T02:35:32.743827214
SKU_000197,ORD20260708001635,1,shipped,2026-04-08T04:45:22.490345053
SKU_000198,ORD20260708001636,2,cancelled,2026-04-08T08:12:13.030948456
SKU_000199,ORD20260708001637,3,cancelled,2026-04-08T09:54:33.584269927
SKU_000200,ORD20260708001638,3,completed,2026-04-08T12:22:27.076076536
SKU_000201,ORD20260708001639,1,cancelled,2026-04-08T15:11:18.682960770
SKU_000202,ORD20260708001640,1,completed,2026-04-08T18:49:40.662616320
SKU_000203,ORD20260708001641,3,shipped,2026-04-08T23:02:54.739327939
SKU_000204,ORD20260709001642,3,completed,2026-04-09T01:09:04.855735434
SKU_000205,ORD20260709001643,3,completed,2026-04-09T05:10:53.207275588
SKU_000206,ORD20260709001644,1,completed,2026-04-09T08:42:08.375602941
SKU_000207,ORD20260709001645,2,completed,2026-04-09T11:25:57.200080935
SKU_000208,ORD20260709001646,1,completed,2026-04-09T15:48:49.366007979
SKU_000209,ORD20260709001647,1,cancelled,2026-04-09T17:41:03.316528820
SKU_000210,ORD20260709001648,2,completed,2026-04-09T19:53:51.658378514
SKU_000211,ORD20260709001649,1,completed,2026-04-09T21:33:32.469477278
SKU_000212,ORD20260710001650,3,completed,2026-04-10T01:45:02.486624125
SKU_000213,ORD20260710001651,3,cancelled,2026-04-10T03:31:59.898294331
SKU_000214,ORD20260710001652,2,completed,2026-04-10T07:28:43.164975783
SKU_000215,ORD20260710001653,2,cancelled,2026-04-10T10:52:48.798077124
SKU_000216,ORD20260710001654,3,completed,2026-04-10T15:08:54.025934246
SKU_000217,ORD20260710001655,3,completed,2026-04-10T17:46:01.087996579
SKU_000218,ORD20260710001656,3,cancelled,2026-04-10T20:42:00.475843123
SKU_000219,ORD20260710001657,1,completed,2026-04-10T23:51:41.252813814
SKU_000220,ORD20260711001658,2,completed,2026-04-11T03:22:38.629115725
SKU_000221,ORD20260711001659,2,completed,2026-04-11T06:07:32.735140812
SKU_000222,ORD20260711001660,1,completed,2026-04-11T09:02:05.481088927
SKU_000223,ORD20260711001661,2,completed,2026-04-11T12:42:25.281026693
SKU_000224,ORD20260711001662,2,cancelled,2026-04-11T15:54:36.080737683
SKU_000225,ORD20260711001663,1,completed,2026-04-11T18:37:33.953966085
SKU_000226,ORD20260711001664,2,completed,2026-04-11T21:09:28.550644674
SKU_000227,ORD20260712001665,1,shipped,2026-04-12T00:59:24.612485229
SKU_000228,ORD20260712001666,1,completed,2026-04-12T05:10:23.394702346
SKU_000229,ORD20260712001667,3,completed,2026-04-12T09:08:02.036873083
SKU_000230,ORD20260712001668,1,completed,2026-04-12T12:24:06.218932935
SKU_000231,ORD20260712001669,1,completed,2026-04-12T15:48:30.091599245
SKU_000232,ORD20260712001670,1,completed,2026-04-12T18:16:30.252509825
SKU_000233,ORD20260712001671,1,completed,2026-04-12T22:55:09.115339295
SKU_000234,ORD20260713001672,3,completed,2026-04-13T02:33:37.220497539
SKU_000235,ORD20260713001673,1,completed,2026-04-13T06:53:46.881087998
SKU_000236,ORD20260713001674,3,completed,2026-04-13T08:42:09.939982259
SKU_000237,ORD20260713001675,2,completed,2026-04-13T11:22:13.964887718
SKU_000238,ORD20260713001676,1,cancelled,2026-04-13T13:36:38.585894943
SKU_000239,ORD20260713001677,1,completed,2026-04-13T16:37:23.628541388
SKU_000240,ORD20260713001678,3,shipped,2026-04-13T20:22:36.857833202
SKU_000241,ORD20260713001679,1,completed,2026-04-13T22:37:07.331699570
SKU_000242,ORD20260714001680,3,completed,2026-04-14T01:46:18.139810370
SKU_000243,ORD20260714001681,1,shipped,2026-04-14T06:13:42.490607239
SKU_000244,ORD20260714001682,3,completed,2026-04-14T09:04:55.107724812
SKU_000245,ORD20260714001683,3,completed,2026-04-14T13:44:01.364204082
SKU_000246,ORD20260714001684,3,completed,2026-04-14T17:14:17.432591635
SKU_000247,ORD20260714001685,2,cancelled,2026-04-14T21:54:32.388916562
SKU_000248,ORD20260715001686,2,shipped,2026-04-15T01:45:44.909672833
SKU_000249,ORD20260715001687,1,completed,2026-04-15T04:37:26.074937114
SKU_000250,ORD20260715001688,1,completed,2026-04-15T06:44:05.290290309
SKU_000251,ORD20260715001689,1,shipped,2026-04-15T09:38:35.941459742
SKU_000252,ORD20260715001690,1,completed,2026-04-15T13:18:29.393891797
SKU_000253,ORD20260715001691,2,completed,2026-04-15T17:08:57.525386988
SKU_000254,ORD20260715001692,3,completed,2026-04-15T19:57:02.375181693
SKU_000255,ORD20260716001693,1,shipped,2026-04-16T00:14:01.075782159
SKU_000256,ORD20260716001694,2,completed,2026-04-16T03:52:26.988739540
SKU_000257,ORD20260716001695,1,shipped,2026-04-16T06:10:57.334369131
SKU_000258,ORD20260716001696,2,completed,2026-04-16T10:03:15.415427491
SKU_000259,ORD20260716001697,1,completed,2026-04-16T13:29:56.968553518
SKU_000260,ORD20260716001698,2,cancelled,2026-04-16T17:56:41.712822600
SKU_000261,ORD20260716001699,1,completed,2026-04-16T20:41:25.688591331
SKU_000262,ORD20260716001700,3,completed,2026-04-16T22:21:46.631817617
SKU_000263,ORD20260717001701,1,completed,2026-04-17T01:39:23.707637193
SKU_000264,ORD20260717001702,1,cancelled,2026-04-17T05:45:58.123369585
SKU_000265,ORD20260717001703,2,completed,2026-04-17T09:35:04.170766646
SKU_000266,ORD20260717001704,1,completed,2026-04-17T12:53:17.659521527
SKU_000267,ORD20260717001705,1,shipped,2026-04-17T17:28:31.692570506
SKU_000268,ORD20260717001706,1,completed,2026-04-17T21:24:27.232300240
SKU_000269,ORD20260718001707,3,completed,2026-04-18T01:38:54.010082381
SKU_000270,ORD20260718001708,3,completed,2026-04-18T04:28:04.137481982
SKU_000271,ORD20260718001709,1,shipped,2026-04-18T09:12:01.424868729
SKU_000272,ORD20260718001710,1,completed,2026-04-18T11:17:45.772277052
SKU_000273,ORD20260718001711,2,completed,2026-04-18T16:10:45.898903544
SKU_000274,ORD20260718001712,2,completed,2026-04-18T20:44:05.649470352
SKU_000275,ORD20260718001713,2,completed,2026-04-18T22:49:44.258879699
SKU_000276,ORD20260719001714,3,shipped,2026-04-19T00:48:56.937842961
SKU_000277,ORD20260719001715,1,completed,2026-04-19T03:50:15.252970611
SKU_000278,ORD20260719001716,1,completed,2026-04-19T07:13:02.055553652
SKU_000279,ORD20260719001717,1,completed,2026-04-19T10:04:41.791191093
SKU_000280,ORD20260719001718,3,completed,2026-04-19T13:53:49.090010225
SKU_000281,ORD20260719001719,1,shipped,2026-04-19T17:58:32.348642316
SKU_000282,ORD20260719001720,2,completed,2026-04-19T19:57:06.576494387
SKU_000283,ORD20260719001721,1,completed,2026-04-19T22:40:30.176481694
SKU_000284,ORD20260720001722,1,completed,2026-04-20T00:22:40.395746848
SKU_000285,ORD20260720001723,1,completed,2026-04-20T02:27:20.802046421
SKU_000286,ORD20260720001724,2,completed,2026-04-20T05:35:11.857850859
SKU_000287,ORD20260720001725,2,completed,2026-04-20T07:53:02.022616967
SKU_000288,ORD20260720001726,1,shipped,2026-04-20T12:06:24.994801123
SKU_000289,ORD20260720001727,1,cancelled,2026-04-20T14:46:39.447107489
SKU_000290,ORD20260720001728,3,completed,2026-04-20T17:37:15.093527576
SKU_000291,ORD20260720001729,3,shipped,2026-04-20T19:53:30.904074638
SKU_000292,ORD20260721001730,2,completed,2026-04-21T00:28:53.952772840
SKU_000293,ORD20260721001731,1,completed,2026-04-21T02:50:14.231764264
SKU_000294,ORD20260721001732,1,completed,2026-04-21T06:41:29.844377655
SKU_000295,ORD20260721001733,2,completed,2026-04-21T09:35:13.415196063
SKU_000296,ORD20260721001734,2,cancelled,2026-04-21T13:08:36.959748330
SKU_000297,ORD20260721001735,1,cancelled,2026-04-21T17:10:04.378334447
SKU_000298,ORD20260721001736,2,completed,2026-04-21T20:11:20.443806049
SKU_000299,ORD20260722001737,1,shipped,2026-04-22T00:22:58.504692042
SKU_000300,ORD20260722001738,1,completed,2026-04-22T03:54:26.438126794
SKU_000301,ORD20260722001739,3,shipped,2026-04-22T08:28:46.960380723
SKU_000302,ORD20260722001740,1,completed,2026-04-22T12:21:19.708527230
SKU_000303,ORD20260722001741,3,completed,2026-04-22T16:11:47.245241365
SKU_000304,ORD20260722001742,1,completed,2026-04-22T19:44:18.835484653
SKU_000305,ORD20260722001743,2,completed,2026-04-22T23:00:16.828974459
SKU_000306,ORD20260723001744,1,cancelled,2026-04-23T01:07:34.151789170
SKU_000307,ORD20260723001745,2,completed,2026-04-23T04:49:58.151010393
SKU_000308,ORD20260723001746,3,completed,2026-04-23T06:41:20.901168233
SKU_000309,ORD20260723001747,2,completed,2026-04-23T10:04:18.531208683
SKU_000310,ORD20260723001748,1,completed,2026-04-23T12:31:30.500357402
SKU_000311,ORD20260723001749,3,completed,2026-04-23T15:30:18.501388642
SKU_000312,ORD20260723001750,1,shipped,2026-04-23T18:56:13.967644235
SKU_000313,ORD20260723001751,2,completed,2026-04-23T22:22:40.323414092
SKU_000314,ORD20260724001752,2,completed,2026-04-24T02:28:27.039291978
SKU_000315,ORD20260724001753,3,cancelled,2026-04-24T06:24:19.454296349
SKU_000316,ORD20260724001754,1,completed,2026-04-24T09:21:19.563550257
SKU_000317,ORD20260724001755,3,completed,2026-04-24T13:13:30.155990110
SKU_000318,ORD20260724001756,1,completed,2026-04-24T16:41:45.220991719
SKU_000319,ORD20260724001757,2,completed,2026-04-24T19:00:04.101723389
SKU_000320,ORD20260724001758,3,cancelled,2026-04-24T23:39:16.407420399
SKU_000321,ORD20260725001759,2,completed,2026-04-25T02:09:01.853961333
SKU_000322,ORD20260725001760,1,completed,2026-04-25T03:51:42.382086928
SKU_000323,ORD20260725001761,2,shipped,2026-04-25T05:38:17.230840981
SKU_000324,ORD20260725001762,3,shipped,2026-04-25T09:36:53.442966630
SKU_000325,ORD20260725001763,3,completed,2026-04-25T13:32:07.823985040
SKU_000326,ORD20260725001764,1,completed,2026-04-25T17:41:25.197865623
SKU_000327,ORD20260725001765,3,completed,2026-04-25T22:35:54.171548830
SKU_000328,ORD20260726001766,1,shipped,2026-04-26T01:22:06.419968764
SKU_000329,ORD20260726001767,1,cancelled,2026-04-26T03:03:46.477900608
SKU_000330,ORD20260726001768,3,cancelled,2026-04-26T05:55:38.456966466
SKU_000331,ORD20260726001769,1,completed,2026-04-26T08:06:47.590224268
SKU_000332,ORD20260726001770,2,completed,2026-04-26T10:15:22.253790503
SKU_000333,ORD20260726001771,2,shipped,2026-04-26T11:56:44.659332798
SKU_000334,ORD20260726001772,1,completed,2026-04-26T14:14:43.343211175
SKU_000335,ORD20260726001773,1,completed,2026-04-26T18:36:38.499807394
SKU_000336,ORD20260726001774,1,completed,2026-04-26T20:44:14.216270383
SKU_000337,ORD20260726001775,2,completed,2026-04-26T23:13:24.412661817
SKU_000338,ORD20260727001776,2,cancelled,2026-04-27T01:23:01.067978422
SKU_000339,ORD20260727001777,2,completed,2026-04-27T06:08:24.274488022
SKU_000340,ORD20260727001778,1,completed,2026-04-27T07:52:11.541539353
SKU_000341,ORD20260727001779,1,cancelled,2026-04-27T12:11:46.953507350
SKU_000342,ORD20260727001780,1,completed,2026-04-27T17:05:15.495473086
SKU_000343,ORD20260727001781,1,completed,2026-04-27T19:02:53.014019181
SKU_000344,ORD20260727001782,2,cancelled,2026-04-27T20:51:32.020956159
SKU_000345,ORD20260728001783,1,cancelled,2026-04-28T00:02:01.609835877
SKU_000346,ORD20260728001784,1,shipped,2026-04-28T02:37:20.994646668
SKU_000347,ORD20260728001785,2,shipped,2026-04-28T04:48:21.076354014
SKU_000348,ORD20260728001786,1,completed,2026-04-28T08:59:19.849753912
SKU_000349,ORD20260728001787,1,shipped,2026-04-28T13:13:26.260906879
SKU_000350,ORD20260728001788,1,shipped,2026-04-28T16:36:14.757179226
SKU_000351,ORD20260728001789,1,cancelled,2026-04-28T20:09:43.319604764
SKU_000352,ORD20260728001790,1,completed,2026-04-28T23:58:55.984458010
SKU_000353,ORD20260729001791,1,shipped,2026-04-29T03:50:25.210136603
SKU_000354,ORD20260729001792,1,completed,2026-04-29T07:36:14.224925644
SKU_000355,ORD20260729001793,1,shipped,2026-04-29T11:19:57.144689316
SKU_000356,ORD20260729001794,2,completed,2026-04-29T13:11:01.941133362
SKU_000357,ORD20260729001795,2,completed,2026-04-29T17:47:26.318282523
SKU_000358,ORD20260729001796,2,cancelled,2026-04-29T21:03:28.442840209
SKU_000359,ORD20260729001797,3,completed,2026-04-29T23:26:37.082606745
SKU_000360,ORD20260730001798,2,completed,2026-04-30T02:42:38.898048435
SKU_000361,ORD20260730001799,1,shipped,2026-04-30T04:21:06.879881433
SKU_000362,ORD20260730001800,1,completed,2026-04-30T06:54:44.141376489
SKU_000363,ORD20260730001801,1,completed,2026-04-30T11:11:25.673474254
SKU_000364,ORD20260730001802,1,completed,2026-04-30T13:17:21.354931458
SKU_000365,ORD20260730001803,1,completed,2026-04-30T16:38:15.530438371
SKU_000366,ORD20260730001804,1,completed,2026-04-30T18:28:00.738887182
SKU_000367,ORD20260730001805,1,shipped,2026-04-30T20:28:19.631157888
SKU_000368,ORD20260730001806,3,cancelled,2026-04-30T22:41:39.843088704
SKU_000369,ORD20260731001807,1,shipped,2026-04-31T00:38:35.248716973
SKU_000370,ORD20260731001808,1,shipped,2026-04-31T04:53:50.890741113
SKU_000371,ORD20260731001809,3,cancelled,2026-04-31T09:44:05.390001852
SKU_000372,ORD20260731001810,2,completed,2026-04-31T11:52:39.938601288
SKU_000373,ORD20260731001811,1,completed,2026-04-31T14:58:40.926370179
SKU_000374,ORD20260731001812,3,cancelled,2026-04-31T18:18:22.073425818
SKU_000375,ORD20260731001813,2,completed,2026-04-31T22:29:03.062219785
SKU_000376,ORD20260801001814,3,cancelled,2026-04-01T02:17:57.457652375
SKU_000377,ORD20260801001815,1,completed,2026-04-01T07:05:56.403717034
SKU_000378,ORD20260801001816,2,completed,2026-04-01T08:49:13.179807824
SKU_000379,ORD20260801001817,3,completed,2026-04-01T13:32:10.564800818
SKU_000380,ORD20260801001818,1,cancelled,2026-04-01T15:34:33.399091967
SKU_000381,ORD20260801001819,1,completed,2026-04-01T19:43:10.246075266
SKU_000382,ORD20260801001820,3,completed,2026-04-01T23:42:36.658140968
SKU_000383,ORD20260802001821,1,completed,2026-04-02T02:32:35.119062639
SKU_000384,ORD20260802001822,3,completed,2026-04-02T07:09:12.984489698
SKU_000385,ORD20260802001823,1,completed,2026-04-02T11:12:10.541943307
SKU_000386,ORD20260802001824,1,completed,2026-04-02T13:21:07.483282047
SKU_000387,ORD20260802001825,3,shipped,2026-04-02T15:28:48.738549456
SKU_000388,ORD20260802001826,3,completed,2026-04-02T17:25:04.105170359
SKU_000389,ORD20260802001827,1,completed,2026-04-02T19:11:08.069744975
SKU_000390,ORD20260802001828,1,cancelled,2026-04-02T22:15:21.820736003
SKU_000391,ORD20260803001829,1,completed,2026-04-03T00:46:44.047663886
SKU_000392,ORD20260803001830,3,completed,2026-04-03T05:36:32.585161537
SKU_000393,ORD20260803001831,1,completed,2026-04-03T09:17:48.100184281
SKU_000394,ORD20260803001832,1,completed,2026-04-03T13:59:44.279885589
SKU_000395,ORD20260803001833,1,completed,2026-04-03T18:41:31.867088607
SKU_000396,ORD20260803001834,1,completed,2026-04-03T22:30:54.511501710
SKU_000397,ORD20260804001835,3,completed,2026-04-04T01:51:47.502220727
SKU_000398,ORD20260804001836,1,completed,2026-04-04T04:36:13.876139653
SKU_000399,ORD20260804001837,2,completed,2026-04-04T07:42:02.224231786
SKU_000400,ORD20260804001838,1,completed,2026-04-04T12:36:04.678236207
SKU_000401,ORD20260804001839,1,shipped,2026-04-04T15:38:39.736616868
SKU_000402,ORD20260804001840,2,cancelled,2026-04-04T19:14:33.928802252
SKU_000403,ORD20260804001841,2,cancelled,2026-04-04T22:04:43.551699600
SKU_000404,ORD20260805001842,1,cancelled,2026-04-05T00:18:00.141950806
SKU_000405,ORD20260805001843,1,completed,2026-04-05T04:24:51.206793070
SKU_000406,ORD20260805001844,1,completed,2026-04-05T07:49:39.410006298
SKU_000407,ORD20260805001845,1,completed,2026-04-05T09:40:58.832107526
SKU_000408,ORD20260805001846,1,cancelled,2026-04-05T13:10:03.191671974
SKU_000409,ORD20260805001847,2,completed,2026-04-05T15:30:37.296507431
SKU_000410,ORD20260805001848,1,completed,2026-04-05T19:29:13.440976865
SKU_000411,ORD20260805001849,1,cancelled,2026-04-05T23:14:27.936659442
SKU_000412,ORD20260806001850,1,completed,2026-04-06T02:37:31.765814758
SKU_000413,ORD20260806001851,2,completed,2026-04-06T06:54:16.055544506
SKU_000414,ORD20260806001852,1,completed,2026-04-06T11:31:01.786411787
SKU_000415,ORD20260806001853,1,shipped,2026-04-06T14:12:57.777532487
SKU_000416,ORD20260806001854,2,cancelled,2026-04-06T17:45:38.338501045
SKU_000417,ORD20260806001855,1,completed,2026-04-06T19:58:19.282903602
SKU_000418,ORD20260806001856,1,completed,2026-04-06T23:18:08.700170008
SKU_000419,ORD20260807001857,1,completed,2026-04-07T01:26:47.498449938
SKU_000420,ORD20260807001858,1,completed,2026-04-07T04:26:45.956673558
SKU_000421,ORD20260807001859,2,completed,2026-04-07T06:11:01.750101423
SKU_000422,ORD20260807001860,3,completed,2026-04-07T11:01:31.502546773
SKU_000423,ORD20260807001861,3,shipped,2026-04-07T14:19:10.837293036
SKU_000424,ORD20260807001862,1,cancelled,2026-04-07T18:55:46.984845415
SKU_000425,ORD20260807001863,3,completed,2026-04-07T21:34:05.244080274
SKU_000426,ORD20260808001864,1,cancelled,2026-04-08T01:08:43.970330765
SKU_000427,ORD20260808001865,3,completed,2026-04-08T03:32:26.384210053
SKU_000428,ORD20260808001866,2,completed,2026-04-08T07:18:41.707684704
SKU_000429,ORD20260808001867,1,completed,2026-04-08T09:07:33.942330180
SKU_000430,ORD20260808001868,2,cancelled,2026-04-08T11:40:41.269143276
SKU_000431,ORD20260808001869,1,completed,2026-04-08T16:28:09.870294021
SKU_000432,ORD20260808001870,1,shipped,2026-04-08T21:16:36.031689325
SKU_000433,ORD20260808001871,1,completed,2026-04-08T23:25:19.356355667
SKU_000434,ORD20260809001872,3,completed,2026-04-09T01:53:57.370595449
SKU_000435,ORD20260809001873,2,cancelled,2026-04-09T03:58:02.575016787
SKU_000436,ORD20260809001874,3,cancelled,2026-04-09T07:18:22.806504190
SKU_000437,ORD20260809001875,2,completed,2026-04-09T10:29:56.137494149
SKU_000438,ORD20260809001876,1,completed,2026-04-09T13:10:40.798351634
SKU_000439,ORD20260809001877,1,completed,2026-04-09T17:56:15.739075105
SKU_000440,ORD20260809001878,3,shipped,2026-04-09T19:58:18.279034702
SKU_000441,ORD20260809001879,2,shipped,2026-04-09T23:17:07.390402495
SKU_000442,ORD20260810001880,3,completed,2026-04-10T04:01:29.460849333
SKU_000443,ORD20260810001881,3,cancelled,2026-04-10T06:07:35.775719186
SKU_000444,ORD20260810001882,1,cancelled,2026-04-10T08:41:50.707168838
SKU_000445,ORD20260810001883,1,completed,2026-04-10T13:00:46.552546236
SKU_000446,ORD20260810001884,3,completed,2026-04-10T14:59:31.974969641
SKU_000447,ORD20260810001885,2,completed,2026-04-10T17:48:15.457126604
SKU_000448,ORD20260810001886,3,completed,2026-04-10T20:05:30.174651287
SKU_000449,ORD20260810001887,2,completed,2026-04-10T22:04:40.837936409
SKU_000450,ORD20260811001888,1,completed,2026-04-11T02:27:54.555430930
SKU_000451,ORD20260811001889,1,cancelled,2026-04-11T04:23:57.685953928
SKU_000452,ORD20260811001890,1,completed,2026-04-11T06:09:29.728710584
SKU_000453,ORD20260811001891,1,completed,2026-04-11T09:26:20.064157874
SKU_000454,ORD20260811001892,2,completed,2026-04-11T13:04:56.765663777
SKU_000455,ORD20260811001893,1,completed,2026-04-11T15:57:05.201190066
SKU_000456,ORD20260811001894,1,shipped,2026-04-11T18:29:18.833412470
SKU_000457,ORD20260811001895,2,completed,2026-04-11T23:21:11.635280299
SKU_000458,ORD20260812001896,1,completed,2026-04-12T02:08:14.308906016
SKU_000459,ORD20260812001897,3,completed,2026-04-12T06:41:07.571666348
SKU_000460,ORD20260812001898,1,cancelled,2026-04-12T10:35:30.999138823
SKU_000461,ORD20260812001899,1,completed,2026-04-12T13:51:25.496670361
SKU_000462,ORD20260812001900,1,shipped,2026-04-12T16:21:35.067633836
SKU_000463,ORD20260812001901,3,completed,2026-04-12T20:59:43.896074336
SKU_000464,ORD20260813001902,1,cancelled,2026-04-13T01:13:58.586679239
SKU_000465,ORD20260813001903,2,cancelled,2026-04-13T03:02:43.171593849
SKU_000466,ORD20260813001904,3,completed,2026-04-13T04:43:00.813720778
SKU_000467,ORD20260813001905,1,completed,2026-04-13T09:25:17.652134282
SKU_000468,ORD20260813001906,3,cancelled,2026-04-13T13:28:24.069212986
SKU_000469,ORD20260813001907,3,completed,2026-04-13T16:19:25.165897636
SKU_000470,ORD20260813001908,1,shipped,2026-04-13T18:50:29.748465888
SKU_000471,ORD20260813001909,1,completed,2026-04-13T21:29:13.652972826
SKU_000472,ORD20260814001910,3,shipped,2026-04-14T00:49:00.196202330
SKU_000473,ORD20260814001911,1,cancelled,2026-04-14T03:15:14.003486815
SKU_000474,ORD20260814001912,1,completed,2026-04-14T06:44:22.358303208
SKU_000475,ORD20260814001913,3,cancelled,2026-04-14T10:28:52.431682590
SKU_000476,ORD20260814001914,2,completed,2026-04-14T12:44:51.365074330
SKU_000477,ORD20260814001915,1,shipped,2026-04-14T16:29:11.375139988
SKU_000478,ORD20260814001916,3,shipped,2026-04-14T21:08:24.450383362
SKU_000479,ORD20260815001917,1,completed,2026-04-15T00:38:59.409389210
SKU_000480,ORD20260815001918,1,shipped,2026-04-15T03:33:57.443541499
SKU_000481,ORD20260815001919,2,shipped,2026-04-15T06:07:08.131852594
SKU_000482,ORD20260815001920,1,shipped,2026-04-15T08:35:00.367312358
SKU_000483,ORD20260815001921,1,shipped,2026-04-15T10:58:55.303051472
SKU_000484,ORD20260815001922,2,completed,2026-04-15T15:06:37.581686590
SKU_000485,ORD20260815001923,2,completed,2026-04-15T18:05:17.778716273
SKU_000486,ORD20260815001924,1,completed,2026-04-15T20:55:00.201515641
SKU_000487,ORD20260816001925,1,cancelled,2026-04-16T00:21:24.254290909
SKU_000488,ORD20260816001926,1,completed,2026-04-16T03:03:08.708801495
SKU_000489,ORD20260816001927,2,cancelled,2026-04-16T07:14:04.084142692
SKU_000490,ORD20260816001928,3,completed,2026-04-16T09:34:28.031587185
SKU_000491,ORD20260816001929,3,completed,2026-04-16T14:08:54.931203108
SKU_000492,ORD20260816001930,2,completed,2026-04-16T17:45:01.535048426
SKU_000493,ORD20260816001931,2,completed,2026-04-16T20:50:55.656117097
SKU_000494,ORD20260817001932,1,cancelled,2026-04-17T00:12:31.098131209
SKU_000495,ORD20260817001933,1,shipped,2026-04-17T04:01:52.338534522
SKU_000496,ORD20260817001934,2,cancelled,2026-04-17T06:15:57.451063120
SKU_000497,ORD20260817001935,1,completed,2026-04-17T09:17:12.394797070
SKU_000498,ORD20260817001936,2,completed,2026-04-17T13:11:17.547344157
SKU_000499,ORD20260817001937,1,completed,2026-04-17T17:08:10.763803979
SKU_000500,ORD20260817001938,3,completed,2026-04-17T20:23:39.233487104
SKU_000501,ORD20260818001939,1,cancelled,2026-04-18T00:09:26.093192566
SKU_000502,ORD20260818001940,1,completed,2026-04-18T04:44:37.448811578
SKU_000503,ORD20260818001941,1,completed,2026-04-18T06:24:42.584379138
SKU_000504,ORD20260818001942,1,cancelled,2026-04-18T09:26:55.274435512
SKU_000505,ORD20260818001943,1,completed,2026-04-18T13:20:31.630914981
SKU_000506,ORD20260818001944,3,completed,2026-04-18T15:01:31.167658234
SKU_000507,ORD20260818001945,1,cancelled,2026-04-18T17:35:53.614841518
SKU_000508,ORD20260818001946,1,completed,2026-04-18T22:08:32.910696942
SKU_000509,ORD20260819001947,1,cancelled,2026-04-19T01:40:36.423758170
SKU_000510,ORD20260819001948,3,cancelled,2026-04-19T03:56:40.094787592
SKU_000511,ORD20260819001949,3,completed,2026-04-19T07:58:33.358186923
SKU_000512,ORD20260819001950,1,cancelled,2026-04-19T10:42:21.129477337
SKU_000513,ORD20260819001951,1,completed,2026-04-19T12:50:59.580722227
SKU_000514,ORD20260819001952,2,shipped,2026-04-19T14:48:41.281955528
SKU_000515,ORD20260819001953,1,completed,2026-04-19T18:05:18.798103816
SKU_000516,ORD20260819001954,3,cancelled,2026-04-19T22:33:06.497207533
SKU_000517,ORD20260820001955,1,completed,2026-04-20T03:00:27.565797485
SKU_000518,ORD20260820001956,1,shipped,2026-04-20T05:12:08.772354682
SKU_000519,ORD20260820001957,2,cancelled,2026-04-20T07:47:40.166154171
SKU_000520,ORD20260820001958,1,completed,2026-04-20T12:13:30.981008403
SKU_000521,ORD20260820001959,1,shipped,2026-04-20T16:50:48.920528412
SKU_000522,ORD20260820001960,3,shipped,2026-04-20T19:29:53.916339336
SKU_000523,ORD20260820001961,3,cancelled,2026-04-20T22:04:33.714243427
SKU_000524,ORD20260821001962,1,completed,2026-04-21T02:35:50.284772683
SKU_000525,ORD20260821001963,3,shipped,2026-04-21T05:55:02.329757726
SKU_000526,ORD20260821001964,2,completed,2026-04-21T08:45:16.524539
SKU_000527,ORD20260821001965,3,completed,2026-04-21T13:18:35.395567267
SKU_000528,ORD20260821001966,1,completed,2026-04-21T17:12:04.390461234
SKU_000529,ORD20260821001967,1,shipped,2026-04-21T20:07:39.857960198
SKU_000530,ORD20260821001968,1,cancelled,2026-04-21T22:52:54.124822266
SKU_000531,ORD20260822001969,2,completed,2026-04-22T02:49:56.051067303
SKU_000532,ORD20260822001970,3,cancelled,2026-04-22T07:01:44.564827896
SKU_000533,ORD20260822001971,3,shipped,2026-04-22T09:54:41.266630519
SKU_000534,ORD20260822001972,3,shipped,2026-04-22T11:41:34.861185083
SKU_000535,ORD20260822001973,1,completed,2026-04-22T16:07:59.450837399
SKU_000536,ORD20260822001974,3,cancelled,2026-04-22T20:05:27.055222722
SKU_000537,ORD20260822001975,2,cancelled,2026-04-22T21:50:22.361468230
SKU_000538,ORD20260822001976,2,completed,2026-04-22T23:33:58.008850617
SKU_000539,ORD20260823001977,2,cancelled,2026-04-23T02:54:11.146767558
SKU_000540,ORD20260823001978,1,completed,2026-04-23T04:39:24.362343669
SKU_000541,ORD20260823001979,1,shipped,2026-04-23T07:38:47.909698480
SKU_000542,ORD20260823001980,3,completed,2026-04-23T12:29:59.310237158
SKU_000543,ORD20260823001981,2,shipped,2026-04-23T16:35:27.504090125
SKU_000544,ORD20260823001982,1,completed,2026-04-23T18:48:21.504325043
SKU_000545,ORD20260823001983,1,completed,2026-04-23T22:35:28.266288292
SKU_000546,ORD20260824001984,1,shipped,2026-04-24T03:12:30.813165835
SKU_000547,ORD20260824001985,1,cancelled,2026-04-24T06:52:23.489209128
SKU_000548,ORD20260824001986,3,shipped,2026-04-24T09:08:05.310722928
SKU_000549,ORD20260824001987,2,completed,2026-04-24T11:13:11.627788403
SKU_000550,ORD20260824001988,3,shipped,2026-04-24T15:07:46.639063640
SKU_000551,ORD20260824001989,3,shipped,2026-04-24T20:02:42.855678569
SKU_000552,ORD20260824001990,2,shipped,2026-04-24T21:45:19.168207872
SKU_000553,ORD20260825001991,1,completed,2026-04-25T01:24:46.710884387
SKU_000554,ORD20260825001992,2,completed,2026-04-25T04:29:11.476370650
SKU_000555,ORD20260825001993,1,completed,2026-04-25T07:29:59.498690288
SKU_000556,ORD20260825001994,1,shipped,2026-04-25T12:04:12.574047885
SKU_000557,ORD20260825001995,2,completed,2026-04-25T14:34:21.155561840
SKU_000558,ORD20260825001996,1,cancelled,2026-04-25T17:54:58.308682016
SKU_000559,ORD20260825001997,3,completed,2026-04-25T21:02:17.207553925
SKU_000560,ORD20260826001998,3,cancelled,2026-04-26T01:54:35.290137629
SKU_000561,ORD20260826001999,2,completed,2026-04-26T05:47:43.391115493
SKU_000562,ORD20260826002000,1,completed,2026-04-26T08:10:28.382098232
SKU_000563,ORD20260826002001,1,completed,2026-04-26T10:38:00.868124219
SKU_000564,ORD20260826002002,1,cancelled,2026-04-26T14:47:33.685253999
SKU_000565,ORD20260826002003,1,cancelled,2026-04-26T19:24:31.008749437
SKU_000566,ORD20260826002004,3,completed,2026-04-26T21:20:08.186060975
SKU_000567,ORD20260827002005,3,shipped,2026-04-27T01:31:56.859572545
SKU_000568,ORD20260827002006,3,cancelled,2026-04-27T05:30:29.875984780
SKU_000569,ORD20260827002007,1,completed,2026-04-27T10:18:46.378242423
SKU_000570,ORD20260827002008,1,completed,2026-04-27T13:20:40.772119070
SKU_000571,ORD20260827002009,3,completed,2026-04-27T15:48:51.276026046
SKU_000572,ORD20260827002010,1,cancelled,2026-04-27T18:39:09.703166764
SKU_000573,ORD20260827002011,1,shipped,2026-04-27T22:52:45.422758995
SKU_000574,ORD20260828002012,2,completed,2026-04-28T00:55:04.709703666
SKU_000575,ORD20260828002013,2,cancelled,2026-04-28T05:38:28.630961468
SKU_000576,ORD20260828002014,2,completed,2026-04-28T10:15:53.963445864
SKU_000577,ORD20260828002015,1,shipped,2026-04-28T14:58:07.805788925
SKU_000578,ORD20260828002016,1,completed,2026-04-28T19:09:14.123255749
SKU_000579,ORD20260828002017,3,completed,2026-04-28T22:11:10.700085463
SKU_000580,ORD20260829002018,1,completed,2026-04-29T01:58:49.169484860
SKU_000581,ORD20260829002019,1,shipped,2026-04-29T06:47:45.351859273
SKU_000582,ORD20260829002020,1,cancelled,2026-04-29T09:23:48.402981340
SKU_000583,ORD20260829002021,2,shipped,2026-04-29T13:08:28.042633692
SKU_000584,ORD20260829002022,1,completed,2026-04-29T17:21:24.389879399
SKU_000585,ORD20260829002023,1,completed,2026-04-29T19:26:53.912784635
SKU_000586,ORD20260829002024,2,completed,2026-04-29T21:35:20.311579147
SKU_000587,ORD20260830002025,1,completed,2026-04-30T01:09:51.861500607
SKU_000588,ORD20260830002026,3,completed,2026-04-30T05:14:11.540700085
SKU_000589,ORD20260830002027,3,completed,2026-04-30T08:14:27.837903363
SKU_000590,ORD20260830002028,2,completed,2026-04-30T11:51:34.200191382
SKU_000591,ORD20260830002029,2,completed,2026-04-30T15:54:02.711011151
SKU_000592,ORD20260830002030,3,completed,2026-04-30T19:07:18.070125361
SKU_000593,ORD20260830002031,1,cancelled,2026-04-30T23:47:08.126829640
SKU_000594,ORD20260831002032,1,completed,2026-04-31T04:20:02.200096726
SKU_000595,ORD20260831002033,3,shipped,2026-04-31T06:19:23.033122565
SKU_000596,ORD20260831002034,1,completed,2026-04-31T08:36:48.235187163
SKU_000597,ORD20260831002035,2,shipped,2026-04-31T10:47:57.000020863
SKU_000598,ORD20260831002036,1,completed,2026-04-31T13:27:22.760359841
SKU_000599,ORD20260831002037,3,completed,2026-04-31T16:09:31.583655002
SKU_000600,ORD20260831002038,1,shipped,2026-04-31T20:11:44.526102104
SKU_000601,ORD20260831002039,1,cancelled,2026-04-31T23:10:12.263359748
SKU_000602,ORD20260901002040,2,completed,2026-04-01T02:09:44.485517339
SKU_000603,ORD20260901002041,2,shipped,2026-04-01T06:01:56.547908881
SKU_000604,ORD20260901002042,1,cancelled,2026-04-01T09:05:26.389361622
SKU_000605,ORD20260901002043,3,cancelled,2026-04-01T12:57:42.300008212
SKU_000606,ORD20260901002044,1,completed,2026-04-01T15:15:37.832441568
SKU_000607,ORD20260901002045,2,completed,2026-04-01T18:36:58.898667373
SKU_000608,ORD20260901002046,3,cancelled,2026-04-01T21:51:37.839464299
SKU_000609,ORD20260902002047,3,completed,2026-04-02T00:19:07.476818934
SKU_000610,ORD20260902002048,2,completed,2026-04-02T03:28:55.780432104
SKU_000611,ORD20260902002049,1,completed,2026-04-02T06:24:45.336543671
SKU_000612,ORD20260902002050,3,cancelled,2026-04-02T08:15:20.796337512
SKU_000613,ORD20260902002051,3,cancelled,2026-04-02T11:05:09.131537027
SKU_000614,ORD20260902002052,1,shipped,2026-04-02T14:03:48.500205377
SKU_000615,ORD20260902002053,1,completed,2026-04-02T17:15:01.253876048
SKU_000616,ORD20260902002054,3,completed,2026-04-02T19:48:02.996683053
SKU_000617,ORD20260903002055,1,completed,2026-04-03T00:05:19.214965908
SKU_000618,ORD20260903002056,1,completed,2026-04-03T03:40:27.091160445
SKU_000619,ORD20260903002057,3,completed,2026-04-03T05:45:23.333445166
SKU_000620,ORD20260903002058,1,shipped,2026-04-03T10:14:07.205735992
SKU_000621,ORD20260903002059,3,completed,2026-04-03T13:07:03.393472015
SKU_000622,ORD20260903002060,2,shipped,2026-04-03T14:52:15.523958528
SKU_000623,ORD20260903002061,1,cancelled,2026-04-03T16:40:08.875091269
SKU_000624,ORD20260903002062,1,cancelled,2026-04-03T19:18:18.683138266
SKU_000625,ORD20260903002063,1,cancelled,2026-04-03T22:31:37.364178692
SKU_000626,ORD20260904002064,1,completed,2026-04-04T01:06:42.591564838
SKU_000627,ORD20260904002065,2,completed,2026-04-04T05:57:18.287634129
SKU_000628,ORD20260904002066,2,completed,2026-04-04T09:36:21.326311913
SKU_000629,ORD20260904002067,2,completed,2026-04-04T12:52:24.822836291
SKU_000630,ORD20260904002068,1,completed,2026-04-04T17:11:28.960315772
SKU_000631,ORD20260904002069,2,completed,2026-04-04T19:19:10.282109875
SKU_000632,ORD20260904002070,1,shipped,2026-04-04T22:45:14.630147387
SKU_000633,ORD20260905002071,1,completed,2026-04-05T00:23:56.110286605
SKU_000634,ORD20260905002072,1,cancelled,2026-04-05T05:12:47.739518501
SKU_000635,ORD20260905002073,1,completed,2026-04-05T09:04:19.984899906
SKU_000636,ORD20260905002074,2,cancelled,2026-04-05T11:18:02.072724329
SKU_000637,ORD20260905002075,3,completed,2026-04-05T16:03:22.226995448
SKU_000638,ORD20260905002076,1,completed,2026-04-05T17:44:06.107817040
SKU_000639,ORD20260905002077,1,completed,2026-04-05T20:09:37.965494033
SKU_000640,ORD20260906002078,2,cancelled,2026-04-06T00:31:21.892511889
SKU_000641,ORD20260906002079,3,shipped,2026-04-06T04:37:39.385785711
SKU_000642,ORD20260906002080,2,shipped,2026-04-06T07:23:48.263849990
SKU_000643,ORD20260906002081,1,completed,2026-04-06T11:44:01.302464874
SKU_000644,ORD20260906002082,1,completed,2026-04-06T14:21:41.378652129
SKU_000645,ORD20260906002083,1,completed,2026-04-06T17:01:37.668381208
SKU_000646,ORD20260906002084,1,shipped,2026-04-06T19:11:13.745499301
SKU_000647,ORD20260906002085,1,shipped,2026-04-06T22:16:30.556322087
SKU_000648,ORD20260907002086,2,cancelled,2026-04-07T00:48:22.350452705
SKU_000649,ORD20260907002087,1,shipped,2026-04-07T04:54:41.597128151
SKU_000650,ORD20260907002088,1,completed,2026-04-07T08:45:09.124777030
SKU_000651,ORD20260907002089,1,cancelled,2026-04-07T12:14:05.571759627
SKU_000652,ORD20260907002090,1,shipped,2026-04-07T14:10:06.624811168
SKU_000653,ORD20260907002091,1,completed,2026-04-07T15:56:12.189179136
SKU_000654,ORD20260907002092,2,completed,2026-04-07T18:15:59.918826752
SKU_000655,ORD20260907002093,1,completed,2026-04-07T20:37:45.466815585
SKU_000656,ORD20260907002094,1,completed,2026-04-07T23:44:45.556777455
SKU_000657,ORD20260908002095,1,cancelled,2026-04-08T04:11:56.721406697
SKU_000658,ORD20260908002096,2,completed,2026-04-08T06:10:02.953836727
SKU_000659,ORD20260908002097,1,shipped,2026-04-08T10:54:16.726524497
SKU_000660,ORD20260908002098,1,completed,2026-04-08T12:50:56.461970763
SKU_000661,ORD20260908002099,1,completed,2026-04-08T14:58:03.707247458
SKU_000662,ORD20260908002100,2,completed,2026-04-08T18:49:46.316385312
SKU_000663,ORD20260908002101,1,cancelled,2026-04-08T22:05:54.338384924
SKU_000664,ORD20260908002102,1,completed,2026-04-08T23:54:05.431180535
SKU_000665,ORD20260909002103,3,shipped,2026-04-09T04:30:22.794362274
SKU_000666,ORD20260909002104,1,completed,2026-04-09T08:55:37.020915525
SKU_000667,ORD20260909002105,1,completed,2026-04-09T11:08:59.638312351
SKU_000668,ORD20260909002106,2,completed,2026-04-09T13:22:12.795201465
SKU_000669,ORD20260909002107,1,completed,2026-04-09T17:38:04.034324856
SKU_000670,ORD20260909002108,1,cancelled,2026-04-09T21:23:05.337430458
SKU_000671,ORD20260909002109,1,completed,2026-04-09T23:27:11.945312360
SKU_000672,ORD20260910002110,3,completed,2026-04-10T02:46:21.819668034
SKU_000673,ORD20260910002111,1,completed,2026-04-10T06:07:29.359785858
SKU_000674,ORD20260910002112,3,completed,2026-04-10T10:18:29.614548614
SKU_000675,ORD20260910002113,3,completed,2026-04-10T14:32:47.196482585
SKU_000676,ORD20260910002114,2,completed,2026-04-10T18:45:05.744461631
SKU_000677,ORD20260910002115,2,completed,2026-04-10T21:02:15.701503722
SKU_000678,ORD20260911002116,1,completed,2026-04-11T01:45:14.467172486
SKU_000679,ORD20260911002117,3,completed,2026-04-11T05:14:37.703061718
SKU_000680,ORD20260911002118,1,completed,2026-04-11T08:23:33.250180076
SKU_000681,ORD20260911002119,2,cancelled,2026-04-11T12:52:30.988107814
SKU_000682,ORD20260911002120,2,cancelled,2026-04-11T17:39:26.491261342
SKU_000683,ORD20260911002121,2,completed,2026-04-11T21:48:23.306310303
SKU_000684,ORD20260911002122,1,shipped,2026-04-11T23:38:20.109798849
SKU_000685,ORD20260912002123,1,cancelled,2026-04-12T01:47:01.617112243
SKU_000686,ORD20260912002124,3,shipped,2026-04-12T04:05:41.256847538
SKU_000687,ORD20260912002125,1,cancelled,2026-04-12T08:25:20.638215034
SKU_000688,ORD20260912002126,1,completed,2026-04-12T10:56:52.878783677
SKU_000689,ORD20260912002127,2,completed,2026-04-12T14:23:35.377201940
SKU_000690,ORD20260912002128,3,completed,2026-04-12T17:16:23.444247823
SKU_000691,ORD20260912002129,2,completed,2026-04-12T21:00:18.249699859
SKU_000692,ORD20260913002130,2,cancelled,2026-04-13T01:32:24.202075474
SKU_000693,ORD20260913002131,3,cancelled,2026-04-13T06:22:36.844578778
SKU_000694,ORD20260913002132,3,completed,2026-04-13T08:28:03.316426713
SKU_000695,ORD20260913002133,3,shipped,2026-04-13T11:16:09.223612288
SKU_000696,ORD20260913002134,2,completed,2026-04-13T15:06:07.713735149
SKU_000697,ORD20260913002135,3,completed,2026-04-13T17:03:00.656599796
SKU_000698,ORD20260913002136,1,completed,2026-04-13T19:14:27.058874798
SKU_000699,ORD20260913002137,1,shipped,2026-04-13T22:47:35.734784311
SKU_000700,ORD20260914002138,1,completed,2026-04-14T01:06:57.294786735
SKU_000701,ORD20260914002139,1,completed,2026-04-14T03:59:11.229399372
SKU_000702,ORD20260914002140,1,cancelled,2026-04-14T07:37:19.704146210
SKU_000703,ORD20260914002141,3,shipped,2026-04-14T09:52:19.804638335
SKU_000704,ORD20260914002142,1,completed,2026-04-14T13:16:49.619487052
SKU_000705,ORD20260914002143,3,completed,2026-04-14T15:24:01.014456364
SKU_000706,ORD20260914002144,2,completed,2026-04-14T17:34:22.948489501
SKU_000707,ORD20260914002145,2,completed,2026-04-14T19:15:42.936194654
SKU_000708,ORD20260914002146,2,completed,2026-04-14T23:59:51.826244550
SKU_000709,ORD20260915002147,1,completed,2026-04-15T02:04:12.141064061
SKU_000710,ORD20260915002148,1,shipped,2026-04-15T05:36:08.640488231
SKU_000711,ORD20260915002149,3,completed,2026-04-15T10:02:52.242753397
SKU_000712,ORD20260915002150,2,completed,2026-04-15T14:50:29.927020572
SKU_000713,ORD20260915002151,1,completed,2026-04-15T19:15:56.362924115
SKU_000714,ORD20260915002152,2,completed,2026-04-15T23:20:26.207418710
SKU_000715,ORD20260916002153,3,completed,2026-04-16T03:48:43.441406091
SKU_000716,ORD20260916002154,3,completed,2026-04-16T07:25:35.780291336
SKU_000717,ORD20260916002155,2,completed,2026-04-16T12:10:39.010159578
SKU_000718,ORD20260916002156,1,cancelled,2026-04-16T14:47:53.258228788
SKU_000719,ORD20260916002157,3,shipped,2026-04-16T16:55:36.649599735
SKU_000720,ORD20260916002158,1,completed,2026-04-16T21:41:28.986013925
SKU_000721,ORD20260917002159,2,shipped,2026-04-17T02:02:06.097152726
SKU_000722,ORD20260917002160,2,cancelled,2026-04-17T04:42:08.219439098
SKU_000723,ORD20260917002161,1,completed,2026-04-17T07:39:53.826720999
SKU_000724,ORD20260917002162,3,cancelled,2026-04-17T11:14:40.085221602
SKU_000725,ORD20260917002163,3,shipped,2026-04-17T15:30:11.887082900
SKU_000726,ORD20260917002164,3,completed,2026-04-17T20:01:03.752267881
SKU_000727,ORD20260917002165,3,cancelled,2026-04-17T23:23:38.230563856
SKU_000728,ORD20260918002166,1,completed,2026-04-18T01:26:31.941733923
SKU_000729,ORD20260918002167,1,completed,2026-04-18T05:59:37.444753115
SKU_000730,ORD20260918002168,1,cancelled,2026-04-18T10:46:24.419961469
SKU_000731,ORD20260918002169,1,cancelled,2026-04-18T12:48:54.568335497
SKU_000732,ORD20260918002170,1,completed,2026-04-18T15:22:59.303308577
SKU_000733,ORD20260918002171,1,completed,2026-04-18T19:47:23.220906880
SKU_000734,ORD20260918002172,2,completed,2026-04-18T21:33:57.888835412
SKU_000735,ORD20260918002173,1,completed,2026-04-18T23:45:25.897820331
SKU_000736,ORD20260919002174,3,completed,2026-04-19T01:38:00.257393260
SKU_000737,ORD20260919002175,1,completed,2026-04-19T05:25:20.695349114
SKU_000738,ORD20260919002176,2,completed,2026-04-19T10:10:27.996117232
SKU_000739,ORD20260919002177,1,shipped,2026-04-19T14:24:41.249100805
SKU_000740,ORD20260919002178,1,completed,2026-04-19T16:22:37.129350695
SKU_000741,ORD20260919002179,1,cancelled,2026-04-19T18:05:04.290855102
SKU_000742,ORD20260919002180,1,completed,2026-04-19T22:04:53.548567948
SKU_000743,ORD20260920002181,1,completed,2026-04-20T02:44:47.931422939
SKU_000744,ORD20260920002182,2,completed,2026-04-20T04:32:02.811890427
SKU_000745,ORD20260920002183,1,completed,2026-04-20T06:22:30.983414837
SKU_000746,ORD20260920002184,1,completed,2026-04-20T08:16:16.880669290
SKU_000747,ORD20260920002185,3,cancelled,2026-04-20T12:59:58.234133219
SKU_000748,ORD20260920002186,1,completed,2026-04-20T14:50:32.457319778
SKU_000749,ORD20260920002187,1,shipped,2026-04-20T17:21:08.607482294
SKU_000750,ORD20260920002188,2,completed,2026-04-20T19:39:45.595528885
SKU_000751,ORD20260921002189,1,completed,2026-04-21T00:25:13.720607688
SKU_000752,ORD20260921002190,2,completed,2026-04-21T03:50:26.026541719
SKU_000753,ORD20260921002191,1,completed,2026-04-21T05:35:21.236589549
SKU_000754,ORD20260921002192,1,shipped,2026-04-21T08:51:46.050992953
SKU_000755,ORD20260921002193,3,completed,2026-04-21T10:58:37.833619972
SKU_000756,ORD20260921002194,3,completed,2026-04-21T14:28:30.821724251
SKU_000757,ORD20260921002195,1,cancelled,2026-04-21T18:24:47.894156520
SKU_000758,ORD20260921002196,3,shipped,2026-04-21T22:29:23.697102014
SKU_000759,ORD20260922002197,1,completed,2026-04-22T02:22:20.375117325
SKU_000760,ORD20260922002198,1,completed,2026-04-22T05:43:49.317010928
SKU_000761,ORD20260922002199,1,completed,2026-04-22T09:35:55.752254356
SKU_000762,ORD20260922002200,2,shipped,2026-04-22T12:58:35.888504010
SKU_000763,ORD20260922002201,3,cancelled,2026-04-22T16:46:39.708991972
SKU_000764,ORD20260922002202,2,shipped,2026-04-22T20:45:11.827540616
SKU_000765,ORD20260922002203,3,completed,2026-04-22T23:03:41.629151199
SKU_000766,ORD20260923002204,1,cancelled,2026-04-23T01:20:36.341239762
SKU_000767,ORD20260923002205,3,completed,2026-04-23T04:32:47.774984554
SKU_000768,ORD20260923002206,1,completed,2026-04-23T08:42:45.311332072
SKU_000769,ORD20260923002207,3,completed,2026-04-23T11:13:37.132753602
SKU_000770,ORD20260923002208,3,completed,2026-04-23T15:16:09.752167582
SKU_000771,ORD20260923002209,1,cancelled,2026-04-23T17:01:14.365446864
SKU_000772,ORD20260923002210,1,shipped,2026-04-23T21:08:54.391175623
SKU_000773,ORD20260924002211,2,completed,2026-04-24T00:24:34.113988655
SKU_000774,ORD20260924002212,3,completed,2026-04-24T03:11:52.949370134
SKU_000775,ORD20260924002213,1,completed,2026-04-24T07:19:58.336613892
SKU_000776,ORD20260924002214,1,shipped,2026-04-24T11:05:27.006434307
SKU_000777,ORD20260924002215,2,shipped,2026-04-24T15:08:54.874065922
SKU_000778,ORD20260924002216,1,shipped,2026-04-24T18:55:19.517170149
SKU_000779,ORD20260924002217,3,completed,2026-04-24T22:06:37.612788801
SKU_000780,ORD20260925002218,1,completed,2026-04-25T02:27:22.738537947
SKU_000781,ORD20260925002219,3,completed,2026-04-25T07:00:22.401859350
SKU_000782,ORD20260925002220,2,shipped,2026-04-25T09:17:42.694112186
SKU_000783,ORD20260925002221,1,completed,2026-04-25T12:50:56.374879481
SKU_000784,ORD20260925002222,1,shipped,2026-04-25T17:21:25.393923259
SKU_000785,ORD20260925002223,3,completed,2026-04-25T19:55:03.792810078
SKU_000786,ORD20260925002224,3,shipped,2026-04-25T22:11:36.339395672
SKU_000787,ORD20260926002225,3,shipped,2026-04-26T01:33:45.757787787
SKU_000788,ORD20260926002226,1,completed,2026-04-26T04:21:29.907745800
SKU_000789,ORD20260926002227,2,completed,2026-04-26T08:17:49.014682465
SKU_000790,ORD20260926002228,3,shipped,2026-04-26T12:44:07.669138921
SKU_000791,ORD20260926002229,1,shipped,2026-04-26T17:04:36.953626385
SKU_000792,ORD20260926002230,2,completed,2026-04-26T20:43:46.563507565
SKU_000793,ORD20260926002231,3,completed,2026-04-26T23:03:49.679419728
SKU_000794,ORD20260927002232,1,completed,2026-04-27T02:43:28.974505918
SKU_000795,ORD20260927002233,1,completed,2026-04-27T05:34:34.200574531
SKU_000796,ORD20260927002234,1,completed,2026-04-27T08:29:02.773912511
SKU_000797,ORD20260927002235,2,completed,2026-04-27T12:33:35.331244804
SKU_000798,ORD20260927002236,3,completed,2026-04-27T15:43:07.386725415
SKU_000799,ORD20260927002237,2,cancelled,2026-04-27T19:36:10.361412332
SKU_000800,ORD20260927002238,2,completed,2026-04-27T21:33:56.076409883
SKU_000801,ORD20260928002239,1,completed,2026-04-28T00:31:32.064361756
SKU_000802,ORD20260928002240,2,completed,2026-04-28T04:44:38.011291179
SKU_000803,ORD20260928002241,1,completed,2026-04-28T07:59:45.886815813
SKU_000804,ORD20260928002242,1,completed,2026-04-28T11:56:19.120020323
SKU_000805,ORD20260928002243,1,completed,2026-04-28T15:46:26.304785673
SKU_000806,ORD20260928002244,3,completed,2026-04-28T17:55:18.938892796
SKU_000807,ORD20260928002245,1,completed,2026-04-28T21:07:18.473148254
SKU_000808,ORD20260928002246,2,completed,2026-04-28T23:41:14.948077115
SKU_000809,ORD20260929002247,3,cancelled,2026-04-29T02:40:01.893077640
SKU_000810,ORD20260929002248,3,completed,2026-04-29T07:24:45.277502922
SKU_000811,ORD20260929002249,1,cancelled,2026-04-29T09:48:52.765556240
SKU_000812,ORD20260929002250,1,completed,2026-04-29T12:05:42.943655416
SKU_000813,ORD20260929002251,1,shipped,2026-04-29T16:35:08.092093682
SKU_000814,ORD20260929002252,2,completed,2026-04-29T20:02:20.286561681
SKU_000815,ORD20260929002253,1,completed,2026-04-29T23:38:17.438909479
SKU_000816,ORD20260930002254,2,completed,2026-04-30T01:46:42.627592664
SKU_000817,ORD20260930002255,1,completed,2026-04-30T04:22:03.398839350
SKU_000818,ORD20260930002256,3,completed,2026-04-30T06:51:56.645210297
SKU_000819,ORD20260930002257,2,cancelled,2026-04-30T08:33:26.272329802
SKU_000820,ORD20260930002258,2,cancelled,2026-04-30T13:02:15.620806051
SKU_000821,ORD20260930002259,1,completed,2026-04-30T16:52:18.013030606
SKU_000822,ORD20260930002260,1,shipped,2026-04-30T19:12:04.645626103
SKU_000823,ORD20260930002261,3,cancelled,2026-04-30T23:56:25.056522860
SKU_000824,ORD20261001002262,1,shipped,2026-04-01T04:33:34.888321929
SKU_000825,ORD20261001002263,1,cancelled,2026-04-01T08:04:54.698084183
SKU_000826,ORD20261001002264,2,completed,2026-04-01T12:30:48.447211834
SKU_000827,ORD20261001002265,2,cancelled,2026-04-01T14:41:50.383014491
SKU_000828,ORD20261001002266,3,cancelled,2026-04-01T17:18:57.373029040
SKU_000829,ORD20261001002267,1,completed,2026-04-01T21:13:08.460719649
SKU_000830,ORD20261002002268,1,shipped,2026-04-02T00:29:59.268001918
SKU_000831,ORD20261002002269,1,completed,2026-04-02T02:10:44.269266419
SKU_000832,ORD20261002002270,1,completed,2026-04-02T05:12:55.299589609
SKU_000833,ORD20261002002271,3,shipped,2026-04-02T08:41:24.716980763
SKU_000834,ORD20261002002272,1,completed,2026-04-02T13:33:44.039195877
SKU_000835,ORD20261002002273,3,completed,2026-04-02T15:59:26.058234694
SKU_000836,ORD20261002002274,2,completed,2026-04-02T19:43:10.691148947
SKU_000837,ORD20261002002275,2,completed,2026-04-02T21:30:08.155763086
SKU_000838,ORD20261003002276,2,shipped,2026-04-03T00:04:24.257669115
SKU_000839,ORD20261003002277,3,completed,2026-04-03T03:41:52.007365786
SKU_000840,ORD20261003002278,1,cancelled,2026-04-03T06:42:41.890421577
SKU_000841,ORD20261003002279,2,completed,2026-04-03T10:37:52.335166807
SKU_000842,ORD20261003002280,1,completed,2026-04-03T12:59:54.064397768
SKU_000843,ORD20261003002281,1,completed,2026-04-03T17:24:46.004487789
SKU_000844,ORD20261003002282,2,completed,2026-04-03T19:53:16.820513474
SKU_000845,ORD20261003002283,1,completed,2026-04-03T23:45:42.776868585
SKU_000846,ORD20261004002284,3,completed,2026-04-04T02:38:30.399175794
SKU_000847,ORD20261004002285,1,completed,2026-04-04T04:54:34.635326540
SKU_000848,ORD20261004002286,2,shipped,2026-04-04T08:15:40.908272190
SKU_000849,ORD20261004002287,3,completed,2026-04-04T11:04:37.062541123
SKU_000850,ORD20261004002288,1,shipped,2026-04-04T13:00:28.372023514
SKU_000851,ORD20261004002289,1,completed,2026-04-04T15:28:04.345028288
SKU_000852,ORD20261004002290,3,completed,2026-04-04T19:56:48.793387798
SKU_000853,ORD20261004002291,3,completed,2026-04-04T22:10:45.946925755
SKU_000854,ORD20261005002292,1,completed,2026-04-05T02:19:18.495860793
SKU_000855,ORD20261005002293,2,completed,2026-04-05T07:12:39.303754949
SKU_000856,ORD20261005002294,1,completed,2026-04-05T10:52:42.109398699
SKU_000857,ORD20261005002295,3,cancelled,2026-04-05T14:49:56.761352749
SKU_000858,ORD20261005002296,2,shipped,2026-04-05T19:25:51.651887362
SKU_000859,ORD20261005002297,2,shipped,2026-04-05T21:46:13.876413366
SKU_000860,ORD20261006002298,3,completed,2026-04-06T02:01:45.171927559
SKU_000861,ORD20261006002299,2,completed,2026-04-06T05:36:26.588326368
SKU_000862,ORD20261006002300,1,completed,2026-04-06T10:16:30.131000996
SKU_000863,ORD20261006002301,1,cancelled,2026-04-06T13:59:47.564048508
SKU_000864,ORD20261006002302,1,completed,2026-04-06T17:09:31.445852764
SKU_000865,ORD20261006002303,2,completed,2026-04-06T21:41:47.844660327
SKU_000866,ORD20261007002304,2,shipped,2026-04-07T02:23:43.703604753
SKU_000867,ORD20261007002305,3,shipped,2026-04-07T04:53:51.883003345
SKU_000868,ORD20261007002306,2,completed,2026-04-07T09:15:11.909746409
SKU_000869,ORD20261007002307,2,cancelled,2026-04-07T12:08:24.458518522
SKU_000870,ORD20261007002308,2,completed,2026-04-07T16:29:17.681729943
SKU_000871,ORD20261007002309,3,completed,2026-04-07T20:46:52.938508151
SKU_000872,ORD20261007002310,3,shipped,2026-04-07T23:31:46.257846773
SKU_000873,ORD20261008002311,3,completed,2026-04-08T03:48:47.319453291
SKU_000874,ORD20261008002312,3,completed,2026-04-08T05:54:23.605833978
SKU_000875,ORD20261008002313,3,completed,2026-04-08T10:23:23.292207082
SKU_000876,ORD20261008002314,1,cancelled,2026-04-08T15:04:28.054170568
SKU_000877,ORD20261008002315,1,completed,2026-04-08T17:21:06.979631857
SKU_000878,ORD20261008002316,2,completed,2026-04-08T20:47:56.659421878
SKU_000879,ORD20261008002317,2,completed,2026-04-08T23:04:49.490757965
SKU_000880,ORD20261009002318,2,completed,2026-04-09T03:10:20.242719639
SKU_000881,ORD20261009002319,1,shipped,2026-04-09T07:40:57.929294179
SKU_000882,ORD20261009002320,1,cancelled,2026-04-09T11:50:39.013029372
SKU_000883,ORD20261009002321,3,cancelled,2026-04-09T13:43:01.693782900
SKU_000884,ORD20261009002322,3,completed,2026-04-09T15:48:46.372647502
SKU_000885,ORD20261009002323,3,completed,2026-04-09T17:33:53.549225344
SKU_000886,ORD20261009002324,1,completed,2026-04-09T22:00:21.347293229
SKU_000887,ORD20261010002325,1,cancelled,2026-04-10T02:41:37.600433351
SKU_000888,ORD20261010002326,2,shipped,2026-04-10T06:46:29.201601092
SKU_000889,ORD20261010002327,2,completed,2026-04-10T09:47:14.846340572
SKU_000890,ORD20261010002328,2,completed,2026-04-10T14:20:56.059294384
SKU_000891,ORD20261010002329,2,shipped,2026-04-10T16:28:35.545839285
SKU_000892,ORD20261010002330,2,completed,2026-04-10T20:44:10.839028166
SKU_000893,ORD20261010002331,1,shipped,2026-04-10T22:23:03.995182854
SKU_000894,ORD20261011002332,1,completed,2026-04-11T02:29:30.163660956
SKU_000895,ORD20261011002333,1,completed,2026-04-11T05:43:26.126737164
SKU_000896,ORD20261011002334,1,completed,2026-04-11T10:10:11.961687494
SKU_000897,ORD20261011002335,2,completed,2026-04-11T14:15:07.169260927
SKU_000898,ORD20261011002336,1,shipped,2026-04-11T17:49:49.149478174
SKU_000899,ORD20261011002337,1,completed,2026-04-11T20:52:24.553269831
SKU_000900,ORD20261011002338,3,completed,2026-04-11T22:43:47.124593962
SKU_000901,ORD20261012002339,3,cancelled,2026-04-12T03:00:06.485668508
SKU_000902,ORD20261012002340,1,cancelled,2026-04-12T07:04:58.163383360
SKU_000903,ORD20261012002341,1,completed,2026-04-12T11:16:19.988840594
SKU_000904,ORD20261012002342,3,completed,2026-04-12T16:10:37.924269990
SKU_000905,ORD20261012002343,2,shipped,2026-04-12T20:57:40.014338922
SKU_000906,ORD20261013002344,1,completed,2026-04-13T01:10:20.634533244
SKU_000907,ORD20261013002345,2,completed,2026-04-13T03:03:14.669836329
SKU_000908,ORD20261013002346,1,cancelled,2026-04-13T05:29:53.452601030
SKU_000909,ORD20261013002347,3,shipped,2026-04-13T08:01:25.080092883
SKU_000910,ORD20261013002348,1,completed,2026-04-13T11:18:59.337549897
SKU_000911,ORD20261013002349,1,completed,2026-04-13T14:58:14.945258764
SKU_000912,ORD20261013002350,2,completed,2026-04-13T19:51:26.427401827
SKU_000913,ORD20261013002351,1,completed,2026-04-13T21:42:35.608401049
SKU_000914,ORD20261013002352,3,shipped,2026-04-13T23:54:46.271369956
SKU_000915,ORD20261014002353,2,completed,2026-04-14T04:27:50.735748712
SKU_000916,ORD20261014002354,3,completed,2026-04-14T07:15:28.621252916
SKU_000917,ORD20261014002355,1,completed,2026-04-14T11:03:46.522643609
SKU_000918,ORD20261014002356,1,cancelled,2026-04-14T12:54:57.311474716
SKU_000919,ORD20261014002357,3,completed,2026-04-14T14:38:49.774270178
SKU_000920,ORD20261014002358,2,completed,2026-04-14T19:11:17.364562434
SKU_000921,ORD20261014002359,2,completed,2026-04-14T23:22:46.147106131
SKU_000922,ORD20261015002360,2,cancelled,2026-04-15T02:23:50.316501793
SKU_000923,ORD20261015002361,1,shipped,2026-04-15T06:46:20.121227665
SKU_000924,ORD20261015002362,1,completed,2026-04-15T09:13:29.334249332
SKU_000925,ORD20261015002363,3,completed,2026-04-15T12:16:07.573763275
SKU_000926,ORD20261015002364,3,completed,2026-04-15T17:07:54.315356885
SKU_000927,ORD20261015002365,1,shipped,2026-04-15T21:03:58.482665483
SKU_000928,ORD20261015002366,3,completed,2026-04-15T22:50:25.282348196
SKU_000929,ORD20261016002367,2,completed,2026-04-16T02:40:54.227261372
SKU_000930,ORD20261016002368,1,completed,2026-04-16T04:58:39.218318051
SKU_000931,ORD20261016002369,1,completed,2026-04-16T07:01:19.975602656
SKU_000932,ORD20261016002370,2,completed,2026-04-16T11:14:24.432662059
SKU_000933,ORD20261016002371,1,cancelled,2026-04-16T13:59:46.369673729
SKU_000934,ORD20261016002372,3,cancelled,2026-04-16T15:50:26.987290320
SKU_000935,ORD20261016002373,3,shipped,2026-04-16T17:56:20.052444554
SKU_000936,ORD20261016002374,1,completed,2026-04-16T22:24:30.868029738
SKU_000937,ORD20261017002375,1,completed,2026-04-17T02:07:02.981998093
SKU_000938,ORD20261017002376,2,completed,2026-04-17T04:53:39.555127062
SKU_000939,ORD20261017002377,1,completed,2026-04-17T07:50:07.767252088
SKU_000940,ORD20261017002378,2,shipped,2026-04-17T11:22:06.120654779
SKU_000941,ORD20261017002379,2,completed,2026-04-17T15:29:00.727192661
SKU_000942,ORD20261017002380,1,completed,2026-04-17T17:56:31.052524238
SKU_000943,ORD20261017002381,1,cancelled,2026-04-17T21:39:15.101107656
SKU_000944,ORD20261018002382,1,completed,2026-04-18T02:01:58.416682406
SKU_000945,ORD20261018002383,1,completed,2026-04-18T04:27:33.969019405
SKU_000946,ORD20261018002384,1,cancelled,2026-04-18T07:40:24.235204877
SKU_000947,ORD20261018002385,1,completed,2026-04-18T09:30:15.500180472
SKU_000948,ORD20261018002386,1,completed,2026-04-18T12:22:15.217452386
SKU_000949,ORD20261018002387,1,completed,2026-04-18T14:26:58.719906670
SKU_000950,ORD20261018002388,3,completed,2026-04-18T17:51:05.102284973
SKU_000951,ORD20261018002389,2,shipped,2026-04-18T20:16:40.562899226
SKU_000952,ORD20261019002390,1,shipped,2026-04-19T00:34:59.199067456
SKU_000953,ORD20261019002391,1,completed,2026-04-19T04:21:37.975308821
SKU_000954,ORD20261019002392,1,shipped,2026-04-19T06:20:52.264894712
SKU_000955,ORD20261019002393,3,shipped,2026-04-19T08:48:19.565119756
SKU_000956,ORD20261019002394,2,cancelled,2026-04-19T12:51:51.106612250
SKU_000957,ORD20261019002395,2,completed,2026-04-19T16:42:36.077608996
SKU_000958,ORD20261019002396,1,completed,2026-04-19T18:44:08.847607284
SKU_000959,ORD20261019002397,1,completed,2026-04-19T20:41:04.339687508
SKU_000960,ORD20261019002398,2,completed,2026-04-19T23:13:52.348905959
SKU_000961,ORD20261020002399,3,cancelled,2026-04-20T02:38:38.137748314
SKU_000962,ORD20261020002400,1,cancelled,2026-04-20T05:05:49.172535711
SKU_000963,ORD20261020002401,2,completed,2026-04-20T07:44:06.746110298
SKU_000964,ORD20261020002402,3,cancelled,2026-04-20T10:12:05.837910538
SKU_000965,ORD20261020002403,3,completed,2026-04-20T14:11:30.949093020
SKU_000966,ORD20261020002404,1,cancelled,2026-04-20T17:05:30.872867367
SKU_000967,ORD20261020002405,1,shipped,2026-04-20T21:56:09.538174063
SKU_000968,ORD20261021002406,1,completed,2026-04-21T01:42:16.371156095
SKU_000969,ORD20261021002407,3,completed,2026-04-21T04:31:56.314079376
SKU_000970,ORD20261021002408,2,completed,2026-04-21T09:11:54.312661685
SKU_000971,ORD20261021002409,3,cancelled,2026-04-21T14:00:52.782581745
SKU_000972,ORD20261021002410,1,shipped,2026-04-21T18:32:46.550635504
SKU_000973,ORD20261021002411,1,completed,2026-04-21T23:15:59.237587681
SKU_000974,ORD20261022002412,3,completed,2026-04-22T01:52:51.613119697
SKU_000975,ORD20261022002413,1,shipped,2026-04-22T04:29:30.303485903
SKU_000976,ORD20261022002414,1,completed,2026-04-22T08:02:38.642471957
SKU_000977,ORD20261022002415,1,completed,2026-04-22T11:43:26.816367134
SKU_000978,ORD20261022002416,2,cancelled,2026-04-22T15:35:11.025164001
SKU_000979,ORD20261022002417,2,completed,2026-04-22T17:47:49.564476214
SKU_000980,ORD20261022002418,2,completed,2026-04-22T21:40:37.586238901
SKU_000981,ORD20261022002419,1,shipped,2026-04-22T23:42:29.122831413
SKU_000982,ORD20261023002420,2,cancelled,2026-04-23T04:08:38.959128788
SKU_000983,ORD20261023002421,1,completed,2026-04-23T06:34:58.417698528
SKU_000984,ORD20261023002422,3,completed,2026-04-23T10:02:06.777302952
SKU_000985,ORD20261023002423,1,completed,2026-04-23T12:22:46.135148135
SKU_000986,ORD20261023002424,1,completed,2026-04-23T14:13:41.536905284
SKU_000987,ORD20261023002425,1,shipped,2026-04-23T17:58:24.101761261
SKU_000988,ORD20261023002426,2,cancelled,2026-04-23T20:05:40.679201205
SKU_000989,ORD20261023002427,2,completed,2026-04-23T23:21:16.055064897
SKU_000990,ORD20261024002428,1,completed,2026-04-24T04:16:15.840964894
SKU_000991,ORD20261024002429,3,completed,2026-04-24T09:06:24.632455738
SKU_000992,ORD20261024002430,3,completed,2026-04-24T13:06:39.417203645
SKU_000993,ORD20261024002431,3,completed,2026-04-24T17:20:19.059721668
SKU_000994,ORD20261024002432,2,shipped,2026-04-24T21:50:37.350309106
SKU_000995,ORD20261025002433,1,cancelled,2026-04-25T01:22:32.806842832
SKU_000996,ORD20261025002434,2,cancelled,2026-04-25T04:47:32.188097016
SKU_000997,ORD20261025002435,2,completed,2026-04-25T09:15:21.109996681
SKU_000998,ORD20261025002436,3,completed,2026-04-25T13:39:22.081923059
SKU_000999,ORD20261025002437,1,cancelled,2026-04-25T17:00:44.251874025
SKU_001000,ORD20261025002438,2,completed,2026-04-25T20:54:23.347540173
SKU_001001,ORD20261025002439,3,shipped,2026-04-25T23:13:23.710081362
SKU_001002,ORD20261026002440,1,completed,2026-04-26T00:55:19.164855041
SKU_001003,ORD20261026002441,1,cancelled,2026-04-26T04:21:21.556258767
SKU_001004,ORD20261026002442,1,completed,2026-04-26T07:07:06.831409372
SKU_001005,ORD20261026002443,3,completed,2026-04-26T11:50:15.920556317
SKU_001006,ORD20261026002444,1,completed,2026-04-26T15:07:29.966621028
SKU_001007,ORD20261026002445,3,cancelled,2026-04-26T18:00:51.597383911
SKU_001008,ORD20261026002446,2,cancelled,2026-04-26T20:07:29.872218632
SKU_001009,ORD20261027002447,1,cancelled,2026-04-27T00:29:45.223031751
SKU_001010,ORD20261027002448,2,cancelled,2026-04-27T03:54:38.308030275
SKU_001011,ORD20261027002449,1,completed,2026-04-27T07:28:04.732830218
SKU_001012,ORD20261027002450,2,completed,2026-04-27T11:47:56.181942214
SKU_001013,ORD20261027002451,1,completed,2026-04-27T15:27:30.619541310
SKU_001014,ORD20261027002452,2,completed,2026-04-27T19:49:45.973233556
SKU_001015,ORD20261027002453,1,shipped,2026-04-27T23:34:56.811784520
SKU_001016,ORD20261028002454,3,shipped,2026-04-28T01:42:42.138625076
SKU_001017,ORD20261028002455,1,shipped,2026-04-28T03:46:14.604633228
SKU_001018,ORD20261028002456,1,completed,2026-04-28T07:47:24.405191635
SKU_001019,ORD20261028002457,2,shipped,2026-04-28T09:33:16.520010259
SKU_001020,ORD20261028002458,1,shipped,2026-04-28T11:50:49.740945860
SKU_001021,ORD20261028002459,1,cancelled,2026-04-28T16:45:28.190318303
SKU_001022,ORD20261028002460,3,completed,2026-04-28T18:59:51.978060168
SKU_001023,ORD20261028002461,3,completed,2026-04-28T22:58:13.802979444
SKU_001024,ORD20261029002462,2,completed,2026-04-29T01:07:37.289927887
SKU_001025,ORD20261029002463,1,completed,2026-04-29T03:58:21.562095330
SKU_001026,ORD20261029002464,3,shipped,2026-04-29T06:54:09.316415853
SKU_001027,ORD20261029002465,3,cancelled,2026-04-29T09:41:17.663678855
SKU_001028,ORD20261029002466,3,cancelled,2026-04-29T12:12:51.402552372
SKU_001029,ORD20261029002467,2,shipped,2026-04-29T16:00:33.281655789
SKU_001030,ORD20261029002468,1,completed,2026-04-29T20:11:57.070921634
SKU_001031,ORD20261030002469,2,completed,2026-04-30T00:43:01.089201361
SKU_001032,ORD20261030002470,2,cancelled,2026-04-30T04:06:49.170643387
SKU_001033,ORD20261030002471,2,completed,2026-04-30T07:39:11.883725244
SKU_001034,ORD20261030002472,2,shipped,2026-04-30T11:55:33.131670012
SKU_001035,ORD20261030002473,3,completed,2026-04-30T14:25:23.116396050
SKU_001036,ORD20261030002474,2,completed,2026-04-30T16:42:06.682678771
SKU_001037,ORD20261030002475,3,completed,2026-04-30T19:16:43.978062360
SKU_001038,ORD20261030002476,1,shipped,2026-04-30T22:26:39.781476687
SKU_001039,ORD20261031002477,1,completed,2026-04-31T01:44:22.795717767
SKU_001040,ORD20261031002478,1,cancelled,2026-04-31T05:10:06.535435009
SKU_001041,ORD20261031002479,3,completed,2026-04-31T07:53:21.715677383
SKU_001042,ORD20261031002480,2,completed,2026-04-31T09:40:27.404838099
SKU_001043,ORD20261031002481,2,cancelled,2026-04-31T14:21:24.353590054
SKU_001044,ORD20261031002482,2,cancelled,2026-04-31T17:39:41.933213710
SKU_001045,ORD20261031002483,3,completed,2026-04-31T22:28:13.622155200
SKU_001046,ORD20261101002484,3,completed,2026-04-01T02:32:20.408507567
SKU_001047,ORD20261101002485,2,completed,2026-04-01T05:22:41.998104398
SKU_001048,ORD20261101002486,1,shipped,2026-04-01T09:27:45.459708367
SKU_001049,ORD20261101002487,1,completed,2026-04-01T13:42:56.428452066
SKU_001050,ORD20261101002488,2,completed,2026-04-01T16:21:44.380800422
SKU_001051,ORD20261101002489,1,cancelled,2026-04-01T18:58:19.418504837
SKU_001052,ORD20261101002490,1,completed,2026-04-01T22:47:44.029755901
SKU_001053,ORD20261102002491,1,completed,2026-04-02T02:07:28.825257962
SKU_001054,ORD20261102002492,1,completed,2026-04-02T05:32:36.358739657
SKU_001055,ORD20261102002493,1,completed,2026-04-02T08:24:03.371815802
SKU_001056,ORD20261102002494,2,completed,2026-04-02T10:44:34.989690925
SKU_001057,ORD20261102002495,2,cancelled,2026-04-02T15:29:18.933371359
SKU_001058,ORD20261102002496,1,shipped,2026-04-02T19:49:25.344078216
SKU_001059,ORD20261102002497,3,completed,2026-04-02T23:47:24.797359040
SKU_001060,ORD20261103002498,1,completed,2026-04-03T04:00:38.239527425
SKU_001061,ORD20261103002499,1,shipped,2026-04-03T05:47:10.375956267
SKU_001062,ORD20261103002500,3,cancelled,2026-04-03T07:31:45.067316538
SKU_001063,ORD20261103002501,2,completed,2026-04-03T11:41:10.871179308
SKU_001064,ORD20261103002502,1,shipped,2026-04-03T15:48:02.608834864
SKU_001065,ORD20261103002503,3,completed,2026-04-03T20:36:41.030967245
SKU_001066,ORD20261103002504,2,completed,2026-04-03T22:45:31.878076469
SKU_001067,ORD20261104002505,1,cancelled,2026-04-04T03:29:45.260160798
SKU_001068,ORD20261104002506,1,cancelled,2026-04-04T07:05:22.148059044
SKU_001069,ORD20261104002507,2,cancelled,2026-04-04T11:42:40.414794461
SKU_001070,ORD20261104002508,2,completed,2026-04-04T15:10:49.845257862
SKU_001071,ORD20261104002509,1,cancelled,2026-04-04T17:52:20.538261090
SKU_001072,ORD20261104002510,2,completed,2026-04-04T21:47:18.680298943
SKU_001073,ORD20261105002511,1,completed,2026-04-05T02:17:55.579230966
SKU_001074,ORD20261105002512,2,cancelled,2026-04-05T04:05:14.923445281
SKU_001075,ORD20261105002513,1,completed,2026-04-05T08:43:25.520125872
SKU_001076,ORD20261105002514,3,cancelled,2026-04-05T13:24:29.627856057
SKU_001077,ORD20261105002515,3,cancelled,2026-04-05T16:16:44.609472394
SKU_001078,ORD20261105002516,1,shipped,2026-04-05T18:14:02.106634973
SKU_001079,ORD20261105002517,1,cancelled,2026-04-05T22:02:36.184901104
SKU_001080,ORD20261106002518,3,completed,2026-04-06T01:58:35.388694843
SKU_001081,ORD20261106002519,1,completed,2026-04-06T05:43:48.241164930
SKU_001082,ORD20261106002520,1,cancelled,2026-04-06T09:37:31.480743424
SKU_001083,ORD20261106002521,2,completed,2026-04-06T12:58:08.638764450
SKU_001084,ORD20261106002522,2,cancelled,2026-04-06T16:02:31.384100593
SKU_001085,ORD20261106002523,2,completed,2026-04-06T19:34:53.795830779
SKU_001086,ORD20261106002524,2,shipped,2026-04-06T23:28:25.693174985
SKU_001087,ORD20261107002525,1,completed,2026-04-07T01:42:22.413999342
SKU_001088,ORD20261107002526,3,completed,2026-04-07T06:24:56.421353979
SKU_001089,ORD20261107002527,3,completed,2026-04-07T08:57:41.127939715
SKU_001090,ORD20261107002528,1,completed,2026-04-07T11:49:33.577229827
SKU_001091,ORD20261107002529,1,shipped,2026-04-07T14:30:00.480479596
SKU_001092,ORD20261107002530,2,cancelled,2026-04-07T17:32:48.652484797
SKU_001093,ORD20261107002531,1,completed,2026-04-07T21:51:59.380741397
SKU_001094,ORD20261108002532,3,completed,2026-04-08T02:45:22.372131161
SKU_001095,ORD20261108002533,1,completed,2026-04-08T06:43:08.936433849
SKU_001096,ORD20261108002534,1,cancelled,2026-04-08T10:21:36.290776733
SKU_001097,ORD20261108002535,1,cancelled,2026-04-08T14:57:15.929881237
SKU_001098,ORD20261108002536,2,completed,2026-04-08T18:11:33.246922844
SKU_001099,ORD20261108002537,2,completed,2026-04-08T22:32:26.053460731
SKU_001100,ORD20261109002538,3,completed,2026-04-09T00:14:41.292169425
SKU_001101,ORD20261109002539,3,completed,2026-04-09T04:51:21.337346804
SKU_001102,ORD20261109002540,1,completed,2026-04-09T07:55:10.581261345
SKU_001103,ORD20261109002541,1,completed,2026-04-09T12:34:46.810694524
SKU_001104,ORD20261109002542,1,completed,2026-04-09T16:38:35.009467686
SKU_001105,ORD20261109002543,1,shipped,2026-04-09T20:40:12.332395305
SKU_001106,ORD20261109002544,3,completed,2026-04-09T22:25:21.062539647
SKU_001107,ORD20261110002545,2,completed,2026-04-10T01:20:44.412185222
SKU_001108,ORD20261110002546,1,shipped,2026-04-10T05:19:25.627429886
SKU_001109,ORD20261110002547,3,completed,2026-04-10T09:33:21.946589966
SKU_001110,ORD20261110002548,3,cancelled,2026-04-10T11:26:47.763279705
SKU_001111,ORD20261110002549,3,completed,2026-04-10T14:37:03.427679473
SKU_001112,ORD20261110002550,1,completed,2026-04-10T17:15:26.462332048
SKU_001113,ORD20261110002551,2,completed,2026-04-10T21:41:24.792674215
SKU_001114,ORD20261111002552,3,completed,2026-04-11T02:32:50.159250207
SKU_001115,ORD20261111002553,1,shipped,2026-04-11T04:15:17.371172140
SKU_001116,ORD20261111002554,3,shipped,2026-04-11T06:22:01.467037421
SKU_001117,ORD20261111002555,2,completed,2026-04-11T10:14:54.700425962
SKU_001118,ORD20261111002556,1,completed,2026-04-11T13:18:55.872813518
SKU_001119,ORD20261111002557,1,completed,2026-04-11T15:37:36.477020855
SKU_001120,ORD20261111002558,2,completed,2026-04-11T20:01:18.484010530
SKU_001121,ORD20261111002559,3,completed,2026-04-11T21:55:48.997309940
SKU_001122,ORD20261112002560,1,cancelled,2026-04-12T01:10:51.107303059
SKU_001123,ORD20261112002561,2,completed,2026-04-12T05:20:19.412476848
SKU_001124,ORD20261112002562,2,completed,2026-04-12T08:39:46.025312683
SKU_001125,ORD20261112002563,1,completed,2026-04-12T12:40:09.692853850
SKU_001126,ORD20261112002564,1,cancelled,2026-04-12T16:42:26.637597005
SKU_001127,ORD20261112002565,1,completed,2026-04-12T19:53:31.034406575
SKU_001128,ORD20261112002566,2,completed,2026-04-12T21:52:15.077922240
SKU_001129,ORD20261113002567,3,completed,2026-04-13T01:15:50.864204743
SKU_001130,ORD20261113002568,2,completed,2026-04-13T05:44:27.930851923
SKU_001131,ORD20261113002569,2,shipped,2026-04-13T10:07:02.161828587
SKU_001132,ORD20261113002570,3,cancelled,2026-04-13T14:04:52.590509980
SKU_001133,ORD20261113002571,2,cancelled,2026-04-13T16:55:49.353629436
SKU_001134,ORD20261113002572,2,shipped,2026-04-13T19:30:54.324576830
SKU_001135,ORD20261113002573,1,cancelled,2026-04-13T23:43:31.241180196
SKU_001136,ORD20261114002574,1,cancelled,2026-04-14T02:05:37.184087689
SKU_001137,ORD20261114002575,2,completed,2026-04-14T04:11:29.700717090
SKU_001138,ORD20261114002576,1,cancelled,2026-04-14T06:17:18.691867051
SKU_001139,ORD20261114002577,1,completed,2026-04-14T09:08:33.274366168
SKU_001140,ORD20261114002578,1,shipped,2026-04-14T13:10:07.048200243
SKU_001141,ORD20261114002579,2,completed,2026-04-14T15:10:43.989101335
SKU_001142,ORD20261114002580,1,completed,2026-04-14T18:10:46.998211534
SKU_001143,ORD20261114002581,1,completed,2026-04-14T20:02:02.393225147
SKU_001144,ORD20261114002582,3,cancelled,2026-04-14T23:39:29.227203949
SKU_001145,ORD20261115002583,2,completed,2026-04-15T04:24:10.116377529
SKU_001146,ORD20261115002584,1,completed,2026-04-15T06:50:07.053615605
SKU_001147,ORD20261115002585,1,completed,2026-04-15T10:01:37.980212276
SKU_001148,ORD20261115002586,1,completed,2026-04-15T12:45:49.299287572
SKU_001149,ORD20261115002587,1,shipped,2026-04-15T16:36:19.046532903
SKU_001150,ORD20261115002588,3,completed,2026-04-15T20:20:53.564996890
SKU_001151,ORD20261115002589,1,cancelled,2026-04-15T22:28:43.123099475
SKU_001152,ORD20261116002590,2,completed,2026-04-16T00:59:41.159352326
SKU_001153,ORD20261116002591,1,completed,2026-04-16T04:41:06.536968202
SKU_001154,ORD20261116002592,3,shipped,2026-04-16T09:23:48.912574291
SKU_001155,ORD20261116002593,2,completed,2026-04-16T11:53:16.492204474
SKU_001156,ORD20261116002594,2,completed,2026-04-16T16:07:27.326170158
SKU_001157,ORD20261116002595,1,cancelled,2026-04-16T17:45:55.083663236
SKU_001158,ORD20261116002596,2,cancelled,2026-04-16T20:00:53.627541432
SKU_001159,ORD20261116002597,2,shipped,2026-04-16T21:40:49.635053008
SKU_001160,ORD20261117002598,2,completed,2026-04-17T00:11:33.437747672
SKU_001161,ORD20261117002599,3,completed,2026-04-17T02:04:36.010291840
SKU_001162,ORD20261117002600,3,shipped,2026-04-17T05:20:19.524200264
SKU_001163,ORD20261117002601,3,cancelled,2026-04-17T09:04:58.755583335
SKU_001164,ORD20261117002602,1,completed,2026-04-17T10:48:05.208324331
SKU_001165,ORD20261117002603,1,completed,2026-04-17T15:40:21.712178118
SKU_001166,ORD20261117002604,3,cancelled,2026-04-17T17:31:37.484093506
SKU_001167,ORD20261117002605,2,completed,2026-04-17T21:35:55.763208396
SKU_001168,ORD20261117002606,1,shipped,2026-04-17T23:24:09.875666169
SKU_001169,ORD20261118002607,1,cancelled,2026-04-18T01:20:41.792117410
SKU_001170,ORD20261118002608,2,cancelled,2026-04-18T03:37:29.098431726
SKU_001171,ORD20261118002609,1,cancelled,2026-04-18T06:41:51.775034517
SKU_001172,ORD20261118002610,2,completed,2026-04-18T11:25:12.430081740
SKU_001173,ORD20261118002611,3,completed,2026-04-18T14:36:05.824823817
SKU_001174,ORD20261118002612,2,completed,2026-04-18T16:38:28.577090817
SKU_001175,ORD20261118002613,1,shipped,2026-04-18T19:01:09.135333686
SKU_001176,ORD20261118002614,2,completed,2026-04-18T21:39:13.403338281
SKU_001177,ORD20261119002615,3,shipped,2026-04-19T01:36:11.284125359
SKU_001178,ORD20261119002616,1,shipped,2026-04-19T05:10:19.874437928
SKU_001179,ORD20261119002617,1,shipped,2026-04-19T09:55:34.626372622
SKU_001180,ORD20261119002618,2,completed,2026-04-19T12:55:28.168525537
SKU_001181,ORD20261119002619,1,shipped,2026-04-19T17:14:54.305951624
SKU_001182,ORD20261119002620,1,completed,2026-04-19T19:57:14.105035769
SKU_001183,ORD20261119002621,1,shipped,2026-04-19T23:18:14.969975718
SKU_001184,ORD20261120002622,1,cancelled,2026-04-20T01:54:01.684893976
SKU_001185,ORD20261120002623,1,completed,2026-04-20T04:18:12.116709986
SKU_001186,ORD20261120002624,1,completed,2026-04-20T08:48:30.480132717
SKU_001187,ORD20261120002625,1,completed,2026-04-20T12:54:49.969045260
SKU_001188,ORD20261120002626,1,completed,2026-04-20T15:42:51.679618490
SKU_001189,ORD20261120002627,1,cancelled,2026-04-20T20:01:10.132789031
SKU_001190,ORD20261120002628,3,completed,2026-04-20T23:09:08.424653781
SKU_001191,ORD20261121002629,2,completed,2026-04-21T02:11:29.918637904
SKU_001192,ORD20261121002630,1,completed,2026-04-21T07:04:15.957880234
SKU_001193,ORD20261121002631,2,cancelled,2026-04-21T10:16:31.926186824
SKU_001194,ORD20261121002632,3,completed,2026-04-21T13:10:28.304431458
SKU_001195,ORD20261121002633,1,shipped,2026-04-21T15:13:18.730457788
SKU_001196,ORD20261121002634,1,shipped,2026-04-21T17:05:04.545065939
SKU_001197,ORD20261121002635,2,cancelled,2026-04-21T19:49:43.261171252
SKU_001198,ORD20261121002636,3,cancelled,2026-04-21T23:47:31.544561230
SKU_001199,ORD20261122002637,3,shipped,2026-04-22T04:04:49.222163553
SKU_001200,ORD20261122002638,2,completed,2026-04-22T05:43:54.790428326
SKU_001201,ORD20261122002639,3,completed,2026-04-22T08:28:23.327304715
SKU_001202,ORD20261122002640,1,completed,2026-04-22T13:13:50.421190290
SKU_001203,ORD20261122002641,1,completed,2026-04-22T17:33:28.416493529
SKU_001204,ORD20261122002642,1,completed,2026-04-22T21:59:49.504081808
SKU_001205,ORD20261123002643,2,completed,2026-04-23T00:46:29.063554443
SKU_001206,ORD20261123002644,1,shipped,2026-04-23T03:16:01.653555070
SKU_001207,ORD20261123002645,3,cancelled,2026-04-23T06:37:14.454513374
SKU_001208,ORD20261123002646,3,completed,2026-04-23T08:41:48.558000537
SKU_001209,ORD20261123002647,2,completed,2026-04-23T12:13:32.097686486
SKU_001210,ORD20261123002648,1,completed,2026-04-23T15:45:16.166603951
SKU_001211,ORD20261123002649,3,completed,2026-04-23T19:19:41.901180784
SKU_001212,ORD20261123002650,3,completed,2026-04-23T22:56:29.572278524
SKU_001213,ORD20261124002651,1,cancelled,2026-04-24T01:51:46.929514721
SKU_001214,ORD20261124002652,3,cancelled,2026-04-24T04:29:59.217906620
SKU_001215,ORD20261124002653,1,completed,2026-04-24T08:08:53.438277028
SKU_001216,ORD20261124002654,1,cancelled,2026-04-24T10:18:34.458304069
SKU_001217,ORD20261124002655,3,cancelled,2026-04-24T14:13:46.925151216
SKU_001218,ORD20261124002656,3,completed,2026-04-24T16:43:41.940721651
SKU_001219,ORD20261124002657,1,shipped,2026-04-24T20:48:53.262111900
SKU_001220,ORD20261124002658,1,cancelled,2026-04-24T22:27:52.157858377
SKU_001221,ORD20261125002659,2,completed,2026-04-25T01:04:48.169962147
SKU_001222,ORD20261125002660,1,shipped,2026-04-25T03:01:05.698771651
SKU_001223,ORD20261125002661,1,cancelled,2026-04-25T04:49:36.065437147
SKU_001224,ORD20261125002662,2,completed,2026-04-25T08:52:11.272389281
SKU_001225,ORD20261125002663,1,shipped,2026-04-25T13:25:06.114959193
SKU_001226,ORD20261125002664,1,shipped,2026-04-25T15:18:21.223776772
SKU_001227,ORD20261125002665,2,completed,2026-04-25T18:57:54.792036576
SKU_001228,ORD20261125002666,3,shipped,2026-04-25T22:13:21.396007771
SKU_001229,ORD20261126002667,3,completed,2026-04-26T00:09:08.848471106
SKU_001230,ORD20261126002668,2,completed,2026-04-26T03:21:19.831521775
SKU_001231,ORD20261126002669,2,shipped,2026-04-26T06:02:18.475266614
SKU_001232,ORD20261126002670,2,completed,2026-04-26T08:21:02.067323943
SKU_001233,ORD20261126002671,1,completed,2026-04-26T12:05:12.384854441
SKU_001234,ORD20261126002672,2,completed,2026-04-26T15:01:57.008877554
SKU_001235,ORD20261126002673,2,completed,2026-04-26T17:08:16.623788727
SKU_001236,ORD20261126002674,2,completed,2026-04-26T18:55:02.045972550
SKU_001237,ORD20261126002675,3,completed,2026-04-26T21:28:22.262940735
SKU_001238,ORD20261126002676,2,completed,2026-04-26T23:40:15.605143244
SKU_001239,ORD20261127002677,1,completed,2026-04-27T04:06:30.734750909
SKU_001240,ORD20261127002678,2,completed,2026-04-27T07:21:53.324614919
SKU_001241,ORD20261127002679,1,cancelled,2026-04-27T10:38:51.733008673
SKU_001242,ORD20261127002680,3,completed,2026-04-27T13:43:00.703851691
SKU_001243,ORD20261127002681,1,shipped,2026-04-27T15:46:51.004232721
SKU_001244,ORD20261127002682,2,cancelled,2026-04-27T18:22:46.844659
SKU_001245,ORD20261127002683,2,completed,2026-04-27T20:35:12.314409491
SKU_001246,ORD20261128002684,1,completed,2026-04-28T00:27:58.426865070
SKU_001247,ORD20261128002685,3,shipped,2026-04-28T03:58:56.411651885
SKU_001248,ORD20261128002686,2,cancelled,2026-04-28T07:28:41.745429713
SKU_001249,ORD20261128002687,2,completed,2026-04-28T11:24:17.726135876
SKU_001250,ORD20261128002688,2,cancelled,2026-04-28T14:40:10.024376846
SKU_001251,ORD20261128002689,1,completed,2026-04-28T16:36:10.804308744
SKU_001252,ORD20261128002690,3,cancelled,2026-04-28T18:17:59.566112119
SKU_001253,ORD20261128002691,2,completed,2026-04-28T23:13:02.430114252
SKU_001254,ORD20261129002692,1,shipped,2026-04-29T01:11:35.598818348
SKU_001255,ORD20261129002693,1,completed,2026-04-29T03:32:42.378583627
SKU_001256,ORD20261129002694,3,shipped,2026-04-29T06:37:34.921255782
SKU_001257,ORD20261129002695,1,completed,2026-04-29T09:24:35.246743239
SKU_001258,ORD20261129002696,1,completed,2026-04-29T12:54:28.102972221
SKU_001259,ORD20261129002697,1,completed,2026-04-29T15:52:32.062934575
SKU_001260,ORD20261129002698,3,cancelled,2026-04-29T19:09:45.888807528
SKU_001261,ORD20261129002699,2,shipped,2026-04-29T23:11:47.109451981
SKU_001262,ORD20261130002700,1,completed,2026-04-30T02:04:02.652430529
SKU_001263,ORD20261130002701,1,completed,2026-04-30T05:55:12.357907648
SKU_001264,ORD20261130002702,1,cancelled,2026-04-30T08:05:15.683847916
SKU_001265,ORD20261130002703,2,completed,2026-04-30T12:38:26.633940919
SKU_001266,ORD20261130002704,1,completed,2026-04-30T17:25:27.410279339
SKU_001267,ORD20261130002705,1,completed,2026-04-30T19:09:03.260233036
SKU_001268,ORD20261130002706,3,completed,2026-04-30T21:00:46.142772397
SKU_001269,ORD20261201002707,1,shipped,2026-04-01T00:46:13.288104521
SKU_001270,ORD20261201002708,2,completed,2026-04-01T02:56:00.808667091
SKU_001271,ORD20261201002709,2,completed,2026-04-01T06:24:31.000673825
SKU_001272,ORD20261201002710,1,completed,2026-04-01T08:31:34.051879549
SKU_001273,ORD20261201002711,2,shipped,2026-04-01T13:05:34.510251030
SKU_001274,ORD20261201002712,3,completed,2026-04-01T17:27:24.663170194
SKU_001275,ORD20261201002713,3,cancelled,2026-04-01T20:55:16.220999427
SKU_001276,ORD20261201002714,1,completed,2026-04-01T22:56:15.765851966
SKU_001277,ORD20261202002715,2,completed,2026-04-02T02:51:09.823502688
SKU_001278,ORD20261202002716,2,cancelled,2026-04-02T07:06:17.824875505
SKU_001279,ORD20261202002717,3,shipped,2026-04-02T09:50:55.602801674
SKU_001280,ORD20261202002718,3,shipped,2026-04-02T14:24:18.338335024
SKU_001281,ORD20261202002719,2,shipped,2026-04-02T16:27:46.664043095
SKU_001282,ORD20261202002720,1,completed,2026-04-02T18:19:54.755780134
SKU_001283,ORD20261202002721,3,completed,2026-04-02T21:42:32.340313807
SKU_001284,ORD20261203002722,1,cancelled,2026-04-03T02:15:18.744936791
SKU_001285,ORD20261203002723,1,completed,2026-04-03T07:08:04.135726577
SKU_001286,ORD20261203002724,2,cancelled,2026-04-03T11:05:09.004541031
SKU_001287,ORD20261203002725,1,completed,2026-04-03T14:37:57.117906702
SKU_001288,ORD20261203002726,2,cancelled,2026-04-03T17:17:22.903814180
SKU_001289,ORD20261203002727,1,completed,2026-04-03T19:28:01.676117287
SKU_001290,ORD20261203002728,3,cancelled,2026-04-03T23:50:29.211804823
SKU_001291,ORD20261204002729,1,completed,2026-04-04T02:23:00.518411632
SKU_001292,ORD20261204002730,3,shipped,2026-04-04T06:16:36.988789071
SKU_001293,ORD20261204002731,2,completed,2026-04-04T10:07:50.041642330
SKU_001294,ORD20261204002732,3,shipped,2026-04-04T14:23:59.878013739
SKU_001295,ORD20261204002733,3,shipped,2026-04-04T17:45:11.207850995
SKU_001296,ORD20261204002734,1,shipped,2026-04-04T22:32:15.459430685
SKU_001297,ORD20261205002735,1,cancelled,2026-04-05T00:41:20.534833003
SKU_001298,ORD20261205002736,2,completed,2026-04-05T04:43:55.793684660
SKU_001299,ORD20261205002737,3,cancelled,2026-04-05T06:30:48.992176502
SKU_001300,ORD20261205002738,3,completed,2026-04-05T09:19:12.685300859
SKU_001301,ORD20261205002739,2,cancelled,2026-04-05T12:01:51.565548045
SKU_001302,ORD20261205002740,1,shipped,2026-04-05T14:37:00.186230839
SKU_001303,ORD20261205002741,1,shipped,2026-04-05T16:43:59.081128514
SKU_001304,ORD20261205002742,1,completed,2026-04-05T19:58:37.683435527
SKU_001305,ORD20261205002743,2,completed,2026-04-05T23:17:10.144986599
SKU_001306,ORD20261206002744,3,cancelled,2026-04-06T01:42:30.442461050
SKU_001307,ORD20261206002745,1,completed,2026-04-06T06:11:24.912506263
SKU_001308,ORD20261206002746,1,cancelled,2026-04-06T10:33:10.798271882
SKU_001309,ORD20261206002747,3,cancelled,2026-04-06T13:11:34.894519037
SKU_001310,ORD20261206002748,1,shipped,2026-04-06T17:43:03.729316466
SKU_001311,ORD20261206002749,1,shipped,2026-04-06T21:58:05.688808939
SKU_001312,ORD20261207002750,1,completed,2026-04-07T02:50:19.048540480
SKU_001313,ORD20261207002751,1,completed,2026-04-07T05:31:27.219830552
SKU_001314,ORD20261207002752,2,completed,2026-04-07T07:26:21.384507727
SKU_001315,ORD20261207002753,1,shipped,2026-04-07T12:12:47.432021732
SKU_001316,ORD20261207002754,3,completed,2026-04-07T15:27:54.464102519
SKU_001317,ORD20261207002755,3,completed,2026-04-07T19:21:20.561945478
SKU_001318,ORD20261207002756,1,completed,2026-04-07T22:49:38.251485062
SKU_001319,ORD20261208002757,1,cancelled,2026-04-08T02:46:15.356475552
SKU_001320,ORD20261208002758,1,completed,2026-04-08T07:36:24.962055577
SKU_001321,ORD20261208002759,1,shipped,2026-04-08T09:28:55.263865062
SKU_001322,ORD20261208002760,2,completed,2026-04-08T11:33:16.868920536
SKU_001323,ORD20261208002761,2,cancelled,2026-04-08T15:08:29.896651270
SKU_001324,ORD20261208002762,1,cancelled,2026-04-08T18:35:33.590329313
SKU_001325,ORD20261208002763,1,shipped,2026-04-08T20:56:09.408884206
SKU_001326,ORD20261209002764,3,shipped,2026-04-09T01:39:29.264284392
SKU_001327,ORD20261209002765,1,completed,2026-04-09T04:59:42.724642677
SKU_001328,ORD20261209002766,2,completed,2026-04-09T07:20:42.793133525
SKU_001329,ORD20261209002767,3,shipped,2026-04-09T10:53:15.423073356
SKU_001330,ORD20261209002768,1,completed,2026-04-09T13:26:36.118344520
SKU_001331,ORD20261209002769,2,completed,2026-04-09T15:25:29.925166055
SKU_001332,ORD20261209002770,2,completed,2026-04-09T18:01:14.929815442
SKU_001333,ORD20261209002771,1,completed,2026-04-09T20:56:06.379227118
SKU_001334,ORD20261210002772,1,completed,2026-04-10T01:14:08.553286984
SKU_001335,ORD20261210002773,1,shipped,2026-04-10T05:22:12.270895173
SKU_001336,ORD20261210002774,3,completed,2026-04-10T08:42:40.070311661
SKU_001337,ORD20261210002775,2,completed,2026-04-10T11:16:59.569333488
SKU_001338,ORD20261210002776,1,cancelled,2026-04-10T14:16:38.941454200
SKU_001339,ORD20261210002777,1,cancelled,2026-04-10T19:07:54.719963070
SKU_001340,ORD20261210002778,1,cancelled,2026-04-10T21:59:25.519371066
SKU_001341,ORD20261211002779,2,completed,2026-04-11T00:21:41.450104972
SKU_001342,ORD20261211002780,1,completed,2026-04-11T03:57:23.457443407
SKU_001343,ORD20261211002781,1,completed,2026-04-11T08:10:36.818204201
SKU_001344,ORD20261211002782,3,completed,2026-04-11T10:07:51.213355047
SKU_001345,ORD20261211002783,1,cancelled,2026-04-11T13:46:27.872950213
SKU_001346,ORD20261211002784,1,completed,2026-04-11T17:29:00.766059252
SKU_001347,ORD20261211002785,1,shipped,2026-04-11T20:18:14.799334635
SKU_001348,ORD20261211002786,2,shipped,2026-04-11T22:12:17.986544974
SKU_001349,ORD20261212002787,3,cancelled,2026-04-12T02:24:12.224573758
SKU_001350,ORD20261212002788,1,completed,2026-04-12T04:35:53.733987891
SKU_001351,ORD20261212002789,1,completed,2026-04-12T07:27:34.821707495
SKU_001352,ORD20261212002790,3,shipped,2026-04-12T12:21:39.075388203
SKU_001353,ORD20261212002791,3,completed,2026-04-12T14:00:40.664479242
SKU_001354,ORD20261212002792,2,completed,2026-04-12T17:12:53.229458955
SKU_001355,ORD20261212002793,3,completed,2026-04-12T20:50:56.930600956
SKU_001356,ORD20261213002794,1,completed,2026-04-13T01:00:10.094885895
SKU_001357,ORD20261213002795,1,completed,2026-04-13T05:21:47.258293179
SKU_001358,ORD20261213002796,1,completed,2026-04-13T08:37:00.073958120
SKU_001359,ORD20261213002797,1,completed,2026-04-13T10:21:52.098048377
SKU_001360,ORD20261213002798,3,completed,2026-04-13T13:37:15.627664300
SKU_001361,ORD20261213002799,1,completed,2026-04-13T15:47:35.532122693
SKU_001362,ORD20261213002800,3,completed,2026-04-13T17:34:08.991214892
SKU_001363,ORD20261213002801,1,completed,2026-04-13T19:16:19.643679697
SKU_001364,ORD20261213002802,1,completed,2026-04-13T22:10:42.531339669
SKU_001365,ORD20261214002803,1,completed,2026-04-14T02:00:37.044030346
SKU_001366,ORD20261214002804,1,cancelled,2026-04-14T06:48:25.883778452
SKU_001367,ORD20261214002805,1,completed,2026-04-14T11:11:10.285533362
SKU_001368,ORD20261214002806,1,completed,2026-04-14T13:42:17.617179882
SKU_001369,ORD20261214002807,3,completed,2026-04-14T18:36:49.739163351
SKU_001370,ORD20261214002808,2,cancelled,2026-04-14T20:20:54.205860444
SKU_001371,ORD20261214002809,1,completed,2026-04-14T23:28:18.508006840
SKU_001372,ORD20261215002810,2,completed,2026-04-15T02:09:30.598772391
SKU_001373,ORD20261215002811,3,cancelled,2026-04-15T03:50:40.811017319
SKU_001374,ORD20261215002812,2,cancelled,2026-04-15T07:46:59.031313105
SKU_001375,ORD20261215002813,2,completed,2026-04-15T10:32:08.544147965
SKU_001376,ORD20261215002814,1,cancelled,2026-04-15T13:24:04.120479582
SKU_001377,ORD20261215002815,1,completed,2026-04-15T17:03:08.552165159
SKU_001378,ORD20261215002816,1,completed,2026-04-15T21:11:05.259680043
SKU_001379,ORD20261216002817,3,completed,2026-04-16T01:24:42.419127979
SKU_001380,ORD20261216002818,1,completed,2026-04-16T04:25:58.384589548
SKU_001381,ORD20261216002819,1,completed,2026-04-16T06:18:47.574463955
SKU_001382,ORD20261216002820,2,cancelled,2026-04-16T08:12:49.655049429
SKU_001383,ORD20261216002821,3,completed,2026-04-16T13:04:54.234466754
SKU_001384,ORD20261216002822,2,completed,2026-04-16T17:07:48.974219421
SKU_001385,ORD20261216002823,2,shipped,2026-04-16T18:47:23.932971945
SKU_001386,ORD20261216002824,1,completed,2026-04-16T23:07:10.214178105
SKU_001387,ORD20261217002825,1,cancelled,2026-04-17T01:36:13.005504729
SKU_001388,ORD20261217002826,3,completed,2026-04-17T05:25:08.999296589
SKU_001389,ORD20261217002827,1,completed,2026-04-17T07:46:34.277488289
SKU_001390,ORD20261217002828,2,completed,2026-04-17T11:43:46.931338957
SKU_001391,ORD20261217002829,2,completed,2026-04-17T13:35:43.448529236
SKU_001392,ORD20261217002830,2,completed,2026-04-17T17:35:17.940233834
SKU_001393,ORD20261217002831,3,shipped,2026-04-17T21:45:24.989063177
SKU_001394,ORD20261218002832,2,completed,2026-04-18T01:10:50.624732132
SKU_001395,ORD20261218002833,2,completed,2026-04-18T04:27:35.230616572
SKU_001396,ORD20261218002834,3,completed,2026-04-18T06:42:59.059489341
SKU_001397,ORD20261218002835,2,completed,2026-04-18T09:34:04.329932209
SKU_001398,ORD20261218002836,2,completed,2026-04-18T12:53:06.647722763
SKU_001399,ORD20261218002837,3,completed,2026-04-18T15:01:46.037849052
SKU_001400,ORD20261218002838,1,completed,2026-04-18T16:44:42.508256311
SKU_001401,ORD20261218002839,3,completed,2026-04-18T19:22:03.148396648
SKU_001402,ORD20261218002840,2,completed,2026-04-18T21:47:16.775764514
SKU_001403,ORD20261219002841,3,completed,2026-04-19T02:13:16.284369092
SKU_001404,ORD20261219002842,3,completed,2026-04-19T07:03:23.871012846
SKU_001405,ORD20261219002843,1,shipped,2026-04-19T11:36:02.581937447
SKU_001406,ORD20261219002844,2,completed,2026-04-19T13:45:18.625194775
SKU_001407,ORD20261219002845,1,completed,2026-04-19T17:49:17.438075175
SKU_001408,ORD20261219002846,1,completed,2026-04-19T21:41:39.584867126
SKU_001409,ORD20261220002847,1,completed,2026-04-20T01:56:27.102498440
SKU_001410,ORD20261220002848,1,cancelled,2026-04-20T04:19:57.855498887
SKU_001411,ORD20261220002849,2,shipped,2026-04-20T06:31:10.059875132
SKU_001412,ORD20261220002850,2,shipped,2026-04-20T08:43:39.744061827
SKU_001413,ORD20261220002851,1,cancelled,2026-04-20T11:33:35.626193698
SKU_001414,ORD20261220002852,3,cancelled,2026-04-20T13:39:52.491882471
SKU_001415,ORD20261220002853,2,completed,2026-04-20T16:33:42.681842807
SKU_001416,ORD20261220002854,1,shipped,2026-04-20T19:45:40.512086635
SKU_001417,ORD20261220002855,3,shipped,2026-04-20T21:31:59.450840178
SKU_001418,ORD20261221002856,1,cancelled,2026-04-21T00:04:19.106483054
SKU_001419,ORD20261221002857,1,cancelled,2026-04-21T03:12:40.755295939
SKU_001420,ORD20261221002858,3,cancelled,2026-04-21T05:25:12.998713501
SKU_001421,ORD20261221002859,3,completed,2026-04-21T09:55:34.063750889
SKU_001422,ORD20261221002860,1,completed,2026-04-21T13:59:50.687885132
SKU_001423,ORD20261221002861,1,cancelled,2026-04-21T16:18:14.397853380
SKU_001424,ORD20261221002862,1,completed,2026-04-21T19:29:07.227093985
SKU_001425,ORD20261221002863,3,completed,2026-04-21T23:56:12.337408038
SKU_001426,ORD20261222002864,1,completed,2026-04-22T04:16:05.300365428
SKU_001427,ORD20261222002865,3,completed,2026-04-22T07:26:39.361345503
SKU_001428,ORD20261222002866,2,shipped,2026-04-22T10:34:33.036080615
SKU_001429,ORD20261222002867,2,completed,2026-04-22T14:54:35.317009418
SKU_001430,ORD20261222002868,1,cancelled,2026-04-22T17:08:50.993926104
SKU_001431,ORD20261222002869,3,completed,2026-04-22T19:07:31.130350262
SKU_001432,ORD20261222002870,3,completed,2026-04-22T20:48:43.375089001
SKU_001433,ORD20261223002871,1,shipped,2026-04-23T00:45:42.089698229
SKU_001434,ORD20261223002872,1,completed,2026-04-23T02:38:20.934219593
SKU_001435,ORD20261223002873,1,completed,2026-04-23T04:43:14.639637676
SKU_001436,ORD20261223002874,3,cancelled,2026-04-23T09:31:36.046213781
SKU_001437,ORD20261223002875,1,completed,2026-04-23T11:48:28.776615881
SKU_001438,ORD20261223002876,1,completed,2026-04-23T13:35:47.552950505
SKU_001439,ORD20261223002877,3,completed,2026-04-23T15:30:19.289356804
SKU_001440,ORD20261223002878,3,completed,2026-04-23T19:57:29.084983122
SKU_001441,ORD20261223002879,1,completed,2026-04-23T23:06:51.312831909
SKU_001442,ORD20261224002880,1,completed,2026-04-24T03:30:07.314495559
SKU_001443,ORD20261224002881,1,shipped,2026-04-24T08:01:05.367347877
SKU_001444,ORD20261224002882,3,completed,2026-04-24T12:10:16.189149343
SKU_001445,ORD20261224002883,1,completed,2026-04-24T13:52:51.698191768
SKU_001446,ORD20261224002884,2,completed,2026-04-24T17:59:59.863597741
SKU_001447,ORD20261224002885,1,shipped,2026-04-24T22:24:23.566171346
SKU_001448,ORD20261225002886,1,cancelled,2026-04-25T03:17:54.989650709
SKU_001449,ORD20261225002887,3,completed,2026-04-25T07:14:44.023762369
SKU_001450,ORD20261225002888,1,shipped,2026-04-25T11:02:15.001938302
SKU_001451,ORD20261225002889,2,shipped,2026-04-25T14:07:49.321145606
SKU_001452,ORD20261225002890,2,completed,2026-04-25T15:57:15.102721090
SKU_001453,ORD20261225002891,1,completed,2026-04-25T18:22:31.510504706
SKU_001454,ORD20261225002892,2,completed,2026-04-25T20:44:04.276639478
SKU_001455,ORD20261226002893,3,shipped,2026-04-26T01:17:04.514941833
SKU_001456,ORD20261226002894,1,cancelled,2026-04-26T03:46:38.235729999
SKU_001457,ORD20261226002895,1,completed,2026-04-26T05:40:10.033532557
SKU_001458,ORD20261226002896,2,completed,2026-04-26T09:40:15.233456459
SKU_001459,ORD20261226002897,1,completed,2026-04-26T13:31:51.564506180
SKU_001460,ORD20261226002898,1,cancelled,2026-04-26T16:25:01.854720719
SKU_001461,ORD20261226002899,1,completed,2026-04-26T18:30:15.073841641
SKU_001462,ORD20261226002900,2,completed,2026-04-26T21:37:49.794824477
SKU_001463,ORD20261227002901,1,completed,2026-04-27T02:07:40.616008453
SKU_001464,ORD20261227002902,1,completed,2026-04-27T06:03:48.763785365
SKU_001465,ORD20261227002903,1,completed,2026-04-27T09:26:06.142434322
SKU_001466,ORD20261227002904,1,shipped,2026-04-27T14:04:10.288641318
SKU_001467,ORD20261227002905,2,completed,2026-04-27T18:32:30.102209506
SKU_001468,ORD20261227002906,3,shipped,2026-04-27T21:44:57.447795929
SKU_001469,ORD20261228002907,1,cancelled,2026-04-28T01:47:31.740949688
SKU_001470,ORD20261228002908,1,completed,2026-04-28T05:09:50.261819168
SKU_001471,ORD20261228002909,1,completed,2026-04-28T08:19:49.923379933
SKU_001472,ORD20261228002910,3,shipped,2026-04-28T11:39:14.447026391
SKU_001473,ORD20261228002911,1,cancelled,2026-04-28T16:16:24.266969416
SKU_001474,ORD20261228002912,1,completed,2026-04-28T18:11:45.646408959
SKU_001475,ORD20261228002913,2,completed,2026-04-28T23:06:45.996166657
SKU_001476,ORD20261229002914,1,completed,2026-04-29T02:20:13.548111180
SKU_001477,ORD20261229002915,1,completed,2026-04-29T04:45:32.459957777
SKU_001478,ORD20261229002916,3,completed,2026-04-29T06:26:00.023388185
SKU_001479,ORD20261229002917,1,completed,2026-04-29T08:34:15.950420083
SKU_001480,ORD20261229002918,1,shipped,2026-04-29T10:45:45.168794779
SKU_001481,ORD20261229002919,3,cancelled,2026-04-29T14:26:01.823733087
SKU_001482,ORD20261229002920,1,completed,2026-04-29T16:12:48.318276392
SKU_001483,ORD20261229002921,3,completed,2026-04-29T18:00:44.743717480
SKU_001484,ORD20261229002922,2,completed,2026-04-29T21:48:41.583669629
SKU_001485,ORD20261230002923,3,cancelled,2026-04-30T01:40:53.152503713
SKU_001486,ORD20261230002924,1,completed,2026-04-30T05:25:48.528930879
SKU_001487,ORD20261230002925,1,completed,2026-04-30T07:55:05.801088530
SKU_001488,ORD20261230002926,3,cancelled,2026-04-30T12:29:41.786514445
SKU_001489,ORD20261230002927,1,completed,2026-04-30T17:05:21.313202874
SKU_001490,ORD20261230002928,1,completed,2026-04-30T19:48:13.688275365
SKU_001491,ORD20261230002929,1,completed,2026-04-30T22:14:03.094822906
SKU_001492,ORD20261231002930,2,completed,2026-04-31T01:21:49.031189715
SKU_001493,ORD20261231002931,1,completed,2026-04-31T05:22:43.950530715
SKU_001494,ORD20261231002932,1,cancelled,2026-04-31T07:56:34.780227292
SKU_001495,ORD20261231002933,1,completed,2026-04-31T11:39:53.187441060
SKU_001496,ORD20261231002934,1,completed,2026-04-31T15:53:04.983163678
SKU_001497,ORD20261231002935,2,cancelled,2026-04-31T17:51:57.886141008
SKU_001498,ORD20261231002936,1,shipped,2026-04-31T20:37:05.287471669
SKU_001499,ORD20270101002937,3,completed,2026-04-18T22:45:44.782710
SKU_001500,ORD20270101002938,1,completed,2026-04-21T07:44:21.245185
SKU_001501,ORD20270101002939,3,completed,2026-04-03T01:03:00.408132
SKU_001502,ORD20270101002940,2,completed,2026-04-26T09:09:04.040964
SKU_001503,ORD20270101002941,1,shipped,2026-04-07T16:14:46.434468
SKU_001504,ORD20270101002942,3,completed,2026-04-15T05:20:17.658620
SKU_001505,ORD20270101002943,1,completed,2026-04-01T14:38:53.700009
SKU_001506,ORD20270101002944,1,cancelled,2026-04-30T03:49:12.436998
SKU_001507,ORD20270102002945,2,cancelled,2026-04-02T13:59:04.651410
SKU_001508,ORD20270102002946,1,shipped,2026-04-12T03:31:28.585400
SKU_001509,ORD20270102002947,1,cancelled,2026-04-15T05:15:50.014126
SKU_001510,ORD20270102002948,1,cancelled,2026-04-31T18:06:56.540736
SKU_001511,ORD20270102002949,1,completed,2026-04-11T20:26:48.415529
SKU_001512,ORD20270102002950,1,shipped,2026-04-18T12:22:13.854912
SKU_001513,ORD20270102002951,2,completed,2026-04-23T17:00:10.992575
SKU_001514,ORD20270102002952,1,shipped,2026-04-10T08:34:19.345823
SKU_001515,ORD20270103002953,2,cancelled,2026-04-16T20:08:05.066401
SKU_001516,ORD20270103002954,1,completed,2026-04-24T10:56:12.982408
SKU_001517,ORD20270103002955,2,completed,2026-04-29T07:26:04.134320
SKU_001518,ORD20270103002956,1,completed,2026-04-27T20:22:49.348650
SKU_001519,ORD20270103002957,3,completed,2026-04-25T12:00:29.772214
SKU_001520,ORD20270103002958,1,shipped,2026-04-02T12:10:14.225259
SKU_001521,ORD20270103002959,3,shipped,2026-04-19T15:11:36.105783
SKU_001522,ORD20270103002960,3,completed,2026-04-26T10:31:01.678682
SKU_001523,ORD20270103002961,1,completed,2026-04-10T21:18:13.114326
SKU_001524,ORD20270104002962,1,completed,2026-04-25T06:56:10.917927
SKU_001525,ORD20270104002963,1,shipped,2026-04-13T06:16:56.222388
SKU_001526,ORD20270104002964,1,completed,2026-04-28T12:57:40.050917
SKU_001527,ORD20270104002965,1,completed,2026-04-03T08:11:53.661793
SKU_001528,ORD20270104002966,2,completed,2026-04-18T16:44:01.031205
SKU_001529,ORD20270104002967,1,completed,2026-04-04T05:17:59.669372
SKU_001530,ORD20270104002968,1,cancelled,2026-04-05T23:58:30.340380
SKU_001531,ORD20270105002969,2,shipped,2026-04-23T23:34:06.515193
SKU_001532,ORD20270105002970,2,completed,2026-04-28T11:59:29.083480
SKU_001533,ORD20270105002971,1,completed,2026-04-26T22:56:34.877426
SKU_001534,ORD20270105002972,1,completed,2026-04-24T07:45:22.182975
SKU_001535,ORD20270105002973,1,shipped,2026-04-06T23:51:51.279679
SKU_001536,ORD20270105002974,3,completed,2026-04-10T00:31:14.703224
SKU_001537,ORD20270105002975,1,completed,2026-04-09T02:42:14.057595
SKU_001538,ORD20270105002976,1,completed,2026-04-26T21:17:55.249987
SKU_001539,ORD20270106002977,2,cancelled,2026-04-18T15:28:42.643362
SKU_001540,ORD20270106002978,1,completed,2026-04-28T14:39:43.210792
SKU_001541,ORD20270106002979,1,completed,2026-04-24T23:26:06.997871
SKU_001542,ORD20270106002980,3,completed,2026-04-13T16:39:16.360768
SKU_001543,ORD20270106002981,2,completed,2026-04-01T20:17:11.216864
SKU_001544,ORD20270106002982,1,completed,2026-04-15T13:41:51.569249
SKU_001545,ORD20270106002983,2,completed,2026-04-11T22:05:32.371052
SKU_001546,ORD20270106002984,2,shipped,2026-04-18T19:11:00.487303
SKU_001547,ORD20270107002985,3,completed,2026-04-07T17:49:53.160000
SKU_001548,ORD20270107002986,1,completed,2026-04-20T13:57:59.469054
SKU_001549,ORD20270107002987,1,cancelled,2026-04-06T06:18:50.366682
SKU_001550,ORD20270107002988,1,cancelled,2026-04-07T12:34:36.704526
SKU_001551,ORD20270107002989,3,cancelled,2026-04-13T16:06:14.085407
SKU_001552,ORD20270107002990,3,shipped,2026-04-23T01:30:29.681095
SKU_001553,ORD20270107002991,1,completed,2026-04-18T02:12:17.659967
SKU_001554,ORD20270107002992,3,completed,2026-04-02T02:45:38.000240
SKU_001555,ORD20270108002993,2,completed,2026-04-22T08:03:10.680191
SKU_001556,ORD20270108002994,2,completed,2026-04-21T23:06:42.294556
SKU_001557,ORD20270108002995,1,shipped,2026-04-11T19:28:24.843821
SKU_001558,ORD20270108002996,3,completed,2026-04-07T16:08:28.071842
SKU_001559,ORD20270108002997,2,completed,2026-04-16T18:05:43.756274
SKU_001560,ORD20270108002998,1,completed,2026-04-12T06:28:25.153099
SKU_001561,ORD20270108002999,1,completed,2026-04-04T12:36:47.332800
SKU_001562,ORD20270108003000,3,shipped,2026-04-05T06:26:44.350341
SKU_001563,ORD20270109003001,2,shipped,2026-04-20T21:35:07.381869
SKU_001564,ORD20270109003002,1,completed,2026-04-01T20:38:36.236121
SKU_001565,ORD20270109003003,3,completed,2026-04-24T13:48:22.123918
SKU_001566,ORD20270109003004,3,completed,2026-04-18T14:01:32.157894
SKU_001567,ORD20270109003005,1,completed,2026-04-30T12:42:03.314833
SKU_001568,ORD20270109003006,2,completed,2026-04-17T11:31:47.861712
SKU_001569,ORD20270110003007,1,cancelled,2026-04-31T10:07:49.533720
SKU_001570,ORD20270110003008,1,cancelled,2026-04-21T18:02:56.198815
SKU_001571,ORD20270110003009,1,completed,2026-04-07T19:23:17.692025
SKU_001572,ORD20270110003010,2,shipped,2026-04-04T14:23:02.488942
SKU_001573,ORD20270110003011,3,completed,2026-04-21T14:48:13.599134
SKU_001574,ORD20270110003012,2,shipped,2026-04-15T12:38:28.339266
SKU_001575,ORD20270111003013,1,completed,2026-04-15T01:48:16.878836
SKU_001576,ORD20270111003014,3,completed,2026-04-04T15:13:22.086452
SKU_001577,ORD20270111003015,1,completed,2026-04-29T04:43:23.721421
SKU_001578,ORD20270111003016,3,completed,2026-04-26T03:33:32.251106
SKU_001579,ORD20270111003017,1,completed,2026-04-10T21:41:12.937488
SKU_001580,ORD20270111003018,2,cancelled,2026-04-07T07:19:22.469445
SKU_001581,ORD20270111003019,1,completed,2026-04-22T05:31:20.961288
SKU_001582,ORD20270112003020,2,completed,2026-04-18T10:12:47.917748
SKU_001583,ORD20270112003021,1,shipped,2026-04-08T00:55:50.721231
SKU_001584,ORD20270112003022,1,completed,2026-04-29T18:00:55.528995
SKU_001585,ORD20270112003023,3,shipped,2026-04-16T02:54:53.809350
SKU_001586,ORD20270112003024,1,completed,2026-04-24T03:58:37.698965
SKU_001587,ORD20270112003025,2,completed,2026-04-17T16:40:11.979831
SKU_001588,ORD20270113003026,1,completed,2026-04-09T03:12:59.996902
SKU_001589,ORD20270113003027,1,completed,2026-04-18T04:30:38.143834
SKU_001590,ORD20270113003028,3,shipped,2026-04-07T20:41:46.969631
SKU_001591,ORD20270113003029,1,completed,2026-04-27T02:00:51.529043
SKU_001592,ORD20270113003030,1,completed,2026-04-03T22:21:28.003158
SKU_001593,ORD20270113003031,3,completed,2026-04-07T18:10:15.952740
SKU_001594,ORD20270113003032,1,completed,2026-04-02T22:34:04.619274
SKU_001595,ORD20270113003033,2,completed,2026-04-18T02:13:54.604554
SKU_001596,ORD20270114003034,1,completed,2026-04-25T06:19:05.082394
SKU_001597,ORD20270114003035,3,cancelled,2026-04-04T10:15:39.888410
SKU_001598,ORD20270114003036,2,shipped,2026-04-26T18:09:55.332364
SKU_001599,ORD20270114003037,2,completed,2026-04-30T04:26:35.901876
SKU_001600,ORD20270114003038,3,completed,2026-04-11T19:32:05.209786
SKU_001601,ORD20270114003039,2,cancelled,2026-04-13T20:16:11.235276
SKU_001602,ORD20270114003040,1,shipped,2026-04-03T09:41:13.048457
SKU_001603,ORD20270114003041,1,cancelled,2026-04-06T00:38:32.714732
SKU_001604,ORD20270115003042,3,completed,2026-04-28T21:14:27.290204
SKU_001605,ORD20270115003043,2,completed,2026-04-12T08:56:08.209566
SKU_001606,ORD20270115003044,2,cancelled,2026-04-20T13:17:16.211521
SKU_001607,ORD20270115003045,3,completed,2026-04-03T20:07:07.505928
SKU_001608,ORD20270115003046,1,completed,2026-04-01T14:22:58.159642
SKU_001609,ORD20270115003047,1,shipped,2026-04-17T15:36:08.783305
SKU_001610,ORD20270115003048,3,shipped,2026-04-01T20:53:35.464509
SKU_001611,ORD20270115003049,1,completed,2026-04-20T14:56:38.594772
SKU_001612,ORD20270116003050,1,cancelled,2026-04-05T20:51:26.817995
SKU_001613,ORD20270116003051,1,shipped,2026-04-06T04:50:03.577232
SKU_001614,ORD20270116003052,1,completed,2026-04-18T16:57:46.119614
SKU_001615,ORD20270116003053,1,shipped,2026-04-03T13:41:39.791440
SKU_001616,ORD20270116003054,1,shipped,2026-04-23T16:11:40.612938
SKU_001617,ORD20270116003055,1,completed,2026-04-01T04:17:21.772337
SKU_001618,ORD20270116003056,1,cancelled,2026-04-12T12:55:33.460584
SKU_001619,ORD20270117003057,2,cancelled,2026-04-08T02:21:08.850851
SKU_001620,ORD20270117003058,1,cancelled,2026-04-10T02:58:35.075312
SKU_001621,ORD20270117003059,1,shipped,2026-04-24T04:16:11.110690
SKU_001622,ORD20270117003060,2,completed,2026-04-09T18:57:57.540233
SKU_001623,ORD20270117003061,1,completed,2026-04-18T09:01:06.192275
SKU_001624,ORD20270117003062,3,shipped,2026-04-28T13:49:08.891984
SKU_001625,ORD20270117003063,1,completed,2026-04-28T12:13:48.268219
SKU_001626,ORD20270117003064,1,completed,2026-04-01T16:40:32.943960
SKU_001627,ORD20270117003065,2,cancelled,2026-04-17T19:22:10.617231
SKU_001628,ORD20270118003066,2,completed,2026-04-06T00:19:48.907990
SKU_001629,ORD20270118003067,2,completed,2026-04-17T21:46:57.163247
SKU_001630,ORD20270118003068,3,cancelled,2026-04-24T15:11:29.607004
SKU_001631,ORD20270118003069,3,cancelled,2026-04-05T04:26:58.897689
SKU_001632,ORD20270118003070,3,completed,2026-04-26T20:40:08.977391
SKU_001633,ORD20270118003071,3,completed,2026-04-08T23:31:18.552488
SKU_001634,ORD20270118003072,1,cancelled,2026-04-27T21:57:21.224623
SKU_001635,ORD20270118003073,1,cancelled,2026-04-09T04:15:30.655427
SKU_001636,ORD20270119003074,3,completed,2026-04-23T00:45:23.593195
SKU_001637,ORD20270119003075,1,shipped,2026-04-04T11:42:36.731279
SKU_001638,ORD20270119003076,3,shipped,2026-04-22T15:12:28.213990
SKU_001639,ORD20270119003077,2,completed,2026-04-29T09:25:19.275283
SKU_001640,ORD20270119003078,3,completed,2026-04-22T18:03:33.411817
SKU_001641,ORD20270119003079,3,cancelled,2026-04-07T00:20:40.153218
SKU_001642,ORD20270119003080,2,completed,2026-04-28T10:28:50.841486
SKU_001643,ORD20270120003081,2,completed,2026-04-15T02:03:20.292520
SKU_001644,ORD20270120003082,2,completed,2026-04-30T16:23:28.301996
SKU_001645,ORD20270120003083,1,completed,2026-04-14T00:14:04.200937
SKU_001646,ORD20270120003084,3,cancelled,2026-04-01T14:20:01.231536
SKU_001647,ORD20270120003085,1,shipped,2026-04-05T07:06:21.185449
SKU_001648,ORD20270120003086,2,cancelled,2026-04-30T01:35:34.066389
SKU_001649,ORD20270120003087,1,completed,2026-04-19T21:21:08.420039
SKU_001650,ORD20270121003088,2,completed,2026-04-01T03:55:52.868859
SKU_001651,ORD20270121003089,3,cancelled,2026-04-19T15:12:42.377823
SKU_001652,ORD20270121003090,1,cancelled,2026-04-25T20:45:12.720629
SKU_001653,ORD20270121003091,2,completed,2026-04-29T07:31:07.417023
SKU_001654,ORD20270121003092,2,completed,2026-04-24T06:56:34.220029
SKU_001655,ORD20270122003093,3,completed,2026-04-16T09:39:25.829190
SKU_001656,ORD20270122003094,1,completed,2026-04-25T20:42:17.861531
SKU_001657,ORD20270122003095,3,shipped,2026-04-07T23:02:29.606083
SKU_001658,ORD20270122003096,1,shipped,2026-04-14T11:09:50.992498
SKU_001659,ORD20270122003097,1,cancelled,2026-04-06T08:10:26.314704
SKU_001660,ORD20270122003098,1,cancelled,2026-04-18T21:09:07.847210
SKU_001661,ORD20270123003099,2,cancelled,2026-04-17T21:46:26.441715
SKU_001662,ORD20270123003100,1,cancelled,2026-04-17T21:46:01.266056
SKU_001663,ORD20270123003101,3,completed,2026-04-03T21:51:10.726779
SKU_001664,ORD20270123003102,1,completed,2026-04-15T16:15:51.624484
SKU_001665,ORD20270123003103,1,shipped,2026-04-21T12:53:21.860499
SKU_001666,ORD20270123003104,1,cancelled,2026-04-30T19:52:29.228745
SKU_001667,ORD20270123003105,1,shipped,2026-04-25T22:22:49.981743
SKU_001668,ORD20270123003106,1,completed,2026-04-16T19:37:03.550521
SKU_001669,ORD20270124003107,1,cancelled,2026-04-28T11:51:34.497370
SKU_001670,ORD20270124003108,2,shipped,2026-04-09T05:50:36.738944
SKU_001671,ORD20270124003109,2,completed,2026-04-20T18:06:38.037453
SKU_001672,ORD20270124003110,3,shipped,2026-04-16T19:37:27.293314
SKU_001673,ORD20270124003111,2,completed,2026-04-07T03:06:59.637502
SKU_001674,ORD20270124003112,1,completed,2026-04-12T13:19:49.179968
SKU_001675,ORD20270124003113,1,completed,2026-04-17T20:17:49.936939
SKU_001676,ORD20270125003114,1,completed,2026-04-14T19:05:04.184458
SKU_001677,ORD20270125003115,2,completed,2026-04-31T14:26:54.468267
SKU_001678,ORD20270125003116,1,completed,2026-04-14T09:17:59.196411
SKU_001679,ORD20270125003117,2,cancelled,2026-04-17T19:34:42.266157
SKU_001680,ORD20270125003118,1,shipped,2026-04-18T12:21:43.030388
SKU_001681,ORD20270125003119,1,completed,2026-04-25T18:19:10.085964
SKU_001682,ORD20270125003120,1,completed,2026-04-10T22:44:49.432241
SKU_001683,ORD20270126003121,1,cancelled,2026-04-04T03:06:24.594904
SKU_001684,ORD20270126003122,1,completed,2026-04-12T22:30:37.935356
SKU_001685,ORD20270126003123,1,completed,2026-04-11T17:04:37.304126
SKU_001686,ORD20270126003124,2,completed,2026-04-04T17:56:56.092636
SKU_001687,ORD20270126003125,2,cancelled,2026-04-14T02:22:19.854078
SKU_001688,ORD20270126003126,2,completed,2026-04-01T07:53:33.493159
SKU_001689,ORD20270126003127,3,shipped,2026-04-25T06:00:23.775253
SKU_001690,ORD20270126003128,1,completed,2026-04-24T14:09:16.687074
SKU_001691,ORD20270127003129,1,completed,2026-04-08T04:07:45.423782
SKU_001692,ORD20270127003130,1,completed,2026-04-21T20:00:36.738508
SKU_001693,ORD20270127003131,1,completed,2026-04-11T14:30:02.305002
SKU_001694,ORD20270127003132,3,completed,2026-04-20T05:12:17.686238
SKU_001695,ORD20270127003133,2,completed,2026-04-28T07:12:28.969594
SKU_001696,ORD20270127003134,3,completed,2026-04-07T01:44:03.185267
SKU_001697,ORD20270127003135,1,cancelled,2026-04-22T02:15:06.976067
SKU_001698,ORD20270127003136,1,completed,2026-04-14T22:34:31.290400
SKU_001699,ORD20270127003137,1,completed,2026-04-09T10:28:27.734971
SKU_001700,ORD20270128003138,1,shipped,2026-04-27T00:39:20.225791
SKU_001701,ORD20270128003139,1,shipped,2026-04-30T21:15:43.853205
SKU_001702,ORD20270128003140,3,cancelled,2026-04-06T23:35:51.676972
SKU_001703,ORD20270128003141,3,completed,2026-04-08T17:03:57.526621
SKU_001704,ORD20270128003142,1,shipped,2026-04-24T11:44:34.713987
SKU_001705,ORD20270128003143,2,cancelled,2026-04-27T00:42:39.551293
SKU_001706,ORD20270128003144,1,completed,2026-04-25T22:51:30.566214
SKU_001707,ORD20270129003145,1,cancelled,2026-04-22T02:44:11.179735
SKU_001708,ORD20270129003146,2,cancelled,2026-04-26T16:26:24.780044
SKU_001709,ORD20270129003147,1,completed,2026-04-23T18:30:27.267293
SKU_001710,ORD20270129003148,3,completed,2026-04-12T09:37:51.389517
SKU_001711,ORD20270129003149,3,cancelled,2026-04-29T18:56:20.170503
SKU_001712,ORD20270129003150,2,cancelled,2026-04-26T10:55:15.090393
SKU_001713,ORD20270129003151,1,cancelled,2026-04-17T19:42:24.146138
SKU_001714,ORD20270129003152,1,completed,2026-04-16T06:00:42.910224
SKU_001715,ORD20270130003153,1,completed,2026-04-13T03:19:33.024536
SKU_001716,ORD20270130003154,3,cancelled,2026-04-18T23:29:23.072215
SKU_001717,ORD20270130003155,1,completed,2026-04-02T21:36:06.724811
SKU_001718,ORD20270130003156,2,completed,2026-04-22T22:30:16.911784
SKU_001719,ORD20270130003157,1,shipped,2026-04-05T00:05:50.214513
SKU_001720,ORD20270130003158,1,completed,2026-04-01T16:35:24.975243
SKU_001721,ORD20270130003159,1,cancelled,2026-04-20T02:13:43.965592
SKU_001722,ORD20270130003160,2,cancelled,2026-04-29T07:17:36.148882
SKU_001723,ORD20270131003161,1,cancelled,2026-04-09T17:47:41.658531
SKU_001724,ORD20270131003162,2,completed,2026-04-01T20:06:59.393555
SKU_001725,ORD20270131003163,3,completed,2026-04-30T16:18:10.755171
SKU_001726,ORD20270131003164,2,cancelled,2026-04-22T09:00:43.745904
SKU_001727,ORD20270131003165,2,shipped,2026-04-02T20:39:26.104815
SKU_001728,ORD20270131003166,1,completed,2026-04-27T10:09:01.649622
SKU_001729,ORD20270201003167,1,shipped,2026-04-18T02:09:03.362684
SKU_001730,ORD20270201003168,1,shipped,2026-04-12T00:52:53.531274
SKU_001731,ORD20270201003169,2,completed,2026-04-14T05:43:36.449824
SKU_001732,ORD20270201003170,3,completed,2026-04-18T18:00:20.471301
SKU_001733,ORD20270201003171,1,completed,2026-04-27T21:22:31.850335
SKU_001734,ORD20270201003172,1,cancelled,2026-04-23T04:36:51.631650
SKU_001735,ORD20270201003173,3,completed,2026-04-15T10:32:32.475807
SKU_001736,ORD20270201003174,1,completed,2026-04-10T20:18:59.449761
SKU_001737,ORD20270201003175,3,cancelled,2026-04-17T17:12:49.638230
SKU_001738,ORD20270202003176,2,completed,2026-04-14T02:46:48.751414
SKU_001739,ORD20270202003177,3,cancelled,2026-04-16T08:24:43.015762
SKU_001740,ORD20270202003178,2,completed,2026-04-13T21:26:12.274157
SKU_001741,ORD20270202003179,3,completed,2026-04-21T07:53:51.260625
SKU_001742,ORD20270202003180,3,completed,2026-04-15T23:09:01.613955
SKU_001743,ORD20270202003181,3,shipped,2026-04-30T02:34:40.682179
SKU_001744,ORD20270202003182,1,cancelled,2026-04-21T05:21:08.300158
SKU_001745,ORD20270203003183,1,completed,2026-04-22T18:41:50.769621
SKU_001746,ORD20270203003184,1,completed,2026-04-28T12:28:22.129098
SKU_001747,ORD20270203003185,3,completed,2026-04-21T23:11:52.686328
SKU_001748,ORD20270203003186,2,completed,2026-04-05T15:31:06.441610
SKU_001749,ORD20270203003187,3,completed,2026-04-27T03:11:52.967993
SKU_001750,ORD20270203003188,3,shipped,2026-04-18T18:03:04.415693
SKU_001751,ORD20270203003189,2,completed,2026-04-28T22:12:40.119124
SKU_001752,ORD20270204003190,2,cancelled,2026-04-13T16:52:03.449015
SKU_001753,ORD20270204003191,2,shipped,2026-04-03T00:32:49.419157
SKU_001754,ORD20270204003192,1,completed,2026-04-04T22:21:35.710671
SKU_001755,ORD20270204003193,3,cancelled,2026-04-07T19:02:05.029207
SKU_001756,ORD20270204003194,2,completed,2026-04-18T16:59:19.952793
SKU_001757,ORD20270204003195,3,completed,2026-04-01T07:38:36.439594
SKU_001758,ORD20270204003196,1,completed,2026-04-31T23:30:58.548711
SKU_001759,ORD20270204003197,2,cancelled,2026-04-23T22:28:16.722161
SKU_001760,ORD20270204003198,1,cancelled,2026-04-01T18:35:17.404526
SKU_001761,ORD20270205003199,3,completed,2026-04-22T14:51:04.697414
SKU_001762,ORD20270205003200,2,completed,2026-04-20T14:23:58.115610
SKU_001763,ORD20270205003201,1,completed,2026-04-26T14:33:50.616570
SKU_001764,ORD20270205003202,3,completed,2026-04-10T17:56:42.785637
SKU_001765,ORD20270205003203,2,cancelled,2026-04-11T14:55:58.459646
SKU_001766,ORD20270205003204,2,cancelled,2026-04-09T18:27:05.756271
SKU_001767,ORD20270205003205,2,completed,2026-04-15T02:53:05.021807
SKU_001768,ORD20270205003206,1,cancelled,2026-04-18T11:15:28.815016
SKU_001769,ORD20270206003207,1,completed,2026-04-11T09:23:27.400583
SKU_001770,ORD20270206003208,3,cancelled,2026-04-30T08:09:35.894580
SKU_001771,ORD20270206003209,3,completed,2026-04-18T10:41:31.853366
SKU_001772,ORD20270206003210,1,shipped,2026-04-07T13:39:45.757564
SKU_001773,ORD20270206003211,2,completed,2026-04-17T07:44:36.326715
SKU_001774,ORD20270206003212,2,shipped,2026-04-31T11:18:33.725431
SKU_001775,ORD20270206003213,1,cancelled,2026-04-07T13:33:41.919194
SKU_001776,ORD20270206003214,1,shipped,2026-04-12T03:19:51.019521
SKU_001777,ORD20270206003215,3,completed,2026-04-25T06:39:52.471150
SKU_001778,ORD20270207003216,3,completed,2026-04-05T09:50:07.431223
SKU_001779,ORD20270207003217,3,shipped,2026-04-11T11:53:38.760802
SKU_001780,ORD20270207003218,2,cancelled,2026-04-27T05:08:20.111484
SKU_001781,ORD20270207003219,1,completed,2026-04-02T14:15:39.647832
SKU_001782,ORD20270207003220,1,completed,2026-04-19T16:50:55.520274
SKU_001783,ORD20270207003221,3,completed,2026-04-10T03:25:23.085761
SKU_001784,ORD20270207003222,3,completed,2026-04-01T21:24:04.393529
SKU_001785,ORD20270208003223,2,completed,2026-04-27T21:19:53.379940
SKU_001786,ORD20270208003224,2,completed,2026-04-08T09:27:09.486150
SKU_001787,ORD20270208003225,3,cancelled,2026-04-11T00:18:52.539520
SKU_001788,ORD20270208003226,2,completed,2026-04-15T09:58:06.651895
SKU_001789,ORD20270208003227,1,cancelled,2026-04-16T22:32:08.813088
SKU_001790,ORD20270209003228,1,completed,2026-04-10T18:35:30.956966
SKU_001791,ORD20270209003229,1,cancelled,2026-04-04T01:16:00.007564
SKU_001792,ORD20270209003230,1,completed,2026-04-15T12:42:46.852702
SKU_001793,ORD20270209003231,2,completed,2026-04-04T00:22:33.562733
SKU_001794,ORD20270209003232,2,completed,2026-04-20T05:50:55.322037
SKU_001795,ORD20270209003233,1,completed,2026-04-06T13:23:03.409460
SKU_001796,ORD20270209003234,3,shipped,2026-04-18T21:18:17.590636
SKU_001797,ORD20270210003235,3,completed,2026-04-10T19:46:58.235090
SKU_001798,ORD20270210003236,1,cancelled,2026-04-03T21:58:22.726344
SKU_001799,ORD20270210003237,1,shipped,2026-04-24T14:46:40.988879
SKU_001800,ORD20270210003238,1,completed,2026-04-23T20:14:45.877420
SKU_001801,ORD20270210003239,3,completed,2026-04-16T02:51:51.080388
SKU_001802,ORD20270210003240,1,completed,2026-04-24T14:00:51.255492
SKU_001803,ORD20270210003241,3,cancelled,2026-04-01T01:14:57.696706
SKU_001804,ORD20270210003242,2,completed,2026-04-21T20:07:12.823816
SKU_001805,ORD20270211003243,1,cancelled,2026-04-03T15:05:31.693466
SKU_001806,ORD20270211003244,1,completed,2026-04-18T11:42:52.452330
SKU_001807,ORD20270211003245,1,shipped,2026-04-27T07:35:20.347681
SKU_001808,ORD20270211003246,1,completed,2026-04-09T16:22:25.530319
SKU_001809,ORD20270211003247,1,completed,2026-04-27T17:27:11.271036
SKU_001810,ORD20270211003248,1,cancelled,2026-04-26T09:33:34.689353
SKU_001811,ORD20270211003249,2,completed,2026-04-25T21:27:35.171898
SKU_001812,ORD20270211003250,2,completed,2026-04-25T14:45:03.788084
SKU_001813,ORD20270212003251,2,completed,2026-04-06T05:57:26.464992
SKU_001814,ORD20270212003252,2,completed,2026-04-13T22:21:40.294726
SKU_001815,ORD20270212003253,1,completed,2026-04-09T10:18:14.666734
SKU_001816,ORD20270212003254,3,completed,2026-04-13T02:33:42.222597
SKU_001817,ORD20270212003255,1,completed,2026-04-12T09:56:51.029599
SKU_001818,ORD20270212003256,3,completed,2026-04-06T09:27:01.420976
SKU_001819,ORD20270212003257,1,completed,2026-04-23T08:24:35.392661
SKU_001820,ORD20270213003258,1,completed,2026-04-09T21:54:06.247477
SKU_001821,ORD20270213003259,2,completed,2026-04-08T04:33:19.571612
SKU_001822,ORD20270213003260,3,completed,2026-04-31T17:53:30.141029
SKU_001823,ORD20270213003261,3,shipped,2026-04-26T02:47:07.002258
SKU_001824,ORD20270213003262,1,completed,2026-04-23T00:50:07.786462
SKU_001825,ORD20270213003263,1,completed,2026-04-11T08:30:41.022699
SKU_001826,ORD20270213003264,1,completed,2026-04-07T18:47:32.538730
SKU_001827,ORD20270214003265,2,completed,2026-04-10T14:03:49.097042
SKU_001828,ORD20270214003266,2,completed,2026-04-30T10:59:02.962625
SKU_001829,ORD20270214003267,1,cancelled,2026-04-05T21:04:15.525400
SKU_001830,ORD20270214003268,2,cancelled,2026-04-06T19:09:48.318349
SKU_001831,ORD20270214003269,2,completed,2026-04-15T02:27:45.863979
SKU_001832,ORD20270214003270,1,shipped,2026-04-04T08:55:46.290273
SKU_001833,ORD20270214003271,2,completed,2026-04-10T01:55:12.527485
SKU_001834,ORD20270215003272,1,completed,2026-04-30T12:46:39.183890
SKU_001835,ORD20270215003273,1,cancelled,2026-04-15T23:01:26.656092
SKU_001836,ORD20270215003274,2,completed,2026-04-24T04:35:09.859098
SKU_001837,ORD20270215003275,1,completed,2026-04-28T16:15:46.017578
SKU_001838,ORD20270215003276,1,cancelled,2026-04-23T12:43:01.431077
SKU_001839,ORD20270215003277,1,shipped,2026-04-23T05:51:22.393330
SKU_001840,ORD20270216003278,1,completed,2026-04-10T15:01:34.557217
SKU_001841,ORD20270216003279,1,completed,2026-04-19T13:57:07.588218
SKU_001842,ORD20270216003280,3,completed,2026-04-20T02:34:35.975606
SKU_001843,ORD20270216003281,2,completed,2026-04-10T19:00:08.474335
SKU_001844,ORD20270216003282,1,completed,2026-04-28T07:45:36.178155
SKU_001845,ORD20270216003283,1,completed,2026-04-25T00:24:04.449030
SKU_001846,ORD20270216003284,1,completed,2026-04-11T21:15:06.299846
SKU_001847,ORD20270217003285,2,shipped,2026-04-13T01:20:32.626077
SKU_001848,ORD20270217003286,2,completed,2026-04-03T05:53:48.267823
SKU_001849,ORD20270217003287,1,shipped,2026-04-02T14:53:37.155456
SKU_001850,ORD20270217003288,2,completed,2026-04-03T02:41:53.358931
SKU_001851,ORD20270217003289,1,completed,2026-04-20T08:16:32.755634
SKU_001852,ORD20270217003290,1,completed,2026-04-28T09:27:34.074759
SKU_001853,ORD20270217003291,3,completed,2026-04-17T22:16:13.182238
SKU_001854,ORD20270217003292,1,completed,2026-04-31T03:47:39.275962
SKU_001855,ORD20270217003293,3,completed,2026-04-01T19:04:22.400069
SKU_001856,ORD20270218003294,1,completed,2026-04-09T14:56:56.969765
SKU_001857,ORD20270218003295,2,cancelled,2026-04-24T02:42:15.607032
SKU_001858,ORD20270218003296,3,completed,2026-04-29T20:01:23.893224
SKU_001859,ORD20270218003297,1,completed,2026-04-08T20:58:14.250557
SKU_001860,ORD20270218003298,3,completed,2026-04-29T23:30:03.260413
SKU_001861,ORD20270218003299,2,shipped,2026-04-27T20:32:50.280240
SKU_001862,ORD20270219003300,2,completed,2026-04-13T13:33:56.967054
SKU_001863,ORD20270219003301,2,shipped,2026-04-02T06:03:49.275941
SKU_001864,ORD20270219003302,1,completed,2026-04-03T20:52:10.219337
SKU_001865,ORD20270219003303,1,completed,2026-04-30T07:13:44.440423
SKU_001866,ORD20270219003304,1,completed,2026-04-08T08:54:20.982842
SKU_001867,ORD20270219003305,1,completed,2026-04-25T21:16:41.871181
SKU_001868,ORD20270219003306,3,completed,2026-04-24T22:11:56.025514
SKU_001869,ORD20270219003307,1,shipped,2026-04-05T06:42:26.596668
SKU_001870,ORD20270220003308,1,completed,2026-04-07T14:56:02.559169
SKU_001871,ORD20270220003309,3,shipped,2026-04-28T20:40:17.351408
SKU_001872,ORD20270220003310,1,completed,2026-04-28T05:24:58.669643
SKU_001873,ORD20270220003311,1,cancelled,2026-04-19T06:32:31.550652
SKU_001874,ORD20270220003312,2,cancelled,2026-04-05T05:48:18.316440
SKU_001875,ORD20270220003313,1,completed,2026-04-23T02:16:41.108188
SKU_001876,ORD20270221003314,1,completed,2026-04-09T18:48:49.054934
SKU_001877,ORD20270221003315,1,cancelled,2026-04-15T12:18:03.075694
SKU_001878,ORD20270221003316,3,shipped,2026-04-25T18:21:42.966877
SKU_001879,ORD20270221003317,1,completed,2026-04-12T03:54:50.287269
SKU_001880,ORD20270221003318,3,completed,2026-04-22T21:23:54.039160
SKU_001881,ORD20270221003319,1,shipped,2026-04-19T09:43:15.494129
SKU_001882,ORD20270221003320,1,cancelled,2026-04-26T19:24:56.383123
SKU_001883,ORD20270222003321,1,completed,2026-04-03T10:56:28.773200
SKU_001884,ORD20270222003322,1,completed,2026-04-04T18:21:25.046364
SKU_001885,ORD20270222003323,1,shipped,2026-04-01T16:53:16.519310
SKU_001886,ORD20270222003324,1,cancelled,2026-04-07T05:52:20.693347
SKU_001887,ORD20270222003325,3,cancelled,2026-04-20T15:09:53.936687
SKU_001888,ORD20270222003326,3,cancelled,2026-04-06T02:40:42.948349
SKU_001889,ORD20270222003327,3,shipped,2026-04-01T20:54:30.113779
SKU_001890,ORD20270222003328,2,cancelled,2026-04-25T22:14:41.990829
SKU_001891,ORD20270223003329,1,shipped,2026-04-21T20:09:10.561951
SKU_001892,ORD20270223003330,1,shipped,2026-04-28T03:22:50.569128
SKU_001893,ORD20270223003331,1,completed,2026-04-31T20:36:13.593606
SKU_001894,ORD20270223003332,1,cancelled,2026-04-12T03:51:02.853476
SKU_001895,ORD20270223003333,3,completed,2026-04-10T21:20:13.744195
SKU_001896,ORD20270223003334,1,completed,2026-04-25T09:29:59.113824
SKU_001897,ORD20270224003335,2,completed,2026-04-14T23:55:33.879262
SKU_001898,ORD20270224003336,1,shipped,2026-04-02T13:13:11.055860
SKU_001899,ORD20270224003337,1,cancelled,2026-04-22T00:45:23.068562
SKU_001900,ORD20270224003338,2,completed,2026-04-18T10:38:50.121643
SKU_001901,ORD20270224003339,1,cancelled,2026-04-11T14:16:44.454886
SKU_001902,ORD20270224003340,2,completed,2026-04-14T08:28:52.912665
SKU_001903,ORD20270224003341,2,completed,2026-04-03T23:28:33.340160
SKU_001904,ORD20270225003342,2,completed,2026-04-26T15:03:59.721545
SKU_001905,ORD20270225003343,2,shipped,2026-04-10T02:08:48.622456
SKU_001906,ORD20270225003344,1,completed,2026-04-20T19:20:34.356624
SKU_001907,ORD20270225003345,3,completed,2026-04-30T12:34:12.609001
SKU_001908,ORD20270225003346,1,completed,2026-04-28T16:52:37.041589
SKU_001909,ORD20270225003347,2,completed,2026-04-06T21:36:51.438108
SKU_001910,ORD20270225003348,2,completed,2026-04-18T19:52:03.190383
SKU_001911,ORD20270226003349,2,completed,2026-04-05T01:05:26.549133
SKU_001912,ORD20270226003350,2,cancelled,2026-04-23T15:11:39.316804
SKU_001913,ORD20270226003351,2,shipped,2026-04-15T04:56:16.433430
SKU_001914,ORD20270226003352,2,completed,2026-04-22T18:34:10.439976
SKU_001915,ORD20270226003353,3,completed,2026-04-21T15:24:08.070383
SKU_001916,ORD20270226003354,1,completed,2026-04-01T02:45:53.545057
SKU_001917,ORD20270226003355,2,cancelled,2026-04-10T15:56:02.115122
SKU_001918,ORD20270226003356,3,completed,2026-04-16T10:30:32.767411
SKU_001919,ORD20270227003357,3,completed,2026-04-27T21:26:56.749904
SKU_001920,ORD20270227003358,3,shipped,2026-04-18T09:42:32.404391
SKU_001921,ORD20270227003359,3,completed,2026-04-08T11:28:09.261990
SKU_001922,ORD20270227003360,1,completed,2026-04-21T16:31:26.942389
SKU_001923,ORD20270227003361,3,cancelled,2026-04-29T06:53:51.558063
SKU_001924,ORD20270227003362,1,shipped,2026-04-16T04:03:13.474365
SKU_001925,ORD20270228003363,2,completed,2026-04-11T16:47:37.398780
SKU_001926,ORD20270228003364,2,completed,2026-04-16T06:31:59.443183
SKU_001927,ORD20270228003365,1,shipped,2026-04-24T18:18:40.464793
SKU_001928,ORD20270228003366,1,completed,2026-04-29T08:22:16.475039
SKU_001929,ORD20270228003367,2,cancelled,2026-04-23T05:53:40.226253
SKU_001930,ORD20270228003368,1,shipped,2026-04-28T12:36:42.327950
SKU_001931,ORD20270228003369,3,completed,2026-04-09T08:55:44.963591
SKU_001932,ORD20270301003370,3,shipped,2026-04-12T18:37:52.761471
SKU_001933,ORD20270301003371,1,cancelled,2026-04-29T02:40:51.604355
SKU_001934,ORD20270301003372,3,cancelled,2026-04-20T22:24:30.211277
SKU_001935,ORD20270301003373,3,completed,2026-04-21T07:30:07.845253
SKU_001936,ORD20270301003374,1,completed,2026-04-25T11:51:40.633240
SKU_001937,ORD20270301003375,2,completed,2026-04-13T14:03:15.464096
SKU_001938,ORD20270301003376,3,completed,2026-04-21T10:55:23.072018
SKU_001939,ORD20270302003377,1,cancelled,2026-04-07T18:41:14.305108
SKU_001940,ORD20270302003378,2,cancelled,2026-04-24T16:05:07.122262
SKU_001941,ORD20270302003379,2,cancelled,2026-04-19T14:30:50.479562
SKU_001942,ORD20270302003380,2,shipped,2026-04-28T21:43:44.075507
SKU_001943,ORD20270302003381,1,completed,2026-04-08T15:49:40.836065
SKU_001944,ORD20270302003382,2,cancelled,2026-04-03T20:12:09.858449
SKU_001945,ORD20270302003383,1,shipped,2026-04-12T15:17:11.241002
SKU_001946,ORD20270302003384,1,completed,2026-04-24T09:39:48.811326
SKU_001947,ORD20270303003385,3,shipped,2026-04-07T15:33:32.393271
SKU_001948,ORD20270303003386,1,completed,2026-04-10T00:29:32.914541
SKU_001949,ORD20270303003387,1,cancelled,2026-04-29T23:57:33.659148
SKU_001950,ORD20270303003388,1,cancelled,2026-04-05T09:06:04.533023
SKU_001951,ORD20270303003389,2,completed,2026-04-12T08:19:49.889995
SKU_001952,ORD20270303003390,1,cancelled,2026-04-04T04:46:06.660934
SKU_001953,ORD20270304003391,3,shipped,2026-04-27T13:08:38.902656
SKU_001954,ORD20270304003392,1,completed,2026-04-02T05:01:50.844579
SKU_001955,ORD20270304003393,1,completed,2026-04-13T10:41:49.861879
SKU_001956,ORD20270304003394,2,completed,2026-04-20T15:08:02.525086
SKU_001957,ORD20270304003395,2,completed,2026-04-06T12:52:04.778748
SKU_001958,ORD20270304003396,3,cancelled,2026-04-21T05:41:06.516452
SKU_001959,ORD20270304003397,1,completed,2026-04-28T17:12:16.554537
SKU_001960,ORD20270305003398,2,cancelled,2026-04-14T20:34:53.274165
SKU_001961,ORD20270305003399,1,completed,2026-04-17T20:55:39.920667
SKU_001962,ORD20270305003400,3,completed,2026-04-21T01:46:34.064068
SKU_001963,ORD20270305003401,1,completed,2026-04-04T17:10:25.999625
SKU_001964,ORD20270305003402,3,completed,2026-04-24T05:35:44.416247
SKU_001965,ORD20270305003403,2,cancelled,2026-04-01T16:46:10.955696
SKU_001966,ORD20270305003404,1,completed,2026-04-22T03:02:53.145905
SKU_001967,ORD20270306003405,3,cancelled,2026-04-08T08:46:39.551817
SKU_001968,ORD20270306003406,1,completed,2026-04-02T05:58:42.058743
SKU_001969,ORD20270306003407,1,completed,2026-04-05T22:03:56.427579
SKU_001970,ORD20270306003408,1,completed,2026-04-18T23:25:09.208080
SKU_001971,ORD20270306003409,1,completed,2026-04-13T05:07:58.449248
SKU_001972,ORD20270306003410,1,completed,2026-04-03T08:36:48.710395
SKU_001973,ORD20270306003411,1,completed,2026-04-15T15:26:58.014564
SKU_001974,ORD20270307003412,1,cancelled,2026-04-12T17:46:06.837036
SKU_001975,ORD20270307003413,2,completed,2026-04-04T21:42:24.509748
SKU_001976,ORD20270307003414,2,completed,2026-04-17T14:05:29.210214
SKU_001977,ORD20270307003415,1,completed,2026-04-26T04:02:47.452106
SKU_001978,ORD20270307003416,1,completed,2026-04-05T23:36:51.849334
SKU_001979,ORD20270307003417,3,completed,2026-04-04T20:51:27.609321
SKU_001980,ORD20270308003418,1,shipped,2026-04-13T13:58:14.379134
SKU_001981,ORD20270308003419,3,completed,2026-04-20T00:47:35.365823
SKU_001982,ORD20270308003420,3,completed,2026-04-23T20:29:12.790895
SKU_001983,ORD20270308003421,1,cancelled,2026-04-23T21:28:49.277982
SKU_001984,ORD20270308003422,3,completed,2026-04-08T19:57:50.822258
SKU_001985,ORD20270308003423,1,completed,2026-04-22T14:17:03.703097
SKU_001986,ORD20270308003424,1,shipped,2026-04-15T14:01:20.258780
SKU_001987,ORD20270309003425,3,completed,2026-04-14T05:32:37.831995
SKU_001988,ORD20270309003426,1,cancelled,2026-04-04T21:21:03.055308
SKU_001989,ORD20270309003427,1,shipped,2026-04-23T11:23:05.069601
SKU_001990,ORD20270309003428,1,shipped,2026-04-30T14:06:25.252917
SKU_001991,ORD20270309003429,2,completed,2026-04-18T00:56:59.049161
SKU_001992,ORD20270309003430,1,completed,2026-04-03T16:04:03.193817
SKU_001993,ORD20270309003431,1,cancelled,2026-04-20T16:28:53.215428
SKU_001994,ORD20270309003432,2,completed,2026-04-02T08:22:15.567022
SKU_001995,ORD20270310003433,1,completed,2026-04-18T16:13:42.926111
SKU_001996,ORD20270310003434,3,shipped,2026-04-18T16:37:12.698809
SKU_001997,ORD20270310003435,1,completed,2026-04-16T21:03:05.220635
SKU_001998,ORD20270310003436,1,completed,2026-04-03T17:59:28.245941
SKU_001999,ORD20270310003437,1,completed,2026-04-11T02:27:56.414030
SKU_002000,ORD20270310003438,1,completed,2026-04-07T00:00:26.179698
SKU_002001,ORD20270310003439,1,completed,2026-04-26T19:12:55.915320
SKU_002002,ORD20270310003440,2,completed,2026-04-28T05:08:30.871489
SKU_002003,ORD20270311003441,2,completed,2026-04-17T03:15:03.099401
SKU_002004,ORD20270311003442,1,completed,2026-04-20T13:22:31.223837
SKU_002005,ORD20270311003443,1,shipped,2026-04-19T07:02:45.366684
SKU_002006,ORD20270311003444,2,completed,2026-04-30T08:32:08.105175
SKU_002007,ORD20270311003445,3,completed,2026-04-17T15:25:37.538942
SKU_002008,ORD20270311003446,2,completed,2026-04-28T16:54:56.068023
SKU_002009,ORD20270311003447,2,completed,2026-04-22T14:53:43.886831
SKU_002010,ORD20270312003448,1,completed,2026-04-14T13:16:22.433961
SKU_002011,ORD20270312003449,2,cancelled,2026-04-12T08:12:00.708499
SKU_002012,ORD20270312003450,3,completed,2026-04-03T06:20:18.260836
SKU_002013,ORD20270312003451,3,completed,2026-04-04T02:12:36.191029
SKU_002014,ORD20270312003452,2,shipped,2026-04-31T12:48:39.370888
SKU_002015,ORD20270312003453,1,completed,2026-04-09T11:12:19.739163
SKU_002016,ORD20270312003454,2,shipped,2026-04-12T09:07:58.212079
SKU_002017,ORD20270312003455,1,completed,2026-04-06T02:57:05.363630
SKU_002018,ORD20270313003456,1,cancelled,2026-04-12T01:47:58.454289
SKU_002019,ORD20270313003457,1,completed,2026-04-26T21:54:35.907719
SKU_002020,ORD20270313003458,2,completed,2026-04-27T04:34:58.805715
SKU_002021,ORD20270313003459,2,shipped,2026-04-10T20:32:54.647316
SKU_002022,ORD20270313003460,3,completed,2026-04-10T09:49:11.042820
SKU_002023,ORD20270313003461,1,completed,2026-04-23T00:57:03.676775
SKU_002024,ORD20270313003462,2,completed,2026-04-05T14:32:20.365608
SKU_002025,ORD20270313003463,2,completed,2026-04-09T03:26:18.337603
SKU_002026,ORD20270314003464,1,cancelled,2026-04-25T23:30:50.514807
SKU_002027,ORD20270314003465,2,shipped,2026-04-18T12:37:21.063554
SKU_002028,ORD20270314003466,1,shipped,2026-04-11T16:02:44.747363
SKU_002029,ORD20270314003467,1,completed,2026-04-25T03:58:42.832344
SKU_002030,ORD20270314003468,2,cancelled,2026-04-15T07:40:44.168574
SKU_002031,ORD20270314003469,1,shipped,2026-04-29T04:04:52.235161
SKU_002032,ORD20270315003470,1,shipped,2026-04-26T00:13:24.377176
SKU_002033,ORD20270315003471,2,completed,2026-04-18T04:59:04.664184
SKU_002034,ORD20270315003472,2,completed,2026-04-05T16:33:46.800522
SKU_002035,ORD20270315003473,1,completed,2026-04-10T20:48:39.362936
SKU_002036,ORD20270315003474,2,completed,2026-04-15T08:13:21.690999
SKU_002037,ORD20270315003475,1,completed,2026-04-12T06:11:26.096175
SKU_002038,ORD20270315003476,1,completed,2026-04-26T01:37:28.696046
SKU_002039,ORD20270316003477,2,cancelled,2026-04-22T07:28:29.592700
SKU_002040,ORD20270316003478,3,shipped,2026-04-24T04:07:00.302833
SKU_002041,ORD20270316003479,1,completed,2026-04-05T21:35:22.971439
SKU_002042,ORD20270316003480,3,completed,2026-04-18T18:45:40.056375
SKU_002043,ORD20270316003481,3,cancelled,2026-04-06T15:56:01.401293
SKU_002044,ORD20270316003482,1,shipped,2026-04-29T16:04:24.404835
SKU_002045,ORD20270316003483,3,completed,2026-04-12T19:44:22.772395
SKU_002046,ORD20270317003484,3,completed,2026-04-05T07:06:36.379479
SKU_002047,ORD20270317003485,1,completed,2026-04-25T07:39:53.651190
SKU_002048,ORD20270317003486,2,completed,2026-04-14T23:22:08.652675
SKU_002049,ORD20270317003487,2,completed,2026-04-12T21:02:12.850668
SKU_002050,ORD20270317003488,1,shipped,2026-04-31T20:48:42.075999
SKU_002051,ORD20270317003489,3,completed,2026-04-26T23:29:51.537248
SKU_002052,ORD20270317003490,1,cancelled,2026-04-16T03:43:47.311284
SKU_002053,ORD20270318003491,1,completed,2026-04-28T12:28:48.730930
SKU_002054,ORD20270318003492,1,completed,2026-04-03T13:27:49.355746
SKU_002055,ORD20270318003493,1,shipped,2026-04-09T16:41:49.783800
SKU_002056,ORD20270318003494,2,cancelled,2026-04-10T16:08:13.880727
SKU_002057,ORD20270318003495,1,completed,2026-04-18T06:40:01.348310
SKU_002058,ORD20270318003496,1,cancelled,2026-04-22T02:49:22.748538
SKU_002059,ORD20270318003497,1,completed,2026-04-27T22:11:46.111696
SKU_002060,ORD20270319003498,1,completed,2026-04-18T19:30:15.958391
SKU_002061,ORD20270319003499,1,completed,2026-04-30T21:45:43.756255
SKU_002062,ORD20270319003500,1,completed,2026-04-25T01:12:21.494965
SKU_002063,ORD20270319003501,2,completed,2026-04-17T07:54:56.983048
SKU_002064,ORD20270319003502,1,completed,2026-04-28T18:07:44.195769
SKU_002065,ORD20270319003503,1,completed,2026-04-27T06:43:34.173856
SKU_002066,ORD20270319003504,2,completed,2026-04-01T19:16:30.335265
SKU_002067,ORD20270319003505,1,completed,2026-04-03T11:27:54.378806
SKU_002068,ORD20270320003506,1,cancelled,2026-04-12T21:56:27.158735
SKU_002069,ORD20270320003507,1,completed,2026-04-13T04:13:58.667424
SKU_002070,ORD20270320003508,3,cancelled,2026-04-03T03:43:44.233527
SKU_002071,ORD20270320003509,1,shipped,2026-04-30T02:03:57.021300
SKU_002072,ORD20270320003510,1,completed,2026-04-29T14:50:03.448243
SKU_002073,ORD20270320003511,3,cancelled,2026-04-05T13:12:49.058653
SKU_002074,ORD20270320003512,1,cancelled,2026-04-05T22:16:57.668692
SKU_002075,ORD20270320003513,2,shipped,2026-04-26T17:08:59.289331
SKU_002076,ORD20270320003514,2,completed,2026-04-08T18:34:02.362065
SKU_002077,ORD20270321003515,3,completed,2026-04-24T12:48:30.103063
SKU_002078,ORD20270321003516,3,cancelled,2026-04-13T04:23:25.611879
SKU_002079,ORD20270321003517,3,cancelled,2026-04-19T20:19:40.732171
SKU_002080,ORD20270321003518,3,completed,2026-04-28T19:39:17.960243
SKU_002081,ORD20270321003519,1,completed,2026-04-30T02:52:31.034338
SKU_002082,ORD20270321003520,3,completed,2026-04-11T07:01:46.978800
SKU_002083,ORD20270321003521,1,completed,2026-04-07T21:11:26.124575
SKU_002084,ORD20270321003522,1,shipped,2026-04-06T13:41:24.868571
SKU_002085,ORD20270321003523,2,completed,2026-04-10T19:27:06.697300
SKU_002086,ORD20270322003524,2,shipped,2026-04-08T00:17:58.890449
SKU_002087,ORD20270322003525,3,shipped,2026-04-30T17:02:01.210568
SKU_002088,ORD20270322003526,1,shipped,2026-04-24T05:47:24.601965
SKU_002089,ORD20270322003527,1,shipped,2026-04-14T21:34:46.386044
SKU_002090,ORD20270322003528,3,completed,2026-04-05T06:35:20.137008
SKU_002091,ORD20270322003529,3,shipped,2026-04-16T20:09:36.348457
SKU_002092,ORD20270322003530,1,completed,2026-04-30T13:59:16.454487
SKU_002093,ORD20270323003531,2,completed,2026-04-16T04:08:28.822604
SKU_002094,ORD20270323003532,1,completed,2026-04-15T08:07:10.504675
SKU_002095,ORD20270323003533,1,completed,2026-04-06T08:41:26.816134
SKU_002096,ORD20270323003534,1,completed,2026-04-26T09:24:12.883853
SKU_002097,ORD20270323003535,3,completed,2026-04-06T10:05:12.650577
SKU_002098,ORD20270323003536,1,cancelled,2026-04-20T08:00:15.422310
SKU_002099,ORD20270323003537,3,cancelled,2026-04-28T07:43:04.927406
SKU_002100,ORD20270324003538,3,completed,2026-04-20T08:28:16.598726
SKU_002101,ORD20270324003539,2,completed,2026-04-23T13:24:30.329838
SKU_002102,ORD20270324003540,1,completed,2026-04-18T14:09:41.422988
SKU_002103,ORD20270324003541,3,cancelled,2026-04-29T00:07:08.686380
SKU_002104,ORD20270324003542,2,completed,2026-04-13T19:20:17.986109
SKU_002105,ORD20270324003543,1,cancelled,2026-04-24T13:41:59.444356
SKU_002106,ORD20270324003544,1,completed,2026-04-07T21:25:03.801412
SKU_002107,ORD20270325003545,1,completed,2026-04-26T15:11:08.778797
SKU_002108,ORD20270325003546,2,completed,2026-04-23T16:49:07.528433
SKU_002109,ORD20270325003547,3,completed,2026-04-31T18:53:44.924930
SKU_002110,ORD20270325003548,1,completed,2026-04-15T04:22:26.314194
SKU_002111,ORD20270325003549,1,cancelled,2026-04-10T12:33:41.204258
SKU_002112,ORD20270325003550,2,completed,2026-04-10T06:52:34.231245
SKU_002113,ORD20270326003551,1,shipped,2026-04-23T01:12:58.539806
SKU_002114,ORD20270326003552,2,completed,2026-04-22T15:04:59.095526
SKU_002115,ORD20270326003553,2,cancelled,2026-04-27T23:57:53.180565
SKU_002116,ORD20270326003554,3,cancelled,2026-04-28T08:19:15.055195
SKU_002117,ORD20270326003555,3,completed,2026-04-08T13:48:15.676709
SKU_002118,ORD20270326003556,1,completed,2026-04-21T08:32:41.841206
SKU_002119,ORD20270326003557,1,shipped,2026-04-28T18:01:06.748032
SKU_002120,ORD20270327003558,1,cancelled,2026-04-26T15:45:06.398807
SKU_002121,ORD20270327003559,3,completed,2026-04-18T20:48:30.840593
SKU_002122,ORD20270327003560,3,completed,2026-04-30T17:51:30.259071
SKU_002123,ORD20270327003561,1,completed,2026-04-04T05:04:21.961448
SKU_002124,ORD20270327003562,3,cancelled,2026-04-17T06:26:23.126802
SKU_002125,ORD20270327003563,1,completed,2026-04-02T00:13:39.304656
SKU_002126,ORD20270327003564,2,completed,2026-04-08T21:47:35.652556
SKU_002127,ORD20270328003565,1,cancelled,2026-04-19T17:15:41.701072
SKU_002128,ORD20270328003566,3,shipped,2026-04-01T08:24:57.467289
SKU_002129,ORD20270328003567,1,shipped,2026-04-09T13:54:00.371829
SKU_002130,ORD20270328003568,1,completed,2026-04-12T09:21:39.537540
SKU_002131,ORD20270328003569,3,completed,2026-04-11T20:53:39.870182
SKU_002132,ORD20270328003570,1,completed,2026-04-09T10:28:56.865358
SKU_002133,ORD20270328003571,1,cancelled,2026-04-27T07:14:36.749834
SKU_002134,ORD20270329003572,1,completed,2026-04-28T20:04:33.706181
SKU_002135,ORD20270329003573,1,completed,2026-04-02T05:44:59.409534
SKU_002136,ORD20270329003574,1,completed,2026-04-03T01:36:32.895655
SKU_002137,ORD20270329003575,1,cancelled,2026-04-13T15:33:06.126040
SKU_002138,ORD20270329003576,1,completed,2026-04-11T14:56:35.530411
SKU_002139,ORD20270329003577,2,cancelled,2026-04-25T13:48:33.478394
SKU_002140,ORD20270329003578,2,completed,2026-04-03T22:05:26.818809
SKU_002141,ORD20270330003579,2,completed,2026-04-30T00:48:25.214671
SKU_002142,ORD20270330003580,1,cancelled,2026-04-02T00:55:42.740770
SKU_002143,ORD20270330003581,2,completed,2026-04-30T00:36:11.555965
SKU_002144,ORD20270330003582,2,shipped,2026-04-29T17:07:24.081955
SKU_002145,ORD20270330003583,1,completed,2026-04-12T22:55:21.808215
SKU_002146,ORD20270330003584,1,shipped,2026-04-19T23:09:39.269953
SKU_002147,ORD20270330003585,1,shipped,2026-04-07T14:07:50.441392
SKU_002148,ORD20270331003586,1,completed,2026-04-30T19:05:15.066800
SKU_002149,ORD20270331003587,1,cancelled,2026-04-04T10:30:45.275738
SKU_002150,ORD20270331003588,1,completed,2026-04-19T09:47:10.092787
SKU_002151,ORD20270331003589,3,cancelled,2026-04-08T09:51:39.435385
SKU_002152,ORD20270331003590,3,completed,2026-04-18T17:03:16.810672
SKU_002153,ORD20270331003591,1,completed,2026-04-15T23:02:32.812591
SKU_002154,ORD20270331003592,1,shipped,2026-04-07T18:03:00.565524
SKU_002155,ORD20270401003593,1,shipped,2026-04-19T19:12:04.013795
SKU_002156,ORD20270401003594,2,completed,2026-04-23T08:45:36.838319
SKU_002157,ORD20270401003595,2,shipped,2026-04-26T11:57:21.386304
SKU_002158,ORD20270401003596,3,completed,2026-04-22T15:58:02.596872
SKU_002159,ORD20270401003597,1,completed,2026-04-19T12:03:00.790866
SKU_002160,ORD20270401003598,1,shipped,2026-04-16T17:00:04.188368
SKU_002161,ORD20270401003599,3,cancelled,2026-04-02T13:40:04.099422
SKU_002162,ORD20270402003600,1,completed,2026-04-29T21:31:20.931681
SKU_002163,ORD20270402003601,2,cancelled,2026-04-30T02:04:58.390167
SKU_002164,ORD20270402003602,3,completed,2026-04-03T11:16:31.786857
SKU_002165,ORD20270402003603,3,cancelled,2026-04-29T17:58:25.372630
SKU_002166,ORD20270402003604,2,completed,2026-04-28T14:23:22.981119
SKU_002167,ORD20270402003605,3,completed,2026-04-22T18:30:52.901468
SKU_002168,ORD20270402003606,1,shipped,2026-04-27T14:16:21.066039
SKU_002169,ORD20270402003607,2,completed,2026-04-26T02:47:51.924450
SKU_002170,ORD20270403003608,1,shipped,2026-04-01T02:57:02.881647
SKU_002171,ORD20270403003609,2,shipped,2026-04-24T18:46:03.896170
SKU_002172,ORD20270403003610,3,completed,2026-04-02T21:01:31.902987
SKU_002173,ORD20270403003611,1,completed,2026-04-21T08:37:12.538674
SKU_002174,ORD20270403003612,2,completed,2026-04-29T14:43:59.644846
SKU_002175,ORD20270403003613,3,completed,2026-04-05T03:18:34.535718
SKU_002176,ORD20270404003614,3,shipped,2026-04-21T20:13:05.546027
SKU_002177,ORD20270404003615,2,completed,2026-04-17T17:41:05.184478
SKU_002178,ORD20270404003616,1,completed,2026-04-11T10:29:25.229377
SKU_002179,ORD20270404003617,1,completed,2026-04-13T20:59:17.250136
SKU_002180,ORD20270404003618,2,shipped,2026-04-10T17:28:57.128673
SKU_002181,ORD20270404003619,3,shipped,2026-04-09T13:25:39.188851
SKU_002182,ORD20270405003620,2,shipped,2026-04-24T13:01:42.208503
SKU_002183,ORD20270405003621,1,completed,2026-04-20T07:03:08.118347
SKU_002184,ORD20270405003622,3,completed,2026-04-09T12:27:55.323960
SKU_002185,ORD20270405003623,1,completed,2026-04-01T09:41:03.127249
SKU_002186,ORD20270405003624,2,completed,2026-04-02T09:42:26.092393
SKU_002187,ORD20270405003625,1,completed,2026-04-19T17:48:30.669293
SKU_002188,ORD20270405003626,1,cancelled,2026-04-20T18:18:22.650409
SKU_002189,ORD20270405003627,3,shipped,2026-04-17T01:13:58.180391
SKU_002190,ORD20270406003628,3,cancelled,2026-04-26T07:00:16.597163
SKU_002191,ORD20270406003629,1,shipped,2026-04-21T06:20:02.815939
SKU_002192,ORD20270406003630,3,completed,2026-04-31T20:05:33.933884
SKU_002193,ORD20270406003631,3,shipped,2026-04-26T19:41:45.540943
SKU_002194,ORD20270406003632,1,shipped,2026-04-15T08:54:12.562169
SKU_002195,ORD20270406003633,1,completed,2026-04-06T18:29:30.379065
SKU_002196,ORD20270406003634,1,completed,2026-04-09T07:02:58.526765
SKU_002197,ORD20270407003635,2,completed,2026-04-27T02:27:25.362695
SKU_002198,ORD20270407003636,1,completed,2026-04-03T00:22:15.075401
SKU_002199,ORD20270407003637,2,cancelled,2026-04-23T03:32:39.627288
SKU_002200,ORD20270407003638,3,cancelled,2026-04-16T08:05:56.732792
SKU_002201,ORD20270407003639,3,completed,2026-04-21T11:37:01.926510
SKU_002202,ORD20270407003640,2,completed,2026-04-17T06:08:31.939914
SKU_002203,ORD20270407003641,2,completed,2026-04-12T23:49:22.276148
SKU_002204,ORD20270407003642,1,completed,2026-04-14T22:02:27.221129
SKU_002205,ORD20270408003643,1,completed,2026-04-06T02:46:53.287256
SKU_002206,ORD20270408003644,1,shipped,2026-04-20T10:09:09.118916
SKU_002207,ORD20270408003645,3,completed,2026-04-21T11:56:13.601832
SKU_002208,ORD20270408003646,3,completed,2026-04-14T20:19:35.502977
SKU_002209,ORD20270408003647,1,completed,2026-04-26T09:19:45.254062
SKU_002210,ORD20270408003648,2,shipped,2026-04-15T21:25:28.855548
SKU_002211,ORD20270408003649,2,completed,2026-04-06T13:40:33.275759
SKU_002212,ORD20270408003650,2,completed,2026-04-11T04:16:16.300189
SKU_002213,ORD20270409003651,2,cancelled,2026-04-30T17:50:08.288477
SKU_002214,ORD20270409003652,1,completed,2026-04-27T10:31:52.307455
SKU_002215,ORD20270409003653,3,completed,2026-04-04T11:54:07.753767
SKU_002216,ORD20270409003654,1,shipped,2026-04-18T12:14:06.733904
SKU_002217,ORD20270409003655,2,completed,2026-04-15T14:18:24.461539
SKU_002218,ORD20270409003656,1,completed,2026-04-10T16:32:20.480187
SKU_002219,ORD20270410003657,2,cancelled,2026-04-16T19:17:52.925178
SKU_002220,ORD20270410003658,2,completed,2026-04-27T05:31:08.991391
SKU_002221,ORD20270410003659,1,completed,2026-04-02T00:51:53.053469
SKU_002222,ORD20270410003660,3,completed,2026-04-03T12:03:20.104626
SKU_002223,ORD20270410003661,1,completed,2026-04-17T18:19:56.431200
SKU_002224,ORD20270410003662,2,completed,2026-04-07T20:38:24.496199
SKU_002225,ORD20270410003663,3,cancelled,2026-04-16T22:06:53.214711
SKU_002226,ORD20270411003664,2,completed,2026-04-19T13:03:14.928067
SKU_002227,ORD20270411003665,1,completed,2026-04-11T15:58:28.588717
SKU_002228,ORD20270411003666,1,completed,2026-04-29T23:27:14.509044
SKU_002229,ORD20270411003667,3,cancelled,2026-04-21T12:31:36.465975
SKU_002230,ORD20270411003668,2,completed,2026-04-15T04:12:14.413607
SKU_002231,ORD20270411003669,3,completed,2026-04-19T20:47:30.693451
SKU_002232,ORD20270411003670,1,completed,2026-04-29T18:40:50.521571
SKU_002233,ORD20270411003671,1,shipped,2026-04-21T04:34:57.664607
SKU_002234,ORD20270412003672,1,cancelled,2026-04-19T05:29:18.711622
SKU_002235,ORD20270412003673,1,completed,2026-04-13T09:22:03.552542
SKU_002236,ORD20270412003674,2,cancelled,2026-04-22T19:37:11.250478
SKU_002237,ORD20270412003675,2,completed,2026-04-11T11:01:35.620530
SKU_002238,ORD20270412003676,1,completed,2026-04-02T07:31:50.497415
SKU_002239,ORD20270412003677,1,completed,2026-04-18T18:48:04.333760
SKU_002240,ORD20270412003678,2,cancelled,2026-04-06T12:46:39.997011
SKU_002241,ORD20270412003679,1,shipped,2026-04-27T16:37:30.030503
SKU_002242,ORD20270413003680,2,completed,2026-04-04T06:06:31.889191
SKU_002243,ORD20270413003681,1,completed,2026-04-24T12:18:09.075379
SKU_002244,ORD20270413003682,2,completed,2026-04-07T12:53:27.163332
SKU_002245,ORD20270413003683,1,completed,2026-04-18T02:50:36.188185
SKU_002246,ORD20270413003684,2,shipped,2026-04-31T20:08:35.473349
SKU_002247,ORD20270413003685,1,cancelled,2026-04-11T11:58:31.827249
SKU_002248,ORD20270413003686,1,completed,2026-04-07T03:53:10.495283
SKU_002249,ORD20270414003687,3,completed,2026-04-02T23:56:46.599255
SKU_002250,ORD20270414003688,1,completed,2026-04-28T23:01:59.550818
SKU_002251,ORD20270414003689,2,completed,2026-04-09T21:28:39.958397
SKU_002252,ORD20270414003690,3,completed,2026-04-26T14:13:11.111050
SKU_002253,ORD20270414003691,1,shipped,2026-04-14T20:16:48.100336
SKU_002254,ORD20270414003692,2,cancelled,2026-04-20T01:56:40.419679
SKU_002255,ORD20270414003693,1,shipped,2026-04-21T01:50:37.706616
SKU_002256,ORD20270415003694,1,shipped,2026-04-25T09:41:08.669213
SKU_002257,ORD20270415003695,3,completed,2026-04-07T16:16:13.885951
SKU_002258,ORD20270415003696,1,completed,2026-04-01T20:28:59.920906
SKU_002259,ORD20270415003697,1,completed,2026-04-05T07:00:36.705264
SKU_002260,ORD20270415003698,1,completed,2026-04-11T07:55:46.682938
SKU_002261,ORD20270415003699,1,completed,2026-04-25T10:18:38.936945
SKU_002262,ORD20270415003700,3,shipped,2026-04-15T12:34:28.849816
SKU_002263,ORD20270415003701,1,completed,2026-04-18T15:12:12.442525
SKU_002264,ORD20270416003702,1,shipped,2026-04-14T09:29:34.237396
SKU_002265,ORD20270416003703,1,completed,2026-04-15T03:56:56.635163
SKU_002266,ORD20270416003704,2,completed,2026-04-24T10:08:43.883891
SKU_002267,ORD20270416003705,3,shipped,2026-04-03T16:58:06.999656
SKU_002268,ORD20270416003706,1,completed,2026-04-12T14:04:27.950831
SKU_002269,ORD20270416003707,2,shipped,2026-04-06T02:26:17.808290
SKU_002270,ORD20270417003708,3,shipped,2026-04-29T04:24:22.624229
SKU_002271,ORD20270417003709,1,completed,2026-04-26T18:34:41.192202
SKU_002272,ORD20270417003710,1,cancelled,2026-04-22T19:46:11.265537
SKU_002273,ORD20270417003711,2,shipped,2026-04-28T02:12:05.210245
SKU_002274,ORD20270417003712,1,cancelled,2026-04-30T22:23:32.997474
SKU_002275,ORD20270417003713,3,completed,2026-04-16T18:03:15.836404
SKU_002276,ORD20270417003714,1,shipped,2026-04-13T19:17:32.559131
SKU_002277,ORD20270418003715,2,completed,2026-04-26T20:39:35.118701
SKU_002278,ORD20270418003716,2,cancelled,2026-04-09T07:40:33.607860
SKU_002279,ORD20270418003717,1,completed,2026-04-07T08:36:07.914926
SKU_002280,ORD20270418003718,1,completed,2026-04-25T23:58:19.565116
SKU_002281,ORD20270418003719,3,completed,2026-04-04T14:33:02.412050
SKU_002282,ORD20270418003720,1,shipped,2026-04-14T12:36:10.453627
SKU_002283,ORD20270418003721,2,completed,2026-04-22T21:10:28.926859
SKU_002284,ORD20270419003722,2,completed,2026-04-19T21:05:25.546569
SKU_002285,ORD20270419003723,1,completed,2026-04-28T18:48:35.734411
SKU_002286,ORD20270419003724,1,completed,2026-04-11T00:05:27.618464
SKU_002287,ORD20270419003725,1,shipped,2026-04-06T21:32:23.285714
SKU_002288,ORD20270419003726,1,completed,2026-04-28T14:51:22.599471
SKU_002289,ORD20270419003727,1,completed,2026-04-27T06:21:48.045054
SKU_002290,ORD20270419003728,3,completed,2026-04-15T20:32:33.306738
SKU_002291,ORD20270419003729,2,completed,2026-04-25T00:03:31.291037
SKU_002292,ORD20270420003730,1,completed,2026-04-22T08:50:53.484121
SKU_002293,ORD20270420003731,2,shipped,2026-04-17T01:44:21.436932
SKU_002294,ORD20270420003732,1,completed,2026-04-04T00:18:06.365464
SKU_002295,ORD20270420003733,2,completed,2026-04-06T07:35:55.951487
SKU_002296,ORD20270420003734,1,completed,2026-04-19T22:50:55.949113
SKU_002297,ORD20270420003735,3,completed,2026-04-01T02:13:47.183382
SKU_002298,ORD20270420003736,2,cancelled,2026-04-04T03:18:10.851503
SKU_002299,ORD20270420003737,2,cancelled,2026-04-21T06:49:14.124553
SKU_002300,ORD20270421003738,2,completed,2026-04-09T01:07:09.258919
SKU_002301,ORD20270421003739,1,shipped,2026-04-12T23:52:07.651063
SKU_002302,ORD20270421003740,1,shipped,2026-04-24T08:09:17.831516
SKU_002303,ORD20270421003741,1,shipped,2026-04-20T03:15:23.909009
SKU_002304,ORD20270421003742,2,cancelled,2026-04-23T00:02:51.423422
SKU_002305,ORD20270421003743,1,completed,2026-04-04T20:49:57.084981
SKU_002306,ORD20270421003744,1,completed,2026-04-12T23:22:10.033090
SKU_002307,ORD20270422003745,3,shipped,2026-04-30T05:50:27.603460
SKU_002308,ORD20270422003746,1,completed,2026-04-20T23:50:20.465249
SKU_002309,ORD20270422003747,1,completed,2026-04-26T05:39:33.514307
SKU_002310,ORD20270422003748,1,shipped,2026-04-22T00:43:21.304265
SKU_002311,ORD20270422003749,2,cancelled,2026-04-24T06:09:31.691065
SKU_002312,ORD20270422003750,3,completed,2026-04-23T23:45:30.699340
SKU_002313,ORD20270422003751,3,shipped,2026-04-24T22:28:19.880234
SKU_002314,ORD20270423003752,1,completed,2026-04-04T12:35:49.975878
SKU_002315,ORD20270423003753,2,completed,2026-04-25T08:27:08.247948
SKU_002316,ORD20270423003754,1,completed,2026-04-27T12:58:24.214607
SKU_002317,ORD20270423003755,1,shipped,2026-04-09T12:35:19.199388
SKU_002318,ORD20270423003756,1,cancelled,2026-04-30T07:31:56.577798
SKU_002319,ORD20270423003757,1,shipped,2026-04-24T12:03:39.707467
SKU_002320,ORD20270423003758,1,cancelled,2026-04-04T17:06:12.942166
SKU_002321,ORD20270423003759,3,shipped,2026-04-02T01:18:45.625057
SKU_002322,ORD20270424003760,2,cancelled,2026-04-26T20:38:04.501772
SKU_002323,ORD20270424003761,1,completed,2026-04-02T20:28:47.017140
SKU_002324,ORD20270424003762,3,completed,2026-04-08T00:59:25.407297
SKU_002325,ORD20270424003763,1,cancelled,2026-04-28T12:45:48.672486
SKU_002326,ORD20270424003764,1,completed,2026-04-22T16:43:25.455132
SKU_002327,ORD20270424003765,2,completed,2026-04-10T19:01:55.231326
SKU_002328,ORD20270425003766,2,completed,2026-04-29T06:23:08.441032
SKU_002329,ORD20270425003767,1,shipped,2026-04-11T06:47:44.367776
SKU_002330,ORD20270425003768,3,completed,2026-04-25T18:46:45.748705
SKU_002331,ORD20270425003769,3,completed,2026-04-21T08:22:42.100212
SKU_002332,ORD20270425003770,1,completed,2026-04-01T23:30:35.312005
SKU_002333,ORD20270425003771,1,cancelled,2026-04-24T06:37:52.577090
SKU_002334,ORD20270425003772,1,completed,2026-04-10T20:45:27.433256
SKU_002335,ORD20270425003773,1,completed,2026-04-22T16:07:57.698079
SKU_002336,ORD20270425003774,2,completed,2026-04-16T18:00:33.263911
SKU_002337,ORD20270426003775,1,shipped,2026-04-09T18:15:21.435038
SKU_002338,ORD20270426003776,3,completed,2026-04-30T06:41:25.655841
SKU_002339,ORD20270426003777,2,completed,2026-04-08T12:27:56.497462
SKU_002340,ORD20270426003778,1,completed,2026-04-27T09:45:07.716131
SKU_002341,ORD20270426003779,3,shipped,2026-04-25T23:22:29.424059
SKU_002342,ORD20270426003780,2,cancelled,2026-04-10T21:31:04.484369
SKU_002343,ORD20270427003781,1,completed,2026-04-21T22:00:04.743692
SKU_002344,ORD20270427003782,3,completed,2026-04-21T02:38:29.011780
SKU_002345,ORD20270427003783,1,cancelled,2026-04-18T02:02:36.133205
SKU_002346,ORD20270427003784,1,completed,2026-04-22T20:04:10.347221
SKU_002347,ORD20270427003785,2,completed,2026-04-03T13:43:07.963068
SKU_002348,ORD20270427003786,1,completed,2026-04-05T17:19:06.789675
SKU_002349,ORD20270427003787,2,completed,2026-04-11T00:46:26.466386
SKU_002350,ORD20270427003788,1,completed,2026-04-13T11:07:26.469203
SKU_002351,ORD20270427003789,1,completed,2026-04-03T19:02:40.594745
SKU_002352,ORD20270428003790,3,shipped,2026-04-08T19:18:08.888597
SKU_002353,ORD20270428003791,3,shipped,2026-04-26T03:56:28.239961
SKU_002354,ORD20270428003792,1,cancelled,2026-04-04T00:01:44.016206
SKU_002355,ORD20270428003793,3,cancelled,2026-04-24T06:12:00.649555
SKU_002356,ORD20270428003794,1,completed,2026-04-21T19:01:53.336928
SKU_002357,ORD20270428003795,1,completed,2026-04-28T09:17:00.841738
SKU_002358,ORD20270428003796,1,completed,2026-04-10T22:15:55.476495
SKU_002359,ORD20270429003797,1,completed,2026-04-29T10:30:30.547717
SKU_002360,ORD20270429003798,1,shipped,2026-04-01T01:18:43.308000
SKU_002361,ORD20270429003799,2,completed,2026-04-13T19:48:30.875659
SKU_002362,ORD20270429003800,3,completed,2026-04-27T00:07:38.831095
SKU_002363,ORD20270429003801,1,cancelled,2026-04-15T16:45:34.249749
SKU_002364,ORD20270429003802,1,completed,2026-04-09T07:26:28.663311
SKU_002365,ORD20270429003803,2,shipped,2026-04-07T11:50:44.214059
SKU_002366,ORD20270429003804,2,completed,2026-04-01T23:21:01.789483
SKU_002367,ORD20270430003805,1,shipped,2026-04-29T18:52:00.713207
SKU_002368,ORD20270430003806,1,shipped,2026-04-18T05:16:20.238796
SKU_002369,ORD20270430003807,3,completed,2026-04-10T09:40:42.659787
SKU_002370,ORD20270430003808,2,completed,2026-04-11T13:07:25.754715
SKU_002371,ORD20270430003809,1,completed,2026-04-23T08:22:59.112400
SKU_002372,ORD20270430003810,1,cancelled,2026-04-23T13:28:24.697939
SKU_002373,ORD20270430003811,1,completed,2026-04-04T10:55:54.490888
SKU_002374,ORD20270501003812,3,cancelled,2026-04-17T18:10:25.818110
SKU_002375,ORD20270501003813,1,cancelled,2026-04-02T23:27:38.991786
SKU_002376,ORD20270501003814,3,completed,2026-04-29T10:36:40.455168
SKU_002377,ORD20270501003815,3,completed,2026-04-22T18:36:31.932368
SKU_002378,ORD20270501003816,1,shipped,2026-04-21T07:04:42.647846
SKU_002379,ORD20270501003817,2,completed,2026-04-14T09:24:08.505667
SKU_002380,ORD20270501003818,1,completed,2026-04-10T14:45:34.222003
SKU_002381,ORD20270502003819,3,completed,2026-04-17T06:28:14.964705
SKU_002382,ORD20270502003820,1,completed,2026-04-07T17:19:42.310029
SKU_002383,ORD20270502003821,2,completed,2026-04-28T02:15:06.143349
SKU_002384,ORD20270502003822,1,shipped,2026-04-14T19:59:50.978797
SKU_002385,ORD20270502003823,1,completed,2026-04-23T17:52:17.699720
SKU_002386,ORD20270502003824,3,shipped,2026-04-03T11:22:02.845487
SKU_002387,ORD20270502003825,1,completed,2026-04-06T20:15:03.095344
SKU_002388,ORD20270502003826,1,completed,2026-04-21T11:26:51.460566
SKU_002389,ORD20270503003827,1,completed,2026-04-22T02:29:05.556640
SKU_002390,ORD20270503003828,1,shipped,2026-04-08T14:00:18.257412
SKU_002391,ORD20270503003829,3,completed,2026-04-17T16:34:33.508915
SKU_002392,ORD20270503003830,1,shipped,2026-04-20T13:26:08.708849
SKU_002393,ORD20270503003831,3,completed,2026-04-15T21:23:07.141195
SKU_002394,ORD20270503003832,3,cancelled,2026-04-02T12:55:25.703630
SKU_002395,ORD20270503003833,1,completed,2026-04-24T18:11:14.886249
SKU_002396,ORD20270503003834,1,completed,2026-04-24T11:07:46.637772
SKU_002397,ORD20270504003835,1,completed,2026-04-24T03:09:10.314965
SKU_002398,ORD20270504003836,1,completed,2026-04-09T20:29:08.113464
SKU_002399,ORD20270504003837,1,cancelled,2026-04-24T18:39:21.508487
SKU_002400,ORD20270504003838,1,cancelled,2026-04-12T09:54:02.184589
SKU_002401,ORD20270504003839,1,cancelled,2026-04-19T16:53:17.250321
SKU_002402,ORD20270504003840,3,completed,2026-04-13T08:38:49.067802
SKU_002403,ORD20270504003841,1,completed,2026-04-16T04:10:17.865602
SKU_002404,ORD20270504003842,3,completed,2026-04-15T04:47:14.379257
SKU_002405,ORD20270505003843,1,completed,2026-04-18T00:52:03.635832
SKU_002406,ORD20270505003844,1,completed,2026-04-24T15:30:59.141558
SKU_002407,ORD20270505003845,3,cancelled,2026-04-06T04:13:07.236542
SKU_002408,ORD20270505003846,1,completed,2026-04-11T14:08:32.525084
SKU_002409,ORD20270505003847,1,completed,2026-04-25T21:39:27.145893
SKU_002410,ORD20270505003848,3,cancelled,2026-04-03T11:09:22.711026
SKU_002411,ORD20270506003849,3,shipped,2026-04-25T13:26:24.124593
SKU_002412,ORD20270506003850,2,completed,2026-04-07T14:15:33.808560
SKU_002413,ORD20270506003851,1,cancelled,2026-04-23T13:40:08.676511
SKU_002414,ORD20270506003852,2,completed,2026-04-02T00:39:57.320071
SKU_002415,ORD20270506003853,1,completed,2026-04-30T19:13:06.530150
SKU_002416,ORD20270506003854,2,completed,2026-04-29T13:45:46.287448
SKU_002417,ORD20270506003855,2,cancelled,2026-04-02T15:20:11.556598
SKU_002418,ORD20270507003856,3,shipped,2026-04-13T06:45:37.475965
SKU_002419,ORD20270507003857,2,completed,2026-04-11T15:46:22.158994
SKU_002420,ORD20270507003858,1,completed,2026-04-19T21:11:12.009046
SKU_002421,ORD20270507003859,2,cancelled,2026-04-26T16:16:15.496757
SKU_002422,ORD20270507003860,2,completed,2026-04-05T10:59:22.098878
SKU_002423,ORD20270507003861,1,shipped,2026-04-23T04:08:18.057762
SKU_002424,ORD20270507003862,1,cancelled,2026-04-15T00:23:43.960769
SKU_002425,ORD20270507003863,1,completed,2026-04-27T09:25:58.207573
SKU_002426,ORD20270507003864,2,completed,2026-04-23T06:42:19.621927
SKU_002427,ORD20270507003865,2,completed,2026-04-18T10:45:23.142629
SKU_002428,ORD20270508003866,1,completed,2026-04-16T12:11:30.683354
SKU_002429,ORD20270508003867,1,completed,2026-04-28T15:56:48.395241
SKU_002430,ORD20270508003868,2,completed,2026-04-20T06:20:47.981702
SKU_002431,ORD20270508003869,2,cancelled,2026-04-08T02:52:27.101311
SKU_002432,ORD20270508003870,1,completed,2026-04-11T13:20:37.077263
SKU_002433,ORD20270508003871,2,completed,2026-04-02T02:02:08.098727
SKU_002434,ORD20270509003872,3,completed,2026-04-07T12:52:49.703281
SKU_002435,ORD20270509003873,3,cancelled,2026-04-09T12:50:32.945705
SKU_002436,ORD20270509003874,2,completed,2026-04-09T03:27:03.481686
SKU_002437,ORD20270509003875,1,cancelled,2026-04-30T11:43:00.525666
SKU_002438,ORD20270509003876,1,completed,2026-04-25T10:18:33.913768
SKU_002439,ORD20270509003877,3,cancelled,2026-04-13T20:07:59.021794
SKU_002440,ORD20270509003878,1,completed,2026-04-13T23:28:37.124972
SKU_002441,ORD20270509003879,1,cancelled,2026-04-19T18:04:33.965637
SKU_002442,ORD20270510003880,1,shipped,2026-04-20T23:28:09.759456
SKU_002443,ORD20270510003881,3,shipped,2026-04-10T08:12:55.634968
SKU_002444,ORD20270510003882,2,cancelled,2026-04-01T15:41:06.102047
SKU_002445,ORD20270510003883,3,shipped,2026-04-01T22:38:20.628364
SKU_002446,ORD20270510003884,3,completed,2026-04-29T03:57:20.231936
SKU_002447,ORD20270510003885,1,shipped,2026-04-12T16:24:52.822486
SKU_002448,ORD20270511003886,1,completed,2026-04-27T18:54:57.806892
SKU_002449,ORD20270511003887,2,cancelled,2026-04-06T01:32:32.076762
SKU_002450,ORD20270511003888,2,cancelled,2026-04-06T06:47:22.598175
SKU_002451,ORD20270511003889,1,completed,2026-04-12T22:50:02.598282
SKU_002452,ORD20270511003890,1,completed,2026-04-26T10:18:05.599559
SKU_002453,ORD20270511003891,3,completed,2026-04-01T22:49:40.661740
SKU_002454,ORD20270511003892,1,completed,2026-04-29T18:12:18.366095
SKU_002455,ORD20270512003893,1,completed,2026-04-27T10:14:42.414312
SKU_002456,ORD20270512003894,1,shipped,2026-04-22T18:34:13.313412
SKU_002457,ORD20270512003895,2,completed,2026-04-18T11:05:45.391305
SKU_002458,ORD20270512003896,1,completed,2026-04-30T06:04:48.206139
SKU_002459,ORD20270512003897,3,completed,2026-04-21T19:19:06.474547
SKU_002460,ORD20270512003898,1,completed,2026-04-30T15:39:42.787934
SKU_002461,ORD20270512003899,1,completed,2026-04-11T07:50:52.188086
SKU_002462,ORD20270512003900,2,completed,2026-04-29T11:13:49.388209
SKU_002463,ORD20270512003901,2,completed,2026-04-04T18:36:49.256257
SKU_002464,ORD20270513003902,3,shipped,2026-04-11T18:25:33.716685
SKU_002465,ORD20270513003903,2,completed,2026-04-03T01:46:28.265262
SKU_002466,ORD20270513003904,1,shipped,2026-04-08T04:12:09.586768
SKU_002467,ORD20270513003905,3,completed,2026-04-22T01:30:00.922835
SKU_002468,ORD20270513003906,2,completed,2026-04-22T14:09:06.338396
SKU_002469,ORD20270513003907,1,shipped,2026-04-18T22:32:59.687488
SKU_002470,ORD20270514003908,2,cancelled,2026-04-25T07:00:47.002994
SKU_002471,ORD20270514003909,3,completed,2026-04-24T00:29:38.730898
SKU_002472,ORD20270514003910,1,completed,2026-04-14T18:08:15.422551
SKU_002473,ORD20270514003911,2,cancelled,2026-04-10T13:47:49.385408
SKU_002474,ORD20270514003912,2,completed,2026-04-05T17:43:57.121499
SKU_002475,ORD20270514003913,3,cancelled,2026-04-16T23:07:05.514149
SKU_002476,ORD20270514003914,1,completed,2026-04-13T05:08:04.225112
SKU_002477,ORD20270515003915,3,completed,2026-04-30T18:41:13.560720
SKU_002478,ORD20270515003916,2,cancelled,2026-04-19T03:52:14.253038
SKU_002479,ORD20270515003917,3,completed,2026-04-16T10:27:46.985609
SKU_002480,ORD20270515003918,1,shipped,2026-04-27T02:56:34.746047
SKU_002481,ORD20270515003919,1,cancelled,2026-04-29T15:47:21.639814
SKU_002482,ORD20270515003920,2,completed,2026-04-04T17:33:44.071653
SKU_002483,ORD20270515003921,1,shipped,2026-04-20T10:15:20.548698
SKU_002484,ORD20270515003922,1,completed,2026-04-10T10:44:40.493697
SKU_002485,ORD20270515003923,3,completed,2026-04-17T13:57:51.976138
SKU_002486,ORD20270516003924,3,cancelled,2026-04-27T23:54:13.254571
SKU_002487,ORD20270516003925,3,completed,2026-04-23T16:24:23.293622
SKU_002488,ORD20270516003926,1,completed,2026-04-02T20:01:13.789337
SKU_002489,ORD20270516003927,2,completed,2026-04-16T12:15:41.441450
SKU_002490,ORD20270516003928,1,completed,2026-04-12T09:28:07.811405
SKU_002491,ORD20270516003929,3,completed,2026-04-16T21:47:15.552178
SKU_002492,ORD20270516003930,3,completed,2026-04-18T18:50:19.898104
SKU_002493,ORD20270517003931,2,completed,2026-04-23T12:49:12.476676
SKU_002494,ORD20270517003932,1,completed,2026-04-23T19:26:50.552396
SKU_002495,ORD20270517003933,1,cancelled,2026-04-15T22:26:10.341427
SKU_002496,ORD20270517003934,3,cancelled,2026-04-19T03:50:46.404628
SKU_002497,ORD20270517003935,3,cancelled,2026-04-23T06:36:56.879042
SKU_002498,ORD20270517003936,1,cancelled,2026-04-28T18:34:09.636533
SKU_002499,ORD20270517003937,3,shipped,2026-04-15T19:32:38.130516
SKU_002500,ORD20270518003938,2,completed,2026-04-16T08:12:17.746664
SKU_002501,ORD20270518003939,1,completed,2026-04-10T02:49:14.742454
SKU_002502,ORD20270518003940,1,completed,2026-04-04T23:29:11.039916
SKU_002503,ORD20270518003941,1,completed,2026-04-14T14:29:18.201006
SKU_002504,ORD20270518003942,1,shipped,2026-04-23T08:48:41.515900
SKU_002505,ORD20270518003943,1,completed,2026-04-31T00:08:52.129597
SKU_002506,ORD20270519003944,1,shipped,2026-04-16T13:47:46.440643
SKU_002507,ORD20270519003945,1,completed,2026-04-25T00:19:23.891798
SKU_002508,ORD20270519003946,2,completed,2026-04-17T11:52:23.492276
SKU_002509,ORD20270519003947,3,shipped,2026-04-05T15:45:31.646987
SKU_002510,ORD20270519003948,2,shipped,2026-04-07T00:19:41.114293
SKU_002511,ORD20270519003949,3,completed,2026-04-29T02:40:20.222522
SKU_002512,ORD20270519003950,1,shipped,2026-04-30T19:08:28.853436
SKU_002513,ORD20270520003951,1,shipped,2026-04-05T09:09:49.122094
SKU_002514,ORD20270520003952,1,completed,2026-04-29T17:57:01.901633
SKU_002515,ORD20270520003953,3,completed,2026-04-01T12:57:04.980801
SKU_002516,ORD20270520003954,1,cancelled,2026-04-18T10:37:57.651579
SKU_002517,ORD20270520003955,1,cancelled,2026-04-31T23:25:02.379286
SKU_002518,ORD20270520003956,1,completed,2026-04-13T09:42:49.350154
SKU_002519,ORD20270520003957,3,completed,2026-04-07T02:21:06.190901
SKU_002520,ORD20270521003958,1,shipped,2026-04-28T22:34:52.945363
SKU_002521,ORD20270521003959,3,shipped,2026-04-21T19:49:47.098056
SKU_002522,ORD20270521003960,1,completed,2026-04-31T17:50:14.025471
SKU_002523,ORD20270521003961,1,completed,2026-04-16T00:08:38.171920
SKU_002524,ORD20270521003962,1,completed,2026-04-09T05:56:06.603767
SKU_002525,ORD20270521003963,1,completed,2026-04-13T20:11:25.989583
SKU_002526,ORD20270521003964,2,completed,2026-04-24T04:02:36.776618
SKU_002527,ORD20270522003965,3,completed,2026-04-17T17:17:14.806662
SKU_002528,ORD20270522003966,1,completed,2026-04-07T16:09:07.984169
SKU_002529,ORD20270522003967,3,shipped,2026-04-06T01:34:24.514811
SKU_002530,ORD20270522003968,2,shipped,2026-04-26T02:14:44.988988
SKU_002531,ORD20270522003969,1,completed,2026-04-11T12:49:30.480812
SKU_002532,ORD20270522003970,1,shipped,2026-04-26T16:33:00.532760
SKU_002533,ORD20270522003971,2,completed,2026-04-22T04:33:56.456257
SKU_002534,ORD20270523003972,1,completed,2026-04-13T16:03:31.183576
SKU_002535,ORD20270523003973,2,completed,2026-04-24T20:42:06.185905
SKU_002536,ORD20270523003974,2,completed,2026-04-16T04:56:43.686488
SKU_002537,ORD20270523003975,1,cancelled,2026-04-14T22:38:01.912579
SKU_002538,ORD20270523003976,1,completed,2026-04-08T17:50:12.181907
SKU_002539,ORD20270523003977,1,shipped,2026-04-07T18:24:26.848887
SKU_002540,ORD20270523003978,2,completed,2026-04-08T20:24:37.068849
SKU_002541,ORD20270523003979,1,completed,2026-04-28T18:34:54.634776
SKU_002542,ORD20270524003980,2,cancelled,2026-04-11T18:52:29.064284
SKU_002543,ORD20270524003981,3,completed,2026-04-18T10:29:37.851339
SKU_002544,ORD20270524003982,1,shipped,2026-04-14T17:56:58.690355
SKU_002545,ORD20270524003983,1,completed,2026-04-22T07:39:04.752243
SKU_002546,ORD20270524003984,1,cancelled,2026-04-26T20:45:30.472872
SKU_002547,ORD20270524003985,3,completed,2026-04-13T14:09:51.662311
SKU_002548,ORD20270524003986,1,shipped,2026-04-20T05:41:09.149916
SKU_002549,ORD20270524003987,1,shipped,2026-04-22T00:13:28.845782
SKU_002550,ORD20270525003988,3,completed,2026-04-20T00:15:37.138993
SKU_002551,ORD20270525003989,1,completed,2026-04-04T16:31:06.442792
SKU_002552,ORD20270525003990,1,completed,2026-04-01T13:36:25.933772
SKU_002553,ORD20270525003991,1,completed,2026-04-17T06:53:20.929382
SKU_002554,ORD20270525003992,1,cancelled,2026-04-02T15:01:35.947868
SKU_002555,ORD20270525003993,2,shipped,2026-04-16T23:24:35.056627
SKU_002556,ORD20270525003994,1,shipped,2026-04-23T20:06:56.297408
SKU_002557,ORD20270526003995,1,completed,2026-04-21T20:49:12.147204
SKU_002558,ORD20270526003996,1,cancelled,2026-04-08T16:28:28.176202
SKU_002559,ORD20270526003997,3,completed,2026-04-19T14:16:52.572033
SKU_002560,ORD20270526003998,2,completed,2026-04-28T03:34:06.687265
SKU_002561,ORD20270526003999,1,completed,2026-04-09T05:49:53.638735
SKU_002562,ORD20270526004000,3,completed,2026-04-18T18:20:20.785028
SKU_002563,ORD20270526004001,1,cancelled,2026-04-22T20:07:59.367119
SKU_002564,ORD20270527004002,2,completed,2026-04-01T06:20:06.044472
SKU_002565,ORD20270527004003,3,cancelled,2026-04-10T09:49:50.551786
SKU_002566,ORD20270527004004,3,completed,2026-04-20T04:32:02.591623
SKU_002567,ORD20270527004005,3,cancelled,2026-04-29T11:22:20.734518
SKU_002568,ORD20270527004006,2,completed,2026-04-29T02:08:16.767065
SKU_002569,ORD20270527004007,2,completed,2026-04-28T19:28:34.416786
SKU_002570,ORD20270527004008,2,shipped,2026-04-01T22:35:53.500541
SKU_002571,ORD20270528004009,1,shipped,2026-04-10T20:38:32.594990
SKU_002572,ORD20270528004010,3,completed,2026-04-30T11:34:24.592066
SKU_002573,ORD20270528004011,1,shipped,2026-04-24T21:25:50.561547
SKU_002574,ORD20270528004012,1,completed,2026-04-18T03:18:18.854214
SKU_002575,ORD20270528004013,2,completed,2026-04-09T09:51:29.466006
SKU_002576,ORD20270528004014,1,completed,2026-04-28T02:26:36.437349
SKU_002577,ORD20270528004015,3,shipped,2026-04-07T12:30:03.647552
SKU_002578,ORD20270528004016,3,completed,2026-04-21T18:49:53.491120
SKU_002579,ORD20270529004017,1,cancelled,2026-04-13T21:12:27.880196
SKU_002580,ORD20270529004018,1,shipped,2026-04-21T14:10:49.575379
SKU_002581,ORD20270529004019,1,completed,2026-04-22T13:50:33.464799
SKU_002582,ORD20270529004020,1,completed,2026-04-04T23:32:58.102950
SKU_002583,ORD20270529004021,1,shipped,2026-04-25T07:39:44.907283
SKU_002584,ORD20270529004022,1,completed,2026-04-16T12:45:51.839576
SKU_002585,ORD20270529004023,1,shipped,2026-04-06T19:01:21.480439
SKU_002586,ORD20270529004024,1,cancelled,2026-04-15T06:52:06.113791
SKU_002587,ORD20270529004025,1,completed,2026-04-26T22:29:48.272736
SKU_002588,ORD20270530004026,3,completed,2026-04-10T02:45:46.717165
SKU_002589,ORD20270530004027,3,completed,2026-04-10T06:10:57.174359
SKU_002590,ORD20270530004028,3,completed,2026-04-13T10:42:30.844229
SKU_002591,ORD20270530004029,3,completed,2026-04-26T06:24:31.138130
SKU_002592,ORD20270530004030,1,shipped,2026-04-30T06:39:44.180113
SKU_002593,ORD20270530004031,1,cancelled,2026-04-21T14:45:31.186586
SKU_002594,ORD20270530004032,2,shipped,2026-04-20T15:10:33.154305
SKU_002595,ORD20270531004033,2,completed,2026-04-18T05:06:04.314769
SKU_002596,ORD20270531004034,1,completed,2026-04-01T14:19:15.263749
SKU_002597,ORD20270531004035,1,completed,2026-04-08T15:24:55.643784
SKU_002598,ORD20270531004036,3,completed,2026-04-29T00:57:52.505723
SKU_002599,ORD20270531004037,3,shipped,2026-04-04T15:31:03.653856
SKU_002600,ORD20270531004038,1,shipped,2026-04-04T05:18:05.971179
SKU_002601,ORD20270531004039,2,shipped,2026-04-19T18:42:27.973974
SKU_002602,ORD20270531004040,2,shipped,2026-04-25T00:07:26.065036
SKU_002603,ORD20270531004041,2,completed,2026-04-21T05:33:49.796280
SKU_002604,ORD20270601004042,3,shipped,2026-04-22T11:55:32.027031
SKU_002605,ORD20270601004043,1,completed,2026-04-13T11:15:49.265165
SKU_002606,ORD20270601004044,2,shipped,2026-04-11T14:31:01.974576
SKU_002607,ORD20270601004045,1,completed,2026-04-01T00:58:30.353120
SKU_002608,ORD20270601004046,1,completed,2026-04-16T22:08:29.450720
SKU_002609,ORD20270601004047,3,cancelled,2026-04-24T17:12:51.698529
SKU_002610,ORD20270601004048,2,cancelled,2026-04-13T15:08:27.393372
SKU_002611,ORD20270602004049,1,shipped,2026-04-03T20:04:42.738386
SKU_002612,ORD20270602004050,3,completed,2026-04-06T13:46:02.971020
SKU_002613,ORD20270602004051,1,completed,2026-04-25T19:11:41.595804
SKU_002614,ORD20270602004052,1,completed,2026-04-29T16:09:28.913247
SKU_002615,ORD20270602004053,1,shipped,2026-04-21T03:31:06.614208
SKU_002616,ORD20270602004054,2,shipped,2026-04-23T07:48:34.581704
SKU_002617,ORD20270602004055,3,completed,2026-04-05T05:07:05.387952
SKU_002618,ORD20270603004056,1,completed,2026-04-12T09:13:12.088920
SKU_002619,ORD20270603004057,3,cancelled,2026-04-11T00:26:21.846617
SKU_002620,ORD20270603004058,2,completed,2026-04-28T16:30:11.789219
SKU_002621,ORD20270603004059,1,shipped,2026-04-26T09:03:27.149146
SKU_002622,ORD20270603004060,1,completed,2026-04-14T20:29:06.043712
SKU_002623,ORD20270603004061,1,completed,2026-04-17T02:16:51.649446
SKU_002624,ORD20270603004062,1,completed,2026-04-26T05:35:25.658347
SKU_002625,ORD20270603004063,1,completed,2026-04-10T05:14:43.944160
SKU_002626,ORD20270604004064,1,completed,2026-04-26T11:12:33.084126
SKU_002627,ORD20270604004065,3,shipped,2026-04-21T00:11:10.516625
SKU_002628,ORD20270604004066,1,cancelled,2026-04-29T13:22:00.515452
SKU_002629,ORD20270604004067,2,completed,2026-04-26T21:55:13.887109
SKU_002630,ORD20270604004068,2,completed,2026-04-24T16:01:48.273441
SKU_002631,ORD20270604004069,2,shipped,2026-04-07T08:27:15.310053
SKU_002632,ORD20270604004070,3,completed,2026-04-11T07:53:48.600250
SKU_002633,ORD20270604004071,2,completed,2026-04-04T18:41:22.481901
SKU_002634,ORD20270605004072,1,cancelled,2026-04-10T16:03:56.108188
SKU_002635,ORD20270605004073,2,completed,2026-04-07T09:37:12.683820
SKU_002636,ORD20270605004074,1,completed,2026-04-04T12:21:03.726340
SKU_002637,ORD20270605004075,1,cancelled,2026-04-11T06:56:32.066326
SKU_002638,ORD20270605004076,1,cancelled,2026-04-08T12:30:58.667632
SKU_002639,ORD20270605004077,3,completed,2026-04-11T14:13:25.513290
SKU_002640,ORD20270605004078,2,completed,2026-04-06T20:53:53.183408
SKU_002641,ORD20270606004079,3,shipped,2026-04-30T06:34:49.482007
SKU_002642,ORD20270606004080,2,completed,2026-04-31T10:58:22.693010
SKU_002643,ORD20270606004081,1,completed,2026-04-27T05:55:44.002467
SKU_002644,ORD20270606004082,1,shipped,2026-04-14T09:10:51.429825
SKU_002645,ORD20270606004083,1,cancelled,2026-04-16T10:36:38.889763
SKU_002646,ORD20270606004084,2,cancelled,2026-04-26T22:57:50.429262
SKU_002647,ORD20270607004085,1,completed,2026-04-22T06:43:12.919724
SKU_002648,ORD20270607004086,3,cancelled,2026-04-20T05:58:51.202032
SKU_002649,ORD20270607004087,1,completed,2026-04-15T22:48:47.088675
SKU_002650,ORD20270607004088,1,completed,2026-04-16T03:45:10.759681
SKU_002651,ORD20270607004089,1,cancelled,2026-04-03T12:49:47.457219
SKU_002652,ORD20270607004090,2,cancelled,2026-04-01T14:02:56.890507
SKU_002653,ORD20270607004091,2,completed,2026-04-11T22:21:09.930467
SKU_002654,ORD20270608004092,2,completed,2026-04-04T03:28:37.784144
SKU_002655,ORD20270608004093,1,completed,2026-04-01T14:03:35.961164
SKU_002656,ORD20270608004094,3,completed,2026-04-27T21:12:37.277369
SKU_002657,ORD20270608004095,3,completed,2026-04-24T02:38:25.908703
SKU_002658,ORD20270608004096,2,completed,2026-04-28T09:01:21.709379
SKU_002659,ORD20270608004097,1,shipped,2026-04-20T09:22:55.374375
SKU_002660,ORD20270608004098,3,completed,2026-04-14T03:44:28.939312
SKU_002661,ORD20270609004099,1,completed,2026-04-06T04:57:14.763262
SKU_002662,ORD20270609004100,1,completed,2026-04-07T02:16:27.188701
SKU_002663,ORD20270609004101,2,shipped,2026-04-05T20:38:30.570746
SKU_002664,ORD20270609004102,1,shipped,2026-04-27T23:12:26.452147
SKU_002665,ORD20270609004103,1,cancelled,2026-04-18T07:24:21.517204
SKU_002666,ORD20270609004104,1,cancelled,2026-04-15T00:43:25.930597
SKU_002667,ORD20270609004105,1,cancelled,2026-04-14T16:33:42.770785
SKU_002668,ORD20270609004106,1,cancelled,2026-04-10T10:41:13.754436
SKU_002669,ORD20270610004107,3,shipped,2026-04-07T01:09:29.624757
SKU_002670,ORD20270610004108,1,shipped,2026-04-23T07:39:10.158623
SKU_002671,ORD20270610004109,3,completed,2026-04-09T08:55:04.105375
SKU_002672,ORD20270610004110,2,completed,2026-04-13T19:44:46.624501
SKU_002673,ORD20270610004111,1,completed,2026-04-10T12:57:50.452800
SKU_002674,ORD20270610004112,2,cancelled,2026-04-12T00:58:30.476744
SKU_002675,ORD20270610004113,2,completed,2026-04-01T00:02:39.672206
SKU_002676,ORD20270611004114,1,shipped,2026-04-03T13:30:51.754693
SKU_002677,ORD20270611004115,3,shipped,2026-04-24T13:27:33.982776
SKU_002678,ORD20270611004116,2,completed,2026-04-27T14:51:03.020603
SKU_002679,ORD20270611004117,1,cancelled,2026-04-22T10:45:47.705775
SKU_002680,ORD20270611004118,1,completed,2026-04-13T14:41:13.389726
SKU_002681,ORD20270611004119,2,completed,2026-04-19T09:24:25.117807
SKU_002682,ORD20270611004120,1,completed,2026-04-02T19:06:41.078829
SKU_002683,ORD20270611004121,1,completed,2026-04-16T11:03:35.444542
SKU_002684,ORD20270612004122,1,shipped,2026-04-14T08:26:40.843119
SKU_002685,ORD20270612004123,2,cancelled,2026-04-26T01:41:04.093076
SKU_002686,ORD20270612004124,3,completed,2026-04-16T03:03:10.784649
SKU_002687,ORD20270612004125,1,cancelled,2026-04-30T11:05:28.120678
SKU_002688,ORD20270612004126,1,shipped,2026-04-07T20:40:23.082957
SKU_002689,ORD20270612004127,1,shipped,2026-04-07T14:32:31.252996
SKU_002690,ORD20270612004128,1,completed,2026-04-03T16:14:39.545826
SKU_002691,ORD20270612004129,2,completed,2026-04-24T16:41:57.973396
SKU_002692,ORD20270612004130,2,completed,2026-04-11T03:32:08.441940
SKU_002693,ORD20270613004131,2,shipped,2026-04-15T10:13:04.089082
SKU_002694,ORD20270613004132,3,completed,2026-04-30T20:53:04.180725
SKU_002695,ORD20270613004133,1,cancelled,2026-04-19T09:32:32.313506
SKU_002696,ORD20270613004134,1,cancelled,2026-04-15T20:50:37.196235
SKU_002697,ORD20270613004135,2,completed,2026-04-05T04:10:08.702295
SKU_002698,ORD20270613004136,1,shipped,2026-04-24T17:41:31.190938
SKU_002699,ORD20270613004137,1,cancelled,2026-04-04T20:43:10.216972
SKU_002700,ORD20270614004138,3,cancelled,2026-04-17T00:45:34.134679
SKU_002701,ORD20270614004139,2,shipped,2026-04-07T09:58:01.372067
SKU_002702,ORD20270614004140,3,shipped,2026-04-15T10:01:41.377994
SKU_002703,ORD20270614004141,2,completed,2026-04-08T04:04:15.676602
SKU_002704,ORD20270614004142,1,completed,2026-04-06T10:33:00.963024
SKU_002705,ORD20270614004143,2,completed,2026-04-25T06:57:48.412381
SKU_002706,ORD20270614004144,1,completed,2026-04-09T19:03:16.184807
SKU_002707,ORD20270615004145,1,completed,2026-04-10T12:17:04.907006
SKU_002708,ORD20270615004146,1,completed,2026-04-20T08:04:24.339511
SKU_002709,ORD20270615004147,1,completed,2026-04-20T13:18:31.969294
SKU_002710,ORD20270615004148,1,completed,2026-04-08T12:28:03.363955
SKU_002711,ORD20270615004149,1,completed,2026-04-05T00:23:34.954119
SKU_002712,ORD20270615004150,1,cancelled,2026-04-13T05:09:46.516005
SKU_002713,ORD20270615004151,1,shipped,2026-04-05T03:21:22.710867
SKU_002714,ORD20270616004152,2,completed,2026-04-26T17:09:09.203350
SKU_002715,ORD20270616004153,1,completed,2026-04-28T18:07:28.793189
SKU_002716,ORD20270616004154,1,completed,2026-04-11T16:21:25.386362
SKU_002717,ORD20270616004155,2,completed,2026-04-15T17:49:10.060488
SKU_002718,ORD20270616004156,1,cancelled,2026-04-19T23:27:52.715257
SKU_002719,ORD20270616004157,3,cancelled,2026-04-03T08:22:47.025549
SKU_002720,ORD20270616004158,2,cancelled,2026-04-02T16:43:21.759091
SKU_002721,ORD20270616004159,2,cancelled,2026-04-03T11:49:15.662088
SKU_002722,ORD20270617004160,2,completed,2026-04-07T14:34:53.085135
SKU_002723,ORD20270617004161,3,cancelled,2026-04-11T16:43:10.548854
SKU_002724,ORD20270617004162,2,completed,2026-04-26T03:35:01.734333
SKU_002725,ORD20270617004163,3,completed,2026-04-16T21:51:57.713762
SKU_002726,ORD20270617004164,3,completed,2026-04-21T23:07:27.549980
SKU_002727,ORD20270617004165,1,cancelled,2026-04-22T10:59:46.107885
SKU_002728,ORD20270618004166,2,cancelled,2026-04-18T22:33:11.495937
SKU_002729,ORD20270618004167,1,cancelled,2026-04-01T15:57:36.922723
SKU_002730,ORD20270618004168,1,cancelled,2026-04-01T03:05:25.605613
SKU_002731,ORD20270618004169,1,completed,2026-04-14T04:20:41.846931
SKU_002732,ORD20270618004170,2,completed,2026-04-22T23:27:46.019608
SKU_002733,ORD20270618004171,2,completed,2026-04-26T06:43:00.490410
SKU_002734,ORD20270618004172,1,completed,2026-04-30T05:57:26.552037
SKU_002735,ORD20270618004173,3,shipped,2026-04-30T06:53:40.685201
SKU_002736,ORD20270619004174,3,completed,2026-04-28T00:05:04.933016
SKU_002737,ORD20270619004175,3,completed,2026-04-12T12:39:13.855083
SKU_002738,ORD20270619004176,1,cancelled,2026-04-23T02:57:35.363858
SKU_002739,ORD20270619004177,3,completed,2026-04-30T11:19:46.217834
SKU_002740,ORD20270619004178,3,completed,2026-04-06T03:20:08.757288
SKU_002741,ORD20270619004179,2,completed,2026-04-20T09:16:48.618335
SKU_002742,ORD20270619004180,1,shipped,2026-04-27T13:22:36.030367
SKU_002743,ORD20270620004181,3,completed,2026-04-27T11:23:52.213739
SKU_002744,ORD20270620004182,2,completed,2026-04-27T18:10:58.432377
SKU_002745,ORD20270620004183,1,completed,2026-04-15T13:40:30.327464
SKU_002746,ORD20270620004184,1,completed,2026-04-01T06:38:07.801403
SKU_002747,ORD20270620004185,3,shipped,2026-04-20T10:06:45.102323
SKU_002748,ORD20270620004186,3,completed,2026-04-03T02:33:14.410876
SKU_002749,ORD20270620004187,1,shipped,2026-04-20T21:18:30.062399
SKU_002750,ORD20270621004188,1,completed,2026-04-06T14:10:38.467143
SKU_002751,ORD20270621004189,1,shipped,2026-04-22T05:38:25.759531
SKU_002752,ORD20270621004190,3,completed,2026-04-24T20:59:58.475730
SKU_002753,ORD20270621004191,1,completed,2026-04-07T23:53:17.379022
SKU_002754,ORD20270621004192,1,shipped,2026-04-29T07:41:16.718712
SKU_002755,ORD20270621004193,1,shipped,2026-04-13T09:13:34.750498
SKU_002756,ORD20270621004194,1,completed,2026-04-26T01:48:05.316729
SKU_002757,ORD20270622004195,3,cancelled,2026-04-12T08:26:06.251602
SKU_002758,ORD20270622004196,2,cancelled,2026-04-24T04:29:37.911589
SKU_002759,ORD20270622004197,1,cancelled,2026-04-30T18:37:43.702240
SKU_002760,ORD20270622004198,1,shipped,2026-04-18T21:19:15.492756
SKU_002761,ORD20270622004199,1,completed,2026-04-22T05:12:34.889507
SKU_002762,ORD20270622004200,3,completed,2026-04-16T14:51:17.022766
SKU_002763,ORD20270622004201,1,completed,2026-04-20T02:09:35.349331
SKU_002764,ORD20270622004202,1,completed,2026-04-28T18:39:52.308899
SKU_002765,ORD20270623004203,1,cancelled,2026-04-06T07:38:38.470173
SKU_002766,ORD20270623004204,1,shipped,2026-04-17T03:30:26.220992
SKU_002767,ORD20270623004205,2,cancelled,2026-04-05T17:02:14.384681
SKU_002768,ORD20270623004206,1,completed,2026-04-03T12:08:46.580208
SKU_002769,ORD20270623004207,1,completed,2026-04-09T15:51:10.067990
SKU_002770,ORD20270623004208,2,shipped,2026-04-05T02:40:45.864200
SKU_002771,ORD20270624004209,2,completed,2026-04-02T15:26:00.404985
SKU_002772,ORD20270624004210,3,completed,2026-04-21T06:46:52.676488
SKU_002773,ORD20270624004211,2,shipped,2026-04-12T19:13:45.902193
SKU_002774,ORD20270624004212,3,cancelled,2026-04-20T14:15:16.464725
SKU_002775,ORD20270624004213,3,shipped,2026-04-30T06:55:33.313741
SKU_002776,ORD20270624004214,3,completed,2026-04-03T02:37:18.494321
SKU_002777,ORD20270624004215,3,cancelled,2026-04-31T10:42:04.150449
SKU_002778,ORD20270625004216,1,completed,2026-04-10T00:11:00.475965
SKU_002779,ORD20270625004217,1,completed,2026-04-09T04:00:54.382614
SKU_002780,ORD20270625004218,3,completed,2026-04-17T12:13:48.851293
SKU_002781,ORD20270625004219,1,shipped,2026-04-22T04:21:37.172924
SKU_002782,ORD20270625004220,1,completed,2026-04-19T01:44:15.480029
SKU_002783,ORD20270625004221,1,completed,2026-04-26T09:22:36.685308
SKU_002784,ORD20270626004222,1,cancelled,2026-04-05T01:53:41.673333
SKU_002785,ORD20270626004223,1,completed,2026-04-26T05:22:22.204241
SKU_002786,ORD20270626004224,1,completed,2026-04-07T23:29:49.348761
SKU_002787,ORD20270626004225,1,completed,2026-04-01T04:52:49.362916
SKU_002788,ORD20270626004226,1,completed,2026-04-04T23:47:15.360699
SKU_002789,ORD20270626004227,1,shipped,2026-04-24T18:41:06.232487
SKU_002790,ORD20270626004228,2,completed,2026-04-22T13:57:16.720267
SKU_002791,ORD20270626004229,2,completed,2026-04-11T09:29:04.601380
SKU_002792,ORD20270627004230,1,shipped,2026-04-04T20:28:46.689149
SKU_002793,ORD20270627004231,3,completed,2026-04-02T08:31:03.300783
SKU_002794,ORD20270627004232,1,completed,2026-04-04T09:17:17.900212
SKU_002795,ORD20270627004233,1,completed,2026-04-19T16:28:13.481176
SKU_002796,ORD20270627004234,2,completed,2026-04-28T18:07:47.417968
SKU_002797,ORD20270627004235,3,completed,2026-04-05T15:20:04.922754
SKU_002798,ORD20270628004236,2,cancelled,2026-04-21T10:46:18.383879
SKU_002799,ORD20270628004237,1,cancelled,2026-04-02T01:41:03.586421
SKU_002800,ORD20270628004238,3,completed,2026-04-10T03:17:16.094713
SKU_002801,ORD20270628004239,2,completed,2026-04-09T10:18:28.423265
SKU_002802,ORD20270628004240,2,completed,2026-04-01T03:35:57.112351
SKU_002803,ORD20270628004241,2,cancelled,2026-04-03T01:05:25.429610
SKU_002804,ORD20270628004242,1,completed,2026-04-26T21:34:53.397478
SKU_002805,ORD20270629004243,2,completed,2026-04-10T01:49:38.643456
SKU_002806,ORD20270629004244,2,completed,2026-04-09T08:00:10.477678
SKU_002807,ORD20270629004245,2,completed,2026-04-17T12:27:55.210861
SKU_002808,ORD20270629004246,1,shipped,2026-04-23T20:49:46.790661
SKU_002809,ORD20270629004247,3,completed,2026-04-04T11:03:12.560796
SKU_002810,ORD20270629004248,1,completed,2026-04-07T07:43:15.106902
SKU_002811,ORD20270629004249,1,shipped,2026-04-24T04:51:51.961418
SKU_002812,ORD20270630004250,2,shipped,2026-04-14T04:07:52.113341
SKU_002813,ORD20270630004251,1,cancelled,2026-04-25T17:24:53.777344
SKU_002814,ORD20270630004252,1,shipped,2026-04-20T18:58:15.233562
SKU_002815,ORD20270630004253,1,cancelled,2026-04-16T07:44:25.859407
SKU_002816,ORD20270630004254,3,completed,2026-04-16T22:19:36.997602
SKU_002817,ORD20270630004255,3,completed,2026-04-12T17:48:43.392117
SKU_002818,ORD20270701004256,1,completed,2026-04-21T19:55:41.474223
SKU_002819,ORD20270701004257,1,cancelled,2026-04-31T06:21:27.867247
SKU_002820,ORD20270701004258,1,completed,2026-04-27T12:45:26.426436
SKU_002821,ORD20270701004259,2,shipped,2026-04-12T11:18:12.228372
SKU_002822,ORD20270701004260,1,shipped,2026-04-02T07:10:32.844850
SKU_002823,ORD20270701004261,3,completed,2026-04-12T18:45:32.453643
SKU_002824,ORD20270702004262,3,cancelled,2026-04-29T02:43:10.139522
SKU_002825,ORD20270702004263,1,completed,2026-04-09T02:18:50.933836
SKU_002826,ORD20270702004264,3,cancelled,2026-04-29T12:12:21.639446
SKU_002827,ORD20270702004265,1,cancelled,2026-04-09T16:20:49.478581
SKU_002828,ORD20270702004266,1,completed,2026-04-08T10:23:38.700981
SKU_002829,ORD20270702004267,1,completed,2026-04-17T11:40:44.742709
SKU_002830,ORD20270702004268,2,completed,2026-04-18T07:20:40.827868
SKU_002831,ORD20270703004269,3,completed,2026-04-13T11:52:52.634162
SKU_002832,ORD20270703004270,3,completed,2026-04-17T06:51:58.565384
SKU_002833,ORD20270703004271,1,shipped,2026-04-28T03:36:39.797309
SKU_002834,ORD20270703004272,1,shipped,2026-04-11T08:39:21.498459
SKU_002835,ORD20270703004273,1,completed,2026-04-07T18:05:32.645783
SKU_002836,ORD20270703004274,1,completed,2026-04-24T17:16:59.084201
SKU_002837,ORD20270703004275,2,cancelled,2026-04-23T05:32:58.484635
SKU_002838,ORD20270704004276,1,completed,2026-04-17T13:31:57.433247
SKU_002839,ORD20270704004277,1,completed,2026-04-07T08:11:02.605865
SKU_002840,ORD20270704004278,1,completed,2026-04-11T05:00:36.149499
SKU_002841,ORD20270704004279,1,shipped,2026-04-27T06:25:06.818936
SKU_002842,ORD20270704004280,3,completed,2026-04-07T01:21:19.516014
SKU_002843,ORD20270704004281,1,cancelled,2026-04-13T08:32:42.625871
SKU_002844,ORD20270704004282,1,completed,2026-04-21T12:42:10.337711
SKU_002845,ORD20270705004283,1,completed,2026-04-22T23:56:29.965330
SKU_002846,ORD20270705004284,1,completed,2026-04-10T05:06:19.468547
SKU_002847,ORD20270705004285,1,completed,2026-04-24T04:20:49.765206
SKU_002848,ORD20270705004286,1,completed,2026-04-27T02:51:47.892199
SKU_002849,ORD20270705004287,3,completed,2026-04-03T10:56:43.264681
SKU_002850,ORD20270705004288,2,completed,2026-04-02T15:55:20.616807
SKU_002851,ORD20270705004289,2,cancelled,2026-04-20T19:28:44.565805
SKU_002852,ORD20270705004290,2,cancelled,2026-04-03T13:30:10.828202
SKU_002853,ORD20270706004291,1,cancelled,2026-04-23T08:06:32.417120
SKU_002854,ORD20270706004292,1,completed,2026-04-20T03:15:43.679360
SKU_002855,ORD20270706004293,2,shipped,2026-04-07T07:53:37.215738
SKU_002856,ORD20270706004294,1,completed,2026-04-15T20:26:00.087282
SKU_002857,ORD20270706004295,2,completed,2026-04-20T19:14:05.052851
SKU_002858,ORD20270706004296,3,completed,2026-04-19T14:17:59.397244
SKU_002859,ORD20270706004297,1,completed,2026-04-11T11:47:54.247948
SKU_002860,ORD20270707004298,1,completed,2026-04-25T10:48:15.500833
SKU_002861,ORD20270707004299,3,completed,2026-04-18T03:38:29.227855
SKU_002862,ORD20270707004300,2,completed,2026-04-26T13:23:50.970165
SKU_002863,ORD20270707004301,1,completed,2026-04-10T03:01:49.906752
SKU_002864,ORD20270707004302,1,completed,2026-04-16T07:24:32.518259
SKU_002865,ORD20270707004303,1,completed,2026-04-27T17:54:33.784209
SKU_002866,ORD20270707004304,3,completed,2026-04-04T20:24:00.758101
SKU_002867,ORD20270708004305,3,shipped,2026-04-05T18:32:25.498272
SKU_002868,ORD20270708004306,1,completed,2026-04-30T21:37:06.214164
SKU_002869,ORD20270708004307,1,completed,2026-04-10T12:10:16.646207
SKU_002870,ORD20270708004308,3,completed,2026-04-17T13:58:32.485997
SKU_002871,ORD20270708004309,1,completed,2026-04-05T21:08:41.578928
SKU_002872,ORD20270708004310,2,completed,2026-04-14T14:32:10.979810
SKU_002873,ORD20270708004311,1,shipped,2026-04-27T11:11:30.392010
SKU_002874,ORD20270709004312,3,cancelled,2026-04-07T19:04:46.155007
SKU_002875,ORD20270709004313,2,completed,2026-04-30T23:02:18.590524
SKU_002876,ORD20270709004314,1,shipped,2026-04-09T07:51:31.154667
SKU_002877,ORD20270709004315,2,completed,2026-04-09T00:19:54.494468
SKU_002878,ORD20270709004316,1,completed,2026-04-26T00:55:38.215850
SKU_002879,ORD20270709004317,1,completed,2026-04-06T02:22:52.271600
SKU_002880,ORD20270709004318,1,completed,2026-04-27T11:16:12.377387
SKU_002881,ORD20270710004319,2,completed,2026-04-08T13:04:31.816904
SKU_002882,ORD20270710004320,1,completed,2026-04-23T23:19:16.330971
SKU_002883,ORD20270710004321,1,completed,2026-04-11T07:25:27.937654
SKU_002884,ORD20270710004322,3,completed,2026-04-08T20:34:56.526685
SKU_002885,ORD20270710004323,3,completed,2026-04-26T07:17:36.217292
SKU_002886,ORD20270710004324,3,completed,2026-04-27T21:24:17.184090
SKU_002887,ORD20270710004325,2,completed,2026-04-05T18:57:21.828978
SKU_002888,ORD20270711004326,1,completed,2026-04-08T09:17:40.464092
SKU_002889,ORD20270711004327,3,completed,2026-04-15T01:22:51.413440
SKU_002890,ORD20270711004328,1,completed,2026-04-15T11:40:13.659380
SKU_002891,ORD20270711004329,2,cancelled,2026-04-21T07:00:46.881937
SKU_002892,ORD20270711004330,1,completed,2026-04-30T04:54:59.712050
SKU_002893,ORD20270711004331,1,shipped,2026-04-18T05:01:49.015622
SKU_002894,ORD20270711004332,1,cancelled,2026-04-27T14:34:39.381665
SKU_002895,ORD20270712004333,2,cancelled,2026-04-30T19:51:21.125627
SKU_002896,ORD20270712004334,1,completed,2026-04-22T02:38:30.897510
SKU_002897,ORD20270712004335,3,cancelled,2026-04-25T12:21:00.860893
SKU_002898,ORD20270712004336,2,cancelled,2026-04-10T08:13:28.246101
SKU_002899,ORD20270712004337,3,completed,2026-04-23T13:11:26.567424
SKU_002900,ORD20270712004338,1,completed,2026-04-22T19:17:17.407910
SKU_002901,ORD20270712004339,3,completed,2026-04-14T15:32:40.726518
SKU_002902,ORD20270712004340,3,shipped,2026-04-17T05:03:36.263078
SKU_002903,ORD20270713004341,1,completed,2026-04-08T07:06:27.762828
SKU_002904,ORD20270713004342,1,completed,2026-04-10T06:41:42.629442
SKU_002905,ORD20270713004343,3,cancelled,2026-04-22T20:03:06.247919
SKU_002906,ORD20270713004344,3,completed,2026-04-01T15:14:54.135198
SKU_002907,ORD20270713004345,2,completed,2026-04-31T03:43:08.415683
SKU_002908,ORD20270713004346,1,completed,2026-04-18T02:14:13.753643
SKU_002909,ORD20270713004347,3,completed,2026-04-28T06:03:40.811737
SKU_002910,ORD20270713004348,1,shipped,2026-04-15T05:20:34.100593
SKU_002911,ORD20270713004349,2,completed,2026-04-21T17:57:12.440574
SKU_002912,ORD20270714004350,3,completed,2026-04-04T21:40:04.207268
SKU_002913,ORD20270714004351,1,completed,2026-04-27T18:24:59.044206
SKU_002914,ORD20270714004352,1,completed,2026-04-16T07:33:07.764932
SKU_002915,ORD20270714004353,2,shipped,2026-04-11T22:55:05.771168
SKU_002916,ORD20270714004354,1,completed,2026-04-30T23:46:50.395097
SKU_002917,ORD20270714004355,2,completed,2026-04-26T20:25:32.251250
SKU_002918,ORD20270714004356,2,completed,2026-04-26T17:11:24.758333
SKU_002919,ORD20270715004357,1,completed,2026-04-03T11:00:07.890602
SKU_002920,ORD20270715004358,1,shipped,2026-04-24T21:22:53.063746
SKU_002921,ORD20270715004359,1,completed,2026-04-20T08:26:37.956396
SKU_002922,ORD20270715004360,3,shipped,2026-04-20T17:26:36.269087
SKU_002923,ORD20270715004361,2,completed,2026-04-20T22:06:16.766261
SKU_002924,ORD20270715004362,1,completed,2026-04-03T09:34:41.121472
SKU_002925,ORD20270715004363,1,completed,2026-04-19T22:21:44.439176
SKU_002926,ORD20270716004364,1,completed,2026-04-01T07:40:51.897135
SKU_002927,ORD20270716004365,2,completed,2026-04-24T18:01:01.170080
SKU_002928,ORD20270716004366,3,completed,2026-04-23T07:51:48.697741
SKU_002929,ORD20270716004367,3,shipped,2026-04-17T19:16:34.966732
SKU_002930,ORD20270716004368,1,shipped,2026-04-25T13:17:37.717651
SKU_002931,ORD20270716004369,2,cancelled,2026-04-22T16:07:43.732943
SKU_002932,ORD20270716004370,1,completed,2026-04-01T00:33:37.014059
SKU_002933,ORD20270717004371,1,completed,2026-04-27T16:17:46.515581
SKU_002934,ORD20270717004372,1,cancelled,2026-04-05T20:54:57.340596
SKU_002935,ORD20270717004373,1,completed,2026-04-16T19:00:07.911653
SKU_002936,ORD20270717004374,1,completed,2026-04-28T12:20:13.368642
SKU_002937,ORD20270717004375,1,shipped,2026-04-08T15:43:34.266740
SKU_002938,ORD20270717004376,1,completed,2026-04-04T01:53:41.620459
SKU_002939,ORD20270717004377,2,cancelled,2026-04-27T17:22:26.531669
SKU_002940,ORD20270718004378,2,completed,2026-04-30T15:24:38.889353
SKU_002941,ORD20270718004379,3,completed,2026-04-13T15:23:08.415146
SKU_002942,ORD20270718004380,1,completed,2026-04-18T12:54:27.602063
SKU_002943,ORD20270718004381,3,completed,2026-04-04T07:00:17.496113
SKU_002944,ORD20270718004382,1,cancelled,2026-04-30T11:22:14.276803
SKU_002945,ORD20270718004383,1,completed,2026-04-07T09:34:02.987237
SKU_002946,ORD20270718004384,1,cancelled,2026-04-22T11:13:42.699530
SKU_002947,ORD20270719004385,1,completed,2026-04-25T20:15:43.892960
SKU_002948,ORD20270719004386,2,completed,2026-04-25T04:43:26.479647
SKU_002949,ORD20270719004387,1,completed,2026-04-04T09:40:06.166409
SKU_002950,ORD20270719004388,3,completed,2026-04-02T09:09:54.506901
SKU_002951,ORD20270719004389,2,completed,2026-04-04T14:00:12.576320
SKU_002952,ORD20270719004390,1,completed,2026-04-17T06:00:25.350444
SKU_002953,ORD20270719004391,1,shipped,2026-04-02T14:03:08.736655
SKU_002954,ORD20270720004392,1,completed,2026-04-12T11:16:10.957892
SKU_002955,ORD20270720004393,2,completed,2026-04-02T02:56:00.026001
SKU_002956,ORD20270720004394,1,cancelled,2026-04-23T06:16:15.133043
SKU_002957,ORD20270720004395,3,cancelled,2026-04-04T17:33:55.731100
SKU_002958,ORD20270720004396,1,cancelled,2026-04-26T04:02:18.409342
SKU_002959,ORD20270720004397,1,shipped,2026-04-18T19:26:14.600117
SKU_002960,ORD20270720004398,1,completed,2026-04-05T10:32:55.016539
SKU_002961,ORD20270721004399,1,completed,2026-04-16T16:23:49.355602
SKU_002962,ORD20270721004400,2,shipped,2026-04-25T02:59:58.631462
SKU_002963,ORD20270721004401,2,completed,2026-04-06T23:25:12.167713
SKU_002964,ORD20270721004402,1,completed,2026-04-07T07:49:11.784644
SKU_002965,ORD20270721004403,3,completed,2026-04-19T23:48:29.467113
SKU_002966,ORD20270721004404,2,completed,2026-04-02T08:23:17.475551
SKU_002967,ORD20270721004405,2,completed,2026-04-19T15:30:25.741276
SKU_002968,ORD20270721004406,3,shipped,2026-04-25T04:57:39.872806
SKU_002969,ORD20270722004407,1,cancelled,2026-04-22T12:05:54.883490
SKU_002970,ORD20270722004408,1,shipped,2026-04-06T04:08:31.866798
SKU_002971,ORD20270722004409,1,cancelled,2026-04-05T01:35:27.561997
SKU_002972,ORD20270722004410,2,completed,2026-04-22T22:14:19.960079
SKU_002973,ORD20270722004411,1,completed,2026-04-02T01:03:00.672118
SKU_002974,ORD20270722004412,3,cancelled,2026-04-13T14:35:05.979941
SKU_002975,ORD20270722004413,3,cancelled,2026-04-30T14:54:36.358495
SKU_002976,ORD20270722004414,1,shipped,2026-04-27T00:12:25.293751
SKU_002977,ORD20270723004415,1,completed,2026-04-15T02:34:33.222323
SKU_002978,ORD20270723004416,1,shipped,2026-04-17T08:52:43.035551
SKU_002979,ORD20270723004417,3,cancelled,2026-04-29T10:37:58.155191
SKU_002980,ORD20270723004418,3,completed,2026-04-02T03:15:28.777747
SKU_002981,ORD20270723004419,3,cancelled,2026-04-21T06:06:47.144538
SKU_002982,ORD20270723004420,2,cancelled,2026-04-11T16:23:32.771272
SKU_002983,ORD20270723004421,1,cancelled,2026-04-09T22:00:08.330974
SKU_002984,ORD20270723004422,1,shipped,2026-04-09T20:57:30.686486
SKU_002985,ORD20270724004423,3,shipped,2026-04-29T04:50:15.719550
SKU_002986,ORD20270724004424,3,completed,2026-04-02T18:35:58.698695
SKU_002987,ORD20270724004425,2,cancelled,2026-04-27T00:32:04.858955
SKU_002988,ORD20270724004426,1,completed,2026-04-15T03:49:05.217073
SKU_002989,ORD20270724004427,1,cancelled,2026-04-14T08:06:03.985452
SKU_002990,ORD20270724004428,1,cancelled,2026-04-18T10:17:15.898754
SKU_002991,ORD20270725004429,2,cancelled,2026-04-19T09:42:03.590428
SKU_002992,ORD20270725004430,1,cancelled,2026-04-20T15:14:03.745251
SKU_002993,ORD20270725004431,3,completed,2026-04-15T10:51:52.833993
SKU_002994,ORD20270725004432,1,shipped,2026-04-26T03:06:50.842564
SKU_002995,ORD20270725004433,3,completed,2026-04-19T04:49:39.554465
SKU_002996,ORD20270725004434,1,shipped,2026-04-13T22:58:47.095547
SKU_002997,ORD20270725004435,3,shipped,2026-04-20T19:10:21.206424
SKU_002998,ORD20270725004436,3,shipped,2026-04-24T06:43:56.693687
SKU_002999,ORD20270726004437,3,completed,2026-04-31T06:23:28.802257
SKU_003000,ORD20270726004438,2,completed,2026-04-03T14:47:56.440286
SKU_003001,ORD20270726004439,1,completed,2026-04-05T19:20:42.733890
SKU_003002,ORD20270726004440,1,cancelled,2026-04-31T18:30:28.593985
SKU_003003,ORD20270726004441,1,cancelled,2026-04-15T09:55:45.653825
SKU_003004,ORD20270726004442,1,cancelled,2026-04-31T23:53:45.312065
SKU_003005,ORD20270726004443,1,cancelled,2026-04-15T03:38:27.818824
SKU_003006,ORD20270727004444,1,cancelled,2026-04-23T22:24:43.645516
SKU_003007,ORD20270727004445,1,completed,2026-04-15T08:18:05.588232
SKU_003008,ORD20270727004446,1,completed,2026-04-01T22:46:15.403562
SKU_003009,ORD20270727004447,1,completed,2026-04-08T16:30:11.969963
SKU_003010,ORD20270727004448,1,completed,2026-04-02T00:46:15.618256
SKU_003011,ORD20270727004449,1,cancelled,2026-04-10T03:45:01.519996
SKU_003012,ORD20270727004450,1,shipped,2026-04-25T13:50:36.326686
SKU_003013,ORD20270728004451,1,completed,2026-04-03T13:54:50.162487
SKU_003014,ORD20270728004452,1,completed,2026-04-22T13:23:37.696673
SKU_003015,ORD20270728004453,1,shipped,2026-04-10T19:44:33.025052
SKU_003016,ORD20270728004454,3,shipped,2026-04-08T05:31:09.327908
SKU_003017,ORD20270728004455,2,completed,2026-04-01T22:07:22.712831
SKU_003018,ORD20270728004456,1,cancelled,2026-04-18T07:56:17.180480
SKU_003019,ORD20270728004457,1,completed,2026-04-30T16:01:01.646185
SKU_003020,ORD20270729004458,1,completed,2026-04-01T22:37:44.970303
SKU_003021,ORD20270729004459,1,completed,2026-04-31T11:15:04.063970
SKU_003022,ORD20270729004460,2,completed,2026-04-22T13:17:15.495973
SKU_003023,ORD20270729004461,2,shipped,2026-04-19T15:41:40.426979
SKU_003024,ORD20270729004462,1,shipped,2026-04-09T14:31:38.745649
SKU_003025,ORD20270729004463,1,shipped,2026-04-05T00:47:50.313022
SKU_003026,ORD20270729004464,1,completed,2026-04-16T11:08:55.643343
SKU_003027,ORD20270730004465,1,shipped,2026-04-07T16:41:49.203537
SKU_003028,ORD20270730004466,3,shipped,2026-04-12T17:23:05.946124
SKU_003029,ORD20270730004467,1,completed,2026-04-26T12:40:17.166772
SKU_003030,ORD20270730004468,2,completed,2026-04-29T21:27:00.453861
SKU_003031,ORD20270730004469,1,completed,2026-04-17T13:16:09.282189
SKU_003032,ORD20270730004470,3,shipped,2026-04-12T02:52:13.599816
SKU_003033,ORD20270730004471,1,completed,2026-04-28T17:39:04.463780
SKU_003034,ORD20270730004472,3,completed,2026-04-10T00:33:38.571245
SKU_003035,ORD20270731004473,1,completed,2026-04-14T02:29:01.670232
SKU_003036,ORD20270731004474,1,cancelled,2026-04-09T05:58:22.534745
SKU_003037,ORD20270731004475,3,shipped,2026-04-17T18:21:40.468748
SKU_003038,ORD20270731004476,2,cancelled,2026-04-01T18:18:32.142948
SKU_003039,ORD20270731004477,3,completed,2026-04-02T09:02:22.790149
SKU_003040,ORD20270731004478,3,cancelled,2026-04-15T05:03:26.328819
SKU_003041,ORD20270731004479,1,completed,2026-04-13T04:24:37.905346
SKU_003042,ORD20270801004480,3,shipped,2026-04-11T15:54:10.842307
SKU_003043,ORD20270801004481,1,completed,2026-04-31T16:15:02.204925
SKU_003044,ORD20270801004482,3,cancelled,2026-04-07T19:46:46.431164
SKU_003045,ORD20270801004483,1,completed,2026-04-11T07:58:39.039186
SKU_003046,ORD20270801004484,2,shipped,2026-04-06T20:29:11.898513
SKU_003047,ORD20270801004485,1,completed,2026-04-05T23:49:50.814400
SKU_003048,ORD20270801004486,1,shipped,2026-04-11T21:49:05.401115
SKU_003049,ORD20270801004487,2,cancelled,2026-04-24T12:55:16.380385
SKU_003050,ORD20270802004488,1,completed,2026-04-30T15:37:23.618886
SKU_003051,ORD20270802004489,2,completed,2026-04-01T18:34:13.703465
SKU_003052,ORD20270802004490,2,completed,2026-04-02T05:38:50.733643
SKU_003053,ORD20270802004491,1,cancelled,2026-04-28T02:46:51.828916
SKU_003054,ORD20270802004492,1,completed,2026-04-19T23:38:50.068951
SKU_003055,ORD20270803004493,3,completed,2026-04-18T20:59:15.761734
SKU_003056,ORD20270803004494,2,cancelled,2026-04-17T11:15:15.812636
SKU_003057,ORD20270803004495,3,completed,2026-04-27T12:32:26.200637
SKU_003058,ORD20270803004496,1,cancelled,2026-04-08T18:17:55.399204
SKU_003059,ORD20270803004497,3,completed,2026-04-25T22:38:22.935000
SKU_003060,ORD20270803004498,2,completed,2026-04-19T12:01:23.949001
SKU_003061,ORD20270803004499,3,cancelled,2026-04-17T01:19:09.054644
SKU_003062,ORD20270804004500,2,cancelled,2026-04-10T16:46:56.584538
SKU_003063,ORD20270804004501,1,cancelled,2026-04-08T20:28:20.278679
SKU_003064,ORD20270804004502,2,shipped,2026-04-18T11:16:31.096011
SKU_003065,ORD20270804004503,3,completed,2026-04-13T18:33:20.396230
SKU_003066,ORD20270804004504,1,shipped,2026-04-24T20:37:10.292781
SKU_003067,ORD20270804004505,3,completed,2026-04-24T20:12:13.790219
SKU_003068,ORD20270804004506,3,completed,2026-04-06T00:40:40.119726
SKU_003069,ORD20270805004507,2,shipped,2026-04-23T20:26:27.121834
SKU_003070,ORD20270805004508,3,completed,2026-04-11T11:45:06.862205
SKU_003071,ORD20270805004509,2,completed,2026-04-26T08:00:06.918955
SKU_003072,ORD20270805004510,1,completed,2026-04-19T12:51:11.243499
SKU_003073,ORD20270805004511,1,completed,2026-04-23T12:30:16.245104
SKU_003074,ORD20270805004512,3,cancelled,2026-04-22T22:01:31.467132
SKU_003075,ORD20270806004513,2,completed,2026-04-19T15:37:48.275320
SKU_003076,ORD20270806004514,3,completed,2026-04-13T09:54:05.605258
SKU_003077,ORD20270806004515,1,completed,2026-04-23T02:49:43.328322
SKU_003078,ORD20270806004516,3,completed,2026-04-31T17:34:20.221433
SKU_003079,ORD20270806004517,1,completed,2026-04-17T13:49:54.510492
SKU_003080,ORD20270806004518,1,completed,2026-04-25T14:58:35.658058
SKU_003081,ORD20270806004519,2,completed,2026-04-07T17:06:52.394442
SKU_003082,ORD20270806004520,2,completed,2026-04-31T23:00:52.810430
SKU_003083,ORD20270806004521,1,completed,2026-04-29T10:54:59.110701
SKU_003084,ORD20270807004522,1,completed,2026-04-29T02:33:23.977822
SKU_003085,ORD20270807004523,3,completed,2026-04-08T06:24:46.343575
SKU_003086,ORD20270807004524,1,completed,2026-04-20T15:26:36.259912
SKU_003087,ORD20270807004525,1,shipped,2026-04-27T12:59:41.374353
SKU_003088,ORD20270807004526,1,shipped,2026-04-07T14:21:33.818570
SKU_003089,ORD20270807004527,1,completed,2026-04-23T16:25:20.640741
SKU_003090,ORD20270807004528,3,completed,2026-04-28T12:03:47.435915
SKU_003091,ORD20270808004529,2,completed,2026-04-25T23:55:00.531076
SKU_003092,ORD20270808004530,1,completed,2026-04-31T09:03:05.754672
SKU_003093,ORD20270808004531,3,cancelled,2026-04-04T18:18:44.296019
SKU_003094,ORD20270808004532,2,completed,2026-04-04T18:44:05.659418
SKU_003095,ORD20270808004533,2,completed,2026-04-07T01:54:11.463493
SKU_003096,ORD20270808004534,2,completed,2026-04-28T12:41:02.271049
SKU_003097,ORD20270808004535,2,completed,2026-04-27T08:18:59.924294
SKU_003098,ORD20270809004536,1,completed,2026-04-07T18:09:09.730323
SKU_003099,ORD20270809004537,3,completed,2026-04-29T06:49:34.573646
SKU_003100,ORD20270809004538,1,cancelled,2026-04-18T11:47:45.033109
SKU_003101,ORD20270809004539,3,completed,2026-04-02T14:02:46.316427
SKU_003102,ORD20270809004540,3,completed,2026-04-22T08:29:24.010582
SKU_003103,ORD20270809004541,3,shipped,2026-04-03T08:07:27.966219
SKU_003104,ORD20270809004542,2,completed,2026-04-18T17:21:02.467729
SKU_003105,ORD20270809004543,1,completed,2026-04-05T01:16:11.475488
SKU_003106,ORD20270809004544,1,shipped,2026-04-26T17:49:03.946368
SKU_003107,ORD20270810004545,1,completed,2026-04-23T14:39:55.188973
SKU_003108,ORD20270810004546,2,completed,2026-04-27T22:23:52.379352
SKU_003109,ORD20270810004547,3,completed,2026-04-11T07:41:40.519712
SKU_003110,ORD20270810004548,1,completed,2026-04-11T04:38:18.872935
SKU_003111,ORD20270810004549,2,cancelled,2026-04-03T17:01:52.109043
SKU_003112,ORD20270810004550,1,completed,2026-04-18T06:22:03.523324
SKU_003113,ORD20270810004551,2,completed,2026-04-07T19:19:43.628490
SKU_003114,ORD20270811004552,1,cancelled,2026-04-25T10:41:36.403663
SKU_003115,ORD20270811004553,2,completed,2026-04-10T20:09:42.552157
SKU_003116,ORD20270811004554,1,completed,2026-04-27T05:02:05.557548
SKU_003117,ORD20270811004555,1,shipped,2026-04-08T06:40:06.566886
SKU_003118,ORD20270811004556,1,completed,2026-04-17T02:11:04.463421
SKU_003119,ORD20270811004557,1,shipped,2026-04-03T17:23:47.765488
SKU_003120,ORD20270811004558,2,cancelled,2026-04-04T19:37:04.424111
SKU_003121,ORD20270811004559,2,completed,2026-04-11T14:57:18.292646
SKU_003122,ORD20270812004560,2,completed,2026-04-10T12:25:44.583779
SKU_003123,ORD20270812004561,1,cancelled,2026-04-12T07:04:12.261434
SKU_003124,ORD20270812004562,1,completed,2026-04-20T04:23:12.589072
SKU_003125,ORD20270812004563,1,completed,2026-04-29T19:05:05.883266
SKU_003126,ORD20270812004564,2,cancelled,2026-04-22T02:56:16.927204
SKU_003127,ORD20270812004565,3,cancelled,2026-04-27T16:45:35.723647
SKU_003128,ORD20270813004566,1,completed,2026-04-05T12:17:16.986839
SKU_003129,ORD20270813004567,2,completed,2026-04-23T21:11:38.290324
SKU_003130,ORD20270813004568,1,cancelled,2026-04-13T09:38:46.125839
SKU_003131,ORD20270813004569,1,cancelled,2026-04-03T01:35:57.439562
SKU_003132,ORD20270813004570,1,completed,2026-04-18T04:52:09.286912
SKU_003133,ORD20270813004571,1,shipped,2026-04-11T05:26:20.611957
SKU_003134,ORD20270813004572,1,completed,2026-04-24T11:45:28.599424
SKU_003135,ORD20270814004573,3,shipped,2026-04-19T11:23:35.038205
SKU_003136,ORD20270814004574,2,completed,2026-04-21T14:22:01.846723
SKU_003137,ORD20270814004575,3,shipped,2026-04-25T23:24:51.154544
SKU_003138,ORD20270814004576,1,cancelled,2026-04-17T19:18:29.338602
SKU_003139,ORD20270814004577,1,completed,2026-04-14T08:37:29.002321
SKU_003140,ORD20270814004578,3,completed,2026-04-11T03:28:27.210216
SKU_003141,ORD20270814004579,1,completed,2026-04-02T07:46:42.385774
SKU_003142,ORD20270815004580,1,shipped,2026-04-13T18:56:17.225293
SKU_003143,ORD20270815004581,2,completed,2026-04-14T16:24:24.268220
SKU_003144,ORD20270815004582,3,completed,2026-04-28T05:27:45.070723
SKU_003145,ORD20270815004583,1,completed,2026-04-25T03:20:39.887272
SKU_003146,ORD20270815004584,1,shipped,2026-04-09T10:48:30.442890
SKU_003147,ORD20270815004585,1,completed,2026-04-15T21:11:02.656718
SKU_003148,ORD20270815004586,2,completed,2026-04-22T01:40:21.049552
SKU_003149,ORD20270815004587,1,completed,2026-04-19T13:01:39.285486
SKU_003150,ORD20270816004588,3,completed,2026-04-29T09:45:05.511032
SKU_003151,ORD20270816004589,2,cancelled,2026-04-27T12:57:09.209531
SKU_003152,ORD20270816004590,2,shipped,2026-04-09T11:09:58.080970
SKU_003153,ORD20270816004591,2,completed,2026-04-02T10:48:24.382124
SKU_003154,ORD20270816004592,1,completed,2026-04-29T18:08:47.722882
SKU_003155,ORD20270816004593,2,cancelled,2026-04-26T04:26:55.306388
SKU_003156,ORD20270816004594,2,shipped,2026-04-15T02:18:54.042557
SKU_003157,ORD20270817004595,2,cancelled,2026-04-05T18:55:39.260860
SKU_003158,ORD20270817004596,1,shipped,2026-04-27T21:45:54.728801
SKU_003159,ORD20270817004597,1,completed,2026-04-14T13:57:05.807775
SKU_003160,ORD20270817004598,2,completed,2026-04-03T09:58:54.431775
SKU_003161,ORD20270817004599,1,cancelled,2026-04-26T12:35:55.693456
SKU_003162,ORD20270817004600,2,completed,2026-04-07T10:24:09.963136
SKU_003163,ORD20270817004601,2,cancelled,2026-04-30T18:17:51.301225
SKU_003164,ORD20270818004602,3,completed,2026-04-12T14:04:15.450817
SKU_003165,ORD20270818004603,1,shipped,2026-04-29T04:28:34.427958
SKU_003166,ORD20270818004604,1,completed,2026-04-28T21:35:00.869250
SKU_003167,ORD20270818004605,1,cancelled,2026-04-19T06:35:10.911228
SKU_003168,ORD20270818004606,1,completed,2026-04-17T08:13:11.512949
SKU_003169,ORD20270818004607,3,completed,2026-04-25T16:30:27.757353
SKU_003170,ORD20270818004608,2,cancelled,2026-04-03T13:30:20.108389
SKU_003171,ORD20270819004609,3,completed,2026-04-12T02:26:53.937796
SKU_003172,ORD20270819004610,1,cancelled,2026-04-28T11:44:09.816436
SKU_003173,ORD20270819004611,1,completed,2026-04-27T03:07:44.638676
SKU_003174,ORD20270819004612,1,completed,2026-04-14T19:05:35.291123
SKU_003175,ORD20270819004613,1,completed,2026-04-15T20:51:28.461810
SKU_003176,ORD20270819004614,2,completed,2026-04-14T17:32:46.038033
SKU_003177,ORD20270819004615,2,cancelled,2026-04-11T03:45:32.865692
SKU_003178,ORD20270820004616,3,completed,2026-04-01T18:33:54.881580
SKU_003179,ORD20270820004617,3,completed,2026-04-16T19:50:42.838937
SKU_003180,ORD20270820004618,1,cancelled,2026-04-07T14:04:46.825386
SKU_003181,ORD20270820004619,2,completed,2026-04-14T03:20:39.313765
SKU_003182,ORD20270820004620,1,cancelled,2026-04-30T11:01:49.607450
SKU_003183,ORD20270821004621,1,completed,2026-04-16T01:50:23.283628
SKU_003184,ORD20270821004622,2,completed,2026-04-15T17:29:55.782665
SKU_003185,ORD20270821004623,1,completed,2026-04-20T08:41:14.761912
SKU_003186,ORD20270821004624,3,cancelled,2026-04-06T17:10:16.731088
SKU_003187,ORD20270821004625,1,shipped,2026-04-01T15:35:29.014445
SKU_003188,ORD20270821004626,1,cancelled,2026-04-06T03:23:25.253318
SKU_003189,ORD20270821004627,2,shipped,2026-04-02T14:48:38.497078
SKU_003190,ORD20270821004628,1,completed,2026-04-09T01:27:42.169464
SKU_003191,ORD20270822004629,1,cancelled,2026-04-22T16:01:26.070366
SKU_003192,ORD20270822004630,3,completed,2026-04-03T02:25:54.707799
SKU_003193,ORD20270822004631,2,completed,2026-04-15T00:36:13.721232
SKU_003194,ORD20270822004632,2,completed,2026-04-05T12:28:53.855578
SKU_003195,ORD20270822004633,1,completed,2026-04-29T11:32:32.811585
SKU_003196,ORD20270822004634,1,completed,2026-04-06T00:19:22.818864
SKU_003197,ORD20270823004635,1,cancelled,2026-04-18T05:50:08.410939
SKU_003198,ORD20270823004636,3,completed,2026-04-06T01:51:50.342082
SKU_003199,ORD20270823004637,1,completed,2026-04-23T11:49:37.191813
SKU_003200,ORD20270823004638,2,completed,2026-04-11T05:07:16.654423
SKU_003201,ORD20270823004639,2,completed,2026-04-21T14:17:32.809718
SKU_003202,ORD20270823004640,3,completed,2026-04-06T14:56:48.642117
SKU_003203,ORD20270823004641,2,cancelled,2026-04-13T14:19:17.120058
SKU_003204,ORD20270823004642,1,completed,2026-04-05T03:46:09.296998
SKU_003205,ORD20270824004643,1,cancelled,2026-04-07T06:52:29.430119
SKU_003206,ORD20270824004644,3,cancelled,2026-04-30T14:09:25.111169
SKU_003207,ORD20270824004645,2,shipped,2026-04-15T18:11:28.900489
SKU_003208,ORD20270824004646,2,completed,2026-04-24T04:50:41.824352
SKU_003209,ORD20270824004647,1,completed,2026-04-10T03:05:12.261826
SKU_003210,ORD20270824004648,1,completed,2026-04-20T07:26:14.983419
SKU_003211,ORD20270824004649,3,shipped,2026-04-11T18:35:44.778678
SKU_003212,ORD20270824004650,1,completed,2026-04-05T10:59:27.332862
SKU_003213,ORD20270825004651,1,shipped,2026-04-26T09:49:59.527759
SKU_003214,ORD20270825004652,3,completed,2026-04-09T10:53:35.276770
SKU_003215,ORD20270825004653,1,cancelled,2026-04-24T15:01:24.905663
SKU_003216,ORD20270825004654,3,completed,2026-04-25T01:32:32.964296
SKU_003217,ORD20270825004655,1,completed,2026-04-12T00:49:46.420656
SKU_003218,ORD20270825004656,3,shipped,2026-04-20T22:22:11.726479
SKU_003219,ORD20270825004657,1,shipped,2026-04-07T16:18:37.718858
SKU_003220,ORD20270825004658,1,cancelled,2026-04-28T11:30:35.146774
SKU_003221,ORD20270826004659,1,cancelled,2026-04-21T21:50:11.100967
SKU_003222,ORD20270826004660,3,cancelled,2026-04-25T20:08:36.219399
SKU_003223,ORD20270826004661,1,completed,2026-04-02T14:22:08.584034
SKU_003224,ORD20270826004662,1,completed,2026-04-20T16:51:41.940283
SKU_003225,ORD20270826004663,1,shipped,2026-04-15T21:47:16.640397
SKU_003226,ORD20270826004664,3,completed,2026-04-01T15:21:11.745005
SKU_003227,ORD20270826004665,1,completed,2026-04-10T05:20:29.271767
SKU_003228,ORD20270826004666,1,shipped,2026-04-27T16:48:32.189006
SKU_003229,ORD20270827004667,3,completed,2026-04-23T19:36:12.049553
SKU_003230,ORD20270827004668,1,completed,2026-04-04T02:40:09.867238
SKU_003231,ORD20270827004669,1,shipped,2026-04-04T22:26:35.016532
SKU_003232,ORD20270827004670,1,cancelled,2026-04-05T15:13:20.612121
SKU_003233,ORD20270827004671,1,completed,2026-04-25T16:08:01.519041
SKU_003234,ORD20270827004672,1,completed,2026-04-21T16:43:57.029764
SKU_003235,ORD20270827004673,2,completed,2026-04-17T17:44:24.398235
SKU_003236,ORD20270828004674,1,cancelled,2026-04-24T23:23:16.069852
SKU_003237,ORD20270828004675,2,completed,2026-04-27T11:44:53.444079
SKU_003238,ORD20270828004676,1,shipped,2026-04-08T19:37:08.594566
SKU_003239,ORD20270828004677,2,shipped,2026-04-08T03:24:24.275028
SKU_003240,ORD20270828004678,1,completed,2026-04-17T02:52:47.840963
SKU_003241,ORD20270828004679,2,completed,2026-04-15T07:03:07.240011
SKU_003242,ORD20270828004680,2,cancelled,2026-04-18T10:14:50.532285
SKU_003243,ORD20270829004681,3,completed,2026-04-16T14:00:57.207228
SKU_003244,ORD20270829004682,3,shipped,2026-04-29T03:36:43.110540
SKU_003245,ORD20270829004683,2,completed,2026-04-17T23:52:48.033736
SKU_003246,ORD20270829004684,2,completed,2026-04-04T22:21:03.901208
SKU_003247,ORD20270829004685,1,cancelled,2026-04-07T21:52:55.260456
SKU_003248,ORD20270829004686,3,cancelled,2026-04-27T04:35:47.940121
SKU_003249,ORD20270829004687,1,cancelled,2026-04-16T07:54:44.179150
SKU_003250,ORD20270829004688,3,completed,2026-04-06T20:12:50.824656
SKU_003251,ORD20270830004689,3,completed,2026-04-20T04:26:58.681631
SKU_003252,ORD20270830004690,1,shipped,2026-04-23T21:27:35.375034
SKU_003253,ORD20270830004691,1,completed,2026-04-24T02:14:45.165198
SKU_003254,ORD20270830004692,1,cancelled,2026-04-20T18:40:00.168086
SKU_003255,ORD20270830004693,1,shipped,2026-04-19T00:10:35.205981
SKU_003256,ORD20270830004694,2,completed,2026-04-05T08:20:44.381118
SKU_003257,ORD20270830004695,1,completed,2026-04-02T13:35:36.173058
SKU_003258,ORD20270830004696,3,completed,2026-04-04T09:07:28.860614
SKU_003259,ORD20270831004697,3,completed,2026-04-01T12:12:10.121391
SKU_003260,ORD20270831004698,1,completed,2026-04-06T09:41:31.191052
SKU_003261,ORD20270831004699,3,completed,2026-04-12T16:57:27.327425
SKU_003262,ORD20270831004700,2,cancelled,2026-04-22T23:17:10.837505
SKU_003263,ORD20270831004701,3,completed,2026-04-11T06:04:34.992520
SKU_003264,ORD20270831004702,1,cancelled,2026-04-21T17:06:08.100412
SKU_003265,ORD20270831004703,2,shipped,2026-04-06T14:51:29.102145
SKU_003266,ORD20270901004704,3,completed,2026-04-30T18:40:36.171278
SKU_003267,ORD20270901004705,3,completed,2026-04-14T15:24:12.616528
SKU_003268,ORD20270901004706,3,shipped,2026-04-29T18:40:10.222857
SKU_003269,ORD20270901004707,1,completed,2026-04-24T13:06:46.740878
SKU_003270,ORD20270901004708,1,completed,2026-04-07T00:08:35.644903
SKU_003271,ORD20270901004709,1,shipped,2026-04-19T11:27:30.987439
SKU_003272,ORD20270902004710,1,completed,2026-04-29T05:39:05.062880
SKU_003273,ORD20270902004711,2,shipped,2026-04-14T17:40:53.681063
SKU_003274,ORD20270902004712,2,completed,2026-04-07T07:50:02.438685
SKU_003275,ORD20270902004713,3,completed,2026-04-11T17:05:43.359002
SKU_003276,ORD20270902004714,3,cancelled,2026-04-05T12:52:35.196517
SKU_003277,ORD20270902004715,1,completed,2026-04-10T13:50:04.596671
SKU_003278,ORD20270902004716,1,completed,2026-04-10T02:15:21.151817
SKU_003279,ORD20270903004717,3,cancelled,2026-04-25T06:20:25.647554
SKU_003280,ORD20270903004718,2,shipped,2026-04-26T00:18:49.329228
SKU_003281,ORD20270903004719,3,shipped,2026-04-21T01:04:06.272152
SKU_003282,ORD20270903004720,2,completed,2026-04-11T15:33:30.697529
SKU_003283,ORD20270903004721,3,completed,2026-04-16T19:18:57.658627
SKU_003284,ORD20270903004722,2,completed,2026-04-16T23:47:27.571494
SKU_003285,ORD20270904004723,3,completed,2026-04-26T09:23:02.248020
SKU_003286,ORD20270904004724,1,completed,2026-04-14T13:25:17.815886
SKU_003287,ORD20270904004725,1,cancelled,2026-04-02T03:24:15.382183
SKU_003288,ORD20270904004726,1,completed,2026-04-22T16:40:21.445105
SKU_003289,ORD20270904004727,2,completed,2026-04-27T07:31:53.097348
SKU_003290,ORD20270904004728,2,cancelled,2026-04-02T17:00:01.758540
SKU_003291,ORD20270904004729,1,shipped,2026-04-17T02:26:19.121031
SKU_003292,ORD20270905004730,3,completed,2026-04-24T09:53:28.243831
SKU_003293,ORD20270905004731,1,cancelled,2026-04-07T11:04:01.415540
SKU_003294,ORD20270905004732,3,shipped,2026-04-22T00:12:24.594106
SKU_003295,ORD20270905004733,2,cancelled,2026-04-17T18:21:27.397975
SKU_003296,ORD20270905004734,2,completed,2026-04-23T14:55:18.491746
SKU_003297,ORD20270905004735,3,shipped,2026-04-11T00:52:16.107602
SKU_003298,ORD20270905004736,1,completed,2026-04-23T03:07:58.827408
SKU_003299,ORD20270906004737,1,cancelled,2026-04-01T08:57:35.779717
SKU_003300,ORD20270906004738,2,completed,2026-04-03T12:47:37.158254
SKU_003301,ORD20270906004739,1,shipped,2026-04-26T04:42:48.234430
SKU_003302,ORD20270906004740,1,completed,2026-04-30T13:58:20.487839
SKU_003303,ORD20270906004741,1,shipped,2026-04-31T03:40:38.991614
SKU_003304,ORD20270906004742,1,completed,2026-04-07T18:24:14.188708
SKU_003305,ORD20270907004743,3,completed,2026-04-13T06:50:07.225282
SKU_003306,ORD20270907004744,1,completed,2026-04-13T13:52:36.403155
SKU_003307,ORD20270907004745,1,cancelled,2026-04-09T02:52:52.770935
SKU_003308,ORD20270907004746,1,completed,2026-04-05T05:45:13.563905
SKU_003309,ORD20270907004747,3,completed,2026-04-21T23:31:48.721731
SKU_003310,ORD20270907004748,1,completed,2026-04-08T22:32:24.302662
SKU_003311,ORD20270908004749,1,completed,2026-04-16T01:08:56.664076
SKU_003312,ORD20270908004750,2,cancelled,2026-04-31T09:58:52.849249
SKU_003313,ORD20270908004751,3,completed,2026-04-22T13:11:49.628107
SKU_003314,ORD20270908004752,2,cancelled,2026-04-20T04:25:43.423170
SKU_003315,ORD20270908004753,2,completed,2026-04-12T10:34:38.199965
SKU_003316,ORD20270908004754,1,completed,2026-04-11T08:07:39.951699
SKU_003317,ORD20270908004755,3,cancelled,2026-04-19T11:27:21.695292
SKU_003318,ORD20270908004756,3,completed,2026-04-21T02:22:10.018257
SKU_003319,ORD20270908004757,1,completed,2026-04-09T22:51:03.116150
SKU_003320,ORD20270909004758,2,completed,2026-04-14T17:37:43.314593
SKU_003321,ORD20270909004759,3,completed,2026-04-08T09:41:09.844578
SKU_003322,ORD20270909004760,3,completed,2026-04-03T17:13:07.214992
SKU_003323,ORD20270909004761,1,shipped,2026-04-28T08:43:10.414390
SKU_003324,ORD20270909004762,1,completed,2026-04-15T23:38:13.813890
SKU_003325,ORD20270909004763,1,completed,2026-04-03T11:07:39.827420
SKU_003326,ORD20270909004764,3,completed,2026-04-02T22:23:58.018813
SKU_003327,ORD20270910004765,1,cancelled,2026-04-24T21:57:36.153981
SKU_003328,ORD20270910004766,1,completed,2026-04-13T07:43:46.080285
SKU_003329,ORD20270910004767,1,completed,2026-04-08T13:06:01.070742
SKU_003330,ORD20270910004768,3,shipped,2026-04-07T01:23:25.302959
SKU_003331,ORD20270910004769,1,completed,2026-04-16T16:10:51.997536
SKU_003332,ORD20270910004770,1,completed,2026-04-05T12:09:59.737863
SKU_003333,ORD20270910004771,1,cancelled,2026-04-08T20:07:52.428831
SKU_003334,ORD20270911004772,1,completed,2026-04-22T09:35:25.972331
SKU_003335,ORD20270911004773,3,cancelled,2026-04-06T16:17:37.212997
SKU_003336,ORD20270911004774,2,completed,2026-04-02T15:09:02.696035
SKU_003337,ORD20270911004775,1,completed,2026-04-15T00:33:05.876650
SKU_003338,ORD20270911004776,2,shipped,2026-04-08T16:10:49.340622
SKU_003339,ORD20270911004777,3,completed,2026-04-11T22:24:30.098817
SKU_003340,ORD20270911004778,1,shipped,2026-04-27T11:24:14.454113
SKU_003341,ORD20270912004779,3,completed,2026-04-19T08:13:17.571105
SKU_003342,ORD20270912004780,1,shipped,2026-04-26T16:48:53.700293
SKU_003343,ORD20270912004781,1,completed,2026-04-26T06:57:45.775560
SKU_003344,ORD20270912004782,1,cancelled,2026-04-02T20:31:55.517471
SKU_003345,ORD20270912004783,1,completed,2026-04-25T07:54:00.407289
SKU_003346,ORD20270912004784,1,shipped,2026-04-19T02:57:31.059337
SKU_003347,ORD20270912004785,2,shipped,2026-04-02T21:57:21.094286
SKU_003348,ORD20270912004786,1,completed,2026-04-19T18:30:58.740439
SKU_003349,ORD20270913004787,1,completed,2026-04-06T01:32:17.102266
SKU_003350,ORD20270913004788,2,completed,2026-04-28T17:50:57.701883
SKU_003351,ORD20270913004789,1,shipped,2026-04-09T07:04:22.266852
SKU_003352,ORD20270913004790,2,completed,2026-04-31T09:28:41.592445
SKU_003353,ORD20270913004791,2,completed,2026-04-19T16:46:37.324391
SKU_003354,ORD20270913004792,1,completed,2026-04-17T20:05:11.300165
SKU_003355,ORD20270913004793,1,completed,2026-04-17T13:41:33.582198
SKU_003356,ORD20270914004794,1,shipped,2026-04-20T18:07:45.145877
SKU_003357,ORD20270914004795,2,shipped,2026-04-02T08:13:12.847524
SKU_003358,ORD20270914004796,3,shipped,2026-04-10T20:57:51.048003
SKU_003359,ORD20270914004797,1,cancelled,2026-04-12T11:35:37.077599
SKU_003360,ORD20270914004798,2,shipped,2026-04-18T07:36:33.611417
SKU_003361,ORD20270914004799,2,cancelled,2026-04-09T15:00:26.518069
SKU_003362,ORD20270915004800,1,completed,2026-04-10T09:43:34.979543
SKU_003363,ORD20270915004801,2,completed,2026-04-02T09:05:55.277654
SKU_003364,ORD20270915004802,2,shipped,2026-04-10T21:13:47.408787
SKU_003365,ORD20270915004803,1,completed,2026-04-27T23:02:01.593885
SKU_003366,ORD20270915004804,1,completed,2026-04-24T14:51:33.980289
SKU_003367,ORD20270915004805,1,cancelled,2026-04-15T02:52:20.214666
SKU_003368,ORD20270915004806,3,cancelled,2026-04-05T11:44:15.511244
SKU_003369,ORD20270915004807,3,shipped,2026-04-08T13:41:50.577392
SKU_003370,ORD20270916004808,1,shipped,2026-04-10T22:29:21.039833
SKU_003371,ORD20270916004809,2,cancelled,2026-04-06T14:50:30.049560
SKU_003372,ORD20270916004810,1,completed,2026-04-04T18:43:59.958829
SKU_003373,ORD20270916004811,3,shipped,2026-04-01T15:10:30.129798
SKU_003374,ORD20270916004812,3,cancelled,2026-04-12T04:38:10.660653
SKU_003375,ORD20270916004813,1,cancelled,2026-04-10T19:45:35.760709
SKU_003376,ORD20270916004814,2,cancelled,2026-04-19T12:28:53.227608
SKU_003377,ORD20270916004815,2,completed,2026-04-09T19:55:14.720808
SKU_003378,ORD20270917004816,1,completed,2026-04-06T01:29:46.556042
SKU_003379,ORD20270917004817,1,completed,2026-04-04T08:39:53.046912
SKU_003380,ORD20270917004818,1,completed,2026-04-07T14:21:56.810949
SKU_003381,ORD20270917004819,1,cancelled,2026-04-24T18:51:49.363653
SKU_003382,ORD20270917004820,2,completed,2026-04-14T07:22:24.991001
SKU_003383,ORD20270917004821,3,completed,2026-04-16T12:10:53.591831
SKU_003384,ORD20270917004822,1,shipped,2026-04-24T22:25:04.803772
SKU_003385,ORD20270918004823,1,completed,2026-04-18T15:31:22.925288
SKU_003386,ORD20270918004824,3,completed,2026-04-19T20:47:50.467075
SKU_003387,ORD20270918004825,1,completed,2026-04-16T03:53:44.469491
SKU_003388,ORD20270918004826,3,completed,2026-04-23T05:55:20.471631
SKU_003389,ORD20270918004827,1,completed,2026-04-09T06:00:36.698711
SKU_003390,ORD20270918004828,2,shipped,2026-04-26T02:50:24.741586
SKU_003391,ORD20270918004829,3,completed,2026-04-15T15:06:41.553640
SKU_003392,ORD20270918004830,1,completed,2026-04-12T12:46:24.594203
SKU_003393,ORD20270919004831,1,completed,2026-04-15T14:40:35.601767
SKU_003394,ORD20270919004832,1,completed,2026-04-19T15:08:45.704080
SKU_003395,ORD20270919004833,1,completed,2026-04-14T06:17:16.280182
SKU_003396,ORD20270919004834,1,completed,2026-04-29T10:15:55.994905
SKU_003397,ORD20270919004835,2,cancelled,2026-04-11T11:08:18.283379
SKU_003398,ORD20270919004836,1,cancelled,2026-04-18T15:51:28.643848
SKU_003399,ORD20270919004837,1,completed,2026-04-12T18:56:50.801644
SKU_003400,ORD20270920004838,1,completed,2026-04-10T19:33:53.944648
SKU_003401,ORD20270920004839,3,completed,2026-04-03T21:03:02.799691
SKU_003402,ORD20270920004840,1,completed,2026-04-12T18:01:57.619097
SKU_003403,ORD20270920004841,2,completed,2026-04-24T09:32:04.969436
SKU_003404,ORD20270920004842,3,completed,2026-04-08T16:26:40.908298
SKU_003405,ORD20270920004843,2,shipped,2026-04-07T13:22:15.587064
SKU_003406,ORD20270920004844,3,completed,2026-04-18T07:22:34.951613
SKU_003407,ORD20270921004845,1,completed,2026-04-15T03:41:56.933125
SKU_003408,ORD20270921004846,2,shipped,2026-04-24T16:57:52.560765
SKU_003409,ORD20270921004847,2,cancelled,2026-04-19T17:34:26.708540
SKU_003410,ORD20270921004848,2,completed,2026-04-06T03:52:03.468332
SKU_003411,ORD20270921004849,1,completed,2026-04-01T11:47:13.412599
SKU_003412,ORD20270921004850,2,shipped,2026-04-21T09:12:14.361165
SKU_003413,ORD20270921004851,3,completed,2026-04-30T23:14:28.939496
SKU_003414,ORD20270922004852,1,completed,2026-04-27T01:55:21.624653
SKU_003415,ORD20270922004853,1,shipped,2026-04-02T22:07:13.430269
SKU_003416,ORD20270922004854,1,cancelled,2026-04-12T17:11:32.695045
SKU_003417,ORD20270922004855,1,completed,2026-04-23T08:13:06.639133
SKU_003418,ORD20270922004856,1,cancelled,2026-04-10T05:54:30.682185
SKU_003419,ORD20270923004857,1,cancelled,2026-04-17T04:19:13.250893
SKU_003420,ORD20270923004858,1,completed,2026-04-10T13:47:19.063179
SKU_003421,ORD20270923004859,1,completed,2026-04-03T23:55:47.065826
SKU_003422,ORD20270923004860,2,cancelled,2026-04-04T19:34:34.185760
SKU_003423,ORD20270923004861,1,shipped,2026-04-24T22:09:41.410770
SKU_003424,ORD20270923004862,3,cancelled,2026-04-26T00:36:14.042181
SKU_003425,ORD20270923004863,1,completed,2026-04-02T03:11:03.645533
SKU_003426,ORD20270924004864,3,completed,2026-04-28T08:04:13.248040
SKU_003427,ORD20270924004865,3,completed,2026-04-22T19:04:54.204790
SKU_003428,ORD20270924004866,2,completed,2026-04-15T06:39:30.971500
SKU_003429,ORD20270924004867,1,completed,2026-04-19T04:09:19.825371
SKU_003430,ORD20270924004868,2,cancelled,2026-04-26T16:32:38.005152
SKU_003431,ORD20270924004869,2,cancelled,2026-04-05T16:21:19.855848
SKU_003432,ORD20270924004870,1,completed,2026-04-21T00:45:35.652128
SKU_003433,ORD20270925004871,1,completed,2026-04-13T07:38:01.455971
SKU_003434,ORD20270925004872,1,cancelled,2026-04-18T06:29:50.516730
SKU_003435,ORD20270925004873,3,completed,2026-04-14T23:35:30.334109
SKU_003436,ORD20270925004874,1,shipped,2026-04-14T23:56:57.850036
SKU_003437,ORD20270925004875,3,completed,2026-04-21T04:34:37.395042
SKU_003438,ORD20270925004876,2,completed,2026-04-10T15:36:25.118031
SKU_003439,ORD20270925004877,1,completed,2026-04-30T22:57:25.578447
SKU_003440,ORD20270925004878,3,completed,2026-04-01T09:55:37.068557
SKU_003441,ORD20270926004879,1,completed,2026-04-01T23:18:55.737226
SKU_003442,ORD20270926004880,1,completed,2026-04-07T03:37:11.634316
SKU_003443,ORD20270926004881,2,completed,2026-04-25T01:43:30.217804
SKU_003444,ORD20270926004882,1,completed,2026-04-22T08:24:08.979120
SKU_003445,ORD20270926004883,1,completed,2026-04-22T03:46:56.732666
SKU_003446,ORD20270926004884,3,completed,2026-04-22T20:52:13.505548
SKU_003447,ORD20270926004885,1,completed,2026-04-14T13:45:01.262532
SKU_003448,ORD20270927004886,1,completed,2026-04-07T12:27:40.605180
SKU_003449,ORD20270927004887,1,completed,2026-04-14T16:56:44.640054
SKU_003450,ORD20270927004888,1,completed,2026-04-03T17:25:22.714823
SKU_003451,ORD20270927004889,1,cancelled,2026-04-07T12:51:10.456016
SKU_003452,ORD20270927004890,3,completed,2026-04-04T09:53:07.463162
SKU_003453,ORD20270927004891,2,completed,2026-04-28T03:51:20.324302
SKU_003454,ORD20270928004892,1,cancelled,2026-04-17T00:00:23.437157
SKU_003455,ORD20270928004893,1,completed,2026-04-23T15:55:14.749724
SKU_003456,ORD20270928004894,2,cancelled,2026-04-13T19:47:45.698995
SKU_003457,ORD20270928004895,1,shipped,2026-04-08T20:23:47.565445
SKU_003458,ORD20270928004896,3,completed,2026-04-28T11:38:09.597145
SKU_003459,ORD20270928004897,1,shipped,2026-04-09T10:54:03.202438
SKU_003460,ORD20270928004898,3,completed,2026-04-28T13:57:32.657945
SKU_003461,ORD20270928004899,1,shipped,2026-04-11T00:42:54.736769
SKU_003462,ORD20270928004900,1,completed,2026-04-14T17:35:16.853730
SKU_003463,ORD20270929004901,1,shipped,2026-04-23T04:10:18.253893
SKU_003464,ORD20270929004902,2,completed,2026-04-07T13:29:57.079775
SKU_003465,ORD20270929004903,1,shipped,2026-04-07T07:57:02.953482
SKU_003466,ORD20270929004904,2,completed,2026-04-17T06:58:30.579971
SKU_003467,ORD20270929004905,1,completed,2026-04-21T04:56:30.737521
SKU_003468,ORD20270929004906,3,completed,2026-04-07T21:15:35.612075
SKU_003469,ORD20270929004907,3,cancelled,2026-04-07T13:43:55.428475
SKU_003470,ORD20270929004908,1,completed,2026-04-03T13:43:56.592032
SKU_003471,ORD20270930004909,3,shipped,2026-04-21T16:42:06.033916
SKU_003472,ORD20270930004910,2,completed,2026-04-28T10:25:44.576289
SKU_003473,ORD20270930004911,3,completed,2026-04-06T05:42:53.819076
SKU_003474,ORD20270930004912,2,cancelled,2026-04-18T07:16:05.526911
SKU_003475,ORD20270930004913,1,shipped,2026-04-25T21:28:01.890918
SKU_003476,ORD20270930004914,1,completed,2026-04-05T19:33:23.415699
SKU_003477,ORD20270930004915,2,shipped,2026-04-05T02:48:05.670470
SKU_003478,ORD20271001004916,2,completed,2026-04-05T08:19:39.725750
SKU_003479,ORD20271001004917,1,completed,2026-04-12T21:56:00.171779
SKU_003480,ORD20271001004918,1,completed,2026-04-28T09:29:15.458018
SKU_003481,ORD20271001004919,1,cancelled,2026-04-15T05:48:40.371026
SKU_003482,ORD20271001004920,3,shipped,2026-04-22T02:36:40.634850
SKU_003483,ORD20271001004921,3,completed,2026-04-25T16:57:44.160807
SKU_003484,ORD20271001004922,2,shipped,2026-04-19T06:24:58.466978
SKU_003485,ORD20271001004923,2,completed,2026-04-12T01:26:57.418196
SKU_003486,ORD20271002004924,2,completed,2026-04-30T23:11:17.732429
SKU_003487,ORD20271002004925,1,completed,2026-04-07T13:09:35.774598
SKU_003488,ORD20271002004926,2,completed,2026-04-19T10:50:40.803730
SKU_003489,ORD20271002004927,3,completed,2026-04-17T19:29:07.433099
SKU_003490,ORD20271002004928,1,completed,2026-04-19T09:50:42.097609
SKU_003491,ORD20271002004929,3,shipped,2026-04-03T06:37:41.996311
SKU_003492,ORD20271002004930,2,shipped,2026-04-18T12:59:18.223715
SKU_003493,ORD20271003004931,2,cancelled,2026-04-01T19:39:54.484458
SKU_003494,ORD20271003004932,1,completed,2026-04-23T19:42:43.059609
SKU_003495,ORD20271003004933,1,completed,2026-04-12T21:13:32.551601
SKU_003496,ORD20271003004934,2,completed,2026-04-19T17:04:45.930803
SKU_003497,ORD20271003004935,2,completed,2026-04-23T04:54:04.970973
SKU_003498,ORD20271003004936,1,shipped,2026-04-26T02:35:15.977572
SKU_003499,ORD20271003004937,2,completed,2026-04-03T05:52:25.014217
SKU_003500,ORD20271004004938,2,completed,2026-04-31T05:59:45.101591
SKU_003501,ORD20271004004939,2,completed,2026-04-20T21:48:56.301107
SKU_003502,ORD20271004004940,2,completed,2026-04-12T11:42:44.415006
SKU_003503,ORD20271004004941,2,completed,2026-04-17T08:03:35.373000
SKU_003504,ORD20271004004942,2,cancelled,2026-04-11T14:27:12.872683
SKU_003505,ORD20271004004943,3,completed,2026-04-21T12:35:46.609742
SKU_003506,ORD20271004004944,1,shipped,2026-04-09T20:45:54.583600
SKU_003507,ORD20271004004945,2,cancelled,2026-04-12T20:13:51.388400
SKU_003508,ORD20271005004946,3,completed,2026-04-11T17:12:01.619854
SKU_003509,ORD20271005004947,1,cancelled,2026-04-07T09:12:35.911569
SKU_003510,ORD20271005004948,3,cancelled,2026-04-12T16:48:14.638535
SKU_003511,ORD20271005004949,2,completed,2026-04-16T19:07:18.691654
SKU_003512,ORD20271005004950,1,cancelled,2026-04-27T13:12:54.481164
SKU_003513,ORD20271005004951,3,completed,2026-04-06T03:19:26.075016
SKU_003514,ORD20271005004952,1,shipped,2026-04-31T01:56:32.789170
SKU_003515,ORD20271006004953,1,completed,2026-04-08T06:05:20.159249
SKU_003516,ORD20271006004954,1,completed,2026-04-25T14:18:12.609505
SKU_003517,ORD20271006004955,2,cancelled,2026-04-02T18:21:57.049452
SKU_003518,ORD20271006004956,2,completed,2026-04-10T12:50:47.690825
SKU_003519,ORD20271006004957,1,cancelled,2026-04-09T22:59:44.029650
SKU_003520,ORD20271006004958,1,completed,2026-04-14T02:56:58.040711
SKU_003521,ORD20271007004959,1,completed,2026-04-26T08:10:37.323615
SKU_003522,ORD20271007004960,1,shipped,2026-04-25T09:23:04.550340
SKU_003523,ORD20271007004961,3,completed,2026-04-24T13:02:41.092936
SKU_003524,ORD20271007004962,1,cancelled,2026-04-09T19:07:26.413679
SKU_003525,ORD20271007004963,3,completed,2026-04-27T22:28:49.734219
SKU_003526,ORD20271007004964,1,shipped,2026-04-27T03:48:50.839502
SKU_003527,ORD20271007004965,2,completed,2026-04-25T23:43:24.061462
SKU_003528,ORD20271007004966,2,shipped,2026-04-27T19:39:06.191477
SKU_003529,ORD20271008004967,1,completed,2026-04-20T05:07:57.937906
SKU_003530,ORD20271008004968,1,shipped,2026-04-17T07:55:17.027112
SKU_003531,ORD20271008004969,1,cancelled,2026-04-05T13:58:48.483369
SKU_003532,ORD20271008004970,1,completed,2026-04-16T15:48:21.794330
SKU_003533,ORD20271008004971,3,shipped,2026-04-27T01:09:20.090020
SKU_003534,ORD20271008004972,2,completed,2026-04-30T04:21:05.102440
SKU_003535,ORD20271008004973,3,shipped,2026-04-16T07:37:58.398440
SKU_003536,ORD20271009004974,1,shipped,2026-04-08T20:29:39.454082
SKU_003537,ORD20271009004975,1,completed,2026-04-16T02:34:34.590040
SKU_003538,ORD20271009004976,1,shipped,2026-04-18T00:03:25.310737
SKU_003539,ORD20271009004977,2,completed,2026-04-25T10:25:57.440541
SKU_003540,ORD20271009004978,3,completed,2026-04-10T05:12:53.737770
SKU_003541,ORD20271009004979,3,completed,2026-04-06T10:33:08.365982
SKU_003542,ORD20271009004980,3,completed,2026-04-01T18:18:09.297129
SKU_003543,ORD20271009004981,1,completed,2026-04-31T04:16:04.603088
SKU_003544,ORD20271010004982,2,completed,2026-04-19T19:29:28.652408
SKU_003545,ORD20271010004983,1,shipped,2026-04-16T03:51:54.264312
SKU_003546,ORD20271010004984,1,shipped,2026-04-14T17:19:25.005201
SKU_003547,ORD20271010004985,3,shipped,2026-04-17T22:14:49.717695
SKU_003548,ORD20271010004986,1,shipped,2026-04-02T23:08:22.926312
SKU_003549,ORD20271010004987,3,completed,2026-04-28T22:13:39.955782
SKU_003550,ORD20271010004988,1,shipped,2026-04-25T15:48:12.343999
SKU_003551,ORD20271011004989,3,shipped,2026-04-09T01:12:14.542610
SKU_003552,ORD20271011004990,2,shipped,2026-04-01T11:59:38.541896
SKU_003553,ORD20271011004991,3,cancelled,2026-04-05T19:10:45.705104
SKU_003554,ORD20271011004992,2,completed,2026-04-05T21:39:05.075278
SKU_003555,ORD20271011004993,1,shipped,2026-04-06T09:19:59.473862
SKU_003556,ORD20271011004994,1,completed,2026-04-20T13:33:40.768546
SKU_003557,ORD20271011004995,3,cancelled,2026-04-28T20:05:15.510320
SKU_003558,ORD20271012004996,3,cancelled,2026-04-08T17:04:52.326865
SKU_003559,ORD20271012004997,3,shipped,2026-04-04T13:35:33.406948
SKU_003560,ORD20271012004998,2,completed,2026-04-20T21:19:50.998813
SKU_003561,ORD20271012004999,1,shipped,2026-04-24T03:28:10.322873
SKU_003562,ORD20271012005000,1,cancelled,2026-04-15T00:46:08.425479
SKU_003563,ORD20271012005001,2,cancelled,2026-04-29T09:26:00.683895
SKU_003564,ORD20271012005002,1,cancelled,2026-04-13T05:25:19.589638
SKU_003565,ORD20271012005003,1,completed,2026-04-02T10:29:38.207464
SKU_003566,ORD20271013005004,1,completed,2026-04-12T15:53:06.654335
SKU_003567,ORD20271013005005,3,completed,2026-04-06T12:23:48.604165
SKU_003568,ORD20271013005006,3,completed,2026-04-17T05:24:23.218198
SKU_003569,ORD20271013005007,1,completed,2026-04-05T18:30:16.583350
SKU_003570,ORD20271013005008,3,completed,2026-04-02T11:23:15.709494
SKU_003571,ORD20271013005009,1,completed,2026-04-15T15:19:40.702805
SKU_003572,ORD20271013005010,3,shipped,2026-04-22T17:11:32.096979
SKU_003573,ORD20271013005011,2,shipped,2026-04-17T04:42:34.416381
SKU_003574,ORD20271014005012,1,cancelled,2026-04-08T01:29:10.143463
SKU_003575,ORD20271014005013,1,completed,2026-04-21T06:39:54.747470
SKU_003576,ORD20271014005014,3,shipped,2026-04-02T05:13:52.582273
SKU_003577,ORD20271014005015,1,completed,2026-04-28T04:17:31.034314
SKU_003578,ORD20271014005016,2,shipped,2026-04-17T23:51:58.314104
SKU_003579,ORD20271014005017,2,shipped,2026-04-04T17:06:39.431829
SKU_003580,ORD20271015005018,2,completed,2026-04-11T03:38:02.654737
SKU_003581,ORD20271015005019,1,completed,2026-04-26T15:31:35.589407
SKU_003582,ORD20271015005020,3,completed,2026-04-27T15:16:39.969380
SKU_003583,ORD20271015005021,1,completed,2026-04-31T10:38:54.019644
SKU_003584,ORD20271015005022,3,shipped,2026-04-08T23:33:12.099526
SKU_003585,ORD20271015005023,3,completed,2026-04-24T22:59:12.569267
SKU_003586,ORD20271015005024,1,shipped,2026-04-19T07:41:33.249496
SKU_003587,ORD20271016005025,1,completed,2026-04-08T20:38:03.602464
SKU_003588,ORD20271016005026,1,completed,2026-04-22T08:51:26.371947
SKU_003589,ORD20271016005027,1,completed,2026-04-21T08:17:43.731975
SKU_003590,ORD20271016005028,2,completed,2026-04-27T05:18:30.187270
SKU_003591,ORD20271016005029,1,completed,2026-04-05T00:41:03.635196
SKU_003592,ORD20271016005030,1,completed,2026-04-12T09:50:10.183362
SKU_003593,ORD20271016005031,2,completed,2026-04-13T03:53:50.119775
SKU_003594,ORD20271016005032,3,shipped,2026-04-28T12:12:47.595402
SKU_003595,ORD20271017005033,1,completed,2026-04-28T00:44:54.619256
SKU_003596,ORD20271017005034,2,completed,2026-04-15T08:45:06.213422
SKU_003597,ORD20271017005035,1,completed,2026-04-02T21:40:37.944262
SKU_003598,ORD20271017005036,2,cancelled,2026-04-26T05:51:44.847604
SKU_003599,ORD20271017005037,1,completed,2026-04-01T09:55:00.664225
SKU_003600,ORD20271017005038,2,completed,2026-04-27T13:20:05.508077
SKU_003601,ORD20271017005039,2,cancelled,2026-04-19T21:25:11.611559
SKU_003602,ORD20271018005040,2,completed,2026-04-06T19:48:36.263539
SKU_003603,ORD20271018005041,2,completed,2026-04-04T20:34:48.436450
SKU_003604,ORD20271018005042,1,shipped,2026-04-09T16:58:43.238381
SKU_003605,ORD20271018005043,1,cancelled,2026-04-05T05:14:31.704212
SKU_003606,ORD20271018005044,1,cancelled,2026-04-01T01:31:37.432251
SKU_003607,ORD20271018005045,1,completed,2026-04-06T19:47:40.871054
SKU_003608,ORD20271018005046,3,cancelled,2026-04-06T08:20:46.032184
SKU_003609,ORD20271019005047,3,completed,2026-04-13T10:14:36.910874
SKU_003610,ORD20271019005048,1,shipped,2026-04-14T23:12:41.650440
SKU_003611,ORD20271019005049,3,cancelled,2026-04-10T22:21:07.995017
SKU_003612,ORD20271019005050,1,shipped,2026-04-16T15:54:13.959818
SKU_003613,ORD20271019005051,3,completed,2026-04-12T03:19:39.357478
SKU_003614,ORD20271019005052,1,cancelled,2026-04-25T14:24:05.390106
SKU_003615,ORD20271019005053,3,completed,2026-04-08T19:42:00.404887
SKU_003616,ORD20271020005054,2,shipped,2026-04-22T15:52:02.472774
SKU_003617,ORD20271020005055,3,shipped,2026-04-30T00:55:36.926357
SKU_003618,ORD20271020005056,1,completed,2026-04-03T05:40:40.705464
SKU_003619,ORD20271020005057,1,completed,2026-04-11T02:29:45.180380
SKU_003620,ORD20271020005058,1,completed,2026-04-11T23:12:24.949668
SKU_003621,ORD20271020005059,3,completed,2026-04-27T01:25:38.143211
SKU_003622,ORD20271020005060,1,completed,2026-04-14T19:33:44.931570
SKU_003623,ORD20271020005061,1,completed,2026-04-19T19:16:52.653019
SKU_003624,ORD20271020005062,1,completed,2026-04-16T03:19:07.791720
SKU_003625,ORD20271021005063,1,completed,2026-04-20T16:26:42.282174
SKU_003626,ORD20271021005064,1,cancelled,2026-04-22T09:59:32.614856
SKU_003627,ORD20271021005065,1,completed,2026-04-04T12:26:03.184067
SKU_003628,ORD20271021005066,1,completed,2026-04-31T22:25:02.454160
SKU_003629,ORD20271021005067,2,cancelled,2026-04-01T01:02:38.576638
SKU_003630,ORD20271021005068,1,completed,2026-04-12T08:25:50.030993
SKU_003631,ORD20271021005069,1,completed,2026-04-11T06:35:47.911700
SKU_003632,ORD20271022005070,1,completed,2026-04-14T02:20:24.105324
SKU_003633,ORD20271022005071,3,shipped,2026-04-27T11:46:23.587376
SKU_003634,ORD20271022005072,3,completed,2026-04-09T10:32:45.727243
SKU_003635,ORD20271022005073,3,completed,2026-04-27T16:35:19.586671
SKU_003636,ORD20271022005074,1,completed,2026-04-04T16:06:42.455953
SKU_003637,ORD20271022005075,2,completed,2026-04-02T19:44:31.007068
SKU_003638,ORD20271022005076,2,cancelled,2026-04-21T07:17:09.061743
SKU_003639,ORD20271022005077,1,completed,2026-04-24T09:12:15.437695
SKU_003640,ORD20271022005078,2,completed,2026-04-08T05:40:19.606501
SKU_003641,ORD20271023005079,1,completed,2026-04-20T04:32:31.629834
SKU_003642,ORD20271023005080,3,shipped,2026-04-25T23:01:19.678429
SKU_003643,ORD20271023005081,1,completed,2026-04-19T13:49:02.391135
SKU_003644,ORD20271023005082,2,cancelled,2026-04-14T17:10:45.683124
SKU_003645,ORD20271023005083,1,completed,2026-04-17T21:57:00.444965
SKU_003646,ORD20271023005084,2,cancelled,2026-04-08T05:30:32.335870
SKU_003647,ORD20271024005085,1,completed,2026-04-03T05:26:51.448385
SKU_003648,ORD20271024005086,3,cancelled,2026-04-04T00:26:03.883687
SKU_003649,ORD20271024005087,3,completed,2026-04-05T23:33:34.392714
SKU_003650,ORD20271024005088,3,completed,2026-04-10T10:33:58.608378
SKU_003651,ORD20271024005089,1,cancelled,2026-04-31T02:18:22.481562
SKU_003652,ORD20271024005090,3,cancelled,2026-04-30T22:02:48.017875
SKU_003653,ORD20271024005091,3,shipped,2026-04-04T03:24:15.079765
SKU_003654,ORD20271024005092,3,completed,2026-04-14T22:08:35.394232
SKU_003655,ORD20271025005093,3,completed,2026-04-13T03:56:44.469004
SKU_003656,ORD20271025005094,1,shipped,2026-04-03T06:54:30.013249
SKU_003657,ORD20271025005095,1,completed,2026-04-01T23:49:31.346513
SKU_003658,ORD20271025005096,1,completed,2026-04-13T22:46:16.478174
SKU_003659,ORD20271025005097,2,completed,2026-04-24T11:33:03.667636
SKU_003660,ORD20271025005098,2,shipped,2026-04-03T03:59:14.876400
SKU_003661,ORD20271026005099,1,completed,2026-04-23T11:02:56.423893
SKU_003662,ORD20271026005100,1,cancelled,2026-04-23T04:30:11.649126
SKU_003663,ORD20271026005101,2,shipped,2026-04-25T08:13:44.245513
SKU_003664,ORD20271026005102,1,completed,2026-04-18T06:26:00.266656
SKU_003665,ORD20271026005103,1,completed,2026-04-17T04:23:49.723615
SKU_003666,ORD20271026005104,1,completed,2026-04-18T14:43:00.097117
SKU_003667,ORD20271026005105,3,completed,2026-04-29T18:27:00.995322
SKU_003668,ORD20271026005106,1,completed,2026-04-17T14:15:05.977209
SKU_003669,ORD20271027005107,2,cancelled,2026-04-07T05:58:52.666688
SKU_003670,ORD20271027005108,1,cancelled,2026-04-28T10:27:14.951184
SKU_003671,ORD20271027005109,2,shipped,2026-04-07T10:40:24.251135
SKU_003672,ORD20271027005110,2,shipped,2026-04-02T01:36:48.199484
SKU_003673,ORD20271027005111,3,shipped,2026-04-27T21:42:27.074138
SKU_003674,ORD20271027005112,1,shipped,2026-04-10T11:14:14.404068
SKU_003675,ORD20271027005113,2,completed,2026-04-10T05:06:27.441952
SKU_003676,ORD20271028005114,3,shipped,2026-04-22T17:17:14.699647
SKU_003677,ORD20271028005115,3,completed,2026-04-10T14:53:18.333809
SKU_003678,ORD20271028005116,3,completed,2026-04-03T21:26:30.597820
SKU_003679,ORD20271028005117,2,completed,2026-04-19T13:59:35.667780
SKU_003680,ORD20271028005118,1,cancelled,2026-04-06T21:47:44.028299
SKU_003681,ORD20271028005119,2,completed,2026-04-09T11:25:48.258816
SKU_003682,ORD20271028005120,2,cancelled,2026-04-19T23:21:43.466842
SKU_003683,ORD20271028005121,1,cancelled,2026-04-26T10:59:54.463416
SKU_003684,ORD20271029005122,1,completed,2026-04-20T11:13:00.733897
SKU_003685,ORD20271029005123,2,completed,2026-04-06T15:48:21.681536
SKU_003686,ORD20271029005124,2,cancelled,2026-04-09T22:34:57.447227
SKU_003687,ORD20271029005125,3,completed,2026-04-10T01:08:07.327185
SKU_003688,ORD20271029005126,1,completed,2026-04-07T06:35:55.918784
SKU_003689,ORD20271029005127,3,completed,2026-04-18T08:28:14.452720
SKU_003690,ORD20271029005128,1,completed,2026-04-20T10:38:23.390500
SKU_003691,ORD20271030005129,1,shipped,2026-04-29T19:20:14.435911
SKU_003692,ORD20271030005130,2,completed,2026-04-15T14:06:53.608161
SKU_003693,ORD20271030005131,1,shipped,2026-04-09T11:52:41.833912
SKU_003694,ORD20271030005132,1,completed,2026-04-24T07:56:50.634895
SKU_003695,ORD20271030005133,2,completed,2026-04-07T04:48:10.894929
SKU_003696,ORD20271030005134,3,completed,2026-04-08T01:08:26.776356
SKU_003697,ORD20271031005135,1,cancelled,2026-04-13T08:04:31.964009
SKU_003698,ORD20271031005136,2,shipped,2026-04-16T16:20:44.104174
SKU_003699,ORD20271031005137,1,shipped,2026-04-19T02:35:42.849680
SKU_003700,ORD20271031005138,2,completed,2026-04-06T23:00:18.814243
SKU_003701,ORD20271031005139,1,cancelled,2026-04-21T17:21:10.457174
SKU_003702,ORD20271031005140,1,shipped,2026-04-05T16:00:35.216303
SKU_003703,ORD20271031005141,3,completed,2026-04-26T15:06:34.347962
SKU_003704,ORD20271031005142,1,completed,2026-04-14T22:06:58.519555
SKU_003705,ORD20271101005143,1,completed,2026-04-21T14:11:19.193352
SKU_003706,ORD20271101005144,1,completed,2026-04-13T13:04:08.215284
SKU_003707,ORD20271101005145,2,cancelled,2026-04-06T11:41:44.036600
SKU_003708,ORD20271101005146,2,completed,2026-04-20T22:02:29.576166
SKU_003709,ORD20271101005147,3,shipped,2026-04-05T00:04:45.414325
SKU_003710,ORD20271101005148,1,cancelled,2026-04-02T00:19:01.355446
SKU_003711,ORD20271101005149,2,completed,2026-04-19T09:43:01.160109
SKU_003712,ORD20271101005150,1,cancelled,2026-04-27T21:27:30.554740
SKU_003713,ORD20271102005151,3,completed,2026-04-10T17:29:29.598540
SKU_003714,ORD20271102005152,3,shipped,2026-04-07T00:43:09.858520
SKU_003715,ORD20271102005153,1,shipped,2026-04-23T01:21:29.631624
SKU_003716,ORD20271102005154,3,completed,2026-04-30T11:13:08.003240
SKU_003717,ORD20271102005155,1,shipped,2026-04-31T10:19:55.869198
SKU_003718,ORD20271102005156,3,cancelled,2026-04-25T12:42:53.460387
SKU_003719,ORD20271102005157,2,completed,2026-04-29T22:27:46.912043
SKU_003720,ORD20271103005158,2,completed,2026-04-24T02:34:36.107457
SKU_003721,ORD20271103005159,1,completed,2026-04-30T22:19:42.148989
SKU_003722,ORD20271103005160,1,completed,2026-04-15T08:09:27.183623
SKU_003723,ORD20271103005161,3,completed,2026-04-06T12:16:53.081879
SKU_003724,ORD20271103005162,3,completed,2026-04-03T18:50:18.064402
SKU_003725,ORD20271103005163,1,cancelled,2026-04-27T20:55:00.539433
SKU_003726,ORD20271103005164,3,completed,2026-04-16T05:08:56.866526
SKU_003727,ORD20271103005165,2,completed,2026-04-10T11:12:20.517471
SKU_003728,ORD20271104005166,3,cancelled,2026-04-16T18:54:57.978511
SKU_003729,ORD20271104005167,3,completed,2026-04-15T09:01:20.657139
SKU_003730,ORD20271104005168,1,completed,2026-04-07T08:45:44.666841
SKU_003731,ORD20271104005169,3,shipped,2026-04-06T02:04:19.341562
SKU_003732,ORD20271104005170,1,completed,2026-04-06T20:56:02.139694
SKU_003733,ORD20271104005171,3,cancelled,2026-04-15T21:19:13.170668
SKU_003734,ORD20271105005172,1,completed,2026-04-07T00:09:36.229495
SKU_003735,ORD20271105005173,1,completed,2026-04-24T10:41:37.417872
SKU_003736,ORD20271105005174,1,shipped,2026-04-28T09:06:26.116096
SKU_003737,ORD20271105005175,1,completed,2026-04-26T21:39:52.631627
SKU_003738,ORD20271105005176,1,shipped,2026-04-22T17:29:52.985179
SKU_003739,ORD20271105005177,3,completed,2026-04-08T12:49:44.812442
SKU_003740,ORD20271105005178,3,completed,2026-04-11T04:28:49.932589
SKU_003741,ORD20271106005179,3,completed,2026-04-05T02:29:55.101246
SKU_003742,ORD20271106005180,1,completed,2026-04-23T09:20:35.781437
SKU_003743,ORD20271106005181,1,completed,2026-04-01T00:39:20.059638
SKU_003744,ORD20271106005182,1,completed,2026-04-18T10:04:14.056045
SKU_003745,ORD20271106005183,1,completed,2026-04-21T12:59:34.761952
SKU_003746,ORD20271106005184,1,completed,2026-04-07T06:43:18.207791
SKU_003747,ORD20271106005185,3,shipped,2026-04-17T04:19:46.640395
SKU_003748,ORD20271106005186,1,cancelled,2026-04-16T03:48:37.822361
SKU_003749,ORD20271107005187,1,completed,2026-04-07T00:24:58.915005
SKU_003750,ORD20271107005188,1,completed,2026-04-04T12:27:23.397217
SKU_003751,ORD20271107005189,2,completed,2026-04-25T16:10:50.522861
SKU_003752,ORD20271107005190,1,completed,2026-04-04T10:12:42.422670
SKU_003753,ORD20271107005191,2,shipped,2026-04-12T05:36:47.741518
SKU_003754,ORD20271107005192,1,cancelled,2026-04-13T19:29:42.938791
SKU_003755,ORD20271107005193,3,completed,2026-04-13T03:29:35.009337
SKU_003756,ORD20271107005194,1,completed,2026-04-21T06:50:43.984805
SKU_003757,ORD20271108005195,1,cancelled,2026-04-01T15:24:14.049117
SKU_003758,ORD20271108005196,1,completed,2026-04-25T06:23:38.973326
SKU_003759,ORD20271108005197,2,shipped,2026-04-01T00:10:33.161844
SKU_003760,ORD20271108005198,1,completed,2026-04-03T17:28:34.851198
SKU_003761,ORD20271108005199,1,completed,2026-04-06T03:25:30.335906
SKU_003762,ORD20271108005200,2,shipped,2026-04-03T08:02:36.086572
SKU_003763,ORD20271109005201,3,cancelled,2026-04-13T00:31:40.231547
SKU_003764,ORD20271109005202,3,cancelled,2026-04-27T22:32:46.811504
SKU_003765,ORD20271109005203,1,shipped,2026-04-09T06:30:41.479972
SKU_003766,ORD20271109005204,1,cancelled,2026-04-30T10:47:28.487544
SKU_003767,ORD20271109005205,1,completed,2026-04-18T23:54:12.012979
SKU_003768,ORD20271109005206,2,completed,2026-04-31T17:14:06.633598
SKU_003769,ORD20271109005207,1,cancelled,2026-04-10T02:48:33.656340
SKU_003770,ORD20271109005208,1,completed,2026-04-19T02:06:25.655118
SKU_003771,ORD20271110005209,2,completed,2026-04-05T19:01:34.132776
SKU_003772,ORD20271110005210,3,shipped,2026-04-28T21:35:24.821150
SKU_003773,ORD20271110005211,2,cancelled,2026-04-08T10:53:36.995816
SKU_003774,ORD20271110005212,2,completed,2026-04-17T11:19:29.931798
SKU_003775,ORD20271110005213,2,completed,2026-04-14T20:28:45.917875
SKU_003776,ORD20271110005214,2,shipped,2026-04-09T08:57:14.243709
SKU_003777,ORD20271111005215,3,shipped,2026-04-10T18:16:25.041886
SKU_003778,ORD20271111005216,1,completed,2026-04-22T23:11:25.781148
SKU_003779,ORD20271111005217,1,completed,2026-04-12T09:42:10.552884
SKU_003780,ORD20271111005218,3,cancelled,2026-04-23T12:09:34.444369
SKU_003781,ORD20271111005219,1,shipped,2026-04-23T23:19:30.471290
SKU_003782,ORD20271111005220,1,completed,2026-04-09T11:36:29.304141
SKU_003783,ORD20271111005221,3,shipped,2026-04-21T17:50:36.591054
SKU_003784,ORD20271111005222,2,completed,2026-04-10T06:59:07.076992
SKU_003785,ORD20271112005223,3,cancelled,2026-04-20T09:16:27.213690
SKU_003786,ORD20271112005224,1,shipped,2026-04-31T19:32:20.111118
SKU_003787,ORD20271112005225,1,completed,2026-04-29T16:25:25.881077
SKU_003788,ORD20271112005226,3,completed,2026-04-20T19:51:08.528425
SKU_003789,ORD20271112005227,2,completed,2026-04-07T08:03:18.714594
SKU_003790,ORD20271112005228,1,completed,2026-04-23T22:52:51.730553
SKU_003791,ORD20271112005229,1,cancelled,2026-04-05T15:20:56.120515
SKU_003792,ORD20271112005230,1,completed,2026-04-05T00:16:41.827647
SKU_003793,ORD20271113005231,3,completed,2026-04-30T00:16:13.593533
SKU_003794,ORD20271113005232,3,cancelled,2026-04-23T23:36:00.449331
SKU_003795,ORD20271113005233,1,cancelled,2026-04-27T22:44:17.219838
SKU_003796,ORD20271113005234,1,completed,2026-04-16T22:32:25.882052
SKU_003797,ORD20271113005235,1,completed,2026-04-21T21:02:12.413899
SKU_003798,ORD20271113005236,1,cancelled,2026-04-03T11:13:21.846533
SKU_003799,ORD20271113005237,1,completed,2026-04-15T16:00:57.354458
SKU_003800,ORD20271113005238,1,completed,2026-04-26T16:50:42.348857
SKU_003801,ORD20271114005239,1,completed,2026-04-14T23:20:05.555464
SKU_003802,ORD20271114005240,3,completed,2026-04-16T18:02:06.606989
SKU_003803,ORD20271114005241,2,completed,2026-04-15T23:11:37.861833
SKU_003804,ORD20271114005242,1,cancelled,2026-04-31T10:14:32.136015
SKU_003805,ORD20271114005243,2,completed,2026-04-12T08:21:45.264504
SKU_003806,ORD20271114005244,3,completed,2026-04-19T21:18:46.272564
SKU_003807,ORD20271114005245,3,completed,2026-04-22T21:03:21.495563
SKU_003808,ORD20271115005246,2,completed,2026-04-08T06:35:55.538795
SKU_003809,ORD20271115005247,2,shipped,2026-04-14T21:03:39.650143
SKU_003810,ORD20271115005248,1,completed,2026-04-27T17:49:59.660226
SKU_003811,ORD20271115005249,2,completed,2026-04-11T17:51:35.284079
SKU_003812,ORD20271115005250,3,completed,2026-04-06T08:32:40.499052
SKU_003813,ORD20271115005251,3,completed,2026-04-18T05:16:51.721569
SKU_003814,ORD20271116005252,1,shipped,2026-04-21T23:51:16.966393
SKU_003815,ORD20271116005253,1,completed,2026-04-16T21:44:12.571947
SKU_003816,ORD20271116005254,2,completed,2026-04-02T02:08:32.304170
SKU_003817,ORD20271116005255,1,completed,2026-04-02T11:51:01.174028
SKU_003818,ORD20271116005256,1,completed,2026-04-15T20:56:23.148798
SKU_003819,ORD20271116005257,3,cancelled,2026-04-14T00:41:28.978042
SKU_003820,ORD20271116005258,2,completed,2026-04-08T00:43:46.674721
SKU_003821,ORD20271116005259,3,completed,2026-04-03T12:15:59.097085
SKU_003822,ORD20271117005260,3,completed,2026-04-01T16:49:05.144242
SKU_003823,ORD20271117005261,1,completed,2026-04-04T06:36:18.486575
SKU_003824,ORD20271117005262,3,completed,2026-04-30T00:08:54.804814
SKU_003825,ORD20271117005263,3,cancelled,2026-04-14T22:07:01.017730
SKU_003826,ORD20271117005264,3,completed,2026-04-21T05:24:15.799066
SKU_003827,ORD20271117005265,2,completed,2026-04-29T02:46:57.021279
SKU_003828,ORD20271117005266,2,completed,2026-04-05T23:37:31.819020
SKU_003829,ORD20271118005267,1,shipped,2026-04-03T20:50:09.102060
SKU_003830,ORD20271118005268,1,completed,2026-04-22T15:28:16.184768
SKU_003831,ORD20271118005269,1,shipped,2026-04-23T19:17:16.966394
SKU_003832,ORD20271118005270,2,completed,2026-04-25T15:49:56.649023
SKU_003833,ORD20271118005271,1,completed,2026-04-06T15:19:15.196250
SKU_003834,ORD20271118005272,1,completed,2026-04-10T23:20:20.887922
SKU_003835,ORD20271118005273,3,completed,2026-04-02T04:36:33.471800
SKU_003836,ORD20271119005274,2,completed,2026-04-18T04:39:24.052227
SKU_003837,ORD20271119005275,1,shipped,2026-04-23T03:14:43.214324
SKU_003838,ORD20271119005276,1,shipped,2026-04-27T01:29:59.135291
SKU_003839,ORD20271119005277,3,completed,2026-04-20T06:33:00.275130
SKU_003840,ORD20271119005278,2,completed,2026-04-01T05:39:31.787862
SKU_003841,ORD20271119005279,2,completed,2026-04-29T06:50:17.763872
SKU_003842,ORD20271119005280,1,completed,2026-04-25T08:30:57.134464
SKU_003843,ORD20271120005281,1,shipped,2026-04-24T19:15:39.428511
SKU_003844,ORD20271120005282,3,shipped,2026-04-04T15:06:27.997340
SKU_003845,ORD20271120005283,1,shipped,2026-04-03T04:39:53.237350
SKU_003846,ORD20271120005284,2,cancelled,2026-04-07T23:16:35.291008
SKU_003847,ORD20271120005285,3,completed,2026-04-07T08:30:07.117653
SKU_003848,ORD20271120005286,3,shipped,2026-04-04T03:05:41.971926
SKU_003849,ORD20271120005287,1,completed,2026-04-02T08:45:19.888270
SKU_003850,ORD20271120005288,1,cancelled,2026-04-10T13:55:11.071718
SKU_003851,ORD20271120005289,3,completed,2026-04-28T17:37:43.556407
SKU_003852,ORD20271121005290,2,completed,2026-04-06T03:41:20.770842
SKU_003853,ORD20271121005291,2,completed,2026-04-15T18:42:03.296363
SKU_003854,ORD20271121005292,1,completed,2026-04-02T12:53:00.000074
SKU_003855,ORD20271121005293,1,completed,2026-04-11T09:55:02.246866
SKU_003856,ORD20271121005294,2,completed,2026-04-29T05:21:15.039391
SKU_003857,ORD20271121005295,3,completed,2026-04-17T01:57:56.554761
SKU_003858,ORD20271121005296,3,completed,2026-04-18T13:36:31.017772
SKU_003859,ORD20271122005297,3,completed,2026-04-11T01:15:10.210393
SKU_003860,ORD20271122005298,1,completed,2026-04-11T11:24:09.475789
SKU_003861,ORD20271122005299,1,completed,2026-04-26T18:28:03.965586
SKU_003862,ORD20271122005300,2,completed,2026-04-30T12:13:20.492200
SKU_003863,ORD20271122005301,3,cancelled,2026-04-14T12:36:51.189762
SKU_003864,ORD20271122005302,1,completed,2026-04-25T21:30:23.270946
SKU_003865,ORD20271122005303,1,completed,2026-04-09T06:38:43.489964
SKU_003866,ORD20271123005304,1,completed,2026-04-19T00:07:47.655993
SKU_003867,ORD20271123005305,1,completed,2026-04-19T21:07:07.643585
SKU_003868,ORD20271123005306,3,completed,2026-04-29T16:13:35.359189
SKU_003869,ORD20271123005307,2,shipped,2026-04-02T10:12:56.979009
SKU_003870,ORD20271123005308,2,shipped,2026-04-26T23:59:38.688876
SKU_003871,ORD20271123005309,1,completed,2026-04-17T14:47:36.344531
SKU_003872,ORD20271123005310,1,completed,2026-04-08T22:14:18.726054
SKU_003873,ORD20271123005311,1,completed,2026-04-18T12:55:28.802206
SKU_003874,ORD20271124005312,2,completed,2026-04-06T05:01:16.969886
SKU_003875,ORD20271124005313,2,completed,2026-04-06T23:55:22.493693
SKU_003876,ORD20271124005314,3,shipped,2026-04-27T05:47:40.750051
SKU_003877,ORD20271124005315,3,completed,2026-04-29T17:56:37.745261
SKU_003878,ORD20271124005316,2,completed,2026-04-22T17:24:43.305027
SKU_003879,ORD20271124005317,1,shipped,2026-04-11T11:43:26.010892
SKU_003880,ORD20271124005318,1,cancelled,2026-04-29T04:24:11.947333
SKU_003881,ORD20271125005319,2,completed,2026-04-06T18:06:11.979620
SKU_003882,ORD20271125005320,2,shipped,2026-04-12T08:49:17.362488
SKU_003883,ORD20271125005321,1,shipped,2026-04-08T23:27:04.834379
SKU_003884,ORD20271125005322,3,completed,2026-04-29T20:26:49.768361
SKU_003885,ORD20271125005323,3,completed,2026-04-06T18:14:56.221905
SKU_003886,ORD20271125005324,1,completed,2026-04-31T01:11:06.673802
SKU_003887,ORD20271126005325,3,cancelled,2026-04-11T21:24:00.252294
SKU_003888,ORD20271126005326,1,completed,2026-04-24T18:40:38.525951
SKU_003889,ORD20271126005327,2,completed,2026-04-28T00:33:24.971734
SKU_003890,ORD20271126005328,1,completed,2026-04-16T00:26:17.026139
SKU_003891,ORD20271126005329,1,shipped,2026-04-22T15:19:30.314857
SKU_003892,ORD20271126005330,3,completed,2026-04-23T07:25:19.652970
SKU_003893,ORD20271126005331,2,completed,2026-04-17T00:45:28.738746
SKU_003894,ORD20271126005332,1,completed,2026-04-04T14:46:18.671508
SKU_003895,ORD20271126005333,3,shipped,2026-04-13T15:23:48.680811
SKU_003896,ORD20271127005334,2,completed,2026-04-11T15:56:09.733922
SKU_003897,ORD20271127005335,3,cancelled,2026-04-09T23:24:34.071507
SKU_003898,ORD20271127005336,2,completed,2026-04-31T19:54:57.929986
SKU_003899,ORD20271127005337,2,completed,2026-04-27T14:49:57.717876
SKU_003900,ORD20271127005338,1,completed,2026-04-27T10:09:42.973315
SKU_003901,ORD20271128005339,1,completed,2026-04-11T05:21:04.931507
SKU_003902,ORD20271128005340,1,shipped,2026-04-10T23:28:50.566741
SKU_003903,ORD20271128005341,2,completed,2026-04-10T02:08:00.761541
SKU_003904,ORD20271128005342,3,cancelled,2026-04-20T08:41:45.062102
SKU_003905,ORD20271128005343,2,completed,2026-04-27T09:29:41.808446
SKU_003906,ORD20271128005344,2,shipped,2026-04-24T19:09:51.799595
SKU_003907,ORD20271128005345,1,cancelled,2026-04-02T01:31:36.704555
SKU_003908,ORD20271128005346,2,shipped,2026-04-12T05:56:07.936437
SKU_003909,ORD20271129005347,1,completed,2026-04-20T04:52:02.883412
SKU_003910,ORD20271129005348,3,shipped,2026-04-06T17:53:58.624848
SKU_003911,ORD20271129005349,1,cancelled,2026-04-03T13:18:19.266106
SKU_003912,ORD20271129005350,3,shipped,2026-04-16T02:36:31.609465
SKU_003913,ORD20271129005351,2,completed,2026-04-31T03:10:13.567952
SKU_003914,ORD20271129005352,3,completed,2026-04-03T08:56:38.027681
SKU_003915,ORD20271129005353,1,completed,2026-04-28T11:01:58.004970
SKU_003916,ORD20271130005354,1,cancelled,2026-04-04T11:32:21.082471
SKU_003917,ORD20271130005355,1,completed,2026-04-15T12:03:13.531538
SKU_003918,ORD20271130005356,1,completed,2026-04-21T08:23:55.503064
SKU_003919,ORD20271130005357,3,completed,2026-04-29T00:23:21.926629
SKU_003920,ORD20271130005358,1,cancelled,2026-04-06T16:59:11.218062
SKU_003921,ORD20271130005359,2,completed,2026-04-18T01:29:25.049700
SKU_003922,ORD20271130005360,3,shipped,2026-04-16T02:08:22.902979
SKU_003923,ORD20271201005361,1,shipped,2026-04-05T00:50:17.083110
SKU_003924,ORD20271201005362,1,completed,2026-04-09T19:29:03.826259
SKU_003925,ORD20271201005363,1,completed,2026-04-10T17:08:02.465224
SKU_003926,ORD20271201005364,1,cancelled,2026-04-27T18:55:02.936603
SKU_003927,ORD20271201005365,1,completed,2026-04-12T06:44:29.122978
SKU_003928,ORD20271201005366,3,cancelled,2026-04-01T07:54:38.235834
SKU_003929,ORD20271202005367,1,completed,2026-04-24T11:32:03.794290
SKU_003930,ORD20271202005368,1,cancelled,2026-04-10T21:06:05.924886
SKU_003931,ORD20271202005369,2,completed,2026-04-09T15:30:51.533259
SKU_003932,ORD20271202005370,1,completed,2026-04-07T06:03:40.246068
SKU_003933,ORD20271202005371,1,completed,2026-04-13T17:11:04.844593
SKU_003934,ORD20271202005372,1,completed,2026-04-20T15:08:29.215615
SKU_003935,ORD20271202005373,1,shipped,2026-04-20T04:50:03.229342
SKU_003936,ORD20271202005374,1,completed,2026-04-19T09:36:14.990303
SKU_003937,ORD20271203005375,1,completed,2026-04-25T03:29:54.022787
SKU_003938,ORD20271203005376,1,completed,2026-04-13T10:47:31.813652
SKU_003939,ORD20271203005377,1,completed,2026-04-22T12:46:21.346580
SKU_003940,ORD20271203005378,1,completed,2026-04-05T12:56:44.292212
SKU_003941,ORD20271203005379,2,completed,2026-04-10T16:24:04.082018
SKU_003942,ORD20271203005380,1,completed,2026-04-31T14:45:46.689320
SKU_003943,ORD20271204005381,1,completed,2026-04-05T13:08:38.088850
SKU_003944,ORD20271204005382,1,completed,2026-04-30T06:04:28.784473
SKU_003945,ORD20271204005383,3,completed,2026-04-18T05:55:35.744710
SKU_003946,ORD20271204005384,3,cancelled,2026-04-30T17:24:32.001977
SKU_003947,ORD20271204005385,1,completed,2026-04-08T15:10:45.017072
SKU_003948,ORD20271204005386,1,completed,2026-04-26T06:53:04.773143
SKU_003949,ORD20271204005387,2,completed,2026-04-18T11:40:46.081192
SKU_003950,ORD20271205005388,2,completed,2026-04-22T03:19:43.029141
SKU_003951,ORD20271205005389,3,shipped,2026-04-03T17:28:30.422058
SKU_003952,ORD20271205005390,2,completed,2026-04-21T21:13:16.946552
SKU_003953,ORD20271205005391,3,cancelled,2026-04-18T05:31:32.640417
SKU_003954,ORD20271205005392,1,completed,2026-04-08T10:35:30.829959
SKU_003955,ORD20271205005393,2,completed,2026-04-25T07:48:46.848258
SKU_003956,ORD20271205005394,1,completed,2026-04-25T23:30:38.408486
SKU_003957,ORD20271206005395,1,completed,2026-04-16T03:25:10.425806
SKU_003958,ORD20271206005396,1,completed,2026-04-28T21:21:53.538041
SKU_003959,ORD20271206005397,1,cancelled,2026-04-14T01:19:27.602150
SKU_003960,ORD20271206005398,1,shipped,2026-04-02T07:57:35.742639
SKU_003961,ORD20271206005399,1,cancelled,2026-04-06T07:50:52.231905
SKU_003962,ORD20271206005400,1,completed,2026-04-25T09:18:41.361922
SKU_003963,ORD20271206005401,1,completed,2026-04-21T20:00:25.105266
SKU_003964,ORD20271207005402,3,completed,2026-04-22T17:26:01.046209
SKU_003965,ORD20271207005403,1,shipped,2026-04-22T20:34:13.892836
SKU_003966,ORD20271207005404,2,completed,2026-04-31T23:00:02.659118
SKU_003967,ORD20271207005405,3,cancelled,2026-04-04T02:52:05.381365
SKU_003968,ORD20271207005406,1,cancelled,2026-04-21T01:38:39.261529
SKU_003969,ORD20271207005407,1,completed,2026-04-08T16:30:47.937688
SKU_003970,ORD20271207005408,1,completed,2026-04-23T14:15:55.761035
SKU_003971,ORD20271208005409,2,cancelled,2026-04-25T00:57:58.676616
SKU_003972,ORD20271208005410,1,shipped,2026-04-06T14:39:59.680013
SKU_003973,ORD20271208005411,2,cancelled,2026-04-24T20:52:31.770577
SKU_003974,ORD20271208005412,1,cancelled,2026-04-23T05:09:53.903227
SKU_003975,ORD20271208005413,1,cancelled,2026-04-21T05:36:38.771496
SKU_003976,ORD20271208005414,1,completed,2026-04-25T21:07:11.241838
SKU_003977,ORD20271208005415,2,shipped,2026-04-04T12:58:35.782846
SKU_003978,ORD20271209005416,1,cancelled,2026-04-07T10:44:05.810546
SKU_003979,ORD20271209005417,2,completed,2026-04-14T12:55:03.302919
SKU_003980,ORD20271209005418,1,completed,2026-04-20T17:55:59.899825
SKU_003981,ORD20271209005419,1,completed,2026-04-21T10:07:48.427224
SKU_003982,ORD20271209005420,2,shipped,2026-04-13T11:20:03.543127
SKU_003983,ORD20271209005421,3,completed,2026-04-11T08:53:01.433418
SKU_003984,ORD20271209005422,3,shipped,2026-04-27T07:20:27.801580
SKU_003985,ORD20271209005423,1,completed,2026-04-25T11:23:56.256188
SKU_003986,ORD20271210005424,2,shipped,2026-04-02T13:17:19.015294
SKU_003987,ORD20271210005425,3,completed,2026-04-24T00:16:49.571457
SKU_003988,ORD20271210005426,3,completed,2026-04-14T10:33:20.802961
SKU_003989,ORD20271210005427,3,shipped,2026-04-22T02:27:03.086680
SKU_003990,ORD20271210005428,3,completed,2026-04-15T23:00:34.054457
SKU_003991,ORD20271210005429,3,cancelled,2026-04-21T18:36:04.058381
SKU_003992,ORD20271210005430,2,completed,2026-04-28T18:09:01.849016
SKU_003993,ORD20271210005431,3,completed,2026-04-27T17:18:55.797953
SKU_003994,ORD20271211005432,2,shipped,2026-04-03T23:03:26.372697
SKU_003995,ORD20271211005433,1,completed,2026-04-30T06:10:27.785952
SKU_003996,ORD20271211005434,3,completed,2026-04-27T00:29:30.864803
SKU_003997,ORD20271211005435,1,completed,2026-04-14T04:41:40.109738
SKU_003998,ORD20271211005436,2,shipped,2026-04-26T16:22:04.925649
SKU_003999,ORD20271211005437,2,completed,2026-04-05T19:12:36.757431
SKU_004000,ORD20271211005438,2,cancelled,2026-04-14T02:20:37.883098
SKU_004001,ORD20271212005439,2,completed,2026-04-04T11:15:40.494649
SKU_004002,ORD20271212005440,2,cancelled,2026-04-22T19:11:13.732203
SKU_004003,ORD20271212005441,1,completed,2026-04-30T16:20:54.892377
SKU_004004,ORD20271212005442,3,completed,2026-04-25T03:01:59.983766
SKU_004005,ORD20271212005443,1,shipped,2026-04-14T09:57:40.430585
SKU_004006,ORD20271212005444,1,completed,2026-04-18T04:30:33.861186
SKU_004007,ORD20271212005445,1,completed,2026-04-14T02:43:27.119480
SKU_004008,ORD20271213005446,1,completed,2026-04-23T07:52:47.126158
SKU_004009,ORD20271213005447,1,completed,2026-04-12T18:12:51.707869
SKU_004010,ORD20271213005448,3,shipped,2026-04-22T10:48:19.606392
SKU_004011,ORD20271213005449,2,cancelled,2026-04-04T07:28:07.593083
SKU_004012,ORD20271213005450,3,completed,2026-04-28T23:18:00.225314
SKU_004013,ORD20271213005451,1,completed,2026-04-09T11:08:27.431688
SKU_004014,ORD20271213005452,2,shipped,2026-04-05T03:06:06.091387
SKU_004015,ORD20271214005453,3,shipped,2026-04-28T07:51:35.462016
SKU_004016,ORD20271214005454,1,completed,2026-04-01T06:41:25.677303
SKU_004017,ORD20271214005455,2,shipped,2026-04-30T04:38:29.797939
SKU_004018,ORD20271214005456,2,completed,2026-04-07T07:30:27.880049
SKU_004019,ORD20271214005457,1,completed,2026-04-11T19:14:40.115499
SKU_004020,ORD20271214005458,2,completed,2026-04-21T01:57:20.472704
SKU_004021,ORD20271215005459,1,cancelled,2026-04-14T09:00:17.808421
SKU_004022,ORD20271215005460,1,shipped,2026-04-19T01:05:23.472726
SKU_004023,ORD20271215005461,1,shipped,2026-04-24T12:09:53.684996
SKU_004024,ORD20271215005462,1,cancelled,2026-04-30T16:10:09.311699
SKU_004025,ORD20271215005463,1,completed,2026-04-28T06:43:20.146360
SKU_004026,ORD20271215005464,2,cancelled,2026-04-24T06:50:38.545382
SKU_004027,ORD20271215005465,1,completed,2026-04-09T12:51:20.441140
SKU_004028,ORD20271216005466,3,completed,2026-04-10T01:35:17.656042
SKU_004029,ORD20271216005467,1,completed,2026-04-10T02:19:04.209092
SKU_004030,ORD20271216005468,2,shipped,2026-04-03T09:34:29.298985
SKU_004031,ORD20271216005469,2,shipped,2026-04-30T22:06:43.119619
SKU_004032,ORD20271216005470,3,completed,2026-04-27T20:58:38.242468
SKU_004033,ORD20271216005471,2,completed,2026-04-12T05:36:31.775035
SKU_004034,ORD20271216005472,2,completed,2026-04-04T04:34:14.641106
SKU_004035,ORD20271216005473,3,cancelled,2026-04-22T17:41:14.803588
SKU_004036,ORD20271217005474,1,completed,2026-04-28T11:47:40.559589
SKU_004037,ORD20271217005475,2,shipped,2026-04-04T14:21:12.413289
SKU_004038,ORD20271217005476,3,completed,2026-04-09T12:10:49.892161
SKU_004039,ORD20271217005477,3,shipped,2026-04-27T20:50:53.073631
SKU_004040,ORD20271217005478,3,completed,2026-04-27T07:37:50.661302
SKU_004041,ORD20271217005479,2,cancelled,2026-04-14T14:02:03.550500
SKU_004042,ORD20271217005480,1,cancelled,2026-04-20T15:13:13.151977
SKU_004043,ORD20271218005481,2,cancelled,2026-04-02T07:51:44.436626
SKU_004044,ORD20271218005482,1,completed,2026-04-02T21:16:57.856324
SKU_004045,ORD20271218005483,2,cancelled,2026-04-16T15:27:33.650531
SKU_004046,ORD20271218005484,2,completed,2026-04-23T18:25:19.778541
SKU_004047,ORD20271218005485,2,cancelled,2026-04-10T12:27:36.055522
SKU_004048,ORD20271218005486,3,completed,2026-04-02T13:03:12.129522
SKU_004049,ORD20271218005487,1,shipped,2026-04-01T12:07:39.220585
SKU_004050,ORD20271218005488,2,completed,2026-04-27T20:52:36.020824
SKU_004051,ORD20271219005489,1,completed,2026-04-28T10:32:03.055880
SKU_004052,ORD20271219005490,2,completed,2026-04-18T21:39:52.247074
SKU_004053,ORD20271219005491,2,completed,2026-04-03T07:46:11.388237
SKU_004054,ORD20271219005492,1,cancelled,2026-04-17T12:11:08.020619
SKU_004055,ORD20271219005493,2,shipped,2026-04-30T04:57:38.675935
SKU_004056,ORD20271219005494,1,shipped,2026-04-04T05:17:23.604203
SKU_004057,ORD20271220005495,1,shipped,2026-04-24T03:45:46.166696
SKU_004058,ORD20271220005496,2,completed,2026-04-08T08:46:27.248634
SKU_004059,ORD20271220005497,1,cancelled,2026-04-30T06:49:19.509650
SKU_004060,ORD20271220005498,1,completed,2026-04-26T03:51:59.385964
SKU_004061,ORD20271220005499,1,completed,2026-04-09T15:22:20.173704
SKU_004062,ORD20271220005500,1,cancelled,2026-04-13T18:13:39.143595
SKU_004063,ORD20271220005501,1,completed,2026-04-30T01:12:16.322837
SKU_004064,ORD20271221005502,3,completed,2026-04-24T21:27:23.656058
SKU_004065,ORD20271221005503,3,completed,2026-04-04T15:46:43.121906
SKU_004066,ORD20271221005504,2,completed,2026-04-30T12:50:36.596298
SKU_004067,ORD20271221005505,1,completed,2026-04-28T05:30:32.640918
SKU_004068,ORD20271221005506,1,completed,2026-04-17T17:12:58.063587
SKU_004069,ORD20271221005507,3,completed,2026-04-19T00:18:18.325366
SKU_004070,ORD20271221005508,3,completed,2026-04-29T21:10:59.551140
SKU_004071,ORD20271221005509,1,cancelled,2026-04-08T20:38:20.560759
SKU_004072,ORD20271222005510,1,cancelled,2026-04-08T08:33:48.160939
SKU_004073,ORD20271222005511,3,completed,2026-04-27T09:47:15.909511
SKU_004074,ORD20271222005512,3,completed,2026-04-23T15:05:02.843878
SKU_004075,ORD20271222005513,1,cancelled,2026-04-06T14:23:17.323461
SKU_004076,ORD20271222005514,1,completed,2026-04-23T11:16:23.052465
SKU_004077,ORD20271222005515,1,completed,2026-04-30T11:41:28.881794
SKU_004078,ORD20271222005516,1,cancelled,2026-04-13T10:59:34.602673
SKU_004079,ORD20271223005517,1,completed,2026-04-01T22:17:35.024945
SKU_004080,ORD20271223005518,1,completed,2026-04-12T21:17:39.998973
SKU_004081,ORD20271223005519,3,shipped,2026-04-26T16:08:25.429212
SKU_004082,ORD20271223005520,2,completed,2026-04-18T21:24:05.631988
SKU_004083,ORD20271223005521,3,shipped,2026-04-26T12:33:29.299143
SKU_004084,ORD20271223005522,3,cancelled,2026-04-30T22:25:15.598057
SKU_004085,ORD20271223005523,3,shipped,2026-04-22T04:45:58.635774
SKU_004086,ORD20271223005524,3,completed,2026-04-02T14:48:50.259083
SKU_004087,ORD20271224005525,1,cancelled,2026-04-09T19:07:42.761987
SKU_004088,ORD20271224005526,3,shipped,2026-04-22T20:25:01.773545
SKU_004089,ORD20271224005527,2,shipped,2026-04-16T23:56:14.425632
SKU_004090,ORD20271224005528,1,shipped,2026-04-01T23:38:54.357676
SKU_004091,ORD20271224005529,3,completed,2026-04-08T08:56:36.545439
SKU_004092,ORD20271224005530,1,shipped,2026-04-31T05:03:55.435812
SKU_004093,ORD20271224005531,2,completed,2026-04-20T15:07:19.188063
SKU_004094,ORD20271224005532,1,completed,2026-04-29T07:08:11.662825
SKU_004095,ORD20271225005533,3,completed,2026-04-12T01:34:04.499125
SKU_004096,ORD20271225005534,3,completed,2026-04-21T15:59:42.577317
SKU_004097,ORD20271225005535,2,completed,2026-04-22T13:04:48.327510
SKU_004098,ORD20271225005536,1,completed,2026-04-07T15:49:04.135768
SKU_004099,ORD20271225005537,1,completed,2026-04-18T16:34:26.200123
SKU_004100,ORD20271225005538,2,completed,2026-04-15T04:06:06.117863
SKU_004101,ORD20271225005539,2,shipped,2026-04-04T05:13:20.319432
SKU_004102,ORD20271225005540,3,cancelled,2026-04-21T05:30:32.138191
SKU_004103,ORD20271226005541,1,completed,2026-04-16T20:36:45.899187
SKU_004104,ORD20271226005542,2,completed,2026-04-22T09:55:23.300130
SKU_004105,ORD20271226005543,1,cancelled,2026-04-07T09:50:09.399441
SKU_004106,ORD20271226005544,3,completed,2026-04-04T09:34:13.226650
SKU_004107,ORD20271226005545,1,cancelled,2026-04-17T10:51:41.096196
SKU_004108,ORD20271226005546,3,completed,2026-04-06T21:18:50.675968
SKU_004109,ORD20271226005547,1,completed,2026-04-27T13:35:00.988116
SKU_004110,ORD20271226005548,2,completed,2026-04-21T04:47:42.574494
SKU_004111,ORD20271226005549,1,cancelled,2026-04-16T05:29:41.684948
SKU_004112,ORD20271227005550,1,completed,2026-04-01T02:00:21.401801
SKU_004113,ORD20271227005551,1,completed,2026-04-12T00:19:56.549154
SKU_004114,ORD20271227005552,1,completed,2026-04-18T17:37:06.653686
SKU_004115,ORD20271227005553,1,shipped,2026-04-13T18:37:33.314908
SKU_004116,ORD20271227005554,1,completed,2026-04-08T19:24:09.979249
SKU_004117,ORD20271227005555,1,completed,2026-04-14T19:19:41.382492
SKU_004118,ORD20271227005556,1,completed,2026-04-16T15:00:51.853323
SKU_004119,ORD20271228005557,1,shipped,2026-04-04T21:04:49.618473
SKU_004120,ORD20271228005558,1,shipped,2026-04-22T04:47:10.065085
SKU_004121,ORD20271228005559,1,completed,2026-04-21T18:41:46.588252
SKU_004122,ORD20271228005560,1,cancelled,2026-04-19T01:20:09.887428
SKU_004123,ORD20271228005561,2,completed,2026-04-10T16:55:20.021779
SKU_004124,ORD20271228005562,1,cancelled,2026-04-13T07:32:27.849534
SKU_004125,ORD20271228005563,3,completed,2026-04-19T03:30:28.800377
SKU_004126,ORD20271228005564,2,cancelled,2026-04-03T10:46:34.596836
SKU_004127,ORD20271229005565,1,shipped,2026-04-20T23:35:10.521530
SKU_004128,ORD20271229005566,1,shipped,2026-04-21T03:08:27.665787
SKU_004129,ORD20271229005567,2,shipped,2026-04-26T16:06:16.449972
SKU_004130,ORD20271229005568,2,completed,2026-04-06T15:06:30.519978
SKU_004131,ORD20271229005569,2,completed,2026-04-06T17:53:23.725469
SKU_004132,ORD20271229005570,3,completed,2026-04-12T18:12:27.928083
SKU_004133,ORD20271229005571,1,cancelled,2026-04-03T22:25:35.616579
SKU_004134,ORD20271229005572,2,shipped,2026-04-15T17:07:03.648406
SKU_004135,ORD20271230005573,1,completed,2026-04-18T00:47:06.260878
SKU_004136,ORD20271230005574,1,completed,2026-04-21T10:47:01.032320
SKU_004137,ORD20271230005575,1,completed,2026-04-08T22:41:41.750354
SKU_004138,ORD20271230005576,1,completed,2026-04-29T00:29:58.515130
SKU_004139,ORD20271230005577,2,shipped,2026-04-13T22:17:29.164813
SKU_004140,ORD20271230005578,1,shipped,2026-04-13T18:55:55.607069
SKU_004141,ORD20271230005579,1,completed,2026-04-23T23:53:14.910907
SKU_004142,ORD20271231005580,3,completed,2026-04-12T16:57:20.684519
SKU_004143,ORD20271231005581,1,completed,2026-04-10T15:13:04.809347
SKU_004144,ORD20271231005582,3,shipped,2026-04-21T15:07:58.600823
SKU_004145,ORD20271231005583,1,shipped,2026-04-09T12:50:47.614865
