order_id,sku_id,seller_id,created_at,price
ORD0001,62316095,S001,19-09-2025 00:00,899.5
ORD0001,1982137274,S001,19-09-2025 00:00,750
ORD0001,059035342X,S001,19-09-2025 00:00,650
ORD0001,307474275,S001,19-09-2025 00:00,899
ORD0002,140449132,S001,19-09-2025 00:00,499
ORD0002,61120081,S001,19-09-2025 00:00,620
ORD0002,553386794,S001,19-09-2025 00:00,799
ORD0003,544003411,S001,19-09-2025 00:00,720
ORD0003,62316117,S001,19-09-2025 00:00,950
ORD0003,143127748,S001,19-09-2025 00:00,650
ORD0004,1594634025,S001,19-09-2025 00:00,690
ORD0004,038549081X,S001,19-09-2025 00:00,540
ORD0004,62457713,S001,19-09-2025 00:00,780
ORD0004,142437239,S001,19-09-2025 00:00,550
ORD0004,030788744X,S001,19-09-2025 00:00,720
ORD0005,62315005,S001,19-09-2025 00:00,650
ORD0005,596007120,S001,19-09-2025 00:00,2100
ORD0005,262033844,S001,19-09-2025 00:00,3200
ORD0005,132350882,S001,19-09-2025 00:00,1900
ORD0005,735211299,S001,19-09-2025 00:00,800
ORD0006,385472579,S001,19-09-2025 00:00,690
ORD0006,60850523,S001,19-09-2025 00:00,560
ORD0006,143039954,S001,19-09-2025 00:00,880
ORD0006,1501128035,S001,19-09-2025 00:00,720
ORD0006,525559477,S001,19-09-2025 00:00,680
ORD0007,804139296,S001,19-09-2025 00:00,710
ORD0007,66620996,S001,19-09-2025 00:00,640
ORD0007,006245773X,S001,19-09-2025 00:00,890
ORD0007,451524934,S001,19-09-2025 00:00,420
ORD0008,316769487,S001,19-09-2025 00:00,520
ORD0008,671027034,S001,19-09-2025 00:00,780
ORD0008,1982157283,S001,19-09-2025 00:00,740
ORD0008,593230256,S001,19-09-2025 00:00,600
ORD0009,345803485,S001,19-09-2025 00:00,890
ORD0009,081298160X,S001,19-09-2025 00:00,650
ORD0010,590353403,S001,19-09-2025 00:00,680
ORD0010,143110438,S001,19-09-2025 00:00,840
ORD0010,307465357,S001,19-09-2025 00:00,720
ORD0010,140283331,S001,19-09-2025 00:00,500
ORD0010,62315008,S001,19-09-2025 00:00,670
ORD0011,307346617,S001,19-09-2025 00:00,980
ORD0011,61992275,S001,19-09-2025 00:00,620
ORD0012,006256577X,S001,19-09-2025 00:00,850
ORD0012,1250316774,S001,19-09-2025 00:00,720
ORD0013,62457715,S001,19-09-2025 00:00,980
ORD0013,307277674,S001,19-09-2025 00:00,620
ORD0013,385484518,S001,19-09-2025 00:00,560
ORD0014,1501173219,S001,19-09-2025 00:00,740
ORD0014,143130722,S001,19-09-2025 00:00,630
ORD0014,399590501,S001,19-09-2025 00:00,1100
ORD0015,62316112,S001,19-09-2025 00:00,780
ORD0015,307719227,S001,19-09-2025 00:00,690
ORD0016,143127550,S001,19-09-2025 00:00,640
ORD0016,62315009,S001,19-09-2025 00:00,820
ORD0016,143126562,S001,19-09-2025 00:00,1100
ORD0016,62316113,S001,19-09-2025 00:00,610
ORD0017,307463740,S001,19-09-2025 00:00,720
ORD0017,62871337,S001,19-09-2025 00:00,880
ORD0017,307273601,S001,19-09-2025 00:00,740
ORD0018,1501161933,S001,19-09-2025 00:00,760
ORD0018,140280197,S001,19-09-2025 00:00,580
ORD0019,1455586691,S001,19-09-2025 00:00,690
ORD0019,62316107,S001,19-09-2025 00:00,820
ORD0020,140449266,S001,19-09-2025 00:00,699
ORD0020,679783275,S001,19-09-2025 00:00,599
ORD0020,307743657,S001,19-09-2025 00:00,550
ORD0021,61122415,S001,19-09-2025 00:00,620
ORD0021,142437247,S001,19-09-2025 00:00,799
ORD0021,553213119,S001,19-09-2025 00:00,950
ORD0022,60853983,S001,19-09-2025 00:00,680
ORD0022,131103627,S001,19-09-2025 00:00,3500
ORD0022,1491957660,S001,19-09-2025 00:00,2200
ORD0023,141182803,S001,19-09-2025 00:00,520
ORD0023,60935467,S001,19-09-2025 00:00,580
ORD0024,307387892,S001,19-09-2025 00:00,650
ORD0024,140449334,S001,19-09-2025 00:00,720
ORD0025,812981606,S001,19-09-2025 00:00,630
ORD0025,679734529,S001,19-09-2025 00:00,750
ORD0025,307476463,S001,19-09-2025 00:00,880
ORD0025,62315001,S001,19-09-2025 00:00,650
ORD0025,553573404,S001,19-09-2025 00:00,920
ORD0026,62315002,S001,19-09-2025 00:00,700
ORD0026,1451673319,S001,19-09-2025 00:00,499
ORD0027,261103573,S001,19-09-2025 00:00,1500
ORD0027,140449273,S001,19-09-2025 00:00,680
ORD0027,307949486,S001,19-09-2025 00:00,980
ORD0027,62457716,S001,19-09-2025 00:00,920
ORD0027,140449198,S001,19-09-2025 00:00,680
ORD0028,679410430,S001,19-09-2025 00:00,720
ORD0028,140449181,S001,19-09-2025 00:00,650
ORD0028,307278449,S001,19-09-2025 00:00,700
ORD0028,1591846445,S001,19-09-2025 00:00,740
ORD0029,385545969,S001,19-09-2025 00:00,999
ORD0029,62316114,S001,19-09-2025 00:00,780
ORD0029,143127745,S001,19-09-2025 00:00,880
ORD0029,807014295,S001,19-09-2025 00:00,600
ORD0029,525536291,S001,19-09-2025 00:00,1200
ORD0030,140449204,S001,19-09-2025 00:00,650
ORD0030,307271037,S001,19-09-2025 00:00,699
ORD0030,90711001-BEIGE,S001,19-09-2025 00:00,2100
ORD0030,90711002-WHITE,S001,19-09-2025 00:00,950
ORD0030,90711003-BLACK,S001,19-09-2025 00:00,3400
ORD0031,90711004-GREEN,S001,19-09-2025 00:00,780
ORD0031,90711005-OAK,S001,19-09-2025 00:00,5200
ORD0031,90711006-BLUE,S001,19-09-2025 00:00,1800
ORD0031,90711007-GRAY,S001,19-09-2025 00:00,4300
ORD0031,90711008-WHITE,S001,19-09-2025 00:00,980
ORD0032,90721001-BLACK,S001,19-09-2025 00:00,6200
ORD0032,90721002-WHITE,S001,19-09-2025 00:00,650
ORD0032,90721003-BEIGE,S001,19-09-2025 00:00,7200
ORD0032,90721004-GREEN,S001,19-09-2025 00:00,540
ORD0032,90721005-WOOD,S001,19-09-2025 00:00,3100
ORD0033,90721006-BLUE,S001,19-09-2025 00:00,880
ORD0033,90721007-WHITE,S001,19-09-2025 00:00,1250
ORD0033,90721008-GRAY,S001,19-09-2025 00:00,990
ORD0034,90721009-BLACK,S001,19-09-2025 00:00,7200
ORD0034,90721010-WOOD,S001,19-09-2025 00:00,1150
ORD0034,90731001-WHITE,S001,19-09-2025 00:00,3400
ORD0034,90731002-GRAY,S001,19-09-2025 00:00,7800
ORD0035,90731003-BLACK,S001,19-09-2025 00:00,520
ORD0035,90731004-BEIGE,S001,19-09-2025 00:00,2600
ORD0035,90731005-WOOD,S001,19-09-2025 00:00,9500
ORD0035,90731006-BLUE,S001,19-09-2025 00:00,420
ORD0036,90731007-WHITE,S001,19-09-2025 00:00,750
ORD0036,90731008-GREEN,S001,19-09-2025 00:00,6800
ORD0037,90731009-GRAY,S001,19-09-2025 00:00,32500
ORD0037,90731010-BLACK,S001,19-09-2025 00:00,260
ORD0038,90731011-WHITE,S001,19-09-2025 00:00,1800
ORD0038,90731012-BLACK,S001,19-09-2025 00:00,4200
ORD0039,90731013-GREEN,S001,19-09-2025 00:00,690
ORD0039,90731014-WOOD,S001,19-09-2025 00:00,2100
ORD0040,90731015-GRAY,S001,19-09-2025 00:00,1200
ORD0040,90731016-WHITE,S001,19-09-2025 00:00,850
ORD0040,90731017-BLACK,S001,19-09-2025 00:00,650
ORD0041,90731018-BEIGE,S001,19-09-2025 00:00,8900
ORD0041,90731019-WHITE,S001,19-09-2025 00:00,1200
ORD0041,90731020-BLUE,S001,19-09-2025 00:00,1900
ORD0042,90731021-WHITE,S001,19-09-2025 00:00,980
ORD0042,90731022-GRAY,S001,19-09-2025 00:00,620
ORD0043,90731023-BLACK,S001,19-09-2025 00:00,1450
ORD0043,90731024-WOOD,S001,19-09-2025 00:00,18900
ORD0044,90731025-BLUE,S001,19-09-2025 00:00,580
ORD0044,90731026-GREEN,S001,19-09-2025 00:00,5200
ORD0044,90731027-BLACK,S001,19-09-2025 00:00,1500
ORD0044,90731028-WHITE,S001,19-09-2025 00:00,390
ORD0045,90731029-GRAY,S001,19-09-2025 00:00,2200
ORD0045,90731030-BEIGE,S001,19-09-2025 00:00,3200
ORD0045,90731031-WHITE,S001,19-09-2025 00:00,650
ORD0045,90731032-BLACK,S001,19-09-2025 00:00,4900
ORD0046,90731033-GREEN,S001,19-09-2025 00:00,720
ORD0046,90741001-WHITE,S001,19-09-2025 00:00,6500
ORD0046,90741002-BLACK,S001,19-09-2025 00:00,8200
ORD0047,90741003-GRAY,S001,19-09-2025 00:00,9500
ORD0047,90741004-BEIGE,S001,19-09-2025 00:00,28900
ORD0048,90741005-WOOD,S001,19-09-2025 00:00,7800
ORD0048,90741006-BLUE,S001,19-09-2025 00:00,4200
ORD0048,90741007-WHITE,S001,19-09-2025 00:00,3500
ORD0048,90741008-GREEN,S001,19-09-2025 00:00,600
ORD0049,90741009-BLACK,S001,19-09-2025 00:00,5200
ORD0049,90741010-WHITE,S001,19-09-2025 00:00,4800
ORD0049,90741011-BEIGE,S001,19-09-2025 00:00,4200
ORD0049,90741012-GRAY,S001,19-09-2025 00:00,35500
ORD0050,90741013-WOOD,S001,19-09-2025 00:00,26500
ORD0050,90741014-BLUE,S001,19-09-2025 00:00,2200
ORD0050,90741015-BLACK,S001,19-09-2025 00:00,12900
ORD0050,90741016-WHITE,S001,19-09-2025 00:00,15000
ORD0051,90741017-GREEN,S001,19-09-2025 00:00,1900
ORD0051,90741018-GRAY,S001,19-09-2025 00:00,42000
ORD0052,90741019-BEIGE,S001,19-09-2025 00:00,6500
ORD0052,90741020-WOOD,S001,19-09-2025 00:00,7200
ORD0052,90751001-BLACK,S001,19-09-2025 00:00,1900
ORD0052,90751002-WHITE,S001,19-09-2025 00:00,3200
ORD0052,90751003-GRAY,S001,19-09-2025 00:00,14500
ORD0053,90751004-BEIGE,S001,19-09-2025 00:00,21000
ORD0053,90751005-BLUE,S001,19-09-2025 00:00,8900
ORD0053,90751006-WOOD,S001,19-09-2025 00:00,7200
ORD0054,90751007-BLACK,S001,19-09-2025 00:00,32000
ORD0054,90751008-WHITE,S001,19-09-2025 00:00,5400
ORD0054,90751009-GREEN,S001,19-09-2025 00:00,450
ORD0054,90751010-BLUE,S001,19-09-2025 00:00,900
ORD0055,90751011-WHITE,S001,19-09-2025 00:00,6500
ORD0055,90751012-BLACK,S001,19-09-2025 00:00,2800
ORD0055,90751013-BEIGE,S001,19-09-2025 00:00,28000
ORD0055,90751014-GREEN,S001,19-09-2025 00:00,1200
ORD0056,90751015-WOOD,S001,19-09-2025 00:00,18500
ORD0056,90751016-BLUE,S001,19-09-2025 00:00,650
ORD0056,90751017-GRAY,S001,19-09-2025 00:00,9500
ORD0056,90751018-BLACK,S001,19-09-2025 00:00,2200
ORD0056,90751019-WHITE,S001,19-09-2025 00:00,1800
ORD0057,90751020-BEIGE,S001,19-09-2025 00:00,6200
ORD0057,90751021-GREEN,S001,19-09-2025 00:00,4500
ORD0058,90751022-BLUE,S001,19-09-2025 00:00,7800
ORD0058,90751023-WOOD,S001,19-09-2025 00:00,15500
ORD0058,90751024-GRAY,S001,19-09-2025 00:00,1200
ORD0058,90751025-BEIGE,S001,19-09-2025 00:00,4000
ORD0058,90751026-WHITE,S001,19-09-2025 00:00,900
ORD0059,90751027-BLACK,S001,19-09-2025 00:00,350
ORD0059,90751028-BROWN,S001,19-09-2025 00:00,24500
ORD0060,90732001-500G,S001,19-09-2025 00:00,320
ORD0060,90732002-1KG,S001,19-09-2025 00:00,65
ORD0060,90732003-200G,S001,19-09-2025 00:00,55
ORD0060,90732004-500ML,S001,19-09-2025 00:00,120
ORD0061,90732005-1L,S001,19-09-2025 00:00,68
ORD0061,90732006-250G,S001,19-09-2025 00:00,380
ORD0061,90732007-100G,S001,19-09-2025 00:00,75
ORD0061,90732008-500G,S001,19-09-2025 00:00,40
ORD0061,90732009-200G,S001,19-09-2025 00:00,95
ORD0062,90732010-150G,S001,19-09-2025 00:00,35
ORD0062,90732011-1KG,S001,19-09-2025 00:00,140
ORD0062,90732012-1KG,S001,19-09-2025 00:00,185
ORD0062,90732013-500G,S001,19-09-2025 00:00,120
ORD0063,90732014-200G,S001,19-09-2025 00:00,65
ORD0063,90732015-750ML,S001,19-09-2025 00:00,820
ORD0063,90732016-400G,S001,19-09-2025 00:00,95
ORD0063,90732017-200G,S001,19-09-2025 00:00,110
ORD0063,90732018-500G,S001,19-09-2025 00:00,95
ORD0064,90732019-250G,S001,19-09-2025 00:00,160
ORD0064,90732020-300G,S001,19-09-2025 00:00,210
ORD0064,90732021-1KG,S001,19-09-2025 00:00,160
ORD0064,90732022-500G,S001,19-09-2025 00:00,70
ORD0064,90732023-1L,S001,19-09-2025 00:00,45
ORD0065,90732024-500G,S001,19-09-2025 00:00,55
ORD0065,90732025-200G,S001,19-09-2025 00:00,140
ORD0066,90732026-1KG,S001,19-09-2025 00:00,90
ORD0066,90732027-100G,S001,19-09-2025 00:00,85
ORD0066,90732028-500G,S001,19-09-2025 00:00,110
ORD0066,90732029-750ML,S001,19-09-2025 00:00,140
ORD0066,90732030-500G,S001,19-09-2025 00:00,260
ORD0067,90732031-500G,S001,19-09-2025 00:00,45
ORD0067,90732032-200G,S001,19-09-2025 00:00,60
ORD0067,90732033-500ML,S001,19-09-2025 00:00,210
ORD0068,90732034-100G,S001,19-09-2025 00:00,50
ORD0068,90732035-400G,S001,19-09-2025 00:00,140
ORD0068,90732036-500G,S001,19-09-2025 00:00,65
ORD0068,90732037-250G,S001,19-09-2025 00:00,340
ORD0068,90732038-200G,S001,19-09-2025 00:00,90
ORD0069,90732039-750ML,S001,19-09-2025 00:00,135
ORD0069,90732040-300G,S001,19-09-2025 00:00,185
ORD0069,90732041-1KG,S001,19-09-2025 00:00,180
ORD0069,90732042-500G,S001,19-09-2025 00:00,120
ORD0070,90732043-500G,S001,19-09-2025 00:00,350
ORD0070,90732044-200G,S001,19-09-2025 00:00,420
ORD0070,90732045-1L,S001,19-09-2025 00:00,190
ORD0071,90732046-200G,S001,19-09-2025 00:00,60
ORD0071,90732047-1KG,S001,19-09-2025 00:00,55
ORD0071,90732048-500G,S001,19-09-2025 00:00,85
ORD0071,90732049-250G,S001,19-09-2025 00:00,210
ORD0071,90732050-300G,S001,19-09-2025 00:00,145
ORD0072,90732051-2KG,S001,19-09-2025 00:00,1200
ORD0072,90732052-5KG,S001,19-09-2025 00:00,310
ORD0072,90732053-100G,S001,19-09-2025 00:00,30
ORD0072,90732054-2L,S001,19-09-2025 00:00,360
ORD0073,90732055-500ML,S001,19-09-2025 00:00,35
ORD0073,90732056-100G,S001,19-09-2025 00:00,180
ORD0073,90732057-200G,S001,19-09-2025 00:00,140
ORD0074,90732058-2KG,S001,19-09-2025 00:00,95
ORD0074,90732059-500G,S001,19-09-2025 00:00,210
ORD0074,90732060-300G,S001,19-09-2025 00:00,70
ORD0075,90732101-750G,S001,19-09-2025 00:00,140
ORD0075,90732102-2KG,S001,19-09-2025 00:00,170
ORD0075,90732103-250G,S001,19-09-2025 00:00,40
ORD0075,90732104-750G,S001,19-09-2025 00:00,110
ORD0075,90732105-500G,S001,19-09-2025 00:00,95
ORD0076,90732106-750ML,S001,19-09-2025 00:00,150
ORD0076,90732107-200G,S001,19-09-2025 00:00,120
ORD0076,90732108-500ML,S001,19-09-2025 00:00,25
ORD0076,90732109-100G,S001,19-09-2025 00:00,95
ORD0076,90732110-300G,S001,19-09-2025 00:00,160
ORD0077,90732111-1KG,S001,19-09-2025 00:00,180
ORD0077,90732112-1L,S001,19-09-2025 00:00,380
ORD0077,90732113-250G,S001,19-09-2025 00:00,140
ORD0077,90732114-500G,S001,19-09-2025 00:00,180
ORD0078,90732115-150G,S001,19-09-2025 00:00,120
ORD0078,90732116-400G,S001,19-09-2025 00:00,95
ORD0078,90732117-1KG,S001,19-09-2025 00:00,1200
ORD0078,90732118-300ML,S001,19-09-2025 00:00,120
ORD0078,90732119-1L,S001,19-09-2025 00:00,160
ORD0079,90732120-400G,S001,19-09-2025 00:00,280
ORD0079,90732121-2KG,S001,19-09-2025 00:00,300
ORD0079,90732122-750G,S001,19-09-2025 00:00,95
ORD0080,90732123-300G,S001,19-09-2025 00:00,240
ORD0080,90732124-1KG,S001,19-09-2025 00:00,160
ORD0080,90732125-200G,S001,19-09-2025 00:00,150
ORD0080,90732126-500ML,S001,19-09-2025 00:00,520
ORD0081,90732127-600G,S001,19-09-2025 00:00,55
ORD0081,90732128-300G,S001,19-09-2025 00:00,90
ORD0081,90732129-500G,S001,19-09-2025 00:00,650
ORD0081,90732130-1KG,S001,19-09-2025 00:00,30
ORD0081,90732131-250G,S001,19-09-2025 00:00,450
ORD0082,90732132-200G,S001,19-09-2025 00:00,190
ORD0082,90732133-500G,S001,19-09-2025 00:00,70
ORD0082,90732134-1KG,S001,19-09-2025 00:00,180
ORD0082,90732135-500ML,S001,19-09-2025 00:00,90
ORD0083,90732136-750G,S001,19-09-2025 00:00,85
ORD0083,90732137-400G,S001,19-09-2025 00:00,190
ORD0084,90732138-250G,S001,19-09-2025 00:00,60
ORD0084,90732139-300G,S001,19-09-2025 00:00,420
ORD0084,90733001-BLUE,S001,19-09-2025 00:00,120
ORD0084,90733002-A4,S001,19-09-2025 00:00,95
ORD0084,90733003-SET,S001,19-09-2025 00:00,60
ORD0085,90733004-BLACK,S001,19-09-2025 00:00,45
ORD0085,90733005-500,S001,19-09-2025 00:00,85
ORD0086,90733006-BLUE,S001,19-09-2025 00:00,75
ORD0086,90733007-WHITE,S001,19-09-2025 00:00,35
ORD0086,90733008-METAL,S001,19-09-2025 00:00,40
ORD0086,90733009-GLUE,S001,19-09-2025 00:00,55
ORD0087,90733010-RULER,S001,19-09-2025 00:00,25
ORD0087,90733011-BLUE,S001,19-09-2025 00:00,150
ORD0087,90733012-A4,S001,19-09-2025 00:00,120
ORD0087,90733013-METAL,S001,19-09-2025 00:00,250
ORD0087,90733014-WHITE,S001,19-09-2025 00:00,95
ORD0088,90733015-SET,S001,19-09-2025 00:00,180
ORD0088,90733016-A4,S001,19-09-2025 00:00,40
ORD0088,90733017-BLACK,S001,19-09-2025 00:00,160
ORD0088,90733018-METAL,S001,19-09-2025 00:00,310
ORD0089,90733019-SET,S001,19-09-2025 00:00,140
ORD0089,90733020-A4,S001,19-09-2025 00:00,70
ORD0089,90733021-BLACK,S001,19-09-2025 00:00,120
ORD0089,90733022-A4,S001,19-09-2025 00:00,320
ORD0089,90733023-WHITE,S001,19-09-2025 00:00,60
ORD0090,90733024-BLUE,S001,19-09-2025 00:00,90
ORD0090,90733025-BLACK,S001,19-09-2025 00:00,250
ORD0090,90733026-METAL,S001,19-09-2025 00:00,75
ORD0091,90733027-SET,S001,19-09-2025 00:00,160
ORD0091,90733028-BLUE,S001,19-09-2025 00:00,130
ORD0091,90733029-WHITE,S001,19-09-2025 00:00,110
ORD0091,90733030-BLUE,S001,19-09-2025 00:00,95
ORD0091,90733031-BLUE,S001,19-09-2025 00:00,110
ORD0092,90733032-BLACK,S001,19-09-2025 00:00,130
ORD0092,90733033-SET,S001,19-09-2025 00:00,170
ORD0092,90733034-WHITE,S001,19-09-2025 00:00,65
ORD0092,90733035-METAL,S001,19-09-2025 00:00,120
ORD0093,90733036-SET,S001,19-09-2025 00:00,150
ORD0093,90733037-WHITE,S001,19-09-2025 00:00,140
ORD0093,90733038-BLUE,S001,19-09-2025 00:00,115
ORD0093,90733039-BLACK,S001,19-09-2025 00:00,350
ORD0094,90733040-WHITE,S001,19-09-2025 00:00,55
ORD0094,90733041-BLUE,S001,19-09-2025 00:00,450
ORD0094,90733042-WHITE,S001,19-09-2025 00:00,65
ORD0095,90733043-BLUE,S001,19-09-2025 00:00,85
ORD0095,90733044-METAL,S001,19-09-2025 00:00,95
ORD0095,90733045-SET,S001,19-09-2025 00:00,120
ORD0095,90733046-BLACK,S001,19-09-2025 00:00,140
ORD0095,90733047-BLUE,S001,19-09-2025 00:00,80
ORD0096,90733048-WHITE,S001,19-09-2025 00:00,95
ORD0096,90733049-BLACK,S001,19-09-2025 00:00,160
ORD0096,90733050-SET,S001,19-09-2025 00:00,95
ORD0096,90733051-BLUE,S001,19-09-2025 00:00,200
ORD0097,90733052-A5,S001,19-09-2025 00:00,60
ORD0097,90733053-SET,S001,19-09-2025 00:00,110
ORD0097,90733054-BLACK,S001,19-09-2025 00:00,70
ORD0097,90733055-1000,S001,19-09-2025 00:00,30
ORD0098,90733056-RED,S001,19-09-2025 00:00,75
ORD0098,90733057-WHITE,S001,19-09-2025 00:00,60
ORD0099,90733058-METAL,S001,19-09-2025 00:00,70
ORD0099,90733059-GLUE,S001,19-09-2025 00:00,35
ORD0099,90733060-RULER,S001,19-09-2025 00:00,80
ORD0099,90733061-BLACK,S001,19-09-2025 00:00,280
ORD0100,90733062-YELLOW,S001,19-09-2025 00:00,180
ORD0100,90733063-METAL,S001,19-09-2025 00:00,120
ORD0100,90733064-WHITE,S001,19-09-2025 00:00,110
ORD0101,90733065-SET,S001,19-09-2025 00:00,95
ORD0101,90733066-BROWN,S001,19-09-2025 00:00,55
ORD0101,90733067-BLUE,S001,19-09-2025 00:00,50
ORD0102,90733068-METAL,S001,19-09-2025 00:00,140
ORD0102,90733069-SET,S001,19-09-2025 00:00,80
ORD0102,90733070-A4,S001,19-09-2025 00:00,140
ORD0102,90733071-BLACK,S001,19-09-2025 00:00,130
ORD0102,90733072-A4,S001,19-09-2025 00:00,180
ORD0103,90733073-WHITE,S001,19-09-2025 00:00,110
ORD0103,90733074-SET,S001,19-09-2025 00:00,150
ORD0104,90733075-BLACK,S001,19-09-2025 00:00,350
ORD0104,90733076-METAL,S001,19-09-2025 00:00,130
ORD0105,90733077-SET,S001,19-09-2025 00:00,220
ORD0105,90733078-BLUE,S001,19-09-2025 00:00,150
ORD0105,90733079-WHITE,S001,19-09-2025 00:00,180
ORD0106,90733080-BLUE,S001,19-09-2025 00:00,110
ORD0106,90733081-BLUE,S001,19-09-2025 00:00,450
ORD0106,90733082-A4,S001,19-09-2025 00:00,150
ORD0106,90733083-SET,S001,19-09-2025 00:00,220
ORD0106,90733084-BLACK,S001,19-09-2025 00:00,50
ORD0107,90733085-5000,S001,19-09-2025 00:00,120
ORD0107,90733086-GREEN,S001,19-09-2025 00:00,80
ORD0107,90733087-WHITE,S001,19-09-2025 00:00,110
ORD0107,90733088-METAL,S001,19-09-2025 00:00,120
ORD0108,90733089-GLUE,S001,19-09-2025 00:00,95
ORD0108,90733090-RULER,S001,19-09-2025 00:00,60
ORD0108,90733091-BLUE,S001,19-09-2025 00:00,400
ORD0108,90733092-YELLOW,S001,19-09-2025 00:00,220
ORD0109,90733093-METAL,S001,19-09-2025 00:00,480
ORD0109,90733094-WHITE,S001,19-09-2025 00:00,60
ORD0109,90733095-SET,S001,19-09-2025 00:00,260
ORD0109,90733096-BROWN,S001,19-09-2025 00:00,70
ORD0109,90733097-BLACK,S001,19-09-2025 00:00,300
ORD0110,90733098-METAL,S001,19-09-2025 00:00,220
ORD0110,90734001-STEEL,S001,19-09-2025 00:00,650
ORD0110,90734002-SET,S001,19-09-2025 00:00,520
ORD0111,90734003-STEEL,S001,19-09-2025 00:00,780
ORD0111,90734004-STEEL,S001,19-09-2025 00:00,250
ORD0111,90734005-STEEL,S001,19-09-2025 00:00,430
ORD0111,90734006-BLACK,S001,19-09-2025 00:00,3500
ORD0111,90734007-SET,S001,19-09-2025 00:00,210
ORD0112,90734008-STEEL,S001,19-09-2025 00:00,180
ORD0112,90734009-STEEL,S001,19-09-2025 00:00,290
ORD0112,90734010-BOX,S001,19-09-2025 00:00,150
ORD0112,90734011-STEEL,S001,19-09-2025 00:00,1200
ORD0113,90734012-BLACK,S001,19-09-2025 00:00,3200
ORD0113,90734013-STEEL,S001,19-09-2025 00:00,920
ORD0113,90734014-YELLOW,S001,19-09-2025 00:00,2800
ORD0113,90734015-STEEL,S001,19-09-2025 00:00,540
ORD0113,90734016-STEEL,S001,19-09-2025 00:00,620
ORD0114,90734017-STEEL,S001,19-09-2025 00:00,350
ORD0114,90734018-BLACK,S001,19-09-2025 00:00,240
ORD0114,90734019-STEEL,S001,19-09-2025 00:00,580
ORD0115,90734020-STEEL,S001,19-09-2025 00:00,2100
ORD0115,90734021-STEEL,S001,19-09-2025 00:00,380
ORD0115,90734022-STEEL,S001,19-09-2025 00:00,270
ORD0115,90734023-STEEL,S001,19-09-2025 00:00,320
ORD0115,90734024-STEEL,S001,19-09-2025 00:00,890
ORD0116,90734025-STEEL,S001,19-09-2025 00:00,4200
ORD0116,90734026-STEEL,S002,19-09-2025 00:00,1350
ORD0116,90734027-STEEL,S002,19-09-2025 00:00,310
ORD0116,90734028-STEEL,S002,19-09-2025 00:00,620
ORD0117,90734029-STEEL,S002,19-09-2025 00:00,1800
ORD0117,90734030-STEEL,S002,19-09-2025 00:00,220
ORD0117,90734031-STEEL,S002,19-09-2025 00:00,980
ORD0117,90734032-STEEL,S002,19-09-2025 00:00,740
ORD0118,90734033-BLACK,S002,19-09-2025 00:00,5200
ORD0118,90734034-STEEL,S002,19-09-2025 00:00,2100
ORD0118,90734035-STEEL,S002,19-09-2025 00:00,560
ORD0118,90734036-BLUE,S002,19-09-2025 00:00,3200
ORD0118,90734037-BLACK,S002,19-09-2025 00:00,180
ORD0119,90734038-STEEL,S002,19-09-2025 00:00,920
ORD0119,90734039-STEEL,S002,19-09-2025 00:00,240
ORD0119,90734040-STEEL,S002,19-09-2025 00:00,1650
ORD0119,90734041-STEEL,S002,19-09-2025 00:00,420
ORD0120,90734042-STEEL,S002,19-09-2025 00:00,360
ORD0120,90734043-BLACK,S002,19-09-2025 00:00,3600
ORD0120,90734044-STEEL,S002,19-09-2025 00:00,240
ORD0121,90734045-STEEL,S002,19-09-2025 00:00,780
ORD0121,90734046-STEEL,S002,19-09-2025 00:00,210
ORD0121,90734047-STEEL,S002,19-09-2025 00:00,540
ORD0121,90734048-STEEL,S002,19-09-2025 00:00,420
ORD0122,90734049-STEEL,S002,19-09-2025 00:00,320
ORD0122,90734050-STEEL,S002,19-09-2025 00:00,260
ORD0122,90734051-STEEL,S002,19-09-2025 00:00,180
ORD0122,90734052-STEEL,S002,19-09-2025 00:00,260
ORD0123,90734053-STEEL,S002,19-09-2025 00:00,150
ORD0123,90734054-STEEL,S002,19-09-2025 00:00,160
ORD0123,90734055-STEEL,S002,19-09-2025 00:00,180
ORD0123,90734056-STEEL,S002,19-09-2025 00:00,980
ORD0123,90734057-STEEL,S002,19-09-2025 00:00,420
ORD0124,90734058-STEEL,S002,19-09-2025 00:00,210
ORD0124,90734059-STEEL,S002,19-09-2025 00:00,560
ORD0124,90734060-STEEL,S002,19-09-2025 00:00,120
ORD0124,90734061-STEEL,S002,19-09-2025 00:00,340
ORD0125,90734062-STEEL,S002,19-09-2025 00:00,480
ORD0125,90734063-STEEL,S002,19-09-2025 00:00,260
ORD0125,90734064-STEEL,S002,19-09-2025 00:00,140
ORD0126,90734065-STEEL,S002,19-09-2025 00:00,620
ORD0126,90734066-STEEL,S002,19-09-2025 00:00,980
ORD0126,90734067-STEEL,S002,19-09-2025 00:00,220
ORD0126,90734068-STEEL,S002,19-09-2025 00:00,1800
ORD0126,90734069-STEEL,S002,19-09-2025 00:00,760
ORD0127,90734070-STEEL,S002,19-09-2025 00:00,980
ORD0127,90734071-STEEL,S002,19-09-2025 00:00,780
ORD0128,90734072-STEEL,S002,19-09-2025 00:00,890
ORD0128,90734073-STEEL,S002,19-09-2025 00:00,620
ORD0128,90734074-STEEL,S002,19-09-2025 00:00,420
ORD0129,90734075-STEEL,S002,19-09-2025 00:00,120
ORD0129,90734076-STEEL,S002,19-09-2025 00:00,220
ORD0130,90734077-STEEL,S002,19-09-2025 00:00,160
ORD0130,90734078-STEEL,S002,19-09-2025 00:00,1200
ORD0130,90734079-STEEL,S002,19-09-2025 00:00,260
ORD0130,90734080-STEEL,S002,19-09-2025 00:00,260
ORD0131,90734081-STEEL,S002,19-09-2025 00:00,280
ORD0131,90734082-STEEL,S002,19-09-2025 00:00,190
ORD0131,90734083-STEEL,S002,19-09-2025 00:00,720
ORD0131,90734084-STEEL,S002,19-09-2025 00:00,180
ORD0132,90734085-STEEL,S002,19-09-2025 00:00,320
ORD0132,90734086-STEEL,S002,19-09-2025 00:00,420
ORD0132,90734087-STEEL,S002,19-09-2025 00:00,90
ORD0132,90734088-STEEL,S002,19-09-2025 00:00,320
ORD0132,90734089-STEEL,S002,19-09-2025 00:00,160
ORD0133,90734090-STEEL,S002,19-09-2025 00:00,420
ORD0133,90734091-STEEL,S002,19-09-2025 00:00,260
ORD0134,90734092-STEEL,S002,19-09-2025 00:00,180
ORD0134,90734093-STEEL,S002,19-09-2025 00:00,260
ORD0134,90734094-STEEL,S002,19-09-2025 00:00,420
ORD0134,90734095-STEEL,S002,19-09-2025 00:00,120
ORD0134,90734096-STEEL,S002,19-09-2025 00:00,220
ORD0135,90734097-STEEL,S002,19-09-2025 00:00,260
ORD0135,90734098-STEEL,S002,19-09-2025 00:00,420
ORD0136,90734099-STEEL,S002,19-09-2025 00:00,620
ORD0136,90734100-STEEL,S002,19-09-2025 00:00,260
ORD0137,SKU_LIP_001,S002,19-09-2025 00:00,499
ORD0137,SKU_EYE_001,S002,19-09-2025 00:00,350
ORD0137,SKU_SKIN_001,S002,19-09-2025 00:00,699
ORD0137,SKU_FOUND_001,S002,19-09-2025 00:00,799
ORD0137,SKU_HAIR_001,S002,19-09-2025 00:00,899
ORD0138,SKU_LIP_002,S002,19-09-2025 00:00,199
ORD0138,SKU_EYE_002,S002,19-09-2025 00:00,175
ORD0138,SKU_SKIN_002,S002,19-09-2025 00:00,220
ORD0139,SKU_SKIN_003,S002,19-09-2025 00:00,299
ORD0139,SKU_FOUND_002,S002,19-09-2025 00:00,399
ORD0139,SKU_HAIR_002,S002,19-09-2025 00:00,340
ORD0139,SKU_HAIR_003,S002,19-09-2025 00:00,375
ORD0140,SKU_SKIN_004,S002,19-09-2025 00:00,650
ORD0140,SKU_LIP_003,S002,19-09-2025 00:00,599
ORD0140,SKU_SKIN_005,S002,19-09-2025 00:00,799
ORD0140,SKU_EYE_003,S002,19-09-2025 00:00,699
ORD0140,SKU_SKIN_006,S002,19-09-2025 00:00,275
ORD0141,SKU_HAIR_004,S002,19-09-2025 00:00,320
ORD0141,SKU_SKIN_007,S002,19-09-2025 00:00,950
ORD0141,SKU_EYE_004,S002,19-09-2025 00:01,1200
ORD0141,SKU_NAIL_001,S002,19-09-2025 00:02,299
ORD0142,SKU_SKIN_008,S002,19-09-2025 00:03,850
ORD0142,SKU_LIP_004,S002,19-09-2025 00:04,425
ORD0142,SKU_SKIN_009,S002,19-09-2025 00:05,180
ORD0143,SKU_EYE_005,S002,19-09-2025 00:06,1200
ORD0143,SKU_SKIN_010,S002,19-09-2025 00:07,450
ORD0144,SKU_HAIR_005,S002,19-09-2025 00:08,650
ORD0144,SKU_SKIN_011,S002,19-09-2025 00:09,599
ORD0145,SKU_LIP_005,S002,19-09-2025 00:10,1500
ORD0145,SKU_SKIN_012,S002,19-09-2025 00:11,320
ORD0145,SKU_PERF_001,S002,19-09-2025 00:12,4500
ORD0146,SKU_SKIN_013,S002,19-09-2025 00:13,900
ORD0146,SKU_EYE_006,S002,19-09-2025 00:14,250
ORD0147,SKU_SKIN_014,S002,19-09-2025 00:15,350
ORD0147,SKU_HAIR_006,S002,19-09-2025 00:16,220
ORD0148,SKU_SKIN_015,S002,19-09-2025 00:17,650
ORD0148,SKU_SKIN_016,S002,19-09-2025 00:18,1400
ORD0148,SKU_NAIL_002,S002,19-09-2025 00:19,120
ORD0149,SKU_SKIN_017,S002,19-09-2025 00:20,380
ORD0149,SKU_SKIN_018,S002,19-09-2025 00:21,450
ORD0149,SKU_SKIN_019,S002,19-09-2025 00:22,1650
ORD0149,SKU_SKIN_020,S002,19-09-2025 00:23,790
ORD0149,SKU_MAKE_001,S002,19-09-2025 00:24,2600
ORD0150,SKU_SKIN_021,S002,19-09-2025 00:25,950
ORD0150,SKU_HAIR_007,S002,19-09-2025 00:26,640
ORD0150,SKU_NAIL_003,S002,19-09-2025 00:27,850
ORD0150,SKU_SKIN_022,S002,19-09-2025 00:28,420
ORD0150,SKU_SKIN_023,S002,19-09-2025 00:29,350
ORD0151,SKU_MAKE_002,S002,19-09-2025 00:30,850
ORD0151,SKU_HAIR_008,S002,19-09-2025 00:31,299
ORD0151,SKU_LIP_101,S002,19-09-2025 00:32,499
ORD0151,SKU_LIP_102,S002,19-09-2025 00:33,499
ORD0151,SKU_LIP_103,S002,19-09-2025 00:34,599
ORD0152,SKU_LIP_104,S002,19-09-2025 00:35,550
ORD0152,SKU_SERUM_101,S002,19-09-2025 00:36,699
ORD0152,SKU_SERUM_102,S002,19-09-2025 00:37,699
ORD0152,SKU_SERUM_103,S002,19-09-2025 00:38,790
ORD0152,SKU_FW_101,S002,19-09-2025 00:39,299
ORD0153,SKU_FW_102,S002,19-09-2025 00:40,299
ORD0153,SKU_MOIST_101,S002,19-09-2025 00:41,799
ORD0154,SKU_LIP_401,S002,19-09-2025 00:42,499
ORD0154,SKU_LIP_402,S002,19-09-2025 00:43,599
ORD0154,SKU_LIP_403,S002,19-09-2025 00:44,550
ORD0154,SKU_LIP_404,S002,19-09-2025 00:45,650
ORD0155,SKU_LIP_405,S002,19-09-2025 00:46,599
ORD0155,SKU_LIP_406,S002,19-09-2025 00:47,520
ORD0155,SKU_LIP_407,S002,19-09-2025 00:48,450
ORD0156,SKU_LIP_408,S002,19-09-2025 00:49,499
ORD0156,SKU_LIP_409,S002,19-09-2025 00:50,699
ORD0156,SKU_LIP_410,S002,19-09-2025 00:51,599
ORD0156,SKU_SERUM_401,S002,19-09-2025 00:52,699
ORD0157,SKU_SERUM_402,S002,19-09-2025 00:53,790
ORD0157,SKU_SERUM_403,S002,19-09-2025 00:54,900
ORD0157,SKU_SERUM_404,S002,19-09-2025 00:55,1200
ORD0157,SKU_SERUM_405,S002,19-09-2025 00:56,750
ORD0157,SKU_SERUM_406,S002,19-09-2025 00:57,650
ORD0158,SKU_SERUM_407,S002,19-09-2025 00:58,499
ORD0158,SKU_SERUM_408,S002,19-09-2025 00:59,1100
ORD0158,SKU_SERUM_409,S002,45919.04167,1500
ORD0159,SKU_SERUM_410,S002,45919.04236,899
ORD0159,SKU_MOIST_401,S002,45919.04306,799
ORD0159,SKU_MOIST_402,S002,45919.04375,320
ORD0159,SKU_MOIST_403,S002,45919.04444,650
ORD0159,SKU_MOIST_404,S002,45919.04514,950
ORD0160,SKU_MOIST_405,S002,45919.04583,220
ORD0160,SKU_MOIST_406,S002,45919.04653,850
ORD0160,SKU_MOIST_407,S002,45919.04722,299
ORD0160,SKU_MOIST_408,S002,45919.04792,799
ORD0160,SKU_MOIST_409,S002,45919.04861,1500
ORD0161,SKU_MOIST_410,S002,45919.04931,350
ORD0161,SKU_FOUND_501,S002,45919.05,799
ORD0161,SKU_COMP_502,S002,45919.05069,399
ORD0161,SKU_EYE_503,S002,45919.05139,350
ORD0161,SKU_EYE_504,S002,45919.05208,175
ORD0162,SKU_EYE_505,S002,45919.05278,699
ORD0162,SKU_SKIN_506,S002,45919.05347,650
ORD0162,SKU_SKIN_507,S002,45919.05417,599
ORD0162,SKU_HAIR_508,S002,45919.05486,320
ORD0163,SKU_PERF_509,S002,45919.05556,4500
ORD0163,SKU_BODY_510,S002,45919.05625,420
ORD0163,SKU_EYE_601,S002,45919.05694,1500
ORD0163,SKU_NAIL_602,S002,45919.05764,299
ORD0163,SKU_SKIN_603,S002,45919.05833,275
ORD0164,SKU_SKIN_604,S002,45919.05903,450
ORD0164,SKU_SKIN_605,S002,45919.05972,180
ORD0164,SKU_HAIR_606,S002,45919.06042,250
ORD0164,SKU_HAIR_607,S002,45919.06111,650
ORD0164,SKU_SKIN_608,S002,45919.06181,250
ORD0165,SKU_BODY_609,S002,45919.0625,320
ORD0165,SKU_BODY_610,S002,45919.06319,250
ORD0165,SKU_SKIN_611,S002,45919.06389,550
ORD0165,SKU_SKIN_612,S002,45919.06458,199
ORD0166,SKU_MAKE_613,S002,45919.06528,450
ORD0166,SKU_MAKE_614,S002,45919.06597,599
ORD0166,SKU_SKIN_615,S002,45919.06667,1100
ORD0167,SKU_APP_TSHIRT_051,S002,45919.06736,999
ORD0167,SKU_APP_SHIRT_052,S002,45919.06806,1799
ORD0167,SKU_APP_JEANS_053,S002,45919.06875,2499
ORD0167,SKU_APP_KURTA_054,S002,45919.06944,1499
ORD0168,SKU_APP_DRESS_055,S002,45919.07014,2999
ORD0168,SKU_APP_HOODIE_056,S002,45919.07083,3299
ORD0168,SKU_APP_LEGGINGS_057,S002,45919.07153,1999
ORD0168,SKU_APP_JACKET_058,S002,45919.07222,4599
ORD0168,SKU_APP_SAREE_059,S002,45919.07292,5499
ORD0169,SKU_APP_SHORTS_060,S002,45919.07361,1299
ORD0169,SKU_APP_POLO_061,S002,45919.07431,2299
ORD0169,SKU_APP_CROPTOP_062,S002,45919.075,899
ORD0169,SKU_APP_CHINOS_063,S002,45919.07569,2499
ORD0170,SKU_APP_SKIRT_064,S002,45919.07639,1999
ORD0170,SKU_APP_SWEATER_065,S002,45919.07708,2899
ORD0170,SKU_APP_TANKTOP_066,S002,45919.07778,1499
ORD0171,SKU_APP_TRACKPANT_067,S002,45919.07847,2499
ORD0171,SKU_APP_DUPATTA_068,S002,45919.07917,1599
ORD0171,SKU_APP_BLAZER_069,S002,45919.07986,4999
ORD0171,SKU_APP_PALAZZO_070,S002,45919.08056,1399
ORD0172,SKU_APP_CARDIGAN_071,S002,45919.08125,2799
ORD0172,SKU_APP_JOGGER_072,S002,45919.08194,1999
ORD0172,SKU_APP_BLOUSE_073,S002,45919.08264,999
ORD0172,SKU_APP_OVERALLS_074,S002,45919.08333,3499
ORD0173,SKU_APP_PONCHO_075,S002,45919.08403,2999
ORD0173,SKU_APP_WAISTCOAT_076,S002,45919.08472,2299
ORD0174,SKU_APP_SHRUG_077,S002,45919.08542,1199
ORD0174,SKU_APP_THERMAL_078,S002,45919.08611,1899
ORD0174,SKU_APP_ROMPER_079,S002,45919.08681,2199
ORD0174,SKU_APP_OVERCOAT_080,S002,45919.0875,7999
ORD0174,SKU_APP_VEST_081,S002,45919.08819,599
ORD0175,SKU_APP_CAMISOLE_082,S002,45919.08889,799
ORD0175,SKU_APP_CAPRI_083,S002,45919.08958,999
ORD0176,SKU_APP_ANARKALI_084,S002,45919.09028,3299
ORD0176,SKU_APP_PETTICOAT_085,S002,45919.09097,499
ORD0176,SKU_APP_DHOTI_086,S002,45919.09167,899
ORD0177,SKU_APP_LUNGI_087,S002,45919.09236,699
ORD0177,SKU_APP_PARKA_088,S002,45919.09306,6999
ORD0178,SKU_APP_TUXEDO_089,S002,45919.09375,9999
ORD0178,SKU_APP_JUMPSUIT_090,S002,45919.09444,2599
ORD0179,SKU_APP_PULLOVER_091,S002,45919.09514,2699
ORD0179,SKU_APP_BURKHA_092,S002,45919.09583,3499
ORD0180,SKU_APP_RAINCOAT_093,S002,45919.09653,2499
ORD0180,SKU_APP_BODYSUIT_094,S002,45919.09722,1999
ORD0181,SKU_APP_NIGHTSUIT_095,S002,45919.09792,1499
ORD0181,SKU_APP_BATHROBE_096,S002,45919.09861,2999
ORD0181,SKU_APP_HENLEY_097,S002,45919.09931,1299
ORD0181,SKU_APP_KAFTAN_098,S002,45919.1,2199
ORD0182,SKU_APP_GOWN_099,S002,45919.10069,4599
ORD0182,SKU_APP_WORKPANT_100,S002,45919.10139,3499
ORD0182,SKU_APP_TSHIRT_101,S002,45919.10208,999
ORD0182,SKU_APP_TSHIRT_102,S002,45919.10278,999
ORD0182,SKU_APP_TSHIRT_103,S002,45919.10347,899
ORD0183,SKU_APP_TSHIRT_104,S002,45919.10417,1099
ORD0183,SKU_APP_TSHIRT_105,S002,45919.10486,1299
ORD0183,SKU_APP_SHIRT_106,S002,45919.10556,1799
ORD0183,SKU_APP_SHIRT_107,S002,45919.10625,1999
ORD0184,SKU_APP_SHIRT_108,S002,45919.10694,2299
ORD0184,SKU_APP_SHIRT_109,S002,45919.10764,2499
ORD0184,SKU_APP_SHIRT_110,S002,45919.10833,1599
ORD0184,SKU_APP_JEANS_201,S002,45919.10903,2499
ORD0184,SKU_APP_JEANS_202,S002,45919.10972,2599
ORD0185,SKU_APP_JEANS_203,S002,45919.11042,2299
ORD0185,SKU_APP_JEANS_204,S002,45919.11111,2699
ORD0185,SKU_APP_JEANS_205,S002,45919.11181,2999
ORD0185,SKU_APP_DRESS_206,S002,45919.1125,2999
ORD0185,SKU_APP_DRESS_207,S002,45919.11319,1999
ORD0186,SKU_APP_DRESS_208,S002,45919.11389,3999
ORD0186,SKU_APP_DRESS_209,S002,45919.11458,2499
ORD0186,SKU_APP_DRESS_210,S002,45919.11528,3499
ORD0186,SKU_APP_KURTA_301,S002,45919.11597,1499
ORD0187,SKU_APP_KURTA_302,S002,45919.11667,1799
ORD0187,SKU_APP_KURTA_303,S002,45919.11736,2499
ORD0187,SKU_APP_KURTA_304,S002,45919.11806,1599
ORD0188,SKU_APP_KURTA_305,S002,45919.11875,1999
ORD0188,SKU_APP_DRESS_306,S002,45919.11944,1999
ORD0188,SKU_APP_DRESS_307,S002,45919.12014,3999
ORD0189,SKU_APP_DRESS_308,S002,45919.12083,2499
ORD0189,SKU_APP_DRESS_309,S002,45919.12153,3499
ORD0189,SKU_APP_DRESS_310,S002,45919.12222,2799
ORD0190,SKU_APP_HOODIE_311,S002,45919.12292,1499
ORD0190,SKU_APP_HOODIE_312,S002,45919.12361,1799
ORD0190,SKU_APP_HOODIE_313,S002,45919.12431,2499
ORD0191,SKU_APP_HOODIE_314,S002,45919.125,1599
ORD0191,SKU_APP_HOODIE_315,S002,45919.12569,1999
ORD0191,SKU_APP_JACKET_316,S002,45919.12639,1999
ORD0191,SKU_APP_JACKET_317,S002,45919.12708,3999
ORD0192,SKU_APP_JACKET_318,S002,45919.12778,2499
ORD0192,SKU_APP_JACKET_319,S002,45919.12847,3499
ORD0193,SKU_APP_JACKET_320,S002,45919.12917,2799
ORD0193,SKU_APP_LEGG_321,S002,45919.12986,2999
ORD0194,SKU_APP_SAREE_322,S002,45919.13056,2599
ORD0194,SKU_APP_SHORTS_323,S002,45919.13125,1999
ORD0195,SKU_APP_POLO_324,S002,45919.13194,3499
ORD0195,SKU_APP_TOP_325,S002,45919.13264,2799
ORD0195,SKU_ELEC_PHONE_101,S002,45919.13333,4999
ORD0196,SKU_ELEC_LAPTOP_102,S002,45919.13403,3999
ORD0196,SKU_ELEC_EARBUDS_103,S002,45919.13472,5999
ORD0196,SKU_ELEC_TV_104,S002,45919.13542,4599
ORD0196,SKU_ELEC_SMARTWATCH_105,S002,45919.13611,3499
ORD0196,SKU_ELEC_CAMERA_106,S002,45919.13681,799
ORD0197,SKU_ELEC_SPEAKER_107,S002,45919.1375,5999
ORD0197,SKU_ELEC_TABLET_108,S002,45919.13819,999
ORD0197,SKU_ELEC_ROUTER_109,S002,45919.13889,1499
ORD0197,SKU_ELEC_POWERBANK_110,S002,45919.13958,1299
ORD0198,SKU_ELEC_KEYBOARD_111,S002,45919.14028,34999
ORD0198,SKU_ELEC_MOUSE_112,S002,45919.14097,119999
ORD0199,SKU_ELEC_MONITOR_113,S002,45919.14167,1999
ORD0199,SKU_ELEC_PRINTER_114,S002,45919.14236,74999
ORD0200,SKU_ELEC_HARDDRIVE_115,S002,45919.14306,9999
ORD0200,SKU_ELEC_SSD_116,S002,45919.14375,58999
ORD0200,SKU_ELEC_DRONE_117,S002,45919.14444,3499
ORD0200,SKU_ELEC_CONSOLE_118,S002,45919.14514,69999
ORD0200,SKU_ELEC_VR_119,S002,45919.14583,2499
ORD0201,SKU_ELEC_PROJECTOR_120,S002,45919.14653,3499
ORD0201,SKU_ELEC_CABLE_121,S002,45919.14722,5999
ORD0201,SKU_ELEC_HEADPHONE_122,S002,45919.14792,899
ORD0201,SKU_ELEC_MIC_123,S002,45919.14861,38999
ORD0201,SKU_ELEC_CONTROLLER_124,S002,45919.14931,12999
ORD0202,SKU_ELEC_DASHCAM_125,S002,45919.15,4999
ORD0202,SKU_ELEC_TRIPOD_126,S002,45919.15069,7999
ORD0203,SKU_ELEC_FLASH_127,S002,45919.15139,69999
ORD0203,SKU_ELEC_SMARTBULB_128,S002,45919.15208,54999
ORD0204,SKU_ELEC_SMARTPLUG_129,S002,45919.15278,39999
ORD0204,SKU_ELEC_AIRPURIFIER_130,S002,45919.15347,45999
ORD0204,SKU_ELEC_KINDLE_131,S002,45919.15417,799
ORD0204,SKU_ELEC_DRAWINGTAB_132,S002,45919.15486,19999
ORD0205,SKU_ELEC_WEBCAM_133,S002,45919.15556,8999
ORD0205,SKU_ELEC_LENS_134,S002,45919.15625,5999
ORD0205,SKU_ELEC_GIMBAL_135,S002,45919.15694,15999
ORD0205,SKU_ELEC_SOUNDBAR_136,S002,45919.15764,6999
ORD0206,SKU_ELEC_DOORBELL_137,S002,45919.15833,12999
ORD0206,SKU_ELEC_THERMOSTAT_138,S002,45919.15903,999
ORD0206,SKU_ELEC_KETTLE_139,S002,45919.15972,1299
ORD0206,SKU_ELEC_BLENDER_140,S002,45919.16042,14999
ORD0206,SKU_ELEC_SMARTLOCK_141,S002,45919.16111,14999
ORD0207,SKU_ELEC_ACTIONCAM_142,S002,45919.16181,12999
ORD0207,SKU_ELEC_PORTABLESSD_143,S002,45919.1625,3999
ORD0208,SKU_ELEC_STREAMSTICK_144,S002,45919.16319,18999
ORD0208,SKU_ELEC_SMARTSCALE_145,S002,45919.16389,9999
ORD0209,SKU_ELEC_BABYMONITOR_146,S002,45919.16458,29999
ORD0209,SKU_ELEC_CLICKER_147,S002,45919.16528,12999
ORD0210,SKU_ELEC_DIGITALFRAME_148,S002,45919.16597,19999
ORD0210,SKU_ELEC_GAMINGCHAIR_149,S002,45919.16667,2999
ORD0210,SKU_ELEC_DESKFAN_150,S002,45919.16736,6999
ORD0211,SKU_LAP_601,S002,45919.16806,18999
ORD0211,SKU_LAP_602,S002,45919.16875,32999
ORD0211,SKU_LAP_603,S002,45919.16944,12999
ORD0212,SKU_LAP_604,S002,45919.17014,5999
ORD0212,SKU_LAP_605,S002,45919.17083,7999
ORD0212,SKU_LAP_606,S002,45919.17153,15999
ORD0212,SKU_LAP_607,S002,45919.17222,2499
ORD0213,SKU_LAP_608,S002,45919.17292,10999
ORD0213,SKU_LAP_609,S002,45919.17361,29999
ORD0214,SKU_LAP_610,S002,45919.17431,1499
ORD0214,SKU_EAR_510,S002,45919.175,64999
ORD0215,SKU_WATCH_511,S002,45919.17569,68999
ORD0215,SKU_WATCH_512,S002,45919.17639,55999
ORD0215,SKU_WATCH_513,S002,45919.17708,119999
ORD0216,SKU_WATCH_514,S002,45919.17778,59999
ORD0216,SKU_WATCH_515,S002,45919.17847,74999
ORD0216,SKU_TV_516,S002,45919.17917,89999
ORD0216,SKU_TV_517,S002,45919.17986,52999
ORD0217,SKU_TV_518,S002,45919.18056,84999
ORD0217,SKU_TV_519,S002,45919.18125,149999
ORD0217,SKU_TV_520,S002,45919.18194,4999
ORD0217,SKU_EAR_506,S002,45919.18264,49999
ORD0218,SKU_EAR_507,S002,45919.18333,29999
ORD0218,SKU_EAR_508,S002,45919.18403,3999
ORD0218,SKU_EAR_509,S002,45919.18472,2999
ORD0218,SKU_PHONE_501,S002,45919.18542,19999
ORD0218,SKU_PHONE_502,S002,45919.18611,49999
ORD0219,SKU_PHONE_503,S002,45919.18681,29999
ORD0219,SKU_PHONE_504,S002,45919.1875,3999
ORD0219,SKU_PHONE_505,S002,45919.18819,2999
ORD0219,SKU_TAB_1001,S002,45919.18889,19999
ORD0219,SKU_TAB_1002,S002,45919.18958,59999
ORD0220,SKU_TAB_1003,S002,45919.19028,129999
ORD0220,SKU_TAB_1004,S002,45919.19097,69999
ORD0220,SKU_TAB_1005,S002,45919.19167,29999
ORD0221,SKU_SPK_1006,S002,45919.19236,49999
ORD0221,SKU_SPK_1007,S002,45919.19306,24999
ORD0222,SKU_SPK_1008,S002,45919.19375,9999
ORD0222,SKU_SPK_1009,S002,45919.19444,5999
ORD0222,SKU_SPK_1010,S002,45919.19514,6999
ORD0222,SKU_HEAD_1011,S002,45919.19583,4999
ORD0222,SKU_HEAD_1012,S002,45919.19653,74999
ORD0223,SKU_HEAD_1013,S002,45919.19722,79999
ORD0223,SKU_HEAD_1014,S002,45919.19792,39999
ORD0223,SKU_HEAD_1015,S002,45919.19861,19999
ORD0223,SKU_CAM_1016,S002,45919.19931,32999
ORD0224,SKU_CAM_1017,S002,45919.2,24999
ORD0224,SKU_CAM_1018,S002,45919.20069,9999
ORD0224,SKU_CAM_1019,S002,45919.20139,5999
ORD0224,SKU_CAM_1020,S002,45919.20208,6999
ORD0224,SKU_PB_1021,S002,45919.20278,4999
ORD0225,SKU_PB_1022,S002,45919.20347,49999
ORD0225,SKU_PB_1023,S002,45919.20417,29999
ORD0225,SKU_PB_1024,S002,45919.20486,3999
ORD0226,SKU_PB_1025,S002,45919.20556,2999
ORD0226,SKU_USB_1201,S002,45919.20625,19999
ORD0226,SKU_USB_1202,S002,45919.20694,59999
ORD0227,SKU_HDD_1203,S002,45919.20764,129999
ORD0227,SKU_HDD_1204,S002,45919.20833,69999
ORD0227,SKU_SSD_1205,S002,45919.20903,29999
ORD0228,SKU_MON_1206,S002,45919.20972,49999
ORD0228,SKU_MON_1207,S002,45919.21042,49999
ORD0228,SKU_MON_1208,S002,45919.21111,22999
ORD0228,SKU_MON_1209,S002,45919.21181,18999
ORD0229,SKU_MON_1210,S002,45919.2125,26999
ORD0229,SKU_KEY_1211,S002,45919.21319,19999
ORD0229,SKU_KEY_1212,S002,45919.21389,14999
ORD0230,SKU_KEY_1213,S002,45919.21458,8999
ORD0230,SKU_KEY_1214,S002,45919.21528,6999
ORD0231,SKU_KEY_1215,S002,45919.21597,2499
ORD0231,SKU_MOU_1216,S002,45919.21667,19999
ORD0231,SKU_MOU_1217,S002,45919.21736,14999
ORD0231,SKU_PRN_1218,S002,45919.21806,12999
ORD0231,SKU_AC_1219,S002,45919.21875,1999
ORD0232,SKU_FRG_1220,S002,45919.21944,17999
ORD0232,SKU_FRG_1316,S002,45919.22014,29999
ORD0232,SKU_FRG_1317,S002,45919.22083,79999
ORD0232,SKU_WM_1318,S002,45919.22153,74999
ORD0232,SKU_WM_1319,S002,45919.22222,69999
ORD0233,SKU_WM_1320,S002,45919.22292,84999
ORD0233,SKU_AC_1311,S002,45919.22361,59999
ORD0233,SKU_AC_1312,S002,45919.22431,1499
ORD0233,SKU_AC_1313,S002,45919.225,999
ORD0234,SKU_AC_1314,S002,45919.22569,2999
ORD0234,SKU_AC_1315,S003,45919.22639,1299
ORD0235,SKU_PRN_1306,S003,45919.22708,1999
ORD0235,SKU_PRN_1307,S003,45919.22778,599
ORD0235,SKU_PRN_1308,S003,45919.22847,999
ORD0235,SKU_PRN_1309,S003,45919.22917,3999
ORD0235,SKU_PRN_1310,S003,45919.22986,5999
ORD0236,SKU_MOU_1301,S003,45919.23056,7999
ORD0236,SKU_MOU_1302,S003,45919.23125,12999
ORD0236,SKU_MOU_1303,S003,45919.23194,19999
ORD0236,SKU_MOU_1304,S003,45919.23264,24999
ORD0237,SKU_MOU_1305,S003,45919.23333,9999
ORD0237,SKU_JEW_RING_151,S003,45919.23403,15999
ORD0237,SKU_JEW_NECKLACE_152,S003,45919.23472,1999
ORD0237,SKU_JEW_EARRING_153,S003,45919.23542,999
ORD0238,SKU_JEW_BRACELET_154,S003,45919.23611,1299
ORD0238,SKU_JEW_ANKLET_155,S003,45919.23681,3999
ORD0238,SKU_JEW_WATCH_156,S003,45919.2375,8999
ORD0238,SKU_JEW_SUNGLASSES_157,S003,45919.23819,999
ORD0238,SKU_JEW_HANDBAG_158,S003,45919.23889,499
ORD0239,SKU_JEW_BELT_159,S003,45919.23958,14999
ORD0239,SKU_JEW_WALLET_160,S003,45919.24028,39999
ORD0239,SKU_JEW_HAT_161,S003,45919.24097,45999
ORD0240,SKU_JEW_SCARF_162,S003,45919.24167,17999
ORD0240,SKU_JEW_BROOCH_163,S003,45919.24236,28999
ORD0241,SKU_JEW_CHAIN_164,S003,45919.24306,34999
ORD0241,SKU_JEW_TOERING_165,S003,45919.24375,18999
ORD0241,SKU_JEW_BACKPACK_166,S003,45919.24444,25999
ORD0242,SKU_JEW_HAIRPIN_167,S003,45919.24514,42999
ORD0242,SKU_JEW_CUFFLINK_168,S003,45919.24583,28999
ORD0243,SKU_JEW_KEYCHAIN_169,S003,45919.24653,55999
ORD0243,SKU_JEW_DUFFEL_170,S003,45919.24722,37999
ORD0243,SKU_JEW_PENDANT_171,S003,45919.24792,44999
ORD0244,SKU_JEW_LOCKET_172,S003,45919.24861,8999
ORD0244,SKU_JEW_NOSEPIN_173,S003,45919.24931,14999
ORD0244,SKU_JEW_BANGLES_174,S003,45919.25,12999
ORD0245,SKU_JEW_TIARA_175,S003,45919.25069,19999
ORD0245,SKU_JEW_HAIRBAND_176,S003,45919.25139,24999
ORD0245,SKU_JEW_HAIRCLIP_177,S003,45919.25208,799
ORD0246,SKU_JEW_CARDHOLDER_178,S003,45919.25278,499
ORD0246,SKU_JEW_LUGGAGETAG_179,S003,45919.25347,1499
ORD0246,SKU_JEW_TRAVELWALLET_180,S003,45919.25417,8999
ORD0247,SKU_JEW_LAPELPIN_181,S003,45919.25486,1999
ORD0247,SKU_JEW_TIECLIP_182,S003,45919.25556,3499
ORD0247,SKU_JEW_ARMLET_183,S003,45919.25625,2999
ORD0247,SKU_JEW_WAISTCHAIN_184,S003,45919.25694,12999
ORD0247,SKU_JEW_SCRUNCHIE_185,S003,45919.25764,8999
ORD0248,SKU_JEW_POTLIBAG_186,S003,45919.25833,2499
ORD0248,SKU_JEW_SUNGLASSCHAIN_187,S003,45919.25903,7999
ORD0248,SKU_JEW_JEWELBOX_188,S003,45919.25972,8999
ORD0248,SKU_JEW_WATCHSTRAP_189,S003,45919.26042,14999
ORD0248,SKU_JEW_BEADBRACELET_190,S003,45919.26111,1999
ORD0249,SKU_JEW_GEMRING_191,S003,45919.26181,2499
ORD0249,SKU_JEW_JEWELROLL_192,S003,45919.2625,1499
ORD0249,SKU_JEW_CHARMKEY_193,S003,45919.26319,12999
ORD0249,SKU_JEW_BROOCHSET_194,S003,45919.26389,2999
ORD0250,SKU_JEW_WAISTBELT_195,S003,45919.26458,18999
ORD0250,SKU_JEW_SOCKS_196,S003,45919.26528,899
ORD0251,SKU_JEW_GLOVES_197,S003,45919.26597,2999
ORD0251,SKU_JEW_UMBRELLA_198,S003,45919.26667,799
ORD0251,SKU_JEW_PHONECHARM_199,S003,45919.26736,3499
ORD0251,SKU_BRACE_201,S003,45919.26806,499
ORD0252,SKU_BRACE_202,S003,45919.26875,3499
ORD0252,SKU_BRACE_203,S003,45919.26944,7999
ORD0252,SKU_BRACE_204,S003,45919.27014,1999
ORD0252,SKU_BRACE_205,S003,45919.27083,2499
ORD0252,SKU_WATCH_206,S003,45919.27153,3999
ORD0253,SKU_WATCH_207,S003,45919.27222,9999
ORD0253,SKU_WATCH_208,S003,45919.27292,899
ORD0253,SKU_WATCH_209,S003,45919.27361,699
ORD0254,SKU_WATCH_210,S003,45919.27431,3999
ORD0254,SKU_BAG_211,S003,45919.275,999
ORD0254,SKU_BAG_212,S003,45919.27569,1499
ORD0255,SKU_BAG_213,S003,45919.27639,999
ORD0255,SKU_BAG_214,S003,45919.27708,2499
ORD0255,SKU_BAG_215,S003,45919.27778,4999
ORD0256,SKU_WAL_216,S003,45919.27847,3999
ORD0256,SKU_WAL_217,S003,45919.27917,499
ORD0256,SKU_WAL_218,S003,45919.27986,1999
ORD0256,SKU_WAL_219,S003,45919.28056,999
ORD0256,SKU_WAL_220,S003,45919.28125,2999
ORD0257,SKU_RING_101,S003,45919.28194,799
ORD0257,SKU_RING_102,S003,45919.28264,1299
ORD0257,SKU_RING_103,S003,45919.28333,18999
ORD0257,SKU_RING_104,S003,45919.28403,1499
ORD0258,SKU_RING_105,S003,45919.28472,1299
ORD0258,SKU_NECK_106,S003,45919.28542,4999
ORD0258,SKU_NECK_107,S003,45919.28611,1999
ORD0258,SKU_NECK_108,S003,45919.28681,699
ORD0259,SKU_NECK_109,S003,45919.2875,1299
ORD0259,SKU_NECK_110,S003,45919.28819,1499
ORD0259,SKU_EAR_111,S003,45919.28889,599
ORD0260,SKU_EAR_112,S003,45919.28958,8999
ORD0260,SKU_EAR_113,S003,45919.29028,5999
ORD0260,SKU_EAR_114,S003,45919.29097,24999
ORD0260,SKU_EAR_115,S003,45919.29167,1499
ORD0260,SKU_ANK_301,S003,45919.29236,2999
ORD0261,SKU_ANK_302,S003,45919.29306,7999
ORD0261,SKU_ANK_303,S003,45919.29375,2999
ORD0262,SKU_ANK_304,S003,45919.29444,9999
ORD0262,SKU_ANK_305,S003,45919.29514,12999
ORD0263,SKU_HAIR_306,S003,45919.29583,10999
ORD0263,SKU_HAIR_307,S003,45919.29653,15999
ORD0263,SKU_HAIR_308,S003,45919.29722,3999
ORD0263,SKU_HAIR_309,S003,45919.29792,2499
ORD0263,SKU_HAIR_310,S003,45919.29861,1999
ORD0264,SKU_SUN_311,S003,45919.29931,1499
ORD0264,SKU_SUN_312,S003,45919.3,1999
ORD0264,SKU_SUN_313,S003,45919.30069,2999
ORD0264,SKU_SUN_314,S003,45919.30139,3499
ORD0264,SKU_SUN_315,S003,45919.30208,2499
ORD0265,SKU_PHA_PARACETAMOL_001,S003,45919.30278,999
ORD0265,SKU_PHA_IBUPROFEN_002,S003,45919.30347,3999
ORD0265,SKU_PHA_ANTACID_003,S003,45919.30417,2999
ORD0265,SKU_PHA_COUGH_004,S003,45919.30486,19999
ORD0266,SKU_PHA_VITC_005,S003,45919.30556,17999
ORD0266,SKU_PHA_MULTIVIT_006,S003,45919.30625,1999
ORD0266,SKU_PHA_BANDAGE_007,S003,45919.30694,15999
ORD0266,SKU_PHA_SANITIZER_008,S003,45919.30764,2999
ORD0266,SKU_PHA_THERMOMETER_009,S003,45919.30833,8999
ORD0267,SKU_PHA_GLUCOSE_010,S003,45919.30903,12999
ORD0267,SKU_PHA_B12_011,S003,45919.30972,1999
ORD0268,SKU_PHA_DIGENE_012,S003,45919.31042,7999
ORD0268,SKU_PHA_VITD_013,S003,45919.31111,2499
ORD0269,SKU_PHA_GASRELIEF_014,S003,45919.31181,14999
ORD0269,SKU_PHA_ANTIFUNGAL_015,S003,45919.3125,1999
ORD0270,SKU_PHA_ANTIBIOTIC_016,S003,45919.31319,4999
ORD0270,SKU_PHA_ALLERGY_017,S003,45919.31389,1499
ORD0271,SKU_PHA_BETADINE_018,S003,45919.31458,999
ORD0271,SKU_PHA_INSULIN_019,S003,45919.31528,3999
ORD0271,SKU_PHA_VITAMINC_020,S003,45919.31597,1799
ORD0272,SKU_PHA_CALCIUM_021,S003,45919.31667,2999
ORD0272,SKU_PHA_IRON_022,S003,45919.31736,499
ORD0272,SKU_PHA_ZINC_023,S003,45919.31806,399
ORD0273,SKU_PHA_ORAL_024,S003,45919.31875,799
ORD0273,SKU_PHA_LOZENGE_025,S003,45919.31944,999
ORD0273,SKU_PHA_ELECTROLYTE_026,S003,45919.32014,599
ORD0273,SKU_PHA_INHALER_027,S003,45919.32083,5999
ORD0273,SKU_PHA_OINTMENT_028,S003,45919.32153,1999
ORD0274,SKU_PHA_GLUCOMETER_029,S003,45919.32222,7999
ORD0274,SKU_PHA_BP_030,S003,45919.32292,2499
ORD0274,SKU_PHA_PAINSPRAY_031,S003,45919.32361,1499
ORD0274,SKU_PHA_COOLGEL_032,S003,45919.32431,45
ORD0275,SKU_PHA_COLDTAB_033,S003,45919.325,60
ORD0275,SKU_PHA_DIGESTIVE_034,S003,45919.32569,120
ORD0275,SKU_PHA_PROBIOTIC_035,S003,45919.32639,150
ORD0276,SKU_PHA_CALAMINE_036,S003,45919.32708,95
ORD0276,SKU_PHA_LIVER_037,S003,45919.32778,180
ORD0276,SKU_PHA_STEAM_038,S003,45919.32847,85
ORD0276,SKU_PHA_MASK_039,S003,45919.32917,75
ORD0276,SKU_PHA_VAPORUB_040,S003,45919.32986,350
ORD0277,SKU_PHA_PROTEIN_041,S003,45919.33056,180
ORD0277,SKU_PHA_VITAMINK2_042,S003,45919.33125,120
ORD0277,SKU_PHA_MAGNESIUM_043,S003,45919.33194,95
ORD0277,SKU_PHA_PROTEINBAR_044,S003,45919.33264,220
ORD0277,SKU_PHA_COLLAGEN_045,S003,45919.33333,60
ORD0278,SKU_PHA_BANDAGEKIT_046,S003,45919.33403,110
ORD0278,SKU_PHA_HEATINGPAD_047,S003,45919.33472,150
ORD0278,SKU_PHA_PULSE_048,S003,45919.33542,180
ORD0278,SKU_PHA_MASSAGER_049,S003,45919.33611,160
ORD0278,SKU_PHA_STRETCH_050,S003,45919.33681,950
ORD0279,SKU_PHA_PARACETAMOL_101,S003,45919.3375,180
ORD0279,SKU_PHA_ASPIRIN_102,S003,45919.33819,210
ORD0279,SKU_PHA_CETIRIZINE_103,S003,45919.33889,140
ORD0280,SKU_PHA_PANTOP_104,S003,45919.33958,170
ORD0280,SKU_PHA_METFORMIN_105,S003,45919.34028,35
ORD0280,SKU_PHA_OMEGA_106,S003,45919.34097,55
ORD0281,SKU_PHA_BIOTIN_107,S003,45919.34167,45
ORD0281,SKU_PHA_ASHWAGANDHA_108,S003,45919.34236,80
ORD0281,SKU_PHA_GINSENG_109,S003,45919.34306,40
ORD0281,SKU_PHA_CURCUMIN_110,S003,45919.34375,1200
ORD0281,SKU_PHA_WEIGHT_111,S003,45919.34444,2500
ORD0282,SKU_PHA_NEBULIZER_112,S003,45919.34514,210
ORD0282,SKU_PHA_FITNESS_113,S003,45919.34583,180
ORD0282,SKU_PHA_MASSAGER_114,S003,45919.34653,90
ORD0282,SKU_PHA_HEART_115,S003,45919.34722,75
ORD0282,SKU_PHA_ORAL_REHYD_301,S003,45919.34792,210
ORD0283,SKU_PHA_PROBIOTIC_302,S003,45919.34861,110
ORD0283,SKU_PHA_ANTACID_303,S003,45919.34931,190
ORD0283,SKU_PHA_COUGHLOZ_304,S003,45919.35,450
ORD0283,SKU_PHA_INSULIN_305,S003,45919.35069,120
ORD0283,SKU_PHA_BP_MONITOR_306,S003,45919.35139,150
ORD0284,SKU_PHA_GLUCO_307,S003,45919.35208,2200
ORD0284,SKU_PHA_PULSE_308,S003,45919.35278,450
ORD0284,SKU_PHA_PROTEIN_309,S003,45919.35347,380
ORD0285,SKU_PHA_ELECTROLYTE_310,S003,45919.35417,120
ORD0285,SKU_LIP_301,S003,45919.35486,950
ORD0286,SKU_LIP_302,S003,45919.35556,650
ORD0286,SKU_LIP_303,S003,45919.35625,1200
ORD0286,SKU_LIP_304,S003,45919.35694,900
ORD0286,SKU_LIP_305,S003,45919.35764,1600
ORD0286,SKU_TAB_401,S003,45919.35833,120
ORD0287,SKU_TAB_402,S003,45919.35903,65
ORD0287,SKU_TAB_403,S003,45919.35972,40
ORD0287,SKU_TAB_404,S003,45919.36042,55
ORD0287,SKU_MOU_401,S003,45919.36111,120
ORD0288,SKU_MOU_402,S003,45919.36181,85
ORD0288,SKU_MOU_403,S003,45919.3625,450
ORD0288,SKU_WATCH_411,S003,45919.36319,600
ORD0288,SKU_WATCH_412,S003,45919.36389,350
ORD0289,SKU_WATCH_413,S003,45919.36458,550
ORD0289,SKU_WATCH_414,S003,45919.36528,480
ORD0289,SKU_WATCH_415,S003,45919.36597,1200
ORD0289,SKU_BAG_416,S003,45919.36667,1800
ORD0290,SKU_BAG_417,S003,45919.36736,1999
ORD0290,SKU_BAG_418,S003,45919.36806,2500
ORD0291,SKU_BAG_419,S003,45919.36875,3999
ORD0291,SKU_BAG_420,S003,45919.36944,25
ORD0291,SKU_TAB_421,S003,45919.37014,120
ORD0292,SKU_TAB_422,S003,45919.37083,180
ORD0292,SKU_TAB_423,S003,45919.37153,60
ORD0293,SKU_TAB_424,S003,45919.37222,850
ORD0293,SKU_TAB_425,S003,45919.37292,2200
ORD0293,SKU_MIN_SERUM_501,S003,45919.37361,1800
ORD0294,SKU_MIN_SERUM_502,S003,45919.37431,1200
ORD0294,SKU_MIN_SERUM_503,S003,45919.375,2999
ORD0294,SKU_MIN_SERUM_504,S003,45919.37569,500
ORD0295,SKU_MIN_MOIST_505,S003,45919.37639,499
ORD0295,SKU_MIN_MOIST_506,S003,45919.37708,499
ORD0296,SKU_MIN_TONER_507,S003,45919.37778,499
ORD0296,SKU_MIN_FW_508,S003,45919.37847,599
ORD0296,SKU_MIN_SUN_509,S003,45919.37917,599
ORD0297,SKU_CB_701,S003,45919.37986,65
ORD0297,SKU_CB_702,S003,45919.38056,55
ORD0297,SKU_CB_703,S003,45919.38125,55
ORD0297,SKU_HB_704,S003,45919.38194,85
ORD0297,SKU_HB_705,S003,45919.38264,999
ORD0298,SKU_HB_706,S003,45919.38333,999
ORD0298,SKU_AN_707,S003,45919.38403,499
ORD0298,SKU_AN_708,S003,45919.38472,699
ORD0298,SKU_TF_709,S003,45919.38542,699
ORD0298,SKU_TF_710,S003,45919.38611,790
ORD0299,SKU_CH_711,S003,45919.38681,899
ORD0299,SKU_DHC_713,S003,45919.3875,799
ORD0299,SKU_OPI_714,S003,45919.38819,799
ORD0300,SKU_NYX_715,S003,45919.38889,650
ORD0300,SKU_LU_716,S003,45919.38958,320
ORD0300,SKU_VL_717,S003,45919.39028,399
ORD0301,SKU_AS_801,S003,45919.39097,499
ORD0301,SKU_AS_802,S003,45919.39167,7999
ORD0301,SKU_VH_803,S003,45919.39236,2999
ORD0302,SKU_VH_804,S003,45919.39306,9999
ORD0302,SKU_GD_805,S003,45919.39375,12999
ORD0303,SKU_GD_806,S003,45919.39444,10999
ORD0303,SKU_AU_807,S003,45919.39514,15999
ORD0304,SKU_AU_808,S003,45919.39583,3999
ORD0304,SKU_CO_809,S003,45919.39653,2499
ORD0304,SKU_CO_810,S003,45919.39722,1999
ORD0305,SKU_BQ_901,S003,45919.39792,1499
ORD0305,SKU_BQ_902,S003,45919.39861,50
ORD0306,SKU_WA_903,S003,45919.39931,60
ORD0306,SKU_WA_904,S003,45919.4,55
ORD0307,SKU_RO_905,S003,45919.40069,85
ORD0307,SKU_RO_906,S003,45919.40139,120
ORD0307,SKU_NX_907,S003,45919.40208,699
ORD0307,SKU_NX_908,S003,45919.40278,899
ORD0308,SKU_KS_909,S003,45919.40347,599
ORD0308,SKU_KS_910,S003,45919.40417,799
ORD0308,SKU_AM_901,S003,45919.40486,599
ORD0308,SKU_AM_902,S003,45919.40556,799
ORD0308,SKU_AM_903,S003,45919.40625,699
ORD0309,SKU_BS_904,S003,45919.40694,399
ORD0309,SKU_BS_905,S003,45919.40764,599
ORD0309,SKU_BS_906,S003,45919.40833,699
ORD0310,SKU_MB_907,S003,45919.40903,799
ORD0310,SKU_MB_908,S003,45919.40972,499
ORD0310,SKU_MB_909,S003,45919.41042,1499
ORD0310,SKU_DA_901,S003,45919.41111,2499
ORD0310,SKU_DA_902,S003,45919.41181,2999
ORD0311,SKU_EN_903,S003,45919.4125,1299
ORD0311,SKU_EN_904,S003,45919.41319,1399
ORD0311,SKU_SS_905,S003,45919.41389,2499
ORD0312,SKU_SS_906,S003,45919.41458,1899
ORD0312,SKU_FU_907,S003,45919.41528,5999
ORD0313,SKU_FU_908,S003,45919.41597,1899
ORD0313,SKU_LP_901,S003,45919.41667,899
ORD0313,SKU_LP_902,S003,45919.41736,799
ORD0313,SKU_LP_903,S003,45919.41806,899
ORD0313,SKU_LP_904,S003,45919.41875,599
ORD0314,SKU_LP_905,S003,45919.41944,1999
ORD0314,SKU_FC_906,S003,45919.42014,999
ORD0314,SKU_FC_907,S003,45919.42083,2499
ORD0314,SKU_FC_908,S003,45919.42153,2999
ORD0314,SKU_FC_909,S003,45919.42222,1799
ORD0315,SKU_FC_910,S003,45919.42292,2199
ORD0315,SKU_ET_911,S003,45919.42361,1999
ORD0315,SKU_ET_912,S003,45919.42431,799
ORD0316,SKU_ET_913,S003,45919.425,4999
ORD0316,SKU_ET_914,S003,45919.42569,2999
ORD0316,SKU_ET_915,S003,45919.42639,12999
ORD0316,SKU_ST_916,S003,45919.42708,18999
ORD0316,SKU_ST_917,S003,45919.42778,6999
ORD0317,SKU_ST_918,S003,45919.42847,9999
ORD0317,SKU_ST_919,S003,45919.42917,3999
ORD0317,SKU_ST_920,S003,45919.42986,5999
ORD0318,SKU_MIC_1001,S003,45919.43056,8999
ORD0318,SKU_LIGHT_1002,S003,45919.43125,12999
ORD0318,SKU_STAND_1003,S003,45919.43194,1299
ORD0319,SKU_GP_1004,S003,45919.43264,2999
ORD0319,SKU_GP_1005,S003,45919.43333,25999
ORD0319,SKU_INH_1001,S003,45919.43403,45999
ORD0320,SKU_INH_1002,S003,45919.43472,15999
ORD0320,SKU_INH_1003,S003,45919.43542,34999
ORD0321,SKU_INH_1004,S003,45919.43611,28999
ORD0321,SKU_INH_1005,S003,45919.43681,19999
ORD0321,SKU_NEB_1006,S003,45919.4375,21999
ORD0321,SKU_NEB_1007,S003,45919.43819,55999
ORD0321,SKU_NEB_1008,S003,45919.43889,17999
ORD0322,SKU_NEB_1009,S003,45919.43958,120
ORD0322,SKU_NEB_1010,S003,45919.44028,150
ORD0322,SKU_HP_1011,S003,45919.44097,350
ORD0322,SKU_HP_1012,S003,45919.44167,550
ORD0323,SKU_HP_1013,S003,45919.44236,450
ORD0323,SKU_HP_1014,S003,45919.44306,399
ORD0323,SKU_HP_1015,S003,45919.44375,500
ORD0324,SKU_JOG_1001,S003,45919.44444,550
ORD0324,SKU_JOG_1002,S003,45919.44514,699
ORD0324,SKU_JOG_1003,S003,45919.44583,799
ORD0324,SKU_JOG_1004,S003,45919.44653,899
ORD0324,SKU_KAF_1005,S003,45919.44722,1499
ORD0325,SKU_KAF_1006,S003,45919.44792,999
ORD0325,SKU_KAF_1007,S003,45919.44861,399
ORD0325,SKU_KAF_1008,S003,45919.44931,299
ORD0326,SKU_NS_1009,S003,45919.45,250
ORD0326,SKU_NS_1010,S003,45919.45069,350
ORD0326,SKU_NS_1011,S003,45919.45139,799
ORD0326,SKU_NS_1012,S003,45919.45208,299
ORD0327,SKU_000001,S003,45919.45278,799
ORD0327,SKU_000002,S003,45919.45347,199
ORD0327,SKU_000003,S003,45919.45417,499
ORD0328,SKU_000004,S003,45919.45486,399
ORD0328,SKU_000005,S003,45919.45556,499
ORD0328,SKU_000006,S003,45919.45625,799
ORD0329,SKU_000007,S003,45919.45694,1999
ORD0329,SKU_000008,S003,45919.45764,299
ORD0329,SKU_000009,S003,45919.45833,199
ORD0330,SKU_000010,S003,45919.45903,2999
ORD0330,SKU_000011,S003,45919.45972,1999
ORD0330,SKU_000012,S003,45919.46042,499
ORD0330,SKU_000013,S003,45919.46111,1499
ORD0330,SKU_000014,S003,45919.46181,999
ORD0331,SKU_000015,S003,45919.4625,350
ORD0331,SKU_000016,S003,45919.46319,320
ORD0331,SKU_000017,S003,45919.46389,450
ORD0331,SKU_000018,S003,45919.46458,500
ORD0332,SKU_000019,S003,45919.46528,550
ORD0332,SKU_000020,S003,45919.46597,2499
ORD0333,SKU_000021,S003,45919.46667,2999
ORD0333,SKU_000022,S003,45919.46736,1999
ORD0333,SKU_000023,S003,45919.46806,1799
ORD0333,SKU_000024,S003,45919.46875,2799
ORD0333,SKU_000025,S003,45919.46944,1299
ORD0334,SKU_000026,S003,45919.47014,799
ORD0334,SKU_000027,S003,45919.47083,1999
ORD0335,SKU_000028,S003,45919.47153,399
ORD0335,SKU_000029,S003,45919.47222,1599
ORD0336,SKU_000030,S003,45919.47292,1999
ORD0336,SKU_000031,S003,45919.47361,1999
ORD0336,SKU_000032,S003,45919.47431,1799
ORD0336,SKU_000033,S003,45919.475,1799
ORD0337,SKU_000034,S003,45919.47569,2499
ORD0337,SKU_000035,S003,45919.47639,2499
ORD0337,SKU_000036,S003,45919.47708,2999
ORD0337,SKU_000037,S003,45919.47778,2999
ORD0338,SKU_000038,S003,45919.47847,1499
ORD0338,SKU_000039,S003,45919.47917,1499
ORD0339,SKU_000040,S003,45919.47986,1299
ORD0339,SKU_000041,S003,45919.48056,1299
ORD0339,SKU_000042,S003,45919.48125,75.13
ORD0339,SKU_000043,S003,45919.48194,56.67
ORD0339,SKU_000044,S003,45919.48264,83.61
ORD0340,SKU_000045,S003,45919.48333,71.4
ORD0340,SKU_000046,S003,45919.48403,77.75
ORD0340,SKU_000047,S003,45919.48472,98.15
ORD0340,SKU_000048,S003,45919.48542,87.05
ORD0340,SKU_000049,S003,45919.48611,80.91
ORD0341,SKU_000050,S003,45919.48681,108.64
ORD0341,SKU_000051,S003,45919.4875,106.42
ORD0341,SKU_000052,S003,45919.48819,221.94
ORD0341,SKU_000053,S003,45919.48889,198.34
ORD0341,SKU_000054,S003,45919.48958,236.29
ORD0342,SKU_000055,S003,45919.49028,278.63
ORD0342,SKU_000056,S003,45919.49097,271.51
ORD0342,SKU_000057,S003,45919.49167,458.39
ORD0342,SKU_000058,S003,45919.49236,411.33
ORD0342,SKU_000059,S003,45919.49306,463.29
ORD0343,SKU_000060,S003,45919.49375,368.5
ORD0343,SKU_000061,S003,45919.49444,413.48
ORD0343,SKU_000062,S003,45919.49514,102.59
ORD0344,SKU_000063,S003,45919.49583,115.09
ORD0344,SKU_000064,S003,45919.49653,136.47
ORD0345,SKU_000065,S003,45919.49722,133.23
ORD0345,SKU_000066,S003,45919.49792,143.84
ORD0346,SKU_000067,S003,45919.49861,840.98
ORD0346,SKU_000068,S003,45919.49931,1077.95
ORD0346,SKU_000069,S003,45919.5,981.53
ORD0346,SKU_000070,S003,45919.50069,982.14
ORD0346,SKU_000071,S003,45919.50139,915.96
ORD0347,SKU_000072,S003,45919.50208,72.57
ORD0347,SKU_000073,S003,45919.50278,55.39
ORD0348,SKU_000074,S003,45919.50347,65.81
ORD0348,SKU_000075,S004,45919.50417,54.51
ORD0349,SKU_000076,S004,45919.50486,64.92
ORD0349,SKU_000077,S004,45919.50556,132.98
ORD0349,SKU_000078,S004,45919.50625,99.45
ORD0349,SKU_000079,S004,45919.50694,109.03
ORD0350,SKU_000080,S004,45919.50764,97.23
ORD0350,SKU_000081,S004,45919.50833,135.42
ORD0351,SKU_000082,S004,45919.50903,563.96
ORD0351,SKU_000083,S004,45919.50972,637.32
ORD0351,SKU_000084,S004,45919.51042,699.82
ORD0351,SKU_000085,S004,45919.51111,564.39
ORD0351,SKU_000086,S004,45919.51181,707.31
ORD0352,SKU_000087,S004,45919.5125,718.2
ORD0352,SKU_000088,S004,45919.51319,644.6
ORD0352,SKU_000089,S004,45919.51389,663.14
ORD0352,SKU_000090,S004,45919.51458,642.8
ORD0352,SKU_000091,S004,45919.51528,866.69
ORD0353,SKU_000092,S004,45919.51597,631.18
ORD0353,SKU_000093,S004,45919.51667,744.16
ORD0353,SKU_000094,S004,45919.51736,715.83
ORD0354,SKU_000095,S004,45919.51806,766.33
ORD0354,SKU_000096,S004,45919.51875,804.82
ORD0355,SKU_000097,S004,45919.51944,2084.42
ORD0355,SKU_000098,S004,45919.52014,1869.65
ORD0355,SKU_000099,S004,45919.52083,2144.93
ORD0356,SKU_000100,S004,45919.52153,1737.42
ORD0356,SKU_000101,S004,45919.52222,1819.8
ORD0356,SKU_000102,S004,45919.52292,1005.48
ORD0357,SKU_000103,S004,45919.52361,1091.54
ORD0357,SKU_000104,S004,45919.52431,1231.83
ORD0357,SKU_000105,S004,45919.525,992.58
ORD0357,SKU_000106,S004,45919.52569,1053.48
ORD0357,SKU_000107,S004,45919.52639,86792.06
ORD0358,SKU_000108,S004,45919.52708,66625.86
ORD0358,SKU_000109,S004,45919.52778,63662.02
ORD0358,SKU_000110,S004,45919.52847,63322.29
ORD0358,SKU_000111,S004,45919.52917,73636.04
ORD0359,SKU_000112,S004,45919.52986,3380.66
ORD0359,SKU_000113,S004,45919.53056,3397.37
ORD0359,SKU_000114,S004,45919.53125,3034.99
ORD0360,SKU_000115,S004,45919.53194,3397.52
ORD0360,SKU_000116,S004,45919.53264,3031.16
ORD0360,SKU_000117,S004,45919.53333,807.28
ORD0360,SKU_000118,S004,45919.53403,559.72
ORD0361,SKU_000119,S004,45919.53472,603.39
ORD0361,SKU_000120,S004,45919.53542,806.43
ORD0362,SKU_000121,S004,45919.53611,779.37
ORD0362,SKU_000122,S004,45919.53681,925.5
ORD0362,SKU_000123,S004,45919.5375,1221.35
ORD0363,SKU_000124,S004,45919.53819,1222.99
ORD0363,SKU_000125,S004,45919.53889,947.74
ORD0363,SKU_000126,S004,45919.53958,1164
ORD0363,SKU_000127,S004,45919.54028,2757.04
ORD0364,SKU_000128,S004,45919.54097,3782.3
ORD0364,SKU_000129,S004,45919.54167,3461.46
ORD0365,SKU_000130,S004,45919.54236,3363.72
ORD0365,SKU_000131,S004,45919.54306,3579.51
ORD0365,SKU_000132,S004,45919.54375,2684.5
ORD0365,SKU_000133,S004,45919.54444,2572.82
ORD0365,SKU_000134,S004,45919.54514,2502.03
ORD0366,SKU_000135,S004,45919.54583,2839.2
ORD0366,SKU_000136,S004,45919.54653,2102.52
ORD0367,SKU_000137,S004,45919.54722,215.39
ORD0367,SKU_000138,S004,45919.54792,207.75
ORD0367,SKU_000139,S004,45919.54861,199.84
ORD0368,SKU_000140,S004,45919.54931,193.82
ORD0368,SKU_000141,S004,45919.55,160.34
ORD0368,SKU_000142,S004,45919.55069,2313.28
ORD0369,SKU_000143,S004,45919.55139,1990.97
ORD0369,SKU_000144,S004,45919.55208,1619.27
ORD0370,SKU_000145,S004,45919.55278,2043.57
ORD0370,SKU_000146,S004,45919.55347,1957.03
ORD0371,SKU_000147,S004,45919.55417,928.93
ORD0371,SKU_000148,S004,45919.55486,966.69
ORD0371,SKU_000149,S004,45919.55556,1046.23
ORD0372,SKU_000150,S004,45919.55625,987.64
ORD0372,SKU_000151,S004,45919.55694,870.71
ORD0372,SKU_000152,S004,45919.55764,2348.39
ORD0372,SKU_000153,S004,45919.55833,2822.95
ORD0373,SKU_000154,S004,45919.55903,2906.44
ORD0373,SKU_000155,S004,45919.55972,2871.71
ORD0373,SKU_000156,S004,45919.56042,2735.39
ORD0373,SKU_000157,S004,45919.56111,16090.66
ORD0374,SKU_000158,S004,45919.56181,16994.81
ORD0374,SKU_000159,S004,45919.5625,15432.64
ORD0375,SKU_000160,S004,45919.56319,12529.79
ORD0375,SKU_000161,S004,45919.56389,13106.77
ORD0375,SKU_000162,S004,45919.56458,1686.7
ORD0375,SKU_000163,S004,45919.56528,1638.32
ORD0375,SKU_000164,S004,45919.56597,1342.22
ORD0376,SKU_000165,S004,45919.56667,1224.56
ORD0376,SKU_000166,S004,45919.56736,1575.26
ORD0377,SKU_000167,S004,45919.56806,16001.72
ORD0377,SKU_000168,S004,45919.56875,15624.31
ORD0378,SKU_000169,S004,45919.56944,13427.75
ORD0378,SKU_000170,S004,45919.57014,15238.82
ORD0378,SKU_000171,S004,45919.57083,18913.63
ORD0378,SKU_000172,S004,45919.57153,50798.12
ORD0378,SKU_000173,S004,45919.57222,44606.29
ORD0379,SKU_000174,S004,45919.57292,43089.04
ORD0379,SKU_000175,S004,45919.57361,51220.83
ORD0380,SKU_000176,S004,45919.57431,41485.41
ORD0380,SKU_000177,S004,45919.575,29689.03
ORD0381,SKU_000178,S004,45919.57569,25746.36
ORD0381,SKU_000179,S004,45919.57639,29388.35
ORD0382,SKU_000180,S004,45919.57708,22056.62
ORD0382,SKU_000181,S004,45919.57778,29086.85
ORD0383,SKU_000182,S004,45919.57847,5325.65
ORD0383,SKU_000183,S004,45919.57917,5388.6
ORD0383,SKU_000184,S004,45919.57986,4236.74
ORD0383,SKU_000185,S004,45919.58056,5071.61
ORD0383,SKU_000186,S004,45919.58125,5880.7
ORD0384,SKU_000187,S004,45919.58194,10289.13
ORD0384,SKU_000188,S004,45919.58264,7784.8
ORD0385,SKU_000189,S004,45919.58333,7822.83
ORD0385,SKU_000190,S004,45919.58403,9946.06
ORD0385,SKU_000191,S004,45919.58472,9655.88
ORD0385,SKU_000192,S004,45919.58542,146.97
ORD0385,SKU_000193,S004,45919.58611,138.17
ORD0386,SKU_000194,S004,45919.58681,140.41
ORD0386,SKU_000195,S004,45919.5875,127
ORD0386,SKU_000196,S004,45919.58819,118.66
ORD0386,SKU_000197,S004,45919.58889,66.69
ORD0386,SKU_000198,S004,45919.58958,55.54
ORD0387,SKU_000199,S004,45919.59028,68.7
ORD0387,SKU_000200,S004,45919.59097,55.3
ORD0388,SKU_000201,S004,45919.59167,69.01
ORD0388,SKU_000202,S004,45919.59236,1148.76
ORD0388,SKU_000203,S004,45919.59306,1501.01
ORD0388,SKU_000204,S004,45919.59375,1139.62
ORD0389,SKU_000205,S004,45919.59444,1156.1
ORD0389,SKU_000206,S004,45919.59514,1149.88
ORD0390,SKU_000207,S004,45919.59583,1370.71
ORD0390,SKU_000208,S004,45919.59653,1112.28
ORD0390,SKU_000209,S004,45919.59722,1235.38
ORD0390,SKU_000210,S004,45919.59792,1040.12
ORD0390,SKU_000211,S004,45919.59861,1247.43
ORD0391,SKU_000212,S004,45919.59931,671.47
ORD0391,SKU_000213,S004,45919.6,602.47
ORD0392,SKU_000214,S004,45919.60069,756.32
ORD0392,SKU_000215,S004,45919.60139,563.07
ORD0392,SKU_000216,S004,45919.60208,812.77
ORD0392,SKU_000217,S004,45919.60278,3015.58
ORD0393,SKU_000218,S004,45919.60347,2967.1
ORD0393,SKU_000219,S004,45919.60417,2855.67
ORD0394,SKU_000220,S004,45919.60486,3102.74
ORD0394,SKU_000221,S004,45919.60556,3208.33
ORD0394,SKU_000222,S004,45919.60625,762.09
ORD0394,SKU_000223,S004,45919.60694,807.34
ORD0395,SKU_000224,S004,45919.60764,689.94
ORD0395,SKU_000225,S004,45919.60833,949.05
ORD0396,SKU_000226,S004,45919.60903,743.4
ORD0396,SKU_000227,S004,45919.60972,3141.63
ORD0397,SKU_000228,S004,45919.61042,3065.4
ORD0397,SKU_000229,S004,45919.61111,3125.84
ORD0397,SKU_000230,S004,45919.61181,2934.41
ORD0397,SKU_000231,S004,45919.6125,3482.49
ORD0397,SKU_000232,S004,45919.61319,21837.34
ORD0398,SKU_000233,S004,45919.61389,24413.43
ORD0398,SKU_000234,S004,45919.61458,20451.09
ORD0399,SKU_000235,S004,45919.61528,25584.83
ORD0399,SKU_000236,S004,45919.61597,27321.53
ORD0399,SKU_000237,S004,45919.61667,9611.85
ORD0400,SKU_000238,S004,45919.61736,9772.75
ORD0400,SKU_000239,S004,45919.61806,9777.03
ORD0400,SKU_000240,S004,45919.61875,9605.62
ORD0400,SKU_000241,S004,45919.61944,7675.86
ORD0400,SKU_000242,S004,45919.62014,127721.85
ORD0401,SKU_000243,S004,45919.62083,126706.77
ORD0401,SKU_000244,S004,45919.62153,143919.3
ORD0402,SKU_000245,S004,45919.62222,125552.72
ORD0402,SKU_000246,S004,45919.62292,124699.32
ORD0402,SKU_000247,S004,45919.62361,99749.4
ORD0402,SKU_000248,S004,45919.62431,133156.14
ORD0402,SKU_000249,S004,45919.625,103291.29
ORD0403,SKU_000250,S004,45919.62569,142070.39
ORD0403,SKU_000251,S004,45919.62639,130234.06
ORD0403,SKU_000252,S004,45919.62708,74528.96
ORD0403,SKU_000253,S004,45919.62778,85335.23
ORD0403,SKU_000254,S004,45919.62847,85777.53
ORD0404,SKU_000255,S004,45919.62917,84728.85
ORD0404,SKU_000256,S004,45919.62986,85399.93
ORD0404,SKU_000257,S004,45919.63056,46930.9
ORD0404,SKU_000258,S004,45919.63125,53433.58
ORD0404,SKU_000259,S004,45919.63194,58943.36
ORD0405,SKU_000260,S004,45919.63264,53549.51
ORD0405,SKU_000261,S004,45919.63333,47804.27
ORD0405,SKU_000262,S004,45919.63403,58363.68
ORD0405,SKU_000263,S004,45919.63472,52150
ORD0405,SKU_000264,S004,45919.63542,44270.12
ORD0406,SKU_000265,S004,45919.63611,40343.84
ORD0406,SKU_000266,S004,45919.63681,47992.19
ORD0406,SKU_000267,S004,45919.6375,104.3
ORD0407,SKU_000268,S004,45919.63819,83.84
ORD0407,SKU_000269,S004,45919.63889,84.66
ORD0407,SKU_000270,S004,45919.63958,84.95
ORD0407,SKU_000271,S004,45919.64028,77.43
ORD0408,SKU_000272,S004,45919.64097,34.64
ORD0408,SKU_000273,S004,45919.64167,34.83
ORD0408,SKU_000274,S004,45919.64236,38.13
ORD0408,SKU_000275,S004,45919.64306,34.53
ORD0409,SKU_000276,S004,45919.64375,39.54
ORD0409,SKU_000277,S004,45919.64444,103.66
ORD0409,SKU_000278,S004,45919.64514,81.94
ORD0410,SKU_000279,S004,45919.64583,81.59
ORD0410,SKU_000280,S004,45919.64653,77.08
ORD0410,SKU_000281,S004,45919.64722,93.54
ORD0410,SKU_000282,S004,45919.64792,36.79
ORD0411,SKU_000283,S004,45919.64861,28.87
ORD0411,SKU_000284,S004,45919.64931,37.27
ORD0411,SKU_000285,S004,45919.65,37.33
ORD0412,SKU_000286,S004,45919.65069,35.29
ORD0412,SKU_000287,S004,45919.65139,1584.56
ORD0412,SKU_000288,S004,45919.65208,2088.42
ORD0413,SKU_000289,S004,45919.65278,1460.2
ORD0413,SKU_000290,S004,45919.65347,2054.85
ORD0414,SKU_000291,S004,45919.65417,2098.85
ORD0414,SKU_000292,S004,45919.65486,545.36
ORD0414,SKU_000293,S004,45919.65556,607.76
ORD0415,SKU_000294,S004,45919.65625,454.15
ORD0415,SKU_000295,S004,45919.65694,550.78
ORD0416,SKU_000296,S004,45919.65764,651.4
ORD0416,SKU_000297,S004,45919.65833,49247.85
ORD0417,SKU_000298,S004,45919.65903,50201.76
ORD0417,SKU_000299,S004,45919.65972,67940.03
ORD0417,SKU_000300,S004,45919.66042,54750.64
ORD0417,SKU_000301,S004,45919.66111,48716.87
ORD0417,SKU_000302,S004,45919.66181,2301.09
ORD0418,SKU_000303,S004,45919.6625,2262.93
ORD0418,SKU_000304,S004,45919.66319,2295.04
ORD0418,SKU_000305,S004,45919.66389,2197.71
ORD0418,SKU_000306,S004,45919.66458,2397.33
ORD0418,SKU_000307,S004,45919.66528,694.39
ORD0419,SKU_000308,S004,45919.66597,797.2
ORD0419,SKU_000309,S004,45919.66667,917.41
ORD0419,SKU_000310,S004,45919.66736,923.56
ORD0419,SKU_000311,S004,45919.66806,823.18
ORD0419,SKU_000312,S004,45919.66875,1769.45
ORD0420,SKU_000313,S004,45919.66944,1328.81
ORD0420,SKU_000314,S004,45919.67014,1614.7
ORD0421,SKU_000315,S004,45919.67083,1330.3
ORD0421,SKU_000316,S004,45919.67153,1356.3
ORD0422,SKU_000317,S004,45919.67222,814.42
ORD0422,SKU_000318,S004,45919.67292,814.49
ORD0422,SKU_000319,S004,45919.67361,899.06
ORD0422,SKU_000320,S004,45919.67431,785.15
ORD0423,SKU_000321,S004,45919.675,778.29
ORD0423,SKU_000322,S004,45919.67569,88.65
ORD0423,SKU_000323,S004,45919.67639,112.06
ORD0424,SKU_000324,S004,45919.67708,126.68
ORD0424,SKU_000325,S004,45919.67778,110.14
ORD0424,SKU_000326,S004,45919.67847,109.05
ORD0425,SKU_000327,S004,45919.67917,256.7
ORD0425,SKU_000328,S004,45919.67986,299.25
ORD0426,SKU_000329,S004,45919.68056,213.34
ORD0426,SKU_000330,S004,45919.68125,260.31
ORD0426,SKU_000331,S004,45919.68194,211.64
ORD0426,SKU_000332,S004,45919.68264,2669.49
ORD0427,SKU_000333,S004,45919.68333,2795.29
ORD0427,SKU_000334,S004,45919.68403,2938.08
ORD0427,SKU_000335,S004,45919.68472,2521.44
ORD0427,SKU_000336,S004,45919.68542,3062.05
ORD0427,SKU_000337,S004,45919.68611,98.61
ORD0428,SKU_000338,S004,45919.68681,94.36
ORD0428,SKU_000339,S004,45919.6875,90.09
ORD0429,SKU_000340,S004,45919.68819,87.55
ORD0429,SKU_000341,S004,45919.68889,94.31
ORD0430,SKU_000342,S004,45919.68958,946.37
ORD0430,SKU_000343,S004,45919.69028,809.76
ORD0430,SKU_000344,S004,45919.69097,1033.12
ORD0430,SKU_000345,S004,45919.69167,786.19
ORD0431,SKU_000346,S004,45919.69236,1120.05
ORD0431,SKU_000347,S004,45919.69306,863.1
ORD0431,SKU_000348,S004,45919.69375,867.43
ORD0431,SKU_000349,S004,45919.69444,799.17
ORD0431,SKU_000350,S004,45919.69514,1004.62
ORD0432,SKU_000351,S004,45919.69583,1056.93
ORD0432,SKU_000352,S004,45919.69653,746.34
ORD0432,SKU_000353,S004,45919.69722,601.7
ORD0433,SKU_000354,S004,45919.69792,736.78
ORD0433,SKU_000355,S004,45919.69861,690.59
ORD0433,SKU_000356,S004,45919.69931,516.21
ORD0433,SKU_000357,S004,45919.7,688.16
ORD0433,SKU_000358,S004,45919.70069,723.58
ORD0434,SKU_000359,S004,45919.70139,935.65
ORD0434,SKU_000360,S004,45919.70208,779.7
ORD0434,SKU_000361,S004,45919.70278,831.7
ORD0434,SKU_000362,S004,45919.70347,765.45
ORD0434,SKU_000363,S004,45919.70417,695.15
ORD0435,SKU_000364,S004,45919.70486,755.21
ORD0435,SKU_000365,S004,45919.70556,748.27
ORD0435,SKU_000366,S004,45919.70625,836.29
ORD0435,SKU_000367,S004,45919.70694,1624.22
ORD0435,SKU_000368,S004,45919.70764,1229.25
ORD0436,SKU_000369,S004,45919.70833,1454.83
ORD0436,SKU_000370,S004,45919.70903,1726.2
ORD0436,SKU_000371,S004,45919.70972,1633.27
ORD0437,SKU_000372,S004,45919.71042,611.8
ORD0437,SKU_000373,S004,45919.71111,553.23
ORD0437,SKU_000374,S004,45919.71181,772.44
ORD0437,SKU_000375,S004,45919.7125,693.15
ORD0437,SKU_000376,S004,45919.71319,677.91
ORD0438,SKU_000377,S004,45919.71389,485.3
ORD0438,SKU_000378,S004,45919.71458,533.68
ORD0438,SKU_000379,S004,45919.71528,567.54
ORD0439,SKU_000380,S004,45919.71597,510.73
ORD0439,SKU_000381,S004,45919.71667,468.83
ORD0439,SKU_000382,S004,45919.71736,396.71
ORD0439,SKU_000383,S004,45919.71806,284.66
ORD0439,SKU_000384,S004,45919.71875,280
ORD0440,SKU_000385,S004,45919.71944,281.07
ORD0440,SKU_000386,S004,45919.72014,288.16
ORD0441,SKU_000387,S004,45919.72083,13006.66
ORD0441,SKU_000388,S004,45919.72153,14334.36
ORD0441,SKU_000389,S004,45919.72222,13476.01
ORD0442,SKU_000390,S004,45919.72292,16819.42
ORD0442,SKU_000391,S004,45919.72361,14353.22
ORD0443,SKU_000392,S004,45919.72431,10664.29
ORD0443,SKU_000393,S004,45919.725,11590.14
ORD0444,SKU_000394,S004,45919.72569,10811.17
ORD0444,SKU_000395,S004,45919.72639,11791.42
ORD0444,SKU_000396,S004,45919.72708,12940.46
ORD0444,SKU_000397,S004,45919.72778,52297.02
ORD0444,SKU_000398,S004,45919.72847,54577.37
ORD0445,SKU_000399,S004,45919.72917,47261.24
ORD0445,SKU_000400,S004,45919.72986,44824.1
ORD0445,SKU_000401,S004,45919.73056,42334.49
ORD0445,SKU_000402,S004,45919.73125,163.44
ORD0446,SKU_000403,S004,45919.73194,120.75
ORD0446,SKU_000404,S004,45919.73264,121.04
ORD0446,SKU_000405,S004,45919.73333,173.06
ORD0446,SKU_000406,S004,45919.73403,125.17
ORD0447,SKU_000407,S004,45919.73472,156.35
ORD0447,SKU_000408,S004,45919.73542,185.17
ORD0447,SKU_000409,S004,45919.73611,140.29
ORD0447,SKU_000410,S004,45919.73681,144.88
ORD0448,SKU_000411,S004,45919.7375,181.6
ORD0448,SKU_000412,S004,45919.73819,1634.98
ORD0448,SKU_000413,S004,45919.73889,2187.18
ORD0448,SKU_000414,S004,45919.73958,1644.27
ORD0448,SKU_000415,S004,45919.74028,1603.21
ORD0449,SKU_000416,S004,45919.74097,2380.15
ORD0449,SKU_000417,S004,45919.74167,2973.6
ORD0449,SKU_000418,S004,45919.74236,2252.68
ORD0450,SKU_000419,S004,45919.74306,2323.77
ORD0450,SKU_000420,S004,45919.74375,2188.39
ORD0450,SKU_000421,S004,45919.74444,2889.09
ORD0451,SKU_000422,S004,45919.74514,1232.73
ORD0451,SKU_000423,S004,45919.74583,1430.19
ORD0452,SKU_000424,S004,45919.74653,1430.83
ORD0452,SKU_000425,S004,45919.74722,1299.95
ORD0453,SKU_000426,S004,45919.74792,1296.59
ORD0453,SKU_000427,S004,45919.74861,1634.19
ORD0453,SKU_000428,S004,45919.74931,2257.66
ORD0453,SKU_000429,S004,45919.75,1856.9
ORD0454,SKU_000430,S004,45919.75069,2006.35
ORD0454,SKU_000431,S004,45919.75139,2235.74
ORD0454,SKU_000432,S004,45919.75208,630.53
ORD0454,SKU_000433,S004,45919.75278,653.6
ORD0455,SKU_000434,S004,45919.75347,489.48
ORD0455,SKU_000435,S004,45919.75417,616.47
ORD0455,SKU_000436,S004,45919.75486,634.81
ORD0455,SKU_000437,S004,45919.75556,1241.23
ORD0455,SKU_000438,S004,45919.75625,1613.15
ORD0456,SKU_000439,S004,45919.75694,1267.43
ORD0456,SKU_000440,S004,45919.75764,1465.93
ORD0456,SKU_000441,S004,45919.75833,1556.95
ORD0456,SKU_000442,S004,45919.75903,2199.62
ORD0456,SKU_000443,S004,45919.75972,2360.98
ORD0457,SKU_000444,S004,45919.76042,2135.84
ORD0457,SKU_000445,S004,45919.76111,2265.94
ORD0457,SKU_000446,S004,45919.76181,2048.68
ORD0457,SKU_000447,S004,45919.7625,1478.74
ORD0458,SKU_000448,S004,45919.76319,1231.92
ORD0458,SKU_000449,S004,45919.76389,1671.82
ORD0459,SKU_000450,S004,45919.76458,1312.89
ORD0459,SKU_000451,S004,45919.76528,1294.61
ORD0459,SKU_000452,S004,45919.76597,2387.47
ORD0460,SKU_000453,S004,45919.76667,2319.96
ORD0460,SKU_000454,S004,45919.76736,1921.91
ORD0460,SKU_000455,S004,45919.76806,1605.93
ORD0461,SKU_000456,S004,45919.76875,2109.75
ORD0461,SKU_000457,S004,45919.76944,850.28
ORD0462,SKU_000458,S004,45919.77014,1064.41
ORD0462,SKU_000459,S004,45919.77083,1178.23
ORD0463,SKU_000460,S004,45919.77153,922.55
ORD0463,SKU_000461,S004,45919.77222,1014.22
ORD0463,SKU_000462,S004,45919.77292,751.26
ORD0463,SKU_000463,S004,45919.77361,878.74
ORD0463,SKU_000464,S004,45919.77431,936.81
ORD0464,SKU_000465,S004,45919.775,835.8
ORD0464,SKU_000466,S004,45919.77569,829.87
ORD0464,SKU_000467,S004,45919.77639,2286.86
ORD0465,SKU_000468,S004,45919.77708,2163.99
ORD0465,SKU_000469,S004,45919.77778,2695.24
ORD0465,SKU_000470,S004,45919.77847,2655.66
ORD0465,SKU_000471,S004,45919.77917,2213.99
ORD0466,SKU_000472,S004,45919.77986,1682.02
ORD0466,SKU_000473,S004,45919.78056,1308.99
ORD0466,SKU_000474,S005,45919.78125,1644.14
ORD0466,SKU_000475,S005,45919.78194,1666.95
ORD0467,SKU_000476,S005,45919.78264,1742.47
ORD0467,SKU_000477,S005,45919.78333,1005.63
ORD0467,SKU_000478,S005,45919.78403,1095.51
ORD0467,SKU_000479,S005,45919.78472,858.5
ORD0468,SKU_000480,S005,45919.78542,956.86
ORD0468,SKU_000481,S005,45919.78611,1096.03
ORD0468,SKU_000482,S005,45919.78681,1774.05
ORD0469,SKU_000483,S005,45919.7875,1703.09
ORD0469,SKU_000484,S005,45919.78819,1967.08
ORD0469,SKU_000485,S005,45919.78889,1963.19
ORD0469,SKU_000486,S005,45919.78958,1614.34
ORD0469,SKU_000487,S005,45919.79028,8231.83
ORD0470,SKU_000488,S005,45919.79097,8269.68
ORD0470,SKU_000489,S005,45919.79167,9394.95
ORD0470,SKU_000490,S005,45919.79236,8751.64
ORD0471,SKU_000491,S005,45919.79306,8177.29
ORD0471,SKU_000492,S005,45919.79375,3358.34
ORD0471,SKU_000493,S005,45919.79444,2900.32
ORD0472,SKU_000494,S005,45919.79514,3230.76
ORD0472,SKU_000495,S005,45919.79583,2999.06
ORD0472,SKU_000496,S005,45919.79653,3498.47
ORD0472,SKU_000497,S005,45919.79722,46121.64
ORD0472,SKU_000498,S005,45919.79792,50045.66
ORD0473,SKU_000499,S005,45919.79861,51984.73
ORD0473,SKU_000500,S005,45919.79931,48924.98
ORD0473,SKU_000501,S005,45919.8,46313.29
ORD0474,SKU_000502,S005,45919.80069,20629.66
ORD0474,SKU_000503,S005,45919.80139,22819.78
ORD0474,SKU_000504,S005,45919.80208,20676.65
ORD0474,SKU_000505,S005,45919.80278,16752.76
ORD0475,SKU_000506,S005,45919.80347,22901.85
ORD0475,SKU_000507,S005,45919.80417,33706.11
ORD0475,SKU_000508,S005,45919.80486,25338.92
ORD0475,SKU_000509,S005,45919.80556,23934.99
ORD0476,SKU_000510,S005,45919.80625,34728.37
ORD0476,SKU_000511,S005,45919.80694,29535.87
ORD0476,SKU_000512,S005,45919.80764,34555.11
ORD0476,SKU_000513,S005,45919.80833,31135.86
ORD0476,SKU_000514,S005,45919.80903,41938.47
ORD0477,SKU_000515,S005,45919.80972,28873.91
ORD0477,SKU_000516,S005,45919.81042,41879.89
ORD0477,SKU_000517,S005,45919.81111,16005.25
ORD0477,SKU_000518,S005,45919.81181,22625.48
ORD0477,SKU_000519,S005,45919.8125,20197.11
ORD0478,SKU_000520,S005,45919.81319,17494.93
ORD0478,SKU_000521,S005,45919.81389,22150.76
ORD0479,SKU_000522,S005,45919.81458,6429.21
ORD0479,SKU_000523,S005,45919.81528,7530.08
ORD0480,SKU_000524,S005,45919.81597,8725.25
ORD0480,SKU_000525,S005,45919.81667,7394.94
ORD0480,SKU_000526,S005,45919.81736,7570.75
ORD0480,SKU_000527,S005,45919.81806,1880.16
ORD0480,SKU_000528,S005,45919.81875,2151.51
ORD0481,SKU_000529,S005,45919.81944,1704.89
ORD0481,SKU_000530,S005,45919.82014,2096.12
ORD0481,SKU_000531,S005,45919.82083,1529.18
ORD0482,SKU_000532,S005,45919.82153,1502.65
ORD0482,SKU_000533,S005,45919.82222,1331.02
ORD0482,SKU_000534,S005,45919.82292,1498.17
ORD0482,SKU_000535,S005,45919.82361,1294.69
ORD0483,SKU_000536,S005,45919.82431,1135.92
ORD0483,SKU_000537,S005,45919.825,6383.92
ORD0484,SKU_000538,S005,45919.82569,6915.9
ORD0484,SKU_000539,S005,45919.82639,5878.83
ORD0484,SKU_000540,S005,45919.82708,6845.92
ORD0485,SKU_000541,S005,45919.82778,6446.31
ORD0485,SKU_000542,S005,45919.82847,1690.48
ORD0485,SKU_000543,S005,45919.82917,2027.63
ORD0485,SKU_000544,S005,45919.82986,1757.77
ORD0486,SKU_000545,S005,45919.83056,1614.45
ORD0486,SKU_000546,S005,45919.83125,2001.6
ORD0486,SKU_000547,S005,45919.83194,2047.39
ORD0487,SKU_000548,S005,45919.83264,1608.19
ORD0487,SKU_000549,S005,45919.83333,2181.77
ORD0487,SKU_000550,S005,45919.83403,1752.41
ORD0488,SKU_000551,S005,45919.83472,1694.37
ORD0488,SKU_000552,S005,45919.83542,2940.3
ORD0488,SKU_000553,S005,45919.83611,3084.14
ORD0488,SKU_000554,S005,45919.83681,2421.65
ORD0489,SKU_000555,S005,45919.8375,2598.65
ORD0489,SKU_000556,S005,45919.83819,3069.84
ORD0489,SKU_000557,S005,45919.83889,681.24
ORD0489,SKU_000558,S005,45919.83958,848.25
ORD0490,SKU_000559,S005,45919.84028,948.9
ORD0490,SKU_000560,S005,45919.84097,805.7
ORD0490,SKU_000561,S005,45919.84167,761.32
ORD0490,SKU_000562,S005,45919.84236,45.52
ORD0490,SKU_000563,S005,45919.84306,32.59
ORD0491,SKU_000564,S005,45919.84375,36.2
ORD0491,SKU_000565,S005,45919.84444,41.54
ORD0491,SKU_000566,S005,45919.84514,40.19
ORD0491,SKU_000567,S005,45919.84583,194.57
ORD0491,SKU_000568,S005,45919.84653,155.2
ORD0492,SKU_000569,S005,45919.84722,181.63
ORD0492,SKU_000570,S005,45919.84792,180.7
ORD0492,SKU_000571,S005,45919.84861,207.45
ORD0492,SKU_000572,S005,45919.84931,684.54
ORD0493,SKU_000573,S005,45919.85,724.12
ORD0493,SKU_000574,S005,45919.85069,794.45
ORD0493,SKU_000575,S005,45919.85139,798.13
ORD0493,SKU_000576,S005,45919.85208,849.48
ORD0494,SKU_000577,S005,45919.85278,2141.94
ORD0494,SKU_000578,S005,45919.85347,2048.12
ORD0495,SKU_000579,S005,45919.85417,1765.2
ORD0495,SKU_000580,S005,45919.85486,1701.48
ORD0495,SKU_000581,S005,45919.85556,1514.46
ORD0495,SKU_000582,S005,45919.85625,358.1
ORD0495,SKU_000583,S005,45919.85694,372.02
ORD0496,SKU_000584,S005,45919.85764,348.39
ORD0496,SKU_000585,S005,45919.85833,345.93
ORD0497,SKU_000586,S005,45919.85903,315.2
ORD0497,SKU_000587,S005,45919.85972,204.38
ORD0497,SKU_000588,S005,45919.86042,147.3
ORD0497,SKU_000589,S005,45919.86111,199.1
ORD0497,SKU_000590,S005,45919.86181,154.19
ORD0498,SKU_000591,S005,45919.8625,154.67
ORD0498,SKU_000592,S005,45919.86319,362.71
ORD0498,SKU_000593,S005,45919.86389,362.31
ORD0498,SKU_000594,S005,45919.86458,356
ORD0499,SKU_000595,S005,45919.86528,318.61
ORD0499,SKU_000596,S005,45919.86597,314.21
ORD0499,SKU_000597,S005,45919.86667,301.65
ORD0500,SKU_000598,S005,45919.86736,268.23
ORD0500,SKU_000599,S005,45919.86806,330.65
ORD0500,SKU_000600,S005,45919.86875,283.6
ORD0500,SKU_000601,S005,45919.86944,263.16
ORD0501,SKU_000602,S005,45919.87014,1110.86
ORD0501,SKU_000603,S005,45919.87083,1100.1
ORD0501,SKU_000604,S005,45919.87153,1045.55
ORD0501,SKU_000605,S005,45919.87222,1040.74
ORD0501,SKU_000606,S005,45919.87292,832.63
ORD0502,SKU_000607,S005,45919.87361,522.86
ORD0502,SKU_000608,S005,45919.87431,523.14
ORD0502,SKU_000609,S005,45919.875,691.78
ORD0502,SKU_000610,S005,45919.87569,529.65
ORD0502,SKU_000611,S005,45919.87639,614.89
ORD0503,SKU_000612,S005,45919.87708,181.8
ORD0503,SKU_000613,S005,45919.87778,213.85
ORD0504,SKU_000614,S005,45919.87847,162.81
ORD0504,SKU_000615,S005,45919.87917,190.9
ORD0505,SKU_000616,S005,45919.87986,154.46
ORD0505,SKU_000617,S005,45919.88056,335.13
ORD0506,SKU_000618,S005,45919.88125,373.22
ORD0506,SKU_000619,S005,45919.88194,425.24
ORD0506,SKU_000620,S005,45919.88264,380.58
ORD0506,SKU_000621,S005,45919.88333,348.51
ORD0506,SKU_000622,S005,45919.88403,246.15
ORD0507,SKU_000623,S005,45919.88472,290.69
ORD0507,SKU_000624,S005,45919.88542,263.74
ORD0507,SKU_000625,S005,45919.88611,311.12
ORD0507,SKU_000626,S005,45919.88681,301.72
ORD0507,SKU_000627,S005,45919.8875,559.58
ORD0508,SKU_000628,S005,45919.88819,678.22
ORD0508,SKU_000629,S005,45919.88889,630.98
ORD0508,SKU_000630,S005,45919.88958,604.4
ORD0508,SKU_000631,S005,45919.89028,705.01
ORD0509,SKU_000632,S005,45919.89097,2932.09
ORD0509,SKU_000633,S005,45919.89167,2306.38
ORD0509,SKU_000634,S005,45919.89236,2597.8
ORD0509,SKU_000635,S005,45919.89306,3208.71
ORD0510,SKU_000636,S005,45919.89375,2315.59
ORD0510,SKU_000637,S005,45919.89444,3379.29
ORD0510,SKU_000638,S005,45919.89514,3345.55
ORD0511,SKU_000639,S005,45919.89583,3202.74
ORD0511,SKU_000640,S005,45919.89653,3047.13
ORD0512,SKU_000641,S005,45919.89722,2878.75
ORD0512,SKU_000642,S005,45919.89792,3103.65
ORD0512,SKU_000643,S005,45919.89861,3126.89
ORD0513,SKU_000644,S005,45919.89931,3309.2
ORD0513,SKU_000645,S005,45919.9,3493.23
ORD0513,SKU_000646,S005,45919.90069,2680.99
ORD0513,SKU_000647,S005,45919.90139,721.64
ORD0514,SKU_000648,S005,45919.90208,786.15
ORD0514,SKU_000649,S005,45919.90278,655.78
ORD0515,SKU_000650,S005,45919.90347,880.35
ORD0515,SKU_000651,S005,45919.90417,743.3
ORD0515,SKU_000652,S005,45919.90486,275.78
ORD0516,SKU_000653,S005,45919.90556,264.03
ORD0516,SKU_000654,S005,45919.90625,228.03
ORD0516,SKU_000655,S005,45919.90694,302.86
ORD0516,SKU_000656,S005,45919.90764,297.93
ORD0516,SKU_000657,S005,45919.90833,224.96
ORD0517,SKU_000658,S005,45919.90903,214.54
ORD0517,SKU_000659,S005,45919.90972,220.22
ORD0517,SKU_000660,S005,45919.91042,215.59
ORD0517,SKU_000661,S005,45919.91111,201.72
ORD0517,SKU_000662,S005,45919.91181,21549.31
ORD0518,SKU_000663,S005,45919.9125,20373.07
ORD0518,SKU_000664,S005,45919.91319,20125.72
ORD0518,SKU_000665,S005,45919.91389,19879.22
ORD0518,SKU_000666,S005,45919.91458,18452.08
ORD0518,SKU_000667,S005,45919.91528,29531.26
ORD0519,SKU_000668,S005,45919.91597,33199.08
ORD0519,SKU_000669,S005,45919.91667,26783.09
ORD0519,SKU_000670,S005,45919.91736,32187.61
ORD0519,SKU_000671,S005,45919.91806,27259.98
ORD0519,SKU_000672,S005,45919.91875,31698.61
ORD0520,SKU_000673,S005,45919.91944,34252.45
ORD0520,SKU_000674,S005,45919.92014,34394.04
ORD0520,SKU_000675,S005,45919.92083,32928.11
ORD0520,SKU_000676,S005,45919.92153,35733.18
ORD0520,SKU_000677,S005,45919.92222,44.55
ORD0521,SKU_000678,S005,45919.92292,36.59
ORD0521,SKU_000679,S005,45919.92361,44.41
ORD0521,SKU_000680,S005,45919.92431,44.89
ORD0521,SKU_000681,S005,45919.925,53.15
ORD0522,SKU_000682,S005,45919.92569,38.64
ORD0522,SKU_000683,S005,45919.92639,30.29
ORD0522,SKU_000684,S005,45919.92708,32.38
ORD0523,SKU_000685,S005,45919.92778,39.82
ORD0523,SKU_000686,S005,45919.92847,36.41
ORD0524,SKU_000687,S005,45919.92917,708.23
ORD0524,SKU_000688,S005,45919.92986,734.9
ORD0524,SKU_000689,S005,45919.93056,784.95
ORD0525,SKU_000690,S005,45919.93125,748.36
ORD0525,SKU_000691,S005,45919.93194,715.3
ORD0525,SKU_000692,S005,45919.93264,71.05
ORD0526,SKU_000693,S005,45919.93333,65.01
ORD0526,SKU_000694,S005,45919.93403,64.14
ORD0526,SKU_000695,S005,45919.93472,69.05
ORD0526,SKU_000696,S005,45919.93542,65.65
ORD0527,SKU_000697,S005,45919.93611,187.63
ORD0527,SKU_000698,S005,45919.93681,188.28
ORD0527,SKU_000699,S005,45919.9375,222.73
ORD0527,SKU_000700,S005,45919.93819,240.79
ORD0528,SKU_000701,S005,45919.93889,183.91
ORD0528,SKU_000702,S005,45919.93958,54.05
ORD0528,SKU_000703,S005,45919.94028,61.03
ORD0528,SKU_000704,S005,45919.94097,63.78
ORD0529,SKU_000705,S005,45919.94167,59.34
ORD0529,SKU_000706,S005,45919.94236,63.2
ORD0529,SKU_000707,S005,45919.94306,9431.65
ORD0530,SKU_000708,S005,45919.94375,8676.18
ORD0530,SKU_000709,S005,45919.94444,7685.4
ORD0530,SKU_000710,S005,45919.94514,8241.4
ORD0530,SKU_000711,S005,45919.94583,7031.43
ORD0530,SKU_000712,S005,45919.94653,166.4
ORD0531,SKU_000713,S005,45919.94722,141.37
ORD0531,SKU_000714,S005,45919.94792,159.42
ORD0531,SKU_000715,S005,45919.94861,179.05
ORD0532,SKU_000716,S005,45919.94931,200.56
ORD0532,SKU_000717,S005,45919.95,50.9
ORD0532,SKU_000718,S005,45919.95069,51.74
ORD0533,SKU_000719,S005,45919.95139,48.43
ORD0533,SKU_000720,S005,45919.95208,50.17
ORD0534,SKU_000721,S005,45919.95278,59.53
ORD0534,SKU_000722,S005,45919.95347,49.56
ORD0534,SKU_000723,S005,45919.95417,46.1
ORD0534,SKU_000724,S005,45919.95486,37.82
ORD0534,SKU_000725,S005,45919.95556,52.98
ORD0535,SKU_000726,S005,45919.95625,53.52
ORD0535,SKU_000727,S005,45919.95694,117.59
ORD0535,SKU_000728,S005,45919.95764,119.11
ORD0536,SKU_000729,S005,45919.95833,105
ORD0536,SKU_000730,S005,45919.95903,95.58
ORD0537,SKU_000731,S005,45919.95972,116.47
ORD0537,SKU_000732,S005,45919.96042,49837.65
ORD0537,SKU_000733,S005,45919.96111,62720.79
ORD0537,SKU_000734,S005,45919.96181,48723.15
ORD0537,SKU_000735,S005,45919.9625,55151.88
ORD0538,SKU_000736,S005,45919.96319,51107.33
ORD0538,SKU_000737,S005,45919.96389,64709.56
ORD0538,SKU_000738,S005,45919.96458,77089.29
ORD0538,SKU_000739,S005,45919.96528,72475.89
ORD0539,SKU_000740,S005,45919.96597,87811.9
ORD0539,SKU_000741,S005,45919.96667,78744.84
ORD0540,SKU_000742,S005,45919.96736,20892.57
ORD0540,SKU_000743,S005,45919.96806,22779.85
ORD0540,SKU_000744,S005,45919.96875,18101.25
ORD0540,SKU_000745,S005,45919.96944,18404.49
ORD0541,SKU_000746,S005,45919.97014,22206.76
ORD0541,SKU_000747,S005,45919.97083,10394.87
ORD0542,SKU_000748,S005,45919.97153,8335.03
ORD0542,SKU_000749,S005,45919.97222,8932.85
ORD0542,SKU_000750,S005,45919.97292,9509.94
ORD0542,SKU_000751,S005,45919.97361,9814.9
ORD0543,SKU_000752,S005,45919.97431,3363.26
ORD0543,SKU_000753,S005,45919.975,2843.8
ORD0543,SKU_000754,S005,45919.97569,2567.21
ORD0543,SKU_000755,S005,45919.97639,3554.55
ORD0544,SKU_000756,S005,45919.97708,2774.71
ORD0544,SKU_000757,S005,45919.97778,29713.06
ORD0544,SKU_000758,S005,45919.97847,28450.62
ORD0544,SKU_000759,S005,45919.97917,23216.18
ORD0544,SKU_000760,S005,45919.97986,21812.98
ORD0545,SKU_000761,S005,45919.98056,28589.81
ORD0545,SKU_000762,S005,45919.98125,10781.69
ORD0545,SKU_000763,S005,45919.98194,10848.35
ORD0545,SKU_000764,S005,45919.98264,13436.8
ORD0546,SKU_000765,S005,45919.98333,13211.1
ORD0546,SKU_000766,S005,45919.98403,11215.74
ORD0546,SKU_000767,S005,45919.98472,17926.36
ORD0547,SKU_000768,S005,45919.98542,22133.54
ORD0547,SKU_000769,S005,45919.98611,22363.53
ORD0547,SKU_000770,S005,45919.98681,20329.25
ORD0547,SKU_000771,S005,45919.9875,16964.65
ORD0547,SKU_000772,S005,45919.98819,13095.25
ORD0548,SKU_000773,S005,45919.98889,14451.4
ORD0548,SKU_000774,S005,45919.98958,14342.52
ORD0549,SKU_000775,S005,45919.99028,10503.78
ORD0549,SKU_000776,S005,45919.99097,14161.44
ORD0550,SKU_000777,S005,45919.99167,109.12
ORD0550,SKU_000778,S005,45919.99236,102.6
ORD0551,SKU_000779,S005,45919.99306,123.6
ORD0551,SKU_000780,S005,45919.99375,101.8
ORD0551,SKU_000781,S005,45919.99444,137.15
ORD0551,SKU_000782,S005,45919.99514,2813.04
ORD0552,SKU_000783,S005,45919.99583,2644.98
ORD0552,SKU_000784,S005,45919.99653,2416.73
ORD0552,SKU_000785,S005,45919.99722,2489.21
ORD0552,SKU_000786,S005,45919.99792,3264.96
ORD0553,SKU_000787,S005,45919.99861,2590.37
ORD0553,SKU_000788,S005,45919.99931,2929.33
ORD0554,SKU_000789,S005,45920,3133.9
ORD0554,SKU_000790,S005,45920.00069,3438.59
ORD0555,SKU_000791,S005,45920.00139,3527.29
ORD0555,SKU_000792,S005,45920.00208,348.1
ORD0555,SKU_000793,S005,45920.00278,303.38
ORD0556,SKU_000794,S005,45920.00347,384.54
ORD0556,SKU_000795,S005,45920.00417,286.28
ORD0556,SKU_000796,S005,45920.00486,378.51
ORD0556,SKU_000797,S005,45920.00556,3904.46
ORD0556,SKU_000798,S005,45920.00625,3604.93
ORD0557,SKU_000799,S005,45920.00694,3928.42
ORD0557,SKU_000800,S005,45920.00764,4196.99
ORD0558,SKU_000801,S005,45920.00833,4154.88
ORD0558,SKU_000802,S005,45920.00903,80.14
ORD0558,SKU_000803,S005,45920.00972,112.24
ORD0558,SKU_000804,S005,45920.01042,97.22
ORD0558,SKU_000805,S005,45920.01111,77.42
ORD0559,SKU_000806,S005,45920.01181,102.48
ORD0559,SKU_000807,S005,45920.0125,235.48
ORD0559,SKU_000808,S005,45920.01319,274.47
ORD0559,SKU_000809,S005,45920.01389,297.82
ORD0560,SKU_000810,S005,45920.01458,227.75
ORD0560,SKU_000811,S005,45920.01528,223.42
ORD0560,SKU_000812,S005,45920.01597,615.83
ORD0560,SKU_000813,S005,45920.01667,507.55
ORD0561,SKU_000814,S005,45920.01736,592.34
ORD0561,SKU_000815,S005,45920.01806,490.6
ORD0561,SKU_000816,S005,45920.01875,591.28
ORD0561,SKU_000817,S005,45920.01944,822.04
ORD0561,SKU_000818,S005,45920.02014,885.26
ORD0562,SKU_000819,S005,45920.02083,858.18
ORD0562,SKU_000820,S005,45920.02153,866.68
ORD0562,SKU_000821,S005,45920.02222,651.26
ORD0562,SKU_000822,S005,45920.02292,45.82
ORD0562,SKU_000823,S005,45920.02361,56.41
ORD0563,SKU_000824,S005,45920.02431,45.14
ORD0563,SKU_000825,S005,45920.025,63.79
ORD0563,SKU_000826,S005,45920.02569,53.91
ORD0564,SKU_000827,S005,45920.02639,4150.41
ORD0564,SKU_000828,S005,45920.02708,4289.03
ORD0564,SKU_000829,S005,45920.02778,4617.2
ORD0564,SKU_000830,S005,45920.02847,4103.09
ORD0565,SKU_000831,S005,45920.02917,3613.67
ORD0565,SKU_000832,S005,45920.02986,5243.81
ORD0565,SKU_000833,S005,45920.03056,4962.3
ORD0566,SKU_000834,S005,45920.03125,5216.75
ORD0566,SKU_000835,S005,45920.03194,5070.92
ORD0567,SKU_000836,S005,45920.03264,7012.13
ORD0567,SKU_000837,S005,45920.03333,107.98
ORD0567,SKU_000838,S005,45920.03403,99.1
ORD0567,SKU_000839,S005,45920.03472,92.86
ORD0568,SKU_000840,S005,45920.03542,91.97
ORD0568,SKU_000841,S005,45920.03611,81.32
ORD0568,SKU_000842,S005,45920.03681,350.55
ORD0568,SKU_000843,S005,45920.0375,388.96
ORD0568,SKU_000844,S005,45920.03819,292.02
ORD0569,SKU_000845,S005,45920.03889,391.26
ORD0569,SKU_000846,S005,45920.03958,284.07
ORD0569,SKU_000847,S005,45920.04028,70.23
ORD0570,SKU_000848,S005,45920.04097,71.91
ORD0570,SKU_000849,S005,45920.04167,64.95
ORD0570,SKU_000850,S005,45920.04236,76.62
ORD0571,SKU_000851,S005,45920.04306,82.34
ORD0571,SKU_000852,S005,45920.04375,77.76
ORD0571,SKU_000853,S005,45920.04444,101.26
ORD0571,SKU_000854,S005,45920.04514,82.72
ORD0571,SKU_000855,S005,45920.04583,91.16
ORD0572,SKU_000856,S005,45920.04653,93.01
ORD0572,SKU_000857,S005,45920.04722,594.21
ORD0572,SKU_000858,S005,45920.04792,792.04
ORD0572,SKU_000859,S005,45920.04861,693.71
ORD0573,SKU_000860,S005,45920.04931,699.69
ORD0573,SKU_000861,S005,45920.05,799.31
ORD0573,SKU_000862,S005,45920.05069,1625.36
ORD0574,SKU_000863,S005,45920.05139,1663.83
ORD0574,SKU_000864,S005,45920.05208,1266.98
ORD0575,SKU_000865,S005,45920.05278,1778.26
ORD0575,SKU_000866,S005,45920.05347,1391.74
ORD0576,SKU_000867,S005,45920.05417,4666.16
ORD0576,SKU_000868,S005,45920.05486,4192.59
ORD0576,SKU_000869,S005,45920.05556,3370.26
ORD0576,SKU_000870,S005,45920.05625,4601.78
ORD0576,SKU_000871,S005,45920.05694,4212.6
ORD0577,SKU_000872,S005,45920.05764,445.98
ORD0577,SKU_000873,S005,45920.05833,445.69
ORD0577,SKU_000874,S005,45920.05903,455.16
ORD0577,SKU_000875,S006,45920.05972,402.05
ORD0578,SKU_000876,S006,45920.06042,458.12
ORD0578,SKU_000877,S006,45920.06111,593.23
ORD0578,SKU_000878,S006,45920.06181,566.38
ORD0578,SKU_000879,S006,45920.0625,528.63
ORD0579,SKU_000880,S006,45920.06319,562.42
ORD0579,SKU_000881,S006,45920.06389,468.85
ORD0579,SKU_000882,S006,45920.06458,1002.94
ORD0579,SKU_000883,S006,45920.06528,883.85
ORD0579,SKU_000884,S006,45920.06597,885.08
ORD0580,SKU_000885,S006,45920.06667,824.1
ORD0580,SKU_000886,S006,45920.06736,967.83
ORD0580,SKU_000887,S006,45920.06806,536.14
ORD0580,SKU_000888,S006,45920.06875,533.9
ORD0581,SKU_000889,S006,45920.06944,505.41
ORD0581,SKU_000890,S006,45920.07014,508.64
ORD0582,SKU_000891,S006,45920.07083,568.82
ORD0582,SKU_000892,S006,45920.07153,649.06
ORD0582,SKU_000893,S006,45920.07222,934.01
ORD0583,SKU_000894,S006,45920.07292,831.24
ORD0583,SKU_000895,S006,45920.07361,751.31
ORD0584,SKU_000896,S006,45920.07431,921.22
ORD0584,SKU_000897,S006,45920.075,2431.54
ORD0585,SKU_000898,S006,45920.07569,3143.7
ORD0585,SKU_000899,S006,45920.07639,2731.33
ORD0586,SKU_000900,S006,45920.07708,3333.58
ORD0586,SKU_000901,S006,45920.07778,2627.5
ORD0586,SKU_000902,S006,45920.07847,4564.07
ORD0586,SKU_000903,S006,45920.07917,5382
ORD0587,SKU_000904,S006,45920.07986,4560.32
ORD0587,SKU_000905,S006,45920.08056,4454.41
ORD0587,SKU_000906,S006,45920.08125,5259.67
ORD0588,SKU_000907,S006,45920.08194,5900.4
ORD0588,SKU_000908,S006,45920.08264,6554.2
ORD0588,SKU_000909,S006,45920.08333,8306.07
ORD0588,SKU_000910,S006,45920.08403,7967.68
ORD0589,SKU_000911,S006,45920.08472,6901.53
ORD0589,SKU_000912,S006,45920.08542,3413.1
ORD0589,SKU_000913,S006,45920.08611,2456.78
ORD0590,SKU_000914,S006,45920.08681,2427.67
ORD0590,SKU_000915,S006,45920.0875,2982.16
ORD0590,SKU_000916,S006,45920.08819,3299.56
ORD0590,SKU_000917,S006,45920.08889,51.47
ORD0590,SKU_000918,S006,45920.08958,45.73
ORD0591,SKU_000919,S006,45920.09028,50.38
ORD0591,SKU_000920,S006,45920.09097,48.42
ORD0591,SKU_000921,S006,45920.09167,37.06
ORD0592,SKU_000922,S006,45920.09236,1164.96
ORD0592,SKU_000923,S006,45920.09306,1368.22
ORD0592,SKU_000924,S006,45920.09375,1393.66
ORD0593,SKU_000925,S006,45920.09444,1328.15
ORD0593,SKU_000926,S006,45920.09514,1356.36
ORD0594,SKU_000927,S006,45920.09583,612.3
ORD0594,SKU_000928,S006,45920.09653,762.56
ORD0594,SKU_000929,S006,45920.09722,800.43
ORD0594,SKU_000930,S006,45920.09792,597.14
ORD0594,SKU_000931,S006,45920.09861,652.12
ORD0595,SKU_000932,S006,45920.09931,1555.77
ORD0595,SKU_000933,S006,45920.1,1553.75
ORD0595,SKU_000934,S006,45920.10069,1817.24
ORD0595,SKU_000935,S006,45920.10139,1865.47
ORD0596,SKU_000936,S006,45920.10208,1414.67
ORD0596,SKU_000937,S006,45920.10278,9069.8
ORD0596,SKU_000938,S006,45920.10347,9990.95
ORD0597,SKU_000939,S006,45920.10417,9612.13
ORD0597,SKU_000940,S006,45920.10486,9122.11
ORD0597,SKU_000941,S006,45920.10556,11036.13
ORD0597,SKU_000942,S006,45920.10625,80274.9
ORD0597,SKU_000943,S006,45920.10694,72557.34
ORD0598,SKU_000944,S006,45920.10764,60114.11
ORD0598,SKU_000945,S006,45920.10833,64608.77
ORD0598,SKU_000946,S006,45920.10903,63616.88
ORD0598,SKU_000947,S006,45920.10972,294.95
ORD0599,SKU_000948,S006,45920.11042,310.96
ORD0599,SKU_000949,S006,45920.11111,277.17
ORD0599,SKU_000950,S006,45920.11181,232.36
ORD0600,SKU_000951,S006,45920.1125,292.96
ORD0600,SKU_000952,S006,45920.11319,202.69
ORD0600,SKU_000953,S006,45920.11389,208.53
ORD0600,SKU_000954,S006,45920.11458,191.46
ORD0600,SKU_000955,S006,45920.11528,199.16
ORD0601,SKU_000956,S006,45920.11597,197.4
ORD0601,SKU_000957,S006,45920.11667,44138.23
ORD0601,SKU_000958,S006,45920.11736,35058.19
ORD0602,SKU_000959,S006,45920.11806,37418.89
ORD0602,SKU_000960,S006,45920.11875,39402.53
ORD0602,SKU_000961,S006,45920.11944,39296.05
ORD0603,SKU_000962,S006,45920.12014,12508.91
ORD0603,SKU_000963,S006,45920.12083,11476.48
ORD0603,SKU_000964,S006,45920.12153,12353.1
ORD0604,SKU_000965,S006,45920.12222,8887.75
ORD0604,SKU_000966,S006,45920.12292,9967.7
ORD0604,SKU_000967,S006,45920.12361,9988.61
ORD0604,SKU_000968,S006,45920.12431,12295.29
ORD0604,SKU_000969,S006,45920.125,8872.85
ORD0605,SKU_000970,S006,45920.12569,12169.99
ORD0605,SKU_000971,S006,45920.12639,12625.25
ORD0605,SKU_000972,S006,45920.12708,136.39
ORD0606,SKU_000973,S006,45920.12778,137.45
ORD0606,SKU_000974,S006,45920.12847,139.65
ORD0606,SKU_000975,S006,45920.12917,112.03
ORD0606,SKU_000976,S006,45920.12986,103.21
ORD0606,SKU_000977,S006,45920.13056,104.82
ORD0607,SKU_000978,S006,45920.13125,125.21
ORD0607,SKU_000979,S006,45920.13194,138.55
ORD0607,SKU_000980,S006,45920.13264,117.43
ORD0607,SKU_000981,S006,45920.13333,105.51
ORD0608,SKU_000982,S006,45920.13403,174.58
ORD0608,SKU_000983,S006,45920.13472,167.49
ORD0608,SKU_000984,S006,45920.13542,125.08
ORD0608,SKU_000985,S006,45920.13611,175.84
ORD0608,SKU_000986,S006,45920.13681,128.3
ORD0609,SKU_000987,S006,45920.1375,868.09
ORD0609,SKU_000988,S006,45920.13819,649.04
ORD0610,SKU_000989,S006,45920.13889,765.66
ORD0610,SKU_000990,S006,45920.13958,705.65
ORD0610,SKU_000991,S006,45920.14028,670.59
ORD0610,SKU_000992,S006,45920.14097,1847.88
ORD0611,SKU_000993,S006,45920.14167,1757.36
ORD0611,SKU_000994,S006,45920.14236,2005.18
ORD0611,SKU_000995,S006,45920.14306,2034.45
ORD0611,SKU_000996,S006,45920.14375,2414.54
ORD0611,SKU_000997,S006,45920.14444,3376.78
ORD0612,SKU_000998,S006,45920.14514,4027.67
ORD0612,SKU_000999,S006,45920.14583,4108.63
ORD0612,SKU_001000,S006,45920.14653,4467.47
ORD0613,SKU_001001,S006,45920.14722,3942.21
ORD0613,SKU_001002,S006,45920.14792,849.56
ORD0613,SKU_001003,S006,45920.14861,1025.41
ORD0613,SKU_001004,S006,45920.14931,834
ORD0614,SKU_001005,S006,45920.15,1098.88
ORD0614,SKU_001006,S006,45920.15069,903.26
ORD0614,SKU_001007,S006,45920.15139,1301.02
ORD0615,SKU_001008,S006,45920.15208,1203.06
ORD0615,SKU_001009,S006,45920.15278,1125.06
ORD0615,SKU_001010,S006,45920.15347,1047.89
ORD0616,SKU_001011,S006,45920.15417,1124.68
ORD0616,SKU_001012,S006,45920.15486,783.99
ORD0616,SKU_001013,S006,45920.15556,781.2
ORD0616,SKU_001014,S006,45920.15625,716.71
ORD0617,SKU_001015,S006,45920.15694,836.5
ORD0617,SKU_001016,S006,45920.15764,740.96
ORD0617,SKU_001017,S006,45920.15833,19214.88
ORD0618,SKU_001018,S006,45920.15903,23584.75
ORD0618,SKU_001019,S006,45920.15972,21878.05
ORD0618,SKU_001020,S006,45920.16042,18867.96
ORD0619,SKU_001021,S006,45920.16111,21225.77
ORD0619,SKU_001022,S006,45920.16181,38648.66
ORD0619,SKU_001023,S006,45920.1625,38243.42
ORD0619,SKU_001024,S006,45920.16319,38177.4
ORD0619,SKU_001025,S006,45920.16389,37671.82
ORD0620,SKU_001026,S006,45920.16458,37985.28
ORD0620,SKU_001027,S006,45920.16528,69881.03
ORD0620,SKU_001028,S006,45920.16597,54144.77
ORD0620,SKU_001029,S006,45920.16667,75288.72
ORD0620,SKU_001030,S006,45920.16736,64509.02
ORD0621,SKU_001031,S006,45920.16806,75427.54
ORD0621,SKU_001032,S006,45920.16875,64.01
ORD0621,SKU_001033,S006,45920.16944,67.58
ORD0621,SKU_001034,S006,45920.17014,67.22
ORD0621,SKU_001035,S006,45920.17083,60.05
ORD0622,SKU_001036,S006,45920.17153,60.09
ORD0622,SKU_001037,S006,45920.17222,95.46
ORD0623,SKU_001038,S006,45920.17292,98.97
ORD0623,SKU_001039,S006,45920.17361,100.19
ORD0623,SKU_001040,S006,45920.17431,92.26
ORD0623,SKU_001041,S006,45920.175,107.68
ORD0623,SKU_001042,S006,45920.17569,37.77
ORD0624,SKU_001043,S006,45920.17639,36.65
ORD0624,SKU_001044,S006,45920.17708,37.81
ORD0625,SKU_001045,S006,45920.17778,34.5
ORD0625,SKU_001046,S006,45920.17847,36.81
ORD0625,SKU_001047,S006,45920.17917,182.85
ORD0625,SKU_001048,S006,45920.17986,152.15
ORD0626,SKU_001049,S006,45920.18056,170.31
ORD0626,SKU_001050,S006,45920.18125,189.57
ORD0626,SKU_001051,S006,45920.18194,182.37
ORD0626,SKU_001052,S006,45920.18264,719.06
ORD0626,SKU_001053,S006,45920.18333,773.2
ORD0627,SKU_001054,S006,45920.18403,782.38
ORD0627,SKU_001055,S006,45920.18472,879.59
ORD0627,SKU_001056,S006,45920.18542,832.29
ORD0627,SKU_001057,S006,45920.18611,846.96
ORD0628,SKU_001058,S006,45920.18681,1015.34
ORD0628,SKU_001059,S006,45920.1875,904.1
ORD0628,SKU_001060,S006,45920.18819,857.8
ORD0628,SKU_001061,S006,45920.18889,725.6
ORD0628,SKU_001062,S006,45920.18958,754.66
ORD0629,SKU_001063,S006,45920.19028,734.52
ORD0629,SKU_001064,S006,45920.19097,994.1
ORD0630,SKU_001065,S006,45920.19167,780.25
ORD0630,SKU_001066,S006,45920.19236,839.06
ORD0630,SKU_001067,S006,45920.19306,278.7
ORD0631,SKU_001068,S006,45920.19375,392.45
ORD0631,SKU_001069,S006,45920.19444,329.1
ORD0632,SKU_001070,S006,45920.19514,283.94
ORD0632,SKU_001071,S006,45920.19583,288.46
ORD0632,SKU_001072,S006,45920.19653,1006.49
ORD0632,SKU_001073,S006,45920.19722,745.11
ORD0632,SKU_001074,S006,45920.19792,1031.81
ORD0633,SKU_001075,S006,45920.19861,817.57
ORD0633,SKU_001076,S006,45920.19931,974.38
ORD0634,SKU_001077,S006,45920.2,292.93
ORD0634,SKU_001078,S006,45920.20069,286.11
ORD0635,SKU_001079,S006,45920.20139,310.13
ORD0635,SKU_001080,S006,45920.20208,302.24
ORD0636,SKU_001081,S006,45920.20278,304.95
ORD0636,SKU_001082,S006,45920.20347,754.45
ORD0636,SKU_001083,S006,45920.20417,577.27
ORD0637,SKU_001084,S006,45920.20486,637.08
ORD0637,SKU_001085,S006,45920.20556,566.1
ORD0638,SKU_001086,S006,45920.20625,723.54
ORD0638,SKU_001087,S006,45920.20694,386.16
ORD0638,SKU_001088,S006,45920.20764,501.16
ORD0639,SKU_001089,S006,45920.20833,419.44
ORD0639,SKU_001090,S006,45920.20903,386.12
ORD0640,SKU_001091,S006,45920.20972,448.43
ORD0640,SKU_001092,S006,45920.21042,1219.57
ORD0640,SKU_001093,S006,45920.21111,1371.56
ORD0640,SKU_001094,S006,45920.21181,1178.22
ORD0641,SKU_001095,S006,45920.2125,1316.26
ORD0641,SKU_001096,S006,45920.21319,1347.24
ORD0641,SKU_001097,S006,45920.21389,1237.54
ORD0641,SKU_001098,S006,45920.21458,1385.28
ORD0641,SKU_001099,S006,45920.21528,1213.37
ORD0642,SKU_001100,S006,45920.21597,1423.55
ORD0642,SKU_001101,S006,45920.21667,1373.77
ORD0642,SKU_001102,S006,45920.21736,1400.52
ORD0642,SKU_001103,S006,45920.21806,1539.47
ORD0643,SKU_001104,S006,45920.21875,1078.84
ORD0643,SKU_001105,S006,45920.21944,1254.46
ORD0643,SKU_001106,S006,45920.22014,1422.7
ORD0644,SKU_001107,S006,45920.22083,1871.38
ORD0644,SKU_001108,S006,45920.22153,1897.95
ORD0645,SKU_001109,S006,45920.22222,2330.77
ORD0645,SKU_001110,S006,45920.22292,2193.29
ORD0645,SKU_001111,S006,45920.22361,1932.19
ORD0646,SKU_001112,S006,45920.22431,221.68
ORD0646,SKU_001113,S006,45920.225,215.35
ORD0646,SKU_001114,S006,45920.22569,219.45
ORD0646,SKU_001115,S006,45920.22639,184.02
ORD0647,SKU_001116,S006,45920.22708,195.28
ORD0647,SKU_001117,S006,45920.22778,20.93
ORD0647,SKU_001118,S006,45920.22847,28.34
ORD0648,SKU_001119,S006,45920.22917,24.26
ORD0648,SKU_001120,S006,45920.22986,24.05
ORD0648,SKU_001121,S006,45920.23056,21.26
ORD0649,SKU_001122,S006,45920.23125,554.38
ORD0649,SKU_001123,S006,45920.23194,653.29
ORD0649,SKU_001124,S006,45920.23264,471.01
ORD0650,SKU_001125,S006,45920.23333,547.19
ORD0650,SKU_001126,S006,45920.23403,607.26
ORD0650,SKU_001127,S006,45920.23472,383.39
ORD0650,SKU_001128,S006,45920.23542,377.89
ORD0651,SKU_001129,S006,45920.23611,315.08
ORD0651,SKU_001130,S006,45920.23681,340.63
ORD0651,SKU_001131,S006,45920.2375,294.4
ORD0652,SKU_001132,S006,45920.23819,42.14
ORD0652,SKU_001133,S006,45920.23889,51.82
ORD0652,SKU_001134,S006,45920.23958,42.4
ORD0653,SKU_001135,S006,45920.24028,46.5
ORD0653,SKU_001136,S006,45920.24097,47.69
ORD0653,SKU_001137,S006,45920.24167,14940.64
ORD0654,SKU_001138,S006,45920.24236,10448.22
ORD0654,SKU_001139,S006,45920.24306,15539.28
ORD0654,SKU_001140,S006,45920.24375,14693.01
ORD0654,SKU_001141,S006,45920.24444,15565.11
ORD0655,SKU_001142,S006,45920.24514,13946.13
ORD0655,SKU_001143,S006,45920.24583,13926.39
ORD0655,SKU_001144,S006,45920.24653,13270.06
ORD0656,SKU_001145,S006,45920.24722,12269.51
ORD0656,SKU_001146,S006,45920.24792,16700.57
ORD0656,SKU_001147,S006,45920.24861,65.65
ORD0656,SKU_001148,S006,45920.24931,46.19
ORD0656,SKU_001149,S006,45920.25,46.05
ORD0657,SKU_001150,S006,45920.25069,47.5
ORD0657,SKU_001151,S006,45920.25139,47.6
ORD0658,SKU_001152,S006,45920.25208,824.2
ORD0658,SKU_001153,S006,45920.25278,1067.16
ORD0658,SKU_001154,S006,45920.25347,1014.86
ORD0659,SKU_001155,S006,45920.25417,942.06
ORD0659,SKU_001156,S006,45920.25486,1072.61
ORD0659,SKU_001157,S006,45920.25556,4591.92
ORD0659,SKU_001158,S006,45920.25625,5798.8
ORD0660,SKU_001159,S006,45920.25694,5347.56
ORD0660,SKU_001160,S006,45920.25764,5994.33
ORD0660,SKU_001161,S006,45920.25833,5848.74
ORD0660,SKU_001162,S006,45920.25903,122.78
ORD0660,SKU_001163,S006,45920.25972,146.65
ORD0661,SKU_001164,S006,45920.26042,143.21
ORD0661,SKU_001165,S006,45920.26111,141.25
ORD0661,SKU_001166,S006,45920.26181,122.41
ORD0661,SKU_001167,S006,45920.2625,111.53
ORD0661,SKU_001168,S006,45920.26319,106.4
ORD0662,SKU_001169,S006,45920.26389,84.82
ORD0662,SKU_001170,S006,45920.26458,83.72
ORD0663,SKU_001171,S006,45920.26528,99.23
ORD0663,SKU_001172,S006,45920.26597,1736.36
ORD0663,SKU_001173,S006,45920.26667,1787.2
ORD0663,SKU_001174,S006,45920.26736,1932.98
ORD0664,SKU_001175,S006,45920.26806,1849.55
ORD0664,SKU_001176,S006,45920.26875,2041.18
ORD0664,SKU_001177,S006,45920.26944,885.75
ORD0664,SKU_001178,S006,45920.27014,1054.94
ORD0664,SKU_001179,S006,45920.27083,961.78
ORD0665,SKU_001180,S006,45920.27153,1172.82
ORD0665,SKU_001181,S006,45920.27222,1016.11
ORD0665,SKU_001182,S006,45920.27292,590.05
ORD0665,SKU_001183,S006,45920.27361,487.88
ORD0665,SKU_001184,S006,45920.27431,477.53
ORD0666,SKU_001185,S006,45920.275,439.57
ORD0666,SKU_001186,S006,45920.27569,467.77
ORD0667,SKU_001187,S006,45920.27639,484.86
ORD0667,SKU_001188,S006,45920.27708,567.81
ORD0667,SKU_001189,S006,45920.27778,497.13
ORD0667,SKU_001190,S006,45920.27847,585.76
ORD0668,SKU_001191,S006,45920.27917,414.72
ORD0668,SKU_001192,S006,45920.27986,1992.62
ORD0668,SKU_001193,S006,45920.28056,1761.6
ORD0669,SKU_001194,S006,45920.28125,2371.52
ORD0669,SKU_001195,S006,45920.28194,1813.71
ORD0670,SKU_001196,S006,45920.28264,2178.4
ORD0670,SKU_001197,S006,45920.28333,51.07
ORD0670,SKU_001198,S006,45920.28403,45.6
ORD0670,SKU_001199,S006,45920.28472,45.47
ORD0671,SKU_001200,S006,45920.28542,54.5
ORD0671,SKU_001201,S006,45920.28611,50.44
ORD0672,SKU_001202,S006,45920.28681,224.43
ORD0672,SKU_001203,S006,45920.2875,286.62
ORD0672,SKU_001204,S006,45920.28819,309.65
ORD0673,SKU_001205,S006,45920.28889,281.26
ORD0673,SKU_001206,S006,45920.28958,283.96
ORD0673,SKU_001207,S006,45920.29028,9199.22
ORD0673,SKU_001208,S006,45920.29097,10320.48
ORD0674,SKU_001209,S006,45920.29167,10570.07
ORD0674,SKU_001210,S006,45920.29236,9981.58
ORD0674,SKU_001211,S006,45920.29306,8484.13
ORD0675,SKU_001212,S006,45920.29375,20108.8
ORD0675,SKU_001213,S006,45920.29444,22860.89
ORD0676,SKU_001214,S006,45920.29514,16593.96
ORD0676,SKU_001215,S006,45920.29583,23668.76
ORD0677,SKU_001216,S006,45920.29653,23019.14
ORD0677,SKU_001217,S006,45920.29722,10388.53
ORD0677,SKU_001218,S006,45920.29792,11287.19
ORD0677,SKU_001219,S006,45920.29861,10915.18
ORD0677,SKU_001220,S006,45920.29931,9480.77
ORD0678,SKU_001221,S006,45920.3,11666.85
ORD0678,SKU_001222,S006,45920.30069,8712.68
ORD0679,SKU_001223,S006,45920.30139,9471.34
ORD0679,SKU_001224,S006,45920.30208,11357.85
ORD0679,SKU_001225,S006,45920.30278,8238.88
ORD0679,SKU_001226,S006,45920.30347,11980.67
ORD0679,SKU_001227,S006,45920.30417,730.06
ORD0680,SKU_001228,S006,45920.30486,854.04
ORD0680,SKU_001229,S006,45920.30556,708.5
ORD0680,SKU_001230,S006,45920.30625,787.59
ORD0680,SKU_001231,S006,45920.30694,687.49
ORD0681,SKU_001232,S006,45920.30764,2581.39
ORD0681,SKU_001233,S006,45920.30833,2567.71
ORD0681,SKU_001234,S006,45920.30903,2600.17
ORD0681,SKU_001235,S006,45920.30972,2639.05
ORD0681,SKU_001236,S006,45920.31042,2075.22
ORD0682,SKU_001237,S006,45920.31111,3044.72
ORD0682,SKU_001238,S006,45920.31181,2534.82
ORD0682,SKU_001239,S006,45920.3125,3101.73
ORD0682,SKU_001240,S006,45920.31319,3007.79
ORD0682,SKU_001241,S006,45920.31389,2971.03
ORD0683,SKU_001242,S006,45920.31458,1361.11
ORD0683,SKU_001243,S006,45920.31528,975.97
ORD0683,SKU_001244,S006,45920.31597,1095.93
ORD0684,SKU_001245,S006,45920.31667,1097.33
ORD0684,SKU_001246,S006,45920.31736,1336.94
ORD0684,SKU_001247,S006,45920.31806,4128.04
ORD0684,SKU_001248,S006,45920.31875,4124.54
ORD0685,SKU_001249,S006,45920.31944,3081.79
ORD0685,SKU_001250,S006,45920.32014,3821.62
ORD0685,SKU_001251,S006,45920.32083,4184.72
ORD0686,SKU_001252,S006,45920.32153,141.93
ORD0686,SKU_001253,S006,45920.32222,122.23
ORD0687,SKU_001254,S006,45920.32292,140.71
ORD0687,SKU_001255,S006,45920.32361,118.87
ORD0688,SKU_001256,S006,45920.32431,141.32
ORD0688,SKU_001257,S006,45920.325,200.33
ORD0689,SKU_001258,S006,45920.32569,207.55
ORD0689,SKU_001259,S006,45920.32639,215.52
ORD0689,SKU_001260,S006,45920.32708,211.88
ORD0689,SKU_001261,S006,45920.32778,171.27
ORD0690,SKU_001262,S006,45920.32847,2391.37
ORD0690,SKU_001263,S006,45920.32917,2755.38
ORD0690,SKU_001264,S006,45920.32986,2248.05
ORD0691,SKU_001265,S006,45920.33056,2379.93
ORD0691,SKU_001266,S006,45920.33125,2572.82
ORD0691,SKU_001267,S006,45920.33194,8417.23
ORD0692,SKU_001268,S006,45920.33264,6730.97
ORD0692,SKU_001269,S006,45920.33333,7769.83
ORD0692,SKU_001270,S006,45920.33403,6663.69
ORD0693,SKU_001271,S006,45920.33472,6761.24
ORD0693,SKU_001272,S006,45920.33542,6441.03
ORD0693,SKU_001273,S006,45920.33611,8973.11
ORD0693,SKU_001274,S006,45920.33681,8518.91
ORD0694,SKU_001275,S007,45920.3375,7491.52
ORD0694,SKU_001276,S007,45920.33819,9251.38
ORD0694,SKU_001277,S007,45920.33889,8628.65
ORD0694,SKU_001278,S007,45920.33958,9428.64
ORD0694,SKU_001279,S007,45920.34028,7341.72
ORD0695,SKU_001280,S007,45920.34097,7197.52
ORD0695,SKU_001281,S007,45920.34167,7179.67
ORD0696,SKU_001282,S007,45920.34236,2892.35
ORD0696,SKU_001283,S007,45920.34306,2500.01
ORD0696,SKU_001284,S007,45920.34375,3196.84
ORD0696,SKU_001285,S007,45920.34444,3418.73
ORD0697,SKU_001286,S007,45920.34514,3421.85
ORD0697,SKU_001287,S007,45920.34583,757.18
ORD0697,SKU_001288,S007,45920.34653,675.48
ORD0697,SKU_001289,S007,45920.34722,762.48
ORD0697,SKU_001290,S007,45920.34792,811.84
ORD0698,SKU_001291,S007,45920.34861,824.61
ORD0698,SKU_001292,S007,45920.34931,75124.15
ORD0699,SKU_001293,S007,45920.35,88294.47
ORD0699,SKU_001294,S007,45920.35069,84791.35
ORD0699,SKU_001295,S007,45920.35139,95766.73
ORD0699,SKU_001296,S007,45920.35208,100387.56
ORD0700,SKU_001297,S007,45920.35278,530.55
ORD0700,SKU_001298,S007,45920.35347,490.57
ORD0700,SKU_001299,S007,45920.35417,414.65
ORD0701,SKU_001300,S007,45920.35486,426.22
ORD0701,SKU_001301,S007,45920.35556,439.32
ORD0702,SKU_001302,S007,45920.35625,1542.21
ORD0702,SKU_001303,S007,45920.35694,1107.64
ORD0702,SKU_001304,S007,45920.35764,1499.12
ORD0702,SKU_001305,S007,45920.35833,1394.65
ORD0702,SKU_001306,S007,45920.35903,1106.04
ORD0703,SKU_001307,S007,45920.35972,13255.17
ORD0703,SKU_001308,S007,45920.36042,17417.05
ORD0704,SKU_001309,S007,45920.36111,18084.98
ORD0704,SKU_001310,S007,45920.36181,15950.46
ORD0705,SKU_001311,S007,45920.3625,17312.96
ORD0705,SKU_001312,S007,45920.36319,4501.02
ORD0705,SKU_001313,S007,45920.36389,3824.98
ORD0706,SKU_001314,S007,45920.36458,4389.1
ORD0706,SKU_001315,S007,45920.36528,3832.64
ORD0707,SKU_001316,S007,45920.36597,4784.02
ORD0707,SKU_001317,S007,45920.36667,411.62
ORD0708,SKU_001318,S007,45920.36736,358.04
ORD0708,SKU_001319,S007,45920.36806,393
ORD0708,SKU_001320,S007,45920.36875,395.53
ORD0708,SKU_001321,S007,45920.36944,346.41
ORD0709,SKU_001322,S007,45920.37014,293.26
ORD0709,SKU_001323,S007,45920.37083,320.35
ORD0709,SKU_001324,S007,45920.37153,285.16
ORD0710,SKU_001325,S007,45920.37222,296.89
ORD0710,SKU_001326,S007,45920.37292,325.57
ORD0710,SKU_001327,S007,45920.37361,317.87
ORD0710,SKU_001328,S007,45920.37431,320.06
ORD0710,SKU_001329,S007,45920.375,322.24
ORD0711,SKU_001330,S007,45920.37569,276.73
ORD0711,SKU_001331,S007,45920.37639,260.93
ORD0711,SKU_001332,S007,45920.37708,406.28
ORD0712,SKU_001333,S007,45920.37778,429.18
ORD0712,SKU_001334,S007,45920.37847,562.93
ORD0712,SKU_001335,S007,45920.37917,597.95
ORD0713,SKU_001336,S007,45920.37986,466.83
ORD0713,SKU_001337,S007,45920.38056,68.84
ORD0713,SKU_001338,S007,45920.38125,53.37
ORD0713,SKU_001339,S007,45920.38194,55.82
ORD0714,SKU_001340,S007,45920.38264,64.23
ORD0714,SKU_001341,S007,45920.38333,71.45
ORD0714,SKU_001342,S007,45920.38403,209.35
ORD0714,SKU_001343,S007,45920.38472,237.33
ORD0714,SKU_001344,S007,45920.38542,236.41
ORD0715,SKU_001345,S007,45920.38611,278.77
ORD0715,SKU_001346,S007,45920.38681,230.53
ORD0715,SKU_001347,S007,45920.3875,155.86
ORD0715,SKU_001348,S007,45920.38819,188.13
ORD0716,SKU_001349,S007,45920.38889,212.06
ORD0716,SKU_001350,S007,45920.38958,150.35
ORD0716,SKU_001351,S007,45920.39028,154.1
ORD0716,SKU_001352,S007,45920.39097,131.19
ORD0717,SKU_001353,S007,45920.39167,111.52
ORD0717,SKU_001354,S007,45920.39236,109.45
ORD0717,SKU_001355,S007,45920.39306,106.53
ORD0717,SKU_001356,S007,45920.39375,130.65
ORD0717,SKU_001357,S007,45920.39444,423.95
ORD0718,SKU_001358,S007,45920.39514,504.45
ORD0718,SKU_001359,S007,45920.39583,593.31
ORD0718,SKU_001360,S007,45920.39653,408.26
ORD0718,SKU_001361,S007,45920.39722,555.06
ORD0718,SKU_001362,S007,45920.39792,1618.84
ORD0719,SKU_001363,S007,45920.39861,1688.11
ORD0719,SKU_001364,S007,45920.39931,2312.38
ORD0719,SKU_001365,S007,45920.4,2321.25
ORD0719,SKU_001366,S007,45920.40069,1976.57
ORD0720,SKU_001367,S007,45920.40139,504.48
ORD0720,SKU_001368,S007,45920.40208,507.38
ORD0720,SKU_001369,S007,45920.40278,563.99
ORD0720,SKU_001370,S007,45920.40347,422.87
ORD0720,SKU_001371,S007,45920.40417,568.72
ORD0721,SKU_001372,S007,45920.40486,402.95
ORD0721,SKU_001373,S007,45920.40556,454.97
ORD0721,SKU_001374,S007,45920.40625,427.94
ORD0721,SKU_001375,S007,45920.40694,361.36
ORD0722,SKU_001376,S007,45920.40764,432.4
ORD0722,SKU_001377,S007,45920.40833,2226.98
ORD0722,SKU_001378,S007,45920.40903,2216.34
ORD0723,SKU_001379,S007,45920.40972,2416.1
ORD0723,SKU_001380,S007,45920.41042,2055.64
ORD0723,SKU_001381,S007,45920.41111,2022.88
ORD0724,SKU_001382,S007,45920.41181,2792.04
ORD0724,SKU_001383,S007,45920.4125,3491.8
ORD0724,SKU_001384,S007,45920.41319,2716.07
ORD0724,SKU_001385,S007,45920.41389,2632.29
ORD0725,SKU_001386,S007,45920.41458,3413.84
ORD0725,SKU_001387,S007,45920.41528,1764.7
ORD0726,SKU_001388,S007,45920.41597,1780.43
ORD0726,SKU_001389,S007,45920.41667,1906.43
ORD0727,SKU_001390,S007,45920.41736,1665.8
ORD0727,SKU_001391,S007,45920.41806,1966.31
ORD0727,SKU_001392,S007,45920.41875,1985.82
ORD0727,SKU_001393,S007,45920.41944,2566.61
ORD0727,SKU_001394,S007,45920.42014,2586.63
ORD0728,SKU_001395,S007,45920.42083,2191.94
ORD0728,SKU_001396,S007,45920.42153,1893.31
ORD0728,SKU_001397,S007,45920.42222,1334.26
ORD0729,SKU_001398,S007,45920.42292,1251.36
ORD0729,SKU_001399,S007,45920.42361,1361.77
ORD0729,SKU_001400,S007,45920.42431,1356.23
ORD0729,SKU_001401,S007,45920.425,1209.34
ORD0729,SKU_001402,S007,45920.42569,79.46
ORD0730,SKU_001403,S007,45920.42639,68.69
ORD0730,SKU_001404,S007,45920.42708,82.93
ORD0730,SKU_001405,S007,45920.42778,98.6
ORD0730,SKU_001406,S007,45920.42847,89.25
ORD0731,SKU_001407,S007,45920.42917,35183.64
ORD0731,SKU_001408,S007,45920.42986,32567.22
ORD0731,SKU_001409,S007,45920.43056,37478.18
ORD0731,SKU_001410,S007,45920.43125,37670.42
ORD0731,SKU_001411,S007,45920.43194,35868.33
ORD0732,SKU_001412,S007,45920.43264,12028.43
ORD0732,SKU_001413,S007,45920.43333,11009.15
ORD0732,SKU_001414,S007,45920.43403,12592.04
ORD0733,SKU_001415,S007,45920.43472,13804.98
ORD0733,SKU_001416,S007,45920.43542,11386.02
ORD0733,SKU_001417,S007,45920.43611,3242.17
ORD0733,SKU_001418,S007,45920.43681,3530.29
ORD0733,SKU_001419,S007,45920.4375,2578.62
ORD0734,SKU_001420,S007,45920.43819,3326.05
ORD0734,SKU_001421,S007,45920.43889,2840.54
ORD0735,SKU_001422,S007,45920.43958,1325.71
ORD0735,SKU_001423,S007,45920.44028,1742.42
ORD0735,SKU_001424,S007,45920.44097,1622.77
ORD0735,SKU_001425,S007,45920.44167,1561.55
ORD0735,SKU_001426,S007,45920.44236,1513.88
ORD0736,SKU_001427,S007,45920.44306,437.13
ORD0736,SKU_001428,S007,45920.44375,351.24
ORD0736,SKU_001429,S007,45920.44444,448.26
ORD0736,SKU_001430,S007,45920.44514,450.93
ORD0736,SKU_001431,S007,45920.44583,452.82
ORD0737,SKU_001432,S007,45920.44653,444.95
ORD0737,SKU_001433,S007,45920.44722,590.1
ORD0737,SKU_001434,S007,45920.44792,470.5
ORD0737,SKU_001435,S007,45920.44861,454.64
ORD0738,SKU_001436,S007,45920.44931,475.67
ORD0738,SKU_001437,S007,45920.45,1287.95
ORD0738,SKU_001438,S007,45920.45069,1434.07
ORD0738,SKU_001439,S007,45920.45139,1781.89
ORD0738,SKU_001440,S007,45920.45208,1345.83
ORD0739,SKU_001441,S007,45920.45278,1291.52
ORD0739,SKU_001442,S007,45920.45347,1866.28
ORD0739,SKU_001443,S007,45920.45417,2215.78
ORD0740,SKU_001444,S007,45920.45486,1640.51
ORD0740,SKU_001445,S007,45920.45556,1877.4
ORD0740,SKU_001446,S007,45920.45625,1857.49
ORD0740,SKU_001447,S007,45920.45694,1780.85
ORD0741,SKU_001448,S007,45920.45764,2299.45
ORD0741,SKU_001449,S007,45920.45833,2005.56
ORD0742,SKU_001450,S007,45920.45903,1966.62
ORD0742,SKU_001451,S007,45920.45972,2138.76
ORD0742,SKU_001452,S007,45920.46042,1492.36
ORD0742,SKU_001453,S007,45920.46111,1421.73
ORD0742,SKU_001454,S007,45920.46181,1303.81
ORD0743,SKU_001455,S007,45920.4625,1734.29
ORD0743,SKU_001456,S007,45920.46319,1626.44
ORD0743,SKU_001457,S007,45920.46389,845.96
ORD0744,SKU_001458,S007,45920.46458,1057.53
ORD0744,SKU_001459,S007,45920.46528,799.19
ORD0744,SKU_001460,S007,45920.46597,903.57
ORD0745,SKU_001461,S007,45920.46667,859.86
ORD0745,SKU_001462,S007,45920.46736,1556.79
ORD0745,SKU_001463,S007,45920.46806,1439.83
ORD0745,SKU_001464,S007,45920.46875,1428.49
ORD0745,SKU_001465,S007,45920.46944,1479.51
ORD0746,SKU_001466,S007,45920.47014,1524.81
ORD0746,SKU_001467,S007,45920.47083,2314.44
ORD0746,SKU_001468,S007,45920.47153,3216.35
ORD0746,SKU_001469,S007,45920.47222,2906.61
ORD0747,SKU_001470,S007,45920.47292,2921.98
ORD0747,SKU_001471,S007,45920.47361,2601
ORD0747,SKU_001472,S007,45920.47431,500.47
ORD0747,SKU_001473,S007,45920.475,448.85
ORD0747,SKU_001474,S007,45920.47569,568.57
ORD0748,SKU_001475,S007,45920.47639,499.99
ORD0748,SKU_001476,S007,45920.47708,402.05
ORD0748,SKU_001477,S007,45920.47778,804.69
ORD0748,SKU_001478,S007,45920.47847,1089.77
ORD0749,SKU_001479,S007,45920.47917,1032.74
ORD0749,SKU_001480,S007,45920.47986,950.54
ORD0749,SKU_001481,S007,45920.48056,1187.88
ORD0749,SKU_001482,S007,45920.48125,548.59
ORD0749,SKU_001483,S007,45920.48194,564.65
ORD0750,SKU_001484,S007,45920.48264,492.49
ORD0750,SKU_001485,S007,45920.48333,516.63
ORD0750,SKU_001486,S007,45920.48403,447.6
ORD0750,SKU_001487,S007,45920.48472,8593.48
ORD0750,SKU_001488,S007,45920.48542,9618.02
ORD0751,SKU_001489,S007,45920.48611,9646.86
ORD0751,SKU_001490,S007,45920.48681,10430.55
ORD0751,SKU_001491,S007,45920.4875,11643.45
ORD0752,SKU_001492,S007,45920.48819,79952.14
ORD0752,SKU_001493,S007,45920.48889,58275.7
ORD0752,SKU_001494,S007,45920.48958,61280.63
ORD0752,SKU_001495,S007,45920.49028,61293.15
ORD0753,SKU_001496,S007,45920.49097,62336.44
ORD0753,SKU_001497,S007,45920.49167,896.47
ORD0753,SKU_001498,S007,45920.49236,970.63
ORD0754,SKU_001499,S007,45920.49306,861.19
ORD0754,SKU_001500,S007,45920.49375,839.39
ORD0754,SKU_001501,S007,45920.49444,945.05
ORD0754,SKU_001502,S007,45920.49514,14569.58
ORD0754,SKU_001503,S007,45920.49583,16233.91
ORD0755,SKU_001504,S007,45920.49653,13089.7
ORD0755,SKU_001505,S007,45920.49722,13563.12
ORD0755,SKU_001506,S007,45920.49792,12326.51
ORD0755,SKU_001507,S007,45920.49861,1111.87
ORD0755,SKU_001508,S007,45920.49931,1117.87
ORD0756,SKU_001509,S007,45920.5,943.87
ORD0756,SKU_001510,S007,45920.50069,1140.63
ORD0756,SKU_001511,S007,45920.50139,942.88
ORD0756,SKU_001512,S007,45920.50208,104.1
ORD0756,SKU_001513,S007,45920.50278,142.64
ORD0757,SKU_001514,S007,45920.50347,116.68
ORD0757,SKU_001515,S007,45920.50417,104.1
ORD0757,SKU_001516,S007,45920.50486,112.4
ORD0758,SKU_001517,S007,45920.50556,397.06
ORD0758,SKU_001518,S007,45920.50625,405.22
ORD0758,SKU_001519,S007,45920.50694,364.11
ORD0758,SKU_001520,S007,45920.50764,272.4
ORD0759,SKU_001521,S007,45920.50833,357.19
ORD0759,SKU_001522,S007,45920.50903,898.72
ORD0760,SKU_001523,S007,45920.50972,811.74
ORD0760,SKU_001524,S007,45920.51042,774.41
ORD0761,SKU_001525,S007,45920.51111,887.71
ORD0761,SKU_001526,S007,45920.51181,788.83
ORD0761,SKU_001527,S007,45920.5125,770.16
ORD0761,SKU_001528,S007,45920.51319,827.04
ORD0762,SKU_001529,S007,45920.51389,782.28
ORD0762,SKU_001530,S007,45920.51458,789.53
ORD0763,SKU_001531,S007,45920.51528,817.97
ORD0763,SKU_001532,S007,45920.51597,931.66
ORD0763,SKU_001533,S007,45920.51667,879.52
ORD0764,SKU_001534,S007,45920.51736,989.14
ORD0764,SKU_001535,S007,45920.51806,846.85
ORD0764,SKU_001536,S007,45920.51875,1090.54
ORD0764,SKU_001537,S007,45920.51944,799.54
ORD0765,SKU_001538,S007,45920.52014,780.65
ORD0765,SKU_001539,S007,45920.52083,802.9
ORD0766,SKU_001540,S007,45920.52153,721.21
ORD0766,SKU_001541,S007,45920.52222,833.82
ORD0767,SKU_001542,S007,45920.52292,665.44
ORD0767,SKU_001543,S007,45920.52361,704.54
ORD0767,SKU_001544,S007,45920.52431,552.54
ORD0768,SKU_001545,S007,45920.525,675.9
ORD0768,SKU_001546,S007,45920.52569,666.56
ORD0768,SKU_001547,S007,45920.52639,718.26
ORD0768,SKU_001548,S007,45920.52708,708.17
ORD0769,SKU_001549,S007,45920.52778,666.84
ORD0769,SKU_001550,S007,45920.52847,682.59
ORD0770,SKU_001551,S007,45920.52917,697.36
ORD0770,SKU_001552,S007,45920.52986,528.19
ORD0771,SKU_001553,S007,45920.53056,668.71
ORD0771,SKU_001554,S007,45920.53125,607.51
ORD0772,SKU_001555,S007,45920.53194,672.07
ORD0772,SKU_001556,S007,45920.53264,606.52
ORD0772,SKU_001557,S007,45920.53333,714.75
ORD0772,SKU_001558,S007,45920.53403,903.91
ORD0772,SKU_001559,S007,45920.53472,901.68
ORD0773,SKU_001560,S007,45920.53542,808.19
ORD0773,SKU_001561,S007,45920.53611,923.95
ORD0773,SKU_001562,S007,45920.53681,565.9
ORD0773,SKU_001563,S007,45920.5375,561.8
ORD0774,SKU_001564,S007,45920.53819,498.21
ORD0774,SKU_001565,S007,45920.53889,636.19
ORD0774,SKU_001566,S007,45920.53958,582.56
ORD0774,SKU_001567,S007,45920.54028,608.63
ORD0775,SKU_001568,S007,45920.54097,697.28
ORD0775,SKU_001569,S007,45920.54167,717.57
ORD0775,SKU_001570,S007,45920.54236,701.68
ORD0776,SKU_001571,S007,45920.54306,558.22
ORD0776,SKU_001572,S007,45920.54375,1564.53
ORD0776,SKU_001573,S007,45920.54444,1790.79
ORD0777,SKU_001574,S007,45920.54514,1475.18
ORD0777,SKU_001575,S007,45920.54583,1424.18
ORD0777,SKU_001576,S007,45920.54653,1429.36
ORD0777,SKU_001577,S007,45920.54722,563.96
ORD0778,SKU_001578,S007,45920.54792,468.93
ORD0778,SKU_001579,S007,45920.54861,459.08
ORD0778,SKU_001580,S007,45920.54931,647.15
ORD0779,SKU_001581,S007,45920.55,474.7
ORD0779,SKU_001582,S007,45920.55069,663.13
ORD0780,SKU_001583,S007,45920.55139,665.95
ORD0780,SKU_001584,S007,45920.55208,816.32
ORD0780,SKU_001585,S007,45920.55278,742.55
ORD0781,SKU_001586,S007,45920.55347,681.1
ORD0781,SKU_001587,S007,45920.55417,800.79
ORD0781,SKU_001588,S007,45920.55486,691.61
ORD0782,SKU_001589,S007,45920.55556,798.16
ORD0782,SKU_001590,S007,45920.55625,613.5
ORD0782,SKU_001591,S007,45920.55694,735.92
ORD0782,SKU_001592,S007,45920.55764,514
ORD0782,SKU_001593,S007,45920.55833,568.15
ORD0783,SKU_001594,S007,45920.55903,610.39
ORD0783,SKU_001595,S007,45920.55972,465.18
ORD0783,SKU_001596,S007,45920.56042,480.59
ORD0783,SKU_001597,S007,45920.56111,376.1
ORD0784,SKU_001598,S007,45920.56181,347.14
ORD0784,SKU_001599,S007,45920.5625,385.95
ORD0784,SKU_001600,S007,45920.56319,363.26
ORD0785,SKU_001601,S007,45920.56389,443
ORD0785,SKU_001602,S007,45920.56458,300.51
ORD0785,SKU_001603,S007,45920.56528,316.19
ORD0785,SKU_001604,S007,45920.56597,273.09
ORD0785,SKU_001605,S007,45920.56667,309.76
ORD0786,SKU_001606,S007,45920.56736,271.3
ORD0786,SKU_001607,S007,45920.56806,499.57
ORD0786,SKU_001608,S007,45920.56875,440.88
ORD0786,SKU_001609,S007,45920.56944,563.16
ORD0787,SKU_001610,S007,45920.57014,501.15
ORD0787,SKU_001611,S007,45920.57083,428.9
ORD0787,SKU_001612,S007,45920.57153,2059.32
ORD0787,SKU_001613,S007,45920.57222,2227.16
ORD0787,SKU_001614,S007,45920.57292,2516.58
ORD0788,SKU_001615,S007,45920.57361,2274.06
ORD0788,SKU_001616,S007,45920.57431,1767.33
ORD0788,SKU_001617,S007,45920.575,617.42
ORD0789,SKU_001618,S007,45920.57569,650.84
ORD0789,SKU_001619,S007,45920.57639,550.48
ORD0789,SKU_001620,S007,45920.57708,664.1
ORD0789,SKU_001621,S007,45920.57778,651.57
ORD0790,SKU_001622,S007,45920.57847,151.23
ORD0790,SKU_001623,S007,45920.57917,191.03
ORD0790,SKU_001624,S007,45920.57986,180.04
ORD0790,SKU_001625,S007,45920.58056,155.09
ORD0790,SKU_001626,S007,45920.58125,144.16
ORD0791,SKU_001627,S007,45920.58194,285.03
ORD0791,SKU_001628,S007,45920.58264,207.85
ORD0791,SKU_001629,S007,45920.58333,226.33
ORD0792,SKU_001630,S007,45920.58403,268.36
ORD0792,SKU_001631,S007,45920.58472,290.04
ORD0792,SKU_001632,S007,45920.58542,249.92
ORD0793,SKU_001633,S007,45920.58611,297.78
ORD0793,SKU_001634,S007,45920.58681,302.85
ORD0794,SKU_001635,S007,45920.5875,326.55
ORD0794,SKU_001636,S007,45920.58819,311.84
ORD0794,SKU_001637,S007,45920.58889,244.19
ORD0795,SKU_001638,S007,45920.58958,287.34
ORD0795,SKU_001639,S007,45920.59028,289.16
ORD0795,SKU_001640,S007,45920.59097,264.42
ORD0795,SKU_001641,S007,45920.59167,269.63
ORD0795,SKU_001642,S007,45920.59236,310.94
ORD0796,SKU_001643,S007,45920.59306,337.92
ORD0796,SKU_001644,S007,45920.59375,388.88
ORD0796,SKU_001645,S007,45920.59444,391.09
ORD0796,SKU_001646,S007,45920.59514,364.42
ORD0796,SKU_001647,S007,45920.59583,45134.1
ORD0797,SKU_001648,S007,45920.59653,53796.6
ORD0797,SKU_001649,S007,45920.59722,47782.96
ORD0797,SKU_001650,S007,45920.59792,37169.14
ORD0797,SKU_001651,S007,45920.59861,43784.12
ORD0798,SKU_001652,S007,45920.59931,55917.24
ORD0798,SKU_001653,S007,45920.6,55296.88
ORD0799,SKU_001654,S007,45920.60069,55941.1
ORD0799,SKU_001655,S007,45920.60139,47361.29
ORD0799,SKU_001656,S007,45920.60208,47697.23
ORD0800,SKU_001657,S007,45920.60278,658.45
ORD0800,SKU_001658,S007,45920.60347,815.41
ORD0800,SKU_001659,S007,45920.60417,776.06
ORD0800,SKU_001660,S007,45920.60486,742.24
ORD0800,SKU_001661,S007,45920.60556,696.83
ORD0801,SKU_001662,S007,45920.60625,1314.37
ORD0801,SKU_001663,S007,45920.60694,893.97
ORD0801,SKU_001664,S007,45920.60764,927.05
ORD0802,SKU_001665,S007,45920.60833,1120.5
ORD0802,SKU_001666,S007,45920.60903,1131.75
ORD0802,SKU_001667,S007,45920.60972,3326.49
ORD0802,SKU_001668,S007,45920.61042,2496.71
ORD0803,SKU_001669,S007,45920.61111,3283.84
ORD0803,SKU_001670,S007,45920.61181,2636.65
ORD0803,SKU_001671,S007,45920.6125,2451.2
ORD0803,SKU_001672,S007,45920.61319,1419.1
ORD0804,SKU_001673,S007,45920.61389,976.43
ORD0804,SKU_001674,S007,45920.61458,1230.42
ORD0804,SKU_001675,S008,45920.61528,1369.67
ORD0804,SKU_001676,S008,45920.61597,1260.38
ORD0805,SKU_001677,S008,45920.61667,2766.88
ORD0805,SKU_001678,S008,45920.61736,2199.52
ORD0805,SKU_001679,S008,45920.61806,2674.79
ORD0805,SKU_001680,S008,45920.61875,2532.14
ORD0805,SKU_001681,S008,45920.61944,2535.41
ORD0806,SKU_001682,S008,45920.62014,1232.75
ORD0806,SKU_001683,S008,45920.62083,1653.21
ORD0806,SKU_001684,S008,45920.62153,1503.28
ORD0806,SKU_001685,S008,45920.62222,1390.43
ORD0807,SKU_001686,S008,45920.62292,1202.17
ORD0807,SKU_001687,S008,45920.62361,1480
ORD0807,SKU_001688,S008,45920.62431,1204.77
ORD0808,SKU_001689,S008,45920.625,1310.38
ORD0808,SKU_001690,S008,45920.62569,1250.67
ORD0808,SKU_001691,S008,45920.62639,1667.11
ORD0808,SKU_001692,S008,45920.62708,2091.59
ORD0809,SKU_001693,S008,45920.62778,2109.11
ORD0809,SKU_001694,S008,45920.62847,2761.57
ORD0809,SKU_001695,S008,45920.62917,2809.39
ORD0809,SKU_001696,S008,45920.62986,2145.4
ORD0809,SKU_001697,S008,45920.63056,28434.59
ORD0810,SKU_001698,S008,45920.63125,27122.58
ORD0810,SKU_001699,S008,45920.63194,26587.15
ORD0810,SKU_001700,S008,45920.63264,30025.64
ORD0810,SKU_001701,S008,45920.63333,22403.87
ORD0810,SKU_001702,S008,45920.63403,1203.44
ORD0811,SKU_001703,S008,45920.63472,1341.77
ORD0811,SKU_001704,S008,45920.63542,1403.78
ORD0812,SKU_001705,S008,45920.63611,1213.34
ORD0812,SKU_001706,S008,45920.63681,1180.02
ORD0812,SKU_001707,S008,45920.6375,4931.32
ORD0812,SKU_001708,S008,45920.63819,5848.94
ORD0813,SKU_001709,S008,45920.63889,5532.31
ORD0813,SKU_001710,S008,45920.63958,5465.52
ORD0813,SKU_001711,S008,45920.64028,5915.6
ORD0813,SKU_001712,S008,45920.64097,7360.66
ORD0813,SKU_001713,S008,45920.64167,8894.9
ORD0814,SKU_001714,S008,45920.64236,7816.03
ORD0814,SKU_001715,S008,45920.64306,7101.67
ORD0814,SKU_001716,S008,45920.64375,7531.95
ORD0814,SKU_001717,S008,45920.64444,25348.47
ORD0815,SKU_001718,S008,45920.64514,26519.63
ORD0815,SKU_001719,S008,45920.64583,23078.77
ORD0815,SKU_001720,S008,45920.64653,22322.77
ORD0815,SKU_001721,S008,45920.64722,23628.88
ORD0816,SKU_001722,S008,45920.64792,17217.76
ORD0816,SKU_001723,S008,45920.64861,14125.27
ORD0816,SKU_001724,S008,45920.64931,15070.29
ORD0816,SKU_001725,S008,45920.65,12058.19
ORD0816,SKU_001726,S008,45920.65069,12107.74
ORD0817,SKU_001727,S008,45920.65139,4299.52
ORD0817,SKU_001728,S008,45920.65208,4041.57
ORD0818,SKU_001729,S008,45920.65278,3758.33
ORD0818,SKU_001730,S008,45920.65347,5145.98
ORD0819,SKU_001731,S008,45920.65417,4403.01
ORD0819,SKU_001732,S008,45920.65486,1097.98
ORD0819,SKU_001733,S008,45920.65556,1206.8
ORD0819,SKU_001734,S008,45920.65625,1371.17
ORD0820,SKU_001735,S008,45920.65694,1170.86
ORD0820,SKU_001736,S008,45920.65764,1401.29
ORD0820,SKU_001737,S008,45920.65833,8554.38
ORD0821,SKU_001738,S008,45920.65903,6902.79
ORD0821,SKU_001739,S008,45920.65972,8625.59
ORD0821,SKU_001740,S008,45920.66042,9495.6
ORD0821,SKU_001741,S008,45920.66111,8664.54
ORD0822,SKU_001742,S008,45920.66181,4953.74
ORD0822,SKU_001743,S008,45920.6625,5652.47
ORD0822,SKU_001744,S008,45920.66319,5638.55
ORD0823,SKU_001745,S008,45920.66389,4841.93
ORD0823,SKU_001746,S008,45920.66458,4379.29
ORD0823,SKU_001747,S008,45920.66528,3011.68
ORD0823,SKU_001748,S008,45920.66597,3209.08
ORD0823,SKU_001749,S008,45920.66667,2922.19
ORD0824,SKU_001750,S008,45920.66736,2692.45
ORD0824,SKU_001751,S008,45920.66806,3799.81
ORD0825,SKU_001752,S008,45920.66875,4641.18
ORD0825,SKU_001753,S008,45920.66944,3452.6
ORD0825,SKU_001754,S008,45920.67014,4671.77
ORD0826,SKU_001755,S008,45920.67083,5039.9
ORD0826,SKU_001756,S008,45920.67153,5034.67
ORD0827,SKU_001757,S008,45920.67222,17064.13
ORD0827,SKU_001758,S008,45920.67292,18305.42
ORD0828,SKU_001759,S008,45920.67361,23361.59
ORD0828,SKU_001760,S008,45920.67431,23500.23
ORD0829,SKU_001761,S008,45920.675,24425.09
ORD0829,SKU_001762,S008,45920.67569,10386.78
ORD0829,SKU_001763,S008,45920.67639,10964.76
ORD0829,SKU_001764,S008,45920.67708,7744.78
ORD0829,SKU_001765,S008,45920.67778,9285.97
ORD0830,SKU_001766,S008,45920.67847,9900.02
ORD0830,SKU_001767,S008,45920.67917,25444.54
ORD0830,SKU_001768,S008,45920.67986,28611.21
ORD0831,SKU_001769,S008,45920.68056,28685.94
ORD0831,SKU_001770,S008,45920.68125,33619.71
ORD0831,SKU_001771,S008,45920.68194,24004.18
ORD0831,SKU_001772,S008,45920.68264,11173.9
ORD0831,SKU_001773,S008,45920.68333,9131.12
ORD0832,SKU_001774,S008,45920.68403,10274.16
ORD0832,SKU_001775,S008,45920.68472,9274.82
ORD0832,SKU_001776,S008,45920.68542,9433.53
ORD0833,SKU_001777,S008,45920.68611,6414.6
ORD0833,SKU_001778,S008,45920.68681,8468.67
ORD0834,SKU_001779,S008,45920.6875,6689.54
ORD0834,SKU_001780,S008,45920.68819,7923.34
ORD0834,SKU_001781,S008,45920.68889,8671.06
ORD0834,SKU_001782,S008,45920.68958,14121.95
ORD0835,SKU_001783,S008,45920.69028,13368.25
ORD0835,SKU_001784,S008,45920.69097,11046.68
ORD0835,SKU_001785,S008,45920.69167,13976.88
ORD0836,SKU_001786,S008,45920.69236,14917.77
ORD0836,SKU_001787,S008,45920.69306,3322.17
ORD0836,SKU_001788,S008,45920.69375,4157.89
ORD0836,SKU_001789,S008,45920.69444,3387.96
ORD0837,SKU_001790,S008,45920.69514,3303.23
ORD0837,SKU_001791,S008,45920.69583,2808.94
ORD0837,SKU_001792,S008,45920.69653,671.73
ORD0837,SKU_001793,S008,45920.69722,738.33
ORD0837,SKU_001794,S008,45920.69792,698.32
ORD0838,SKU_001795,S008,45920.69861,600.7
ORD0838,SKU_001796,S008,45920.69931,679.85
ORD0839,SKU_001797,S008,45920.7,541.8
ORD0839,SKU_001798,S008,45920.70069,455.58
ORD0839,SKU_001799,S008,45920.70139,457.21
ORD0840,SKU_001800,S008,45920.70208,616.9
ORD0840,SKU_001801,S008,45920.70278,510.15
ORD0841,SKU_001802,S008,45920.70347,787.84
ORD0841,SKU_001803,S008,45920.70417,924.25
ORD0841,SKU_001804,S008,45920.70486,787.49
ORD0841,SKU_001805,S008,45920.70556,987.6
ORD0841,SKU_001806,S008,45920.70625,1111.31
ORD0842,SKU_001807,S008,45920.70694,848.28
ORD0842,SKU_001808,S008,45920.70764,935.59
ORD0843,SKU_001809,S008,45920.70833,789.08
ORD0843,SKU_001810,S008,45920.70903,905.13
ORD0843,SKU_001811,S008,45920.70972,916.29
ORD0844,SKU_001812,S008,45920.71042,1731.99
ORD0844,SKU_001813,S008,45920.71111,1825.02
ORD0844,SKU_001814,S008,45920.71181,2072.33
ORD0844,SKU_001815,S008,45920.7125,2398.94
ORD0844,SKU_001816,S008,45920.71319,2384.12
ORD0845,SKU_001817,S008,45920.71389,3978.3
ORD0845,SKU_001818,S008,45920.71458,5002.3
ORD0845,SKU_001819,S008,45920.71528,5034.29
ORD0846,SKU_001820,S008,45920.71597,4081.21
ORD0846,SKU_001821,S008,45920.71667,4224.78
ORD0846,SKU_001822,S008,45920.71736,3069.29
ORD0846,SKU_001823,S008,45920.71806,2797.6
ORD0846,SKU_001824,S008,45920.71875,2746.24
ORD0847,SKU_001825,S008,45920.71944,2254.64
ORD0847,SKU_001826,S008,45920.72014,2138.32
ORD0848,SKU_001827,S008,45920.72083,315.94
ORD0848,SKU_001828,S008,45920.72153,323.55
ORD0849,SKU_001829,S008,45920.72222,356.28
ORD0849,SKU_001830,S008,45920.72292,396.37
ORD0849,SKU_001831,S008,45920.72361,380.46
ORD0849,SKU_001832,S008,45920.72431,1079.08
ORD0850,SKU_001833,S008,45920.725,1044.18
ORD0850,SKU_001834,S008,45920.72569,1107.03
ORD0850,SKU_001835,S008,45920.72639,862.05
ORD0850,SKU_001836,S008,45920.72708,1130.05
ORD0851,SKU_001837,S008,45920.72778,963.46
ORD0851,SKU_001838,S008,45920.72847,891.1
ORD0851,SKU_001839,S008,45920.72917,1126.81
ORD0852,SKU_001840,S008,45920.72986,1012.57
ORD0852,SKU_001841,S008,45920.73056,956.28
ORD0853,SKU_001842,S008,45920.73125,793.94
ORD0853,SKU_001843,S008,45920.73194,1073.48
ORD0854,SKU_001844,S008,45920.73264,1024.1
ORD0854,SKU_001845,S008,45920.73333,1160.73
ORD0854,SKU_001846,S008,45920.73403,989.09
ORD0854,SKU_001847,S008,45920.73472,2968.15
ORD0854,SKU_001848,S008,45920.73542,3505.75
ORD0855,SKU_001849,S008,45920.73611,3291.5
ORD0855,SKU_001850,S008,45920.73681,3927.07
ORD0855,SKU_001851,S008,45920.7375,2843.21
ORD0855,SKU_001852,S008,45920.73819,8195.3
ORD0856,SKU_001853,S008,45920.73889,8015.63
ORD0856,SKU_001854,S008,45920.73958,7249.76
ORD0856,SKU_001855,S008,45920.74028,8044.36
ORD0856,SKU_001856,S008,45920.74097,7919.71
ORD0856,SKU_001857,S008,45920.74167,6648.44
ORD0857,SKU_001858,S008,45920.74236,6999.24
ORD0857,SKU_001859,S008,45920.74306,7161.71
ORD0858,SKU_001860,S008,45920.74375,6297.71
ORD0858,SKU_001861,S008,45920.74444,5936.71
ORD0858,SKU_001862,S008,45920.74514,2900.74
ORD0858,SKU_001863,S008,45920.74583,3019.05
ORD0859,SKU_001864,S008,45920.74653,3167.13
ORD0859,SKU_001865,S008,45920.74722,3426.74
ORD0859,SKU_001866,S008,45920.74792,3181.2
ORD0860,SKU_001867,S008,45920.74861,1392.84
ORD0860,SKU_001868,S008,45920.74931,1340.21
ORD0860,SKU_001869,S008,45920.75,1363.55
ORD0860,SKU_001870,S008,45920.75069,1384.53
ORD0860,SKU_001871,S008,45920.75139,1401.87
ORD0861,SKU_001872,S008,45920.75208,91.83
ORD0861,SKU_001873,S008,45920.75278,96.72
ORD0861,SKU_001874,S008,45920.75347,82.4
ORD0861,SKU_001875,S008,45920.75417,75.64
ORD0861,SKU_001876,S008,45920.75486,83.75
ORD0862,SKU_001877,S008,45920.75556,182.12
ORD0862,SKU_001878,S008,45920.75625,178.73
ORD0863,SKU_001879,S008,45920.75694,199.53
ORD0863,SKU_001880,S008,45920.75764,190.28
ORD0863,SKU_001881,S008,45920.75833,149.57
ORD0863,SKU_001882,S008,45920.75903,13218.18
ORD0864,SKU_001883,S008,45920.75972,12094.51
ORD0864,SKU_001884,S008,45920.76042,13222.49
ORD0864,SKU_001885,S008,45920.76111,13367.06
ORD0864,SKU_001886,S008,45920.76181,12331.34
ORD0865,SKU_001887,S008,45920.7625,6272.85
ORD0865,SKU_001888,S008,45920.76319,6535.55
ORD0865,SKU_001889,S008,45920.76389,8189.94
ORD0865,SKU_001890,S008,45920.76458,8194.07
ORD0865,SKU_001891,S008,45920.76528,6730.21
ORD0866,SKU_001892,S008,45920.76597,12962.35
ORD0866,SKU_001893,S008,45920.76667,12320.55
ORD0867,SKU_001894,S008,45920.76736,12917.86
ORD0867,SKU_001895,S008,45920.76806,12652.17
ORD0867,SKU_001896,S008,45920.76875,13946.2
ORD0868,SKU_001897,S008,45920.76944,3355.22
ORD0868,SKU_001898,S008,45920.77014,3937.97
ORD0868,SKU_001899,S008,45920.77083,3875.15
ORD0868,SKU_001900,S008,45920.77153,3598.6
ORD0869,SKU_001901,S008,45920.77222,2847.03
ORD0869,SKU_001902,S008,45920.77292,4546.14
ORD0869,SKU_001903,S008,45920.77361,5161.44
ORD0869,SKU_001904,S008,45920.77431,4945.06
ORD0869,SKU_001905,S008,45920.775,5182.45
ORD0870,SKU_001906,S008,45920.77569,5028.42
ORD0870,SKU_001907,S008,45920.77639,655.78
ORD0870,SKU_001908,S008,45920.77708,540.01
ORD0871,SKU_001909,S008,45920.77778,499.03
ORD0871,SKU_001910,S008,45920.77847,548.74
ORD0871,SKU_001911,S008,45920.77917,550.15
ORD0872,SKU_001912,S008,45920.77986,1970.7
ORD0872,SKU_001913,S008,45920.78056,1599.01
ORD0872,SKU_001914,S008,45920.78125,1655.81
ORD0873,SKU_001915,S008,45920.78194,2067.3
ORD0873,SKU_001916,S008,45920.78264,1998.71
ORD0873,SKU_001917,S008,45920.78333,6852.53
ORD0874,SKU_001918,S008,45920.78403,5559.27
ORD0874,SKU_001919,S008,45920.78472,4861.84
ORD0875,SKU_001920,S008,45920.78542,6596.5
ORD0875,SKU_001921,S008,45920.78611,5655.14
ORD0875,SKU_001922,S008,45920.78681,1718.73
ORD0876,SKU_001923,S008,45920.7875,1302.7
ORD0876,SKU_001924,S008,45920.78819,1323.08
ORD0876,SKU_001925,S008,45920.78889,1675.71
ORD0876,SKU_001926,S008,45920.78958,1490.12
ORD0877,SKU_001927,S008,45920.79028,1341
ORD0877,SKU_001928,S008,45920.79097,1705.31
ORD0877,SKU_001929,S008,45920.79167,1622.16
ORD0877,SKU_001930,S008,45920.79236,1726.07
ORD0878,SKU_001931,S008,45920.79306,1343.61
ORD0878,SKU_001932,S008,45920.79375,873.87
ORD0878,SKU_001933,S008,45920.79444,864.34
ORD0878,SKU_001934,S008,45920.79514,744.5
ORD0878,SKU_001935,S008,45920.79583,724.76
ORD0879,SKU_001936,S008,45920.79653,880.17
ORD0879,SKU_001937,S008,45920.79722,96.62
ORD0879,SKU_001938,S008,45920.79792,71.62
ORD0879,SKU_001939,S008,45920.79861,89.31
ORD0880,SKU_001940,S008,45920.79931,96.05
ORD0880,SKU_001941,S008,45920.8,76.72
ORD0880,SKU_001942,S008,45920.80069,94.53
ORD0880,SKU_001943,S008,45920.80139,108.92
ORD0881,SKU_001944,S008,45920.80208,105.63
ORD0881,SKU_001945,S008,45920.80278,90.28
ORD0881,SKU_001946,S008,45920.80347,103.05
ORD0881,SKU_001947,S008,45920.80417,3407.46
ORD0882,SKU_001948,S008,45920.80486,2835.55
ORD0882,SKU_001949,S008,45920.80556,2418.3
ORD0882,SKU_001950,S008,45920.80625,3495.57
ORD0882,SKU_001951,S008,45920.80694,2832.82
ORD0882,SKU_001952,S008,45920.80764,1404.21
ORD0883,SKU_001953,S008,45920.80833,1500.28
ORD0883,SKU_001954,S008,45920.80903,1190.26
ORD0883,SKU_001955,S008,45920.80972,1500.2
ORD0884,SKU_001956,S008,45920.81042,1241.73
ORD0884,SKU_001957,S008,45920.81111,2077.1
ORD0884,SKU_001958,S008,45920.81181,2509.36
ORD0884,SKU_001959,S008,45920.8125,2857.82
ORD0885,SKU_001960,S008,45920.81319,2826.79
ORD0885,SKU_001961,S008,45920.81389,2193.03
ORD0885,SKU_001962,S008,45920.81458,128.11
ORD0885,SKU_001963,S008,45920.81528,120.15
ORD0886,SKU_001964,S008,45920.81597,154.95
ORD0886,SKU_001965,S008,45920.81667,142.59
ORD0887,SKU_001966,S008,45920.81736,140.29
ORD0887,SKU_001967,S008,45920.81806,88.81
ORD0888,SKU_001968,S008,45920.81875,92.18
ORD0888,SKU_001969,S008,45920.81944,106.36
ORD0888,SKU_001970,S008,45920.82014,102.04
ORD0889,SKU_001971,S008,45920.82083,94.96
ORD0889,SKU_001972,S008,45920.82153,155.76
ORD0890,SKU_001973,S008,45920.82222,132.58
ORD0890,SKU_001974,S008,45920.82292,145.85
ORD0890,SKU_001975,S008,45920.82361,146.34
ORD0891,SKU_001976,S008,45920.82431,121.75
ORD0891,SKU_001977,S008,45920.825,706.08
ORD0891,SKU_001978,S008,45920.82569,554.78
ORD0892,SKU_001979,S008,45920.82639,584.42
ORD0892,SKU_001980,S008,45920.82708,800.25
ORD0892,SKU_001981,S008,45920.82778,762.16
ORD0893,SKU_001982,S008,45920.82847,14497.86
ORD0893,SKU_001983,S008,45920.82917,11450.45
ORD0894,SKU_001984,S008,45920.82986,12826.85
ORD0894,SKU_001985,S008,45920.83056,11442.82
ORD0894,SKU_001986,S008,45920.83125,14507.33
ORD0894,SKU_001987,S008,45920.83194,38341.26
ORD0895,SKU_001988,S008,45920.83264,39571.07
ORD0895,SKU_001989,S008,45920.83333,45352.2
ORD0895,SKU_001990,S008,45920.83403,41675.22
ORD0895,SKU_001991,S008,45920.83472,39607.6
ORD0896,SKU_001992,S008,45920.83542,20358.14
ORD0896,SKU_001993,S008,45920.83611,17294.68
ORD0896,SKU_001994,S008,45920.83681,20226.83
ORD0896,SKU_001995,S008,45920.8375,19879.48
ORD0897,SKU_001996,S008,45920.83819,15879.29
ORD0897,SKU_001997,S008,45920.83889,30344.3
ORD0897,SKU_001998,S008,45920.83958,37397.13
ORD0897,SKU_001999,S008,45920.84028,30205.93
ORD0897,SKU_002000,S008,45920.84097,34686.42
ORD0898,SKU_002001,S008,45920.84167,35413.2
ORD0898,SKU_002002,S008,45920.84236,142667.35
ORD0898,SKU_002003,S008,45920.84306,134642.04
ORD0899,SKU_002004,S008,45920.84375,139873.31
ORD0899,SKU_002005,S008,45920.84444,135706.97
ORD0900,SKU_002006,S008,45920.84514,141683
ORD0900,SKU_002007,S008,45920.84583,94.42
ORD0900,SKU_002008,S008,45920.84653,92.21
ORD0901,SKU_002009,S008,45920.84722,89.54
ORD0901,SKU_002010,S008,45920.84792,115.33
ORD0902,SKU_002011,S008,45920.84861,105.73
ORD0902,SKU_002012,S008,45920.84931,355.21
ORD0902,SKU_002013,S008,45920.85,300.23
ORD0902,SKU_002014,S008,45920.85069,319.99
ORD0903,SKU_002015,S008,45920.85139,329.89
ORD0903,SKU_002016,S008,45920.85208,388.38
ORD0903,SKU_002017,S008,45920.85278,357.53
ORD0903,SKU_002018,S008,45920.85347,347.92
ORD0904,SKU_002019,S008,45920.85417,399.87
ORD0904,SKU_002020,S008,45920.85486,425.28
ORD0904,SKU_002021,S008,45920.85556,412.51
ORD0904,SKU_002022,S008,45920.85625,952.77
ORD0905,SKU_002023,S008,45920.85694,758.05
ORD0905,SKU_002024,S008,45920.85764,851.84
ORD0905,SKU_002025,S008,45920.85833,905.52
ORD0905,SKU_002026,S008,45920.85903,648.04
ORD0906,SKU_002027,S008,45920.85972,532.42
ORD0906,SKU_002028,S008,45920.86042,449.99
ORD0906,SKU_002029,S008,45920.86111,411.65
ORD0906,SKU_002030,S008,45920.86181,559.05
ORD0906,SKU_002031,S008,45920.8625,412.9
ORD0907,SKU_002032,S008,45920.86319,722.62
ORD0907,SKU_002033,S008,45920.86389,560.52
ORD0907,SKU_002034,S008,45920.86458,694.11
ORD0907,SKU_002035,S008,45920.86528,660.45
ORD0908,SKU_002036,S008,45920.86597,608.12
ORD0908,SKU_002037,S008,45920.86667,358
ORD0908,SKU_002038,S008,45920.86736,301.3
ORD0909,SKU_002039,S008,45920.86806,284.14
ORD0909,SKU_002040,S008,45920.86875,313.53
ORD0909,SKU_002041,S008,45920.86944,353.76
ORD0909,SKU_002042,S008,45920.87014,112.22
ORD0909,SKU_002043,S008,45920.87083,117.29
ORD0910,SKU_002044,S008,45920.87153,97.91
ORD0910,SKU_002045,S008,45920.87222,141.85
ORD0910,SKU_002046,S008,45920.87292,101.36
ORD0911,SKU_002047,S008,45920.87361,454.75
ORD0911,SKU_002048,S008,45920.87431,425.75
ORD0912,SKU_002049,S008,45920.875,340.88
ORD0912,SKU_002050,S008,45920.87569,410.35
ORD0912,SKU_002051,S008,45920.87639,424.39
ORD0913,SKU_002052,S008,45920.87708,12923.54
ORD0913,SKU_002053,S008,45920.87778,15398.51
ORD0913,SKU_002054,S008,45920.87847,14762.47
ORD0914,SKU_002055,S008,45920.87917,13890.87
ORD0914,SKU_002056,S008,45920.87986,13292.96
ORD0914,SKU_002057,S008,45920.88056,473.87
ORD0915,SKU_002058,S008,45920.88125,557.36
ORD0915,SKU_002059,S008,45920.88194,542.72
ORD0915,SKU_002060,S008,45920.88264,416.54
ORD0915,SKU_002061,S008,45920.88333,523.22
ORD0916,SKU_002062,S008,45920.88403,66592.04
ORD0916,SKU_002063,S008,45920.88472,45709.99
ORD0916,SKU_002064,S008,45920.88542,67053.03
ORD0917,SKU_002065,S008,45920.88611,64764.71
ORD0917,SKU_002066,S008,45920.88681,51007.62
ORD0917,SKU_002067,S008,45920.8875,15478.64
ORD0917,SKU_002068,S008,45920.88819,16732.38
ORD0918,SKU_002069,S008,45920.88889,18832.46
ORD0918,SKU_002070,S008,45920.88958,22078.28
ORD0919,SKU_002071,S008,45920.89028,21389.74
ORD0919,SKU_002072,S008,45920.89097,1753.89
ORD0920,SKU_002073,S008,45920.89167,1630.19
ORD0920,SKU_002074,S008,45920.89236,2230.34
ORD0920,SKU_002075,S009,45920.89306,1981.8
ORD0920,SKU_002076,S009,45920.89375,1615.37
ORD0920,SKU_002077,S009,45920.89444,4658.32
ORD0921,SKU_002078,S009,45920.89514,3551
ORD0921,SKU_002079,S009,45920.89583,3930.04
ORD0921,SKU_002080,S009,45920.89653,3243.51
ORD0922,SKU_002081,S009,45920.89722,4171.06
ORD0922,SKU_002082,S009,45920.89792,2743.1
ORD0922,SKU_002083,S009,45920.89861,2960.42
ORD0922,SKU_002084,S009,45920.89931,2039.06
ORD0922,SKU_002085,S009,45920.9,2842.82
ORD0923,SKU_002086,S009,45920.90069,2002.24
ORD0923,SKU_002087,S009,45920.90139,3585.62
ORD0923,SKU_002088,S009,45920.90208,2995.28
ORD0924,SKU_002089,S009,45920.90278,4134.47
ORD0924,SKU_002090,S009,45920.90347,3184.07
ORD0924,SKU_002091,S009,45920.90417,3788.47
ORD0924,SKU_002092,S009,45920.90486,2176.58
ORD0925,SKU_002093,S009,45920.90556,1640.33
ORD0925,SKU_002094,S009,45920.90625,1769.12
ORD0925,SKU_002095,S009,45920.90694,1744.41
ORD0925,SKU_002096,S009,45920.90764,2272.17
ORD0926,SKU_002097,S009,45920.90833,189.35
ORD0926,SKU_002098,S009,45920.90903,180.06
ORD0926,SKU_002099,S009,45920.90972,156.09
ORD0926,SKU_002100,S009,45920.91042,172.48
ORD0927,SKU_002101,S009,45920.91111,160.37
ORD0927,SKU_002102,S009,45920.91181,131.31
ORD0927,SKU_002103,S009,45920.9125,138.68
ORD0927,SKU_002104,S009,45920.91319,150.25
ORD0927,SKU_002105,S009,45920.91389,147.52
ORD0928,SKU_002106,S009,45920.91458,164.09
ORD0928,SKU_002107,S009,45920.91528,573.07
ORD0929,SKU_002108,S009,45920.91597,603.9
ORD0929,SKU_002109,S009,45920.91667,425.5
ORD0929,SKU_002110,S009,45920.91736,495.55
ORD0929,SKU_002111,S009,45920.91806,535.53
ORD0930,SKU_002112,S009,45920.91875,670.68
ORD0930,SKU_002113,S009,45920.91944,498.18
ORD0930,SKU_002114,S009,45920.92014,710
ORD0930,SKU_002115,S009,45920.92083,539.33
ORD0930,SKU_002116,S009,45920.92153,708.87
ORD0931,SKU_002117,S009,45920.92222,197.1
ORD0931,SKU_002118,S009,45920.92292,165.05
ORD0932,SKU_002119,S009,45920.92361,224.06
ORD0932,SKU_002120,S009,45920.92431,157.66
ORD0933,SKU_002121,S009,45920.925,184.95
ORD0933,SKU_002122,S009,45920.92569,116.97
ORD0933,SKU_002123,S009,45920.92639,142.2
ORD0933,SKU_002124,S009,45920.92708,120.06
ORD0933,SKU_002125,S009,45920.92778,151.43
ORD0934,SKU_002126,S009,45920.92847,121.11
ORD0934,SKU_002127,S009,45920.92917,38319.07
ORD0934,SKU_002128,S009,45920.92986,39523.71
ORD0934,SKU_002129,S009,45920.93056,37579.49
ORD0934,SKU_002130,S009,45920.93125,44975.38
ORD0935,SKU_002131,S009,45920.93194,40226.87
ORD0935,SKU_002132,S009,45920.93264,825.43
ORD0935,SKU_002133,S009,45920.93333,941.76
ORD0935,SKU_002134,S009,45920.93403,1111.01
ORD0935,SKU_002135,S009,45920.93472,898.56
ORD0936,SKU_002136,S009,45920.93542,1156.75
ORD0936,SKU_002137,S009,45920.93611,2156.71
ORD0936,SKU_002138,S009,45920.93681,2123.3
ORD0936,SKU_002139,S009,45920.9375,2220.34
ORD0936,SKU_002140,S009,45920.93819,2286.43
ORD0937,SKU_002141,S009,45920.93889,1721.3
ORD0937,SKU_002142,S009,45920.93958,1011.14
ORD0937,SKU_002143,S009,45920.94028,930.22
ORD0937,SKU_002144,S009,45920.94097,1073.28
ORD0937,SKU_002145,S009,45920.94167,833.67
ORD0938,SKU_002146,S009,45920.94236,935.33
ORD0938,SKU_002147,S009,45920.94306,6065.6
ORD0939,SKU_002148,S009,45920.94375,6642
ORD0939,SKU_002149,S009,45920.94444,5450.2
ORD0939,SKU_002150,S009,45920.94514,6704
ORD0939,SKU_002151,S009,45920.94583,4824.53
ORD0940,SKU_002152,S009,45920.94653,4259.09
ORD0940,SKU_002153,S009,45920.94722,3641.24
ORD0940,SKU_002154,S009,45920.94792,3651.91
ORD0940,SKU_002155,S009,45920.94861,4364.54
ORD0941,SKU_002156,S009,45920.94931,3637.99
ORD0941,SKU_002157,S009,45920.95,1010.61
ORD0942,SKU_002158,S009,45920.95069,979.45
ORD0942,SKU_002159,S009,45920.95139,803.42
ORD0943,SKU_002160,S009,45920.95208,838.73
ORD0943,SKU_002161,S009,45920.95278,1012.86
ORD0943,SKU_002162,S009,45920.95347,745.59
ORD0944,SKU_002163,S009,45920.95417,768.51
ORD0944,SKU_002164,S009,45920.95486,682.67
ORD0944,SKU_002165,S009,45920.95556,685.24
ORD0944,SKU_002166,S009,45920.95625,627.41
ORD0944,SKU_002167,S009,45920.95694,686.44
ORD0945,SKU_002168,S009,45920.95764,633.97
ORD0945,SKU_002169,S009,45920.95833,753.89
ORD0945,SKU_002170,S009,45920.95903,645.38
ORD0945,SKU_002171,S009,45920.95972,721.8
ORD0945,SKU_002172,S009,45920.96042,901.59
ORD0946,SKU_002173,S009,45920.96111,764.61
ORD0946,SKU_002174,S009,45920.96181,881.19
ORD0946,SKU_002175,S009,45920.9625,824.76
ORD0947,SKU_002176,S009,45920.96319,838.56
ORD0947,SKU_002177,S009,45920.96389,649.04
ORD0947,SKU_002178,S009,45920.96458,711.55
ORD0948,SKU_002179,S009,45920.96528,657.72
ORD0948,SKU_002180,S009,45920.96597,578.1
ORD0948,SKU_002181,S009,45920.96667,684.4
ORD0948,SKU_002182,S009,45920.96736,983.37
ORD0949,SKU_002183,S009,45920.96806,852.38
ORD0949,SKU_002184,S009,45920.96875,762.9
ORD0950,SKU_002185,S009,45920.96944,1047.17
ORD0950,SKU_002186,S009,45920.97014,859.3
ORD0950,SKU_002187,S009,45920.97083,328.52
ORD0951,SKU_002188,S009,45920.97153,327.85
ORD0951,SKU_002189,S009,45920.97222,329.56
ORD0951,SKU_002190,S009,45920.97292,281.39
ORD0951,SKU_002191,S009,45920.97361,323.43
ORD0951,SKU_002192,S009,45920.97431,372.75
ORD0952,SKU_002193,S009,45920.975,476.81
ORD0952,SKU_002194,S009,45920.97569,487.97
ORD0952,SKU_002195,S009,45920.97639,524.57
ORD0953,SKU_002196,S009,45920.97708,486.2
ORD0953,SKU_002197,S009,45920.97778,761.02
ORD0954,SKU_002198,S009,45920.97847,945.45
ORD0954,SKU_002199,S009,45920.97917,797.22
ORD0954,SKU_002200,S009,45920.97986,741.24
ORD0955,SKU_002201,S009,45920.98056,1074.04
ORD0955,SKU_002202,S009,45920.98125,897.43
ORD0955,SKU_002203,S009,45920.98194,639.22
ORD0955,SKU_002204,S009,45920.98264,927.5
ORD0956,SKU_002205,S009,45920.98333,922.97
ORD0956,SKU_002206,S009,45920.98403,929.04
ORD0956,SKU_002207,S009,45920.98472,733.93
ORD0957,SKU_002208,S009,45920.98542,667.42
ORD0957,SKU_002209,S009,45920.98611,660.46
ORD0957,SKU_002210,S009,45920.98681,757.66
ORD0957,SKU_002211,S009,45920.9875,542.84
ORD0958,SKU_002212,S009,45920.98819,1549.25
ORD0958,SKU_002213,S009,45920.98889,1465.43
ORD0958,SKU_002214,S009,45920.98958,1651.02
ORD0958,SKU_002215,S009,45920.99028,1150.46
ORD0958,SKU_002216,S009,45920.99097,1555.16
ORD0959,SKU_002217,S009,45920.99167,66.13
ORD0959,SKU_002218,S009,45920.99236,86.64
ORD0959,SKU_002219,S009,45920.99306,69.87
ORD0959,SKU_002220,S009,45920.99375,85.41
ORD0960,SKU_002221,S009,45920.99444,80.03
ORD0960,SKU_002222,S009,45920.99514,12902.99
ORD0961,SKU_002223,S009,45920.99583,17770.77
ORD0961,SKU_002224,S009,45920.99653,17103.6
ORD0961,SKU_002225,S009,45920.99722,15570.59
ORD0961,SKU_002226,S009,45920.99792,17197.1
ORD0962,SKU_002227,S009,45920.99861,81930.19
ORD0962,SKU_002228,S009,45920.99931,81022.54
ORD0963,SKU_002229,S009,45921,107948.43
ORD0963,SKU_002230,S009,45921.00069,72640.92
ORD0963,SKU_002231,S009,45921.00139,98564.57
ORD0964,SKU_002232,S009,45921.00208,41.81
ORD0964,SKU_002233,S009,45921.00278,41.95
ORD0964,SKU_002234,S009,45921.00347,35
ORD0964,SKU_002235,S009,45921.00417,41.25
ORD0964,SKU_002236,S009,45921.00486,44.67
ORD0965,SKU_002237,S009,45921.00556,62.23
ORD0965,SKU_002238,S009,45921.00625,64.57
ORD0965,SKU_002239,S009,45921.00694,48.13
ORD0965,SKU_002240,S009,45921.00764,47.16
ORD0965,SKU_002241,S009,45921.00833,52.59
ORD0966,SKU_002242,S009,45921.00903,51.03
ORD0966,SKU_002243,S009,45921.00972,59.85
ORD0966,SKU_002244,S009,45921.01042,49.01
ORD0967,SKU_002245,S009,45921.01111,60.19
ORD0967,SKU_002246,S009,45921.01181,52.66
ORD0967,SKU_002247,S009,45921.0125,17023.4
ORD0967,SKU_002248,S009,45921.01319,20393.35
ORD0967,SKU_002249,S009,45921.01389,21317.28
ORD0968,SKU_002250,S009,45921.01458,19483.39
ORD0968,SKU_002251,S009,45921.01528,16944.78
ORD0969,SKU_002252,S009,45921.01597,65010.86
ORD0969,SKU_002253,S009,45921.01667,66633.46
ORD0969,SKU_002254,S009,45921.01736,66400.48
ORD0970,SKU_002255,S009,45921.01806,46302.9
ORD0970,SKU_002256,S009,45921.01875,56390.16
ORD0970,SKU_002257,S009,45921.01944,19227.62
ORD0970,SKU_002258,S009,45921.02014,22345.41
ORD0971,SKU_002259,S009,45921.02083,21544.03
ORD0971,SKU_002260,S009,45921.02153,22525.6
ORD0971,SKU_002261,S009,45921.02222,18969.27
ORD0971,SKU_002262,S009,45921.02292,20981.42
ORD0971,SKU_002263,S009,45921.02361,20610.26
ORD0972,SKU_002264,S009,45921.02431,17709.8
ORD0972,SKU_002265,S009,45921.025,16531.73
ORD0973,SKU_002266,S009,45921.02569,17690.31
ORD0973,SKU_002267,S009,45921.02639,18353.32
ORD0973,SKU_002268,S009,45921.02708,18127.41
ORD0974,SKU_002269,S009,45921.02778,17620.94
ORD0974,SKU_002270,S009,45921.02847,17248.19
ORD0974,SKU_002271,S009,45921.02917,16225.27
ORD0974,SKU_002272,S009,45921.02986,735.35
ORD0975,SKU_002273,S009,45921.03056,763.45
ORD0975,SKU_002274,S009,45921.03125,769.05
ORD0976,SKU_002275,S009,45921.03194,770.6
ORD0976,SKU_002276,S009,45921.03264,591.42
ORD0976,SKU_002277,S009,45921.03333,6059.25
ORD0976,SKU_002278,S009,45921.03403,7923.7
ORD0976,SKU_002279,S009,45921.03472,6438.84
ORD0977,SKU_002280,S009,45921.03542,8369.88
ORD0977,SKU_002281,S009,45921.03611,7184.57
ORD0977,SKU_002282,S009,45921.03681,2098
ORD0977,SKU_002283,S009,45921.0375,2256.31
ORD0977,SKU_002284,S009,45921.03819,1652.21
ORD0978,SKU_002285,S009,45921.03889,1668.08
ORD0978,SKU_002286,S009,45921.03958,2234.12
ORD0978,SKU_002287,S009,45921.04028,3879.65
ORD0979,SKU_002288,S009,45921.04097,4152.96
ORD0979,SKU_002289,S009,45921.04167,3412.4
ORD0980,SKU_002290,S009,45921.04236,3484.15
ORD0980,SKU_002291,S009,45921.04306,4780.34
ORD0980,SKU_002292,S009,45921.04375,4608.82
ORD0981,SKU_002293,S009,45921.04444,4179.04
ORD0981,SKU_002294,S009,45921.04514,4405.91
ORD0981,SKU_002295,S009,45921.04583,4545.29
ORD0981,SKU_002296,S009,45921.04653,3861.33
ORD0981,SKU_002297,S009,45921.04722,107.53
ORD0982,SKU_002298,S009,45921.04792,101.61
ORD0982,SKU_002299,S009,45921.04861,137.96
ORD0983,SKU_002300,S009,45921.04931,129.31
ORD0983,SKU_002301,S009,45921.05,104.34
ORD0983,SKU_002302,S009,45921.05069,23.32
ORD0983,SKU_002303,S009,45921.05139,26.46
ORD0983,SKU_002304,S009,45921.05208,28.46
ORD0984,SKU_002305,S009,45921.05278,27.07
ORD0984,SKU_002306,S009,45921.05347,29.31
ORD0985,SKU_002307,S009,45921.05417,144.91
ORD0985,SKU_002308,S009,45921.05486,121.02
ORD0985,SKU_002309,S009,45921.05556,171.11
ORD0985,SKU_002310,S009,45921.05625,148.19
ORD0986,SKU_002311,S009,45921.05694,179.66
ORD0986,SKU_002312,S009,45921.05764,2744.54
ORD0986,SKU_002313,S009,45921.05833,2557.07
ORD0986,SKU_002314,S009,45921.05903,2915.57
ORD0986,SKU_002315,S009,45921.05972,3296.94
ORD0987,SKU_002316,S009,45921.06042,3110.88
ORD0987,SKU_002317,S009,45921.06111,2308.57
ORD0988,SKU_002318,S009,45921.06181,3036.57
ORD0988,SKU_002319,S009,45921.0625,2859.63
ORD0988,SKU_002320,S009,45921.06319,2858.67
ORD0988,SKU_002321,S009,45921.06389,3212.66
ORD0988,SKU_002322,S009,45921.06458,373.89
ORD0989,SKU_002323,S009,45921.06528,398.44
ORD0989,SKU_002324,S009,45921.06597,374.39
ORD0989,SKU_002325,S009,45921.06667,405.01
ORD0989,SKU_002326,S009,45921.06736,391.47
ORD0989,SKU_002327,S009,45921.06806,879.47
ORD0990,SKU_002328,S009,45921.06875,736.9
ORD0990,SKU_002329,S009,45921.06944,670.58
ORD0990,SKU_002330,S009,45921.07014,952.31
ORD0991,SKU_002331,S009,45921.07083,721.45
ORD0991,SKU_002332,S009,45921.07153,539.57
ORD0991,SKU_002333,S009,45921.07222,581.37
ORD0991,SKU_002334,S009,45921.07292,495.55
ORD0992,SKU_002335,S009,45921.07361,516.86
ORD0992,SKU_002336,S009,45921.07431,698.32
ORD0993,SKU_002337,S009,45921.075,606.22
ORD0993,SKU_002338,S009,45921.07569,712.78
ORD0993,SKU_002339,S009,45921.07639,534.16
ORD0993,SKU_002340,S009,45921.07708,549.5
ORD0993,SKU_002341,S009,45921.07778,665.56
ORD0994,SKU_002342,S009,45921.07847,875.13
ORD0994,SKU_002343,S009,45921.07917,727.27
ORD0994,SKU_002344,S009,45921.07986,643.7
ORD0994,SKU_002345,S009,45921.08056,807.19
ORD0994,SKU_002346,S009,45921.08125,807.33
ORD0995,SKU_002347,S009,45921.08194,43741.45
ORD0995,SKU_002348,S009,45921.08264,37682.22
ORD0995,SKU_002349,S009,45921.08333,33862.88
ORD0995,SKU_002350,S009,45921.08403,41010.81
ORD0995,SKU_002351,S009,45921.08472,36324.9
ORD0996,SKU_002352,S009,45921.08542,2228.15
ORD0996,SKU_002353,S009,45921.08611,1857.34
ORD0996,SKU_002354,S009,45921.08681,1814.21
ORD0997,SKU_002355,S009,45921.0875,2228.24
ORD0997,SKU_002356,S009,45921.08819,2323.39
ORD0997,SKU_002357,S009,45921.08889,15917.74
ORD0997,SKU_002358,S009,45921.08958,17042.07
ORD0997,SKU_002359,S009,45921.09028,14136.95
ORD0998,SKU_002360,S009,45921.09097,15396.24
ORD0998,SKU_002361,S009,45921.09167,15033.77
ORD0998,SKU_002362,S009,45921.09236,16634.01
ORD0999,SKU_002363,S009,45921.09306,14659.72
ORD0999,SKU_002364,S009,45921.09375,18781.65
ORD0999,SKU_002365,S009,45921.09444,16801.57
ORD0999,SKU_002366,S009,45921.09514,15993.31
ORD0999,SKU_002367,S009,45921.09583,435.83
ORD1000,SKU_002368,S009,45921.09653,426.99
ORD1000,SKU_002369,S009,45921.09722,413.88
ORD1000,SKU_002370,S009,45921.09792,356.49
ORD1001,SKU_002371,S009,45921.09861,420.44
ORD1001,SKU_002372,S009,45921.09931,629.75
ORD1001,SKU_002373,S009,45921.1,577.57
ORD1001,SKU_002374,S009,45921.10069,619.84
ORD1002,SKU_002375,S009,45921.10139,518.36
ORD1002,SKU_002376,S009,45921.10208,483.3
ORD1002,SKU_002377,S009,45921.10278,586.8
ORD1002,SKU_002378,S009,45921.10347,819.46
ORD1002,SKU_002379,S009,45921.10417,632.5
ORD1003,SKU_002380,S009,45921.10486,817.35
ORD1003,SKU_002381,S009,45921.10556,675.32
ORD1003,SKU_002382,S009,45921.10625,503.19
ORD1003,SKU_002383,S009,45921.10694,684.87
ORD1004,SKU_002384,S009,45921.10764,652.06
ORD1004,SKU_002385,S009,45921.10833,568.79
ORD1004,SKU_002386,S009,45921.10903,673.85
ORD1004,SKU_002387,S009,45921.10972,581.03
ORD1004,SKU_002388,S009,45921.11042,692.91
ORD1004,SKU_002389,S009,45921.11111,712.23
ORD1004,SKU_002390,S009,45921.11181,660.72
ORD1005,SKU_002391,S009,45921.1125,684.41
ORD1005,SKU_002392,S009,45921.11319,3078.55
ORD1005,SKU_002393,S009,45921.11389,3257.72
ORD1005,SKU_002394,S009,45921.11458,3801.23
ORD1005,SKU_002395,S009,45921.11528,3901.91
ORD1005,SKU_002396,S009,45921.11597,3427.59
ORD1005,SKU_002397,S009,45921.11667,196.08
ORD1005,SKU_002398,S009,45921.11736,201.74
ORD1006,SKU_002399,S009,45921.11806,169.06
ORD1006,SKU_002400,S009,45921.11875,175.83
ORD1006,SKU_002401,S009,45921.11944,200.37
ORD1006,SKU_002402,S009,45921.12014,118.01
ORD1006,SKU_002403,S009,45921.12083,122.85
ORD1006,SKU_002404,S009,45921.12153,125.47
ORD1006,SKU_002405,S009,45921.12222,106.13
ORD1006,SKU_002406,S009,45921.12292,102.65
ORD1006,SKU_002407,S009,45921.12361,998.81
ORD1007,SKU_002408,S009,45921.12431,946.94
ORD1007,SKU_002409,S009,45921.125,919.43
ORD1007,SKU_002410,S009,45921.12569,987.82
ORD1007,SKU_002411,S009,45921.12639,698.15
ORD1007,SKU_002412,S009,45921.12708,697.52
ORD1007,SKU_002413,S009,45921.12778,826.58
ORD1007,SKU_002414,S009,45921.12847,750.56
ORD1007,SKU_002415,S009,45921.12917,886.69
ORD1007,SKU_002416,S009,45921.12986,936.53
ORD1007,SKU_002417,S009,45921.13056,1154.39
ORD1008,SKU_002418,S009,45921.13125,1093.7
ORD1008,SKU_002419,S009,45921.13194,1124.03
ORD1008,SKU_002420,S009,45921.13264,1094.4
ORD1008,SKU_002421,S009,45921.13333,1002.33
ORD1009,SKU_002422,S009,45921.13403,480.27
ORD1009,SKU_002423,S009,45921.13472,590.02
ORD1009,SKU_002424,S009,45921.13542,583.13
ORD1009,SKU_002425,S009,45921.13611,573.16
ORD1010,SKU_002426,S009,45921.13681,515.79
ORD1010,SKU_002427,S009,45921.1375,13039.74
ORD1010,SKU_002428,S009,45921.13819,19027.38
ORD1010,SKU_002429,S009,45921.13889,13469.38
ORD1011,SKU_002430,S009,45921.13958,16796.65
ORD1011,SKU_002431,S009,45921.14028,13075.54
ORD1012,SKU_002432,S009,45921.14097,316.54
ORD1012,SKU_002433,S009,45921.14167,360.93
ORD1012,SKU_002434,S009,45921.14236,257.41
ORD1013,SKU_002435,S009,45921.14306,293.68
ORD1013,SKU_002436,S009,45921.14375,326.19
ORD1013,SKU_002437,S009,45921.14444,133.02
ORD1013,SKU_002438,S009,45921.14514,141.09
ORD1014,SKU_002439,S009,45921.14583,138.83
ORD1014,SKU_002440,S009,45921.14653,187.87
ORD1015,SKU_002441,S009,45921.14722,137.52
ORD1015,SKU_002442,S009,45921.14792,55.2
ORD1015,SKU_002443,S009,45921.14861,52.29
ORD1016,SKU_002444,S009,45921.14931,48.16
ORD1016,SKU_002445,S009,45921.15,52.19
ORD1016,SKU_002446,S009,45921.15069,64.05
ORD1016,SKU_002447,S009,45921.15139,434.23
ORD1017,SKU_002448,S009,45921.15208,403.58
ORD1017,SKU_002449,S009,45921.15278,449.32
ORD1018,SKU_002450,S009,45921.15347,372.31
ORD1018,SKU_002451,S009,45921.15417,412.62
ORD1018,SKU_002452,S009,45921.15486,144.03
ORD1019,SKU_002453,S009,45921.15556,176.25
ORD1019,SKU_002454,S009,45921.15625,176.6
ORD1019,SKU_002455,S009,45921.15694,128.92
ORD1019,SKU_002456,S009,45921.15764,173.98
ORD1020,SKU_002457,S009,45921.15833,280.47
ORD1020,SKU_002458,S009,45921.15903,322.01
ORD1021,SKU_002459,S009,45921.15972,361.14
ORD1021,SKU_002460,S009,45921.16042,250.37
ORD1021,SKU_002461,S009,45921.16111,332.02
ORD1022,SKU_002462,S009,45921.16181,305.37
ORD1022,SKU_002463,S009,45921.1625,426.93
ORD1022,SKU_002464,S009,45921.16319,421.69
ORD1022,SKU_002465,S009,45921.16389,354.32
ORD1023,SKU_002466,S009,45921.16458,324.41
ORD1023,SKU_002467,S009,45921.16528,22705.85
ORD1024,SKU_002468,S009,45921.16597,20972.86
ORD1024,SKU_002469,S009,45921.16667,17780.69
ORD1024,SKU_002470,S009,45921.16736,22125.31
ORD1025,SKU_002471,S009,45921.16806,16995.83
ORD1025,SKU_002472,S009,45921.16875,102.44
ORD1025,SKU_002473,S009,45921.16944,107.5
ORD1025,SKU_002474,S009,45921.17014,133.65
ORD1026,SKU_002475,S010,45921.17083,100.15
ORD1026,SKU_002476,S010,45921.17153,102.59
ORD1027,SKU_002477,S010,45921.17222,642.92
ORD1027,SKU_002478,S010,45921.17292,694.58
ORD1027,SKU_002479,S010,45921.17361,546.16
ORD1028,SKU_002480,S010,45921.17431,766.11
ORD1028,SKU_002481,S010,45921.175,638.79
ORD1028,SKU_002482,S010,45921.17569,1061.66
ORD1028,SKU_002483,S010,45921.17639,1075.48
ORD1029,SKU_002484,S010,45921.17708,986.79
ORD1029,SKU_002485,S010,45921.17778,1026.19
ORD1030,SKU_002486,S010,45921.17847,944.67
ORD1030,SKU_002487,S010,45921.17917,625.26
ORD1030,SKU_002488,S010,45921.17986,687.74
ORD1031,SKU_002489,S010,45921.18056,731.04
ORD1031,SKU_002490,S010,45921.18125,638.03
ORD1031,SKU_002491,S010,45921.18194,592.04
ORD1031,SKU_002492,S010,45921.18264,711.14
ORD1032,SKU_002493,S010,45921.18333,895.33
ORD1032,SKU_002494,S010,45921.18403,764.06
ORD1033,SKU_002495,S010,45921.18472,686.7
ORD1033,SKU_002496,S010,45921.18542,806.91
ORD1033,SKU_002497,S010,45921.18611,2198.73
ORD1034,SKU_002498,S010,45921.18681,2306.06
ORD1034,SKU_002499,S010,45921.1875,2021.71
ORD1034,SKU_002500,S010,45921.18819,1750.21
ORD1034,SKU_002501,S010,45921.18889,2125.08
ORD1035,SKU_002502,S010,45921.18958,2704.27
ORD1035,SKU_002503,S010,45921.19028,3278.97
ORD1036,SKU_002504,S010,45921.19097,2921.26
ORD1036,SKU_002505,S010,45921.19167,2718.08
ORD1036,SKU_002506,S010,45921.19236,3539.84
ORD1037,SKU_002507,S010,45921.19306,968.18
ORD1037,SKU_002508,S010,45921.19375,813.72
ORD1037,SKU_002509,S010,45921.19444,1188.01
ORD1037,SKU_002510,S010,45921.19514,982.22
ORD1038,SKU_002511,S010,45921.19583,805.33
ORD1038,SKU_002512,S010,45921.19653,1110.88
ORD1039,SKU_002513,S010,45921.19722,1187.69
ORD1039,SKU_002514,S010,45921.19792,940.52
ORD1039,SKU_002515,S010,45921.19861,970.23
ORD1040,SKU_002516,S010,45921.19931,1016.93
ORD1040,SKU_002517,S010,45921.2,6020.34
ORD1040,SKU_002518,S010,45921.20069,4946.48
ORD1040,SKU_002519,S010,45921.20139,5357.72
ORD1041,SKU_002520,S010,45921.20208,6518.53
ORD1041,SKU_002521,S010,45921.20278,5419.58
ORD1042,SKU_002522,S010,45921.20347,81444.88
ORD1042,SKU_002523,S010,45921.20417,69713.76
ORD1042,SKU_002524,S010,45921.20486,58752.14
ORD1043,SKU_002525,S010,45921.20556,60104.49
ORD1043,SKU_002526,S010,45921.20625,64355.11
ORD1043,SKU_002527,S010,45921.20694,15392.07
ORD1043,SKU_002528,S010,45921.20764,12139.45
ORD1044,SKU_002529,S010,45921.20833,14826.59
ORD1044,SKU_002530,S010,45921.20903,14392.89
ORD1045,SKU_002531,S010,45921.20972,10882.75
ORD1045,SKU_002532,S010,45921.21042,207.15
ORD1045,SKU_002533,S010,45921.21111,208.66
ORD1046,SKU_002534,S010,45921.21181,207.29
ORD1046,SKU_002535,S010,45921.2125,238.26
ORD1046,SKU_002536,S010,45921.21319,191.58
ORD1046,SKU_002537,S010,45921.21389,300.11
ORD1047,SKU_002538,S010,45921.21458,295.15
ORD1047,SKU_002539,S010,45921.21528,285.33
ORD1048,SKU_002540,S010,45921.21597,293.4
ORD1048,SKU_002541,S010,45921.21667,291.36
ORD1048,SKU_002542,S010,45921.21736,471.08
ORD1049,SKU_002543,S010,45921.21806,515.46
ORD1049,SKU_002544,S010,45921.21875,401.96
ORD1049,SKU_002545,S010,45921.21944,577.54
ORD1049,SKU_002546,S010,45921.22014,497.46
ORD1050,SKU_002547,S010,45921.22083,281.32
ORD1050,SKU_002548,S010,45921.22153,412.29
ORD1051,SKU_002549,S010,45921.22222,343.57
ORD1051,SKU_002550,S010,45921.22292,354.6
ORD1051,SKU_002551,S010,45921.22361,338.58
ORD1052,SKU_002552,S010,45921.22431,356.85
ORD1052,SKU_002553,S010,45921.225,269.72
ORD1052,SKU_002554,S010,45921.22569,319.99
ORD1052,SKU_002555,S010,45921.22639,308.6
ORD1053,SKU_002556,S010,45921.22708,295.17
ORD1053,SKU_002557,S010,45921.22778,166.99
ORD1054,SKU_002558,S010,45921.22847,209
ORD1054,SKU_002559,S010,45921.22917,234.74
ORD1054,SKU_002560,S010,45921.22986,225.33
ORD1055,SKU_002561,S010,45921.23056,198.92
ORD1055,SKU_002562,S010,45921.23125,9522.82
ORD1055,SKU_002563,S010,45921.23194,8133.79
ORD1055,SKU_002564,S010,45921.23264,7247.94
ORD1056,SKU_002565,S010,45921.23333,8641.24
ORD1056,SKU_002566,S010,45921.23403,9780.95
ORD1057,SKU_002567,S010,45921.23472,9526.25
ORD1057,SKU_002568,S010,45921.23542,10041.25
ORD1057,SKU_002569,S010,45921.23611,11804.45
ORD1058,SKU_002570,S010,45921.23681,12293.19
ORD1058,SKU_002571,S010,45921.2375,11695.6
ORD1058,SKU_002572,S010,45921.23819,4680.86
ORD1058,SKU_002573,S010,45921.23889,4703.47
ORD1059,SKU_002574,S010,45921.23958,3965.31
ORD1059,SKU_002575,S010,45921.24028,4475.43
ORD1060,SKU_002576,S010,45921.24097,4267.76
ORD1060,SKU_002577,S010,45921.24167,1126.58
ORD1060,SKU_002578,S010,45921.24236,1093.29
ORD1061,SKU_002579,S010,45921.24306,947.36
ORD1061,SKU_002580,S010,45921.24375,896.06
ORD1061,SKU_002581,S010,45921.24444,1018.86
ORD1061,SKU_002582,S010,45921.24514,972.74
ORD1062,SKU_002583,S010,45921.24583,800.49
ORD1062,SKU_002584,S010,45921.24653,769.95
ORD1063,SKU_002585,S010,45921.24722,1003.17
ORD1063,SKU_002586,S010,45921.24792,732.74
ORD1063,SKU_002587,S010,45921.24861,514.45
ORD1064,SKU_002588,S010,45921.24931,483.41
ORD1064,SKU_002589,S010,45921.25,623.63
ORD1064,SKU_002590,S010,45921.25069,652.17
ORD1064,SKU_002591,S010,45921.25139,511.62
ORD1065,SKU_002592,S010,45921.25208,444.62
ORD1065,SKU_002593,S010,45921.25278,361.99
ORD1066,SKU_002594,S010,45921.25347,470.87
ORD1066,SKU_002595,S010,45921.25417,381.67
ORD1066,SKU_002596,S010,45921.25486,363.47
ORD1067,SKU_002597,S010,45921.25556,6567.01
ORD1067,SKU_002598,S010,45921.25625,8381.76
ORD1067,SKU_002599,S010,45921.25694,7089.37
ORD1067,SKU_002600,S010,45921.25764,5948.31
ORD1068,SKU_002601,S010,45921.25833,6462.45
ORD1068,SKU_002602,S010,45921.25903,487.05
ORD1069,SKU_002603,S010,45921.25972,445.94
ORD1069,SKU_002604,S010,45921.26042,511.54
ORD1069,SKU_002605,S010,45921.26111,505.97
ORD1070,SKU_002606,S010,45921.26181,585.41
ORD1070,SKU_002607,S010,45921.2625,466.87
ORD1070,SKU_002608,S010,45921.26319,382.89
ORD1070,SKU_002609,S010,45921.26389,393.64
ORD1071,SKU_002610,S010,45921.26458,420.97
ORD1071,SKU_002611,S010,45921.26528,468.54
ORD1072,SKU_002612,S010,45921.26597,1036.05
ORD1072,SKU_002613,S010,45921.26667,725.63
ORD1072,SKU_002614,S010,45921.26736,989.99
ORD1073,SKU_002615,S010,45921.26806,1002.74
ORD1073,SKU_002616,S010,45921.26875,1059.48
ORD1073,SKU_002617,S010,45921.26944,885.33
ORD1073,SKU_002618,S010,45921.27014,788.54
ORD1074,SKU_002619,S010,45921.27083,773.8
ORD1074,SKU_002620,S010,45921.27153,790.52
ORD1075,SKU_002621,S010,45921.27222,745.88
ORD1075,SKU_002622,S010,45921.27292,2425.38
ORD1075,SKU_002623,S010,45921.27361,2180.73
ORD1076,SKU_002624,S010,45921.27431,2463.92
ORD1076,SKU_002625,S010,45921.275,2378.79
ORD1076,SKU_002626,S010,45921.27569,2259.54
ORD1076,SKU_002627,S010,45921.27639,6890.74
ORD1077,SKU_002628,S010,45921.27708,6545.85
ORD1077,SKU_002629,S010,45921.27778,7202.98
ORD1078,SKU_002630,S010,45921.27847,6861.45
ORD1078,SKU_002631,S010,45921.27917,7123.87
ORD1078,SKU_002632,S010,45921.27986,104.05
ORD1079,SKU_002633,S010,45921.28056,137.06
ORD1079,SKU_002634,S010,45921.28125,138.8
ORD1079,SKU_002635,S010,45921.28194,155.16
ORD1079,SKU_002636,S010,45921.28264,133.98
ORD1080,SKU_002637,S010,45921.28333,90.96
ORD1080,SKU_002638,S010,45921.28403,85.09
ORD1081,SKU_002639,S010,45921.28472,64.71
ORD1081,SKU_002640,S010,45921.28542,83.81
ORD1081,SKU_002641,S010,45921.28611,85.94
ORD1082,SKU_002642,S010,45921.28681,134.17
ORD1082,SKU_002643,S010,45921.2875,176.59
ORD1082,SKU_002644,S010,45921.28819,165.55
ORD1082,SKU_002645,S010,45921.28889,128.57
ORD1083,SKU_002646,S010,45921.28958,139.31
ORD1083,SKU_002647,S010,45921.29028,927.41
ORD1084,SKU_002648,S010,45921.29097,958.78
ORD1084,SKU_002649,S010,45921.29167,1011.26
ORD1084,SKU_002650,S010,45921.29236,839.02
ORD1085,SKU_002651,S010,45921.29306,876.33
ORD1085,SKU_002652,S010,45921.29375,1378.95
ORD1085,SKU_002653,S010,45921.29444,1098.89
ORD1085,SKU_002654,S010,45921.29514,1357.01
ORD1086,SKU_002655,S010,45921.29583,1082.01
ORD1086,SKU_002656,S010,45921.29653,993.63
ORD1087,SKU_002657,S010,45921.29722,2400.86
ORD1087,SKU_002658,S010,45921.29792,2483.91
ORD1087,SKU_002659,S010,45921.29861,1828.75
ORD1088,SKU_002660,S010,45921.29931,2240.85
ORD1088,SKU_002661,S010,45921.3,2264.34
ORD1088,SKU_002662,S010,45921.30069,2280.41
ORD1088,SKU_002663,S010,45921.30139,2275.39
ORD1089,SKU_002664,S010,45921.30208,2958.39
ORD1089,SKU_002665,S010,45921.30278,2163.94
ORD1090,SKU_002666,S010,45921.30347,2594.82
ORD1090,SKU_002667,S010,45921.30417,1576.71
ORD1090,SKU_002668,S010,45921.30486,1841.71
ORD1091,SKU_002669,S010,45921.30556,1971.44
ORD1091,SKU_002670,S010,45921.30625,1929
ORD1091,SKU_002671,S010,45921.30694,2157.73
ORD1091,SKU_002672,S010,45921.30764,410.63
ORD1092,SKU_002673,S010,45921.30833,413.71
ORD1092,SKU_002674,S010,45921.30903,332.61
ORD1093,SKU_002675,S010,45921.30972,368.57
ORD1093,SKU_002676,S010,45921.31042,393.04
ORD1093,SKU_002677,S010,45921.31111,2616.12
ORD1094,SKU_002678,S010,45921.31181,2017.25
ORD1094,SKU_002679,S010,45921.3125,2468.81
ORD1094,SKU_002680,S010,45921.31319,2577.9
ORD1094,SKU_002681,S010,45921.31389,2287.08
ORD1095,SKU_002682,S010,45921.31458,6242.44
ORD1095,SKU_002683,S010,45921.31528,6396.83
ORD1096,SKU_002684,S010,45921.31597,6762.51
ORD1096,SKU_002685,S010,45921.31667,5460.58
ORD1096,SKU_002686,S010,45921.31736,6843.51
ORD1097,SKU_002687,S010,45921.31806,47899.12
ORD1097,SKU_002688,S010,45921.31875,49138.75
ORD1097,SKU_002689,S010,45921.31944,57151.98
ORD1097,SKU_002690,S010,45921.32014,49384.54
ORD1098,SKU_002691,S010,45921.32083,51386.2
ORD1098,SKU_002692,S010,45921.32153,33050.83
ORD1099,SKU_002693,S010,45921.32222,32686.45
ORD1099,SKU_002694,S010,45921.32292,40023.3
ORD1099,SKU_002695,S010,45921.32361,36724.91
ORD1100,SKU_002696,S010,45921.32431,40258.96
ORD1100,SKU_002697,S010,45921.325,3168.11
ORD1100,SKU_002698,S010,45921.32569,3125.6
ORD1100,SKU_002699,S010,45921.32639,2493.22
ORD1101,SKU_002700,S010,45921.32708,2886.76
ORD1101,SKU_002701,S010,45921.32778,2333.19
ORD1102,SKU_002702,S010,45921.32847,2653.65
ORD1102,SKU_002703,S010,45921.32917,2665.6
ORD1102,SKU_002704,S010,45921.32986,2750.2
ORD1103,SKU_002705,S010,45921.33056,3500.82
ORD1103,SKU_002706,S010,45921.33125,3237.46
ORD1103,SKU_002707,S010,45921.33194,50.64
ORD1103,SKU_002708,S010,45921.33264,56.42
ORD1104,SKU_002709,S010,45921.33333,49.75
ORD1104,SKU_002710,S010,45921.33403,62.68
ORD1105,SKU_002711,S010,45921.33472,63.39
ORD1105,SKU_002712,S010,45921.33542,779.22
ORD1105,SKU_002713,S010,45921.33611,849.14
ORD1106,SKU_002714,S010,45921.33681,1126.32
ORD1106,SKU_002715,S010,45921.3375,1121.13
ORD1106,SKU_002716,S010,45921.33819,988.07
ORD1106,SKU_002717,S010,45921.33889,576.8
ORD1107,SKU_002718,S010,45921.33958,518.39
ORD1107,SKU_002719,S010,45921.34028,585.72
ORD1108,SKU_002720,S010,45921.34097,677.01
ORD1108,SKU_002721,S010,45921.34167,624.42
ORD1108,SKU_002722,S010,45921.34236,69119.59
ORD1109,SKU_002723,S010,45921.34306,66837.69
ORD1109,SKU_002724,S010,45921.34375,68132.23
ORD1109,SKU_002725,S010,45921.34444,52196.97
ORD1109,SKU_002726,S010,45921.34514,71427.65
ORD1110,SKU_002727,S010,45921.34583,1062.35
ORD1110,SKU_002728,S010,45921.34653,1554.36
ORD1111,SKU_002729,S010,45921.34722,1406.23
ORD1111,SKU_002730,S010,45921.34792,1266.72
ORD1111,SKU_002731,S010,45921.34861,1221.45
ORD1112,SKU_002732,S010,45921.34931,2905.2
ORD1112,SKU_002733,S010,45921.35,2990.26
ORD1112,SKU_002734,S010,45921.35069,3583.27
ORD1112,SKU_002735,S010,45921.35139,2773.4
ORD1113,SKU_002736,S010,45921.35208,3068.46
ORD1113,SKU_002737,S010,45921.35278,8594.62
ORD1114,SKU_002738,S010,45921.35347,8915.86
ORD1114,SKU_002739,S010,45921.35417,9467.95
ORD1114,SKU_002740,S010,45921.35486,8434.67
ORD1115,SKU_002741,S010,45921.35556,8612.15
ORD1115,SKU_002742,S010,45921.35625,6931.05
ORD1115,SKU_002743,S010,45921.35694,4847.02
ORD1115,SKU_002744,S010,45921.35764,5190.13
ORD1116,SKU_002745,S010,45921.35833,6357.25
ORD1116,SKU_002746,S010,45921.35903,5853.73
ORD1117,SKU_002747,S010,45921.35972,3055.81
ORD1117,SKU_002748,S010,45921.36042,2830.74
ORD1117,SKU_002749,S010,45921.36111,2988.99
ORD1118,SKU_002750,S010,45921.36181,2713.91
ORD1118,SKU_002751,S010,45921.3625,2886.77
ORD1118,SKU_002752,S010,45921.36319,769.4
ORD1118,SKU_002753,S010,45921.36389,836.96
ORD1119,SKU_002754,S010,45921.36458,947.59
ORD1119,SKU_002755,S010,45921.36528,963
ORD1120,SKU_002756,S010,45921.36597,862.06
ORD1120,SKU_002757,S010,45921.36667,122.95
ORD1120,SKU_002758,S010,45921.36736,105.74
ORD1121,SKU_002759,S010,45921.36806,99.68
ORD1121,SKU_002760,S010,45921.36875,117.45
ORD1121,SKU_002761,S010,45921.36944,125.14
ORD1121,SKU_002762,S010,45921.37014,343.29
ORD1122,SKU_002763,S010,45921.37083,262.87
ORD1122,SKU_002764,S010,45921.37153,364.27
ORD1123,SKU_002765,S010,45921.37222,300.47
ORD1123,SKU_002766,S010,45921.37292,335.4
ORD1123,SKU_002767,S010,45921.37361,175.69
ORD1124,SKU_002768,S010,45921.37431,175.69
ORD1124,SKU_002769,S010,45921.375,243
ORD1124,SKU_002770,S010,45921.37569,186.43
ORD1124,SKU_002771,S010,45921.37639,169.75
ORD1125,SKU_002772,S010,45921.37708,455.58
ORD1125,SKU_002773,S010,45921.37778,384.01
ORD1126,SKU_002774,S010,45921.37847,439.53
ORD1126,SKU_002775,S010,45921.37917,370.97
ORD1126,SKU_002776,S010,45921.37986,492.56
ORD1127,SKU_002777,S010,45921.38056,196.11
ORD1127,SKU_002778,S010,45921.38125,215.23
ORD1127,SKU_002779,S010,45921.38194,190.52
ORD1127,SKU_002780,S010,45921.38264,182.73
ORD1128,SKU_002781,S010,45921.38333,246.62
ORD1128,SKU_002782,S010,45921.38403,3023.95
ORD1129,SKU_002783,S010,45921.38472,2975.9
ORD1129,SKU_002784,S010,45921.38542,3482.79
ORD1129,SKU_002785,S010,45921.38611,2662.84
ORD1130,SKU_002786,S010,45921.38681,2925.37
ORD1130,SKU_002787,S010,45921.3875,819.09
ORD1130,SKU_002788,S010,45921.38819,652.3
ORD1130,SKU_002789,S010,45921.38889,835.93
ORD1131,SKU_002790,S010,45921.38958,665.72
ORD1131,SKU_002791,S010,45921.39028,707.23
ORD1132,SKU_002792,S010,45921.39097,471.65
ORD1132,SKU_002793,S010,45921.39167,562.97
ORD1132,SKU_002794,S010,45921.39236,462.9
ORD1133,SKU_002795,S010,45921.39306,477.57
ORD1133,SKU_002796,S010,45921.39375,407.72
ORD1133,SKU_002797,S010,45921.39444,1042.22
ORD1133,SKU_002798,S010,45921.39514,911.07
ORD1134,SKU_002799,S010,45921.39583,988.7
ORD1134,SKU_002800,S010,45921.39653,897.47
ORD1135,SKU_002801,S010,45921.39722,908.34
ORD1135,SKU_002802,S010,45921.39792,1034.86
ORD1135,SKU_002803,S010,45921.39861,928.02
ORD1136,SKU_002804,S010,45921.39931,896.17
ORD1136,SKU_002805,S010,45921.4,1042.68
ORD1136,SKU_002806,S010,45921.40069,888.37
ORD1136,SKU_002807,S010,45921.40139,673.3
ORD1137,SKU_002808,S010,45921.40208,706.17
ORD1137,SKU_002809,S010,45921.40278,714.13
ORD1138,SKU_002810,S010,45921.40347,724.79
ORD1138,SKU_002811,S010,45921.40417,665.28
ORD1138,SKU_002812,S010,45921.40486,596.18
ORD1139,SKU_002813,S010,45921.40556,759.83
ORD1139,SKU_002814,S010,45921.40625,590.5
ORD1139,SKU_002815,S010,45921.40694,671.45
ORD1139,SKU_002816,S010,45921.40764,746.84
ORD1140,SKU_002817,S010,45921.40833,699.81
ORD1140,SKU_002818,S010,45921.40903,527.65
ORD1141,SKU_002819,S010,45921.40972,557.71
ORD1141,SKU_002820,S010,45921.41042,619.01
ORD1141,SKU_002821,S010,45921.41111,489.98
ORD1142,SKU_002822,S010,45921.41181,1052.09
ORD1142,SKU_002823,S010,45921.4125,809.6
ORD1142,SKU_002824,S010,45921.41319,1045.53
ORD1142,SKU_002825,S010,45921.41389,975.88
ORD1143,SKU_002826,S010,45921.41458,812.02
ORD1143,SKU_002827,S010,45921.41528,1041.04
ORD1144,SKU_002828,S010,45921.41597,846.88
ORD1144,SKU_002829,S010,45921.41667,1114.52
ORD1144,SKU_002830,S010,45921.41736,841.84
ORD1145,SKU_002831,S010,45921.41806,1120.77
ORD1145,SKU_002832,S010,45921.41875,644.57
ORD1145,SKU_002833,S010,45921.41944,632.62
ORD1145,SKU_002834,S010,45921.42014,503.81
ORD1146,SKU_002835,S010,45921.42083,606.74
ORD1146,SKU_002836,S010,45921.42153,589.34
ORD1147,SKU_002837,S010,45921.42222,1048.93
ORD1147,SKU_002838,S010,45921.42292,1045.87
ORD1147,SKU_002839,S010,45921.42361,780.56
ORD1148,SKU_002840,S010,45921.42431,993.04
ORD1148,SKU_002841,S010,45921.425,900.36
ORD1148,SKU_002842,S010,45921.42569,98.64
ORD1148,SKU_002843,S010,45921.42639,111.15
ORD1149,SKU_002844,S010,45921.42708,96.51
ORD1149,SKU_002845,S010,45921.42778,112.26
ORD1150,SKU_002846,S010,45921.42847,143.29
ORD1150,SKU_002847,S010,45921.42917,341.98
ORD1150,SKU_002848,S010,45921.42986,297.61
ORD1151,SKU_002849,S010,45921.43056,309.5
ORD1151,SKU_002850,S010,45921.43125,265.16
ORD1151,SKU_002851,S010,45921.43194,285.41
ORD1151,SKU_002852,S010,45921.43264,3170.39
ORD1152,SKU_002853,S010,45921.43333,3319.15
ORD1152,SKU_002854,S010,45921.43403,2697.3
ORD1153,SKU_002855,S010,45921.43472,3504.63
ORD1153,SKU_002856,S010,45921.43542,2791.03
ORD1153,SKU_002857,S010,45921.43611,1019.3
ORD1154,SKU_002858,S010,45921.43681,1101.52
ORD1154,SKU_002859,S010,45921.4375,1054.27
ORD1154,SKU_002860,S010,45921.43819,1141.13
ORD1154,SKU_002861,S010,45921.43889,936.86
ORD1155,SKU_002862,S010,45921.43958,2572.76
ORD1155,SKU_002863,S010,45921.44028,2765.34
ORD1156,SKU_002864,S010,45921.44097,2539.31
ORD1156,SKU_002865,S010,45921.44167,3382.87
ORD1156,SKU_002866,S010,45921.44236,2649.2
ORD1157,SKU_002867,S010,45921.44306,158.21
ORD1157,SKU_002868,S010,45921.44375,146.15
ORD1157,SKU_002869,S010,45921.44444,159.73
ORD1157,SKU_002870,S010,45921.44514,170.85
ORD1158,SKU_002871,S010,45921.44583,140.5
ORD1158,SKU_002872,S010,45921.44653,320.8
ORD1159,SKU_002873,S010,45921.44722,340.55
ORD1159,SKU_002874,S010,45921.44792,386.13
ORD1159,SKU_002875,S011,45921.44861,404.58
ORD1160,SKU_002876,S011,45921.44931,360.13
ORD1160,SKU_002877,S011,45921.45,661.75
ORD1160,SKU_002878,S011,45921.45069,752.66
ORD1160,SKU_002879,S011,45921.45139,583.38
ORD1161,SKU_002880,S011,45921.45208,660.07
ORD1161,SKU_002881,S011,45921.45278,835.46
ORD1162,SKU_002882,S011,45921.45347,659.91
ORD1162,SKU_002883,S011,45921.45417,859.12
ORD1162,SKU_002884,S011,45921.45486,872.6
ORD1163,SKU_002885,S011,45921.45556,904.52
ORD1163,SKU_002886,S011,45921.45625,732.79
ORD1163,SKU_002887,S011,45921.45694,462.1
ORD1163,SKU_002888,S011,45921.45764,416.39
ORD1164,SKU_002889,S011,45921.45833,385.58
ORD1164,SKU_002890,S011,45921.45903,429.83
ORD1165,SKU_002891,S011,45921.45972,433.44
ORD1165,SKU_002892,S011,45921.46042,259.29
ORD1165,SKU_002893,S011,45921.46111,372.82
ORD1166,SKU_002894,S011,45921.46181,341.71
ORD1166,SKU_002895,S011,45921.4625,362.52
ORD1166,SKU_002896,S011,45921.46319,261.69
ORD1166,SKU_002897,S011,45921.46389,793.61
ORD1167,SKU_002898,S011,45921.46458,741.7
ORD1167,SKU_002899,S011,45921.46528,693.06
ORD1168,SKU_002900,S011,45921.46597,627.43
ORD1168,SKU_002901,S011,45921.46667,641.72
ORD1168,SKU_002902,S011,45921.46736,845.66
ORD1169,SKU_002903,S011,45921.46806,746.25
ORD1169,SKU_002904,S011,45921.46875,659.17
ORD1169,SKU_002905,S011,45921.46944,648.74
ORD1169,SKU_002906,S011,45921.47014,789.66
ORD1170,SKU_002907,S011,45921.47083,789.34
ORD1170,SKU_002908,S011,45921.47153,623.76
ORD1171,SKU_002909,S011,45921.47222,644.58
ORD1171,SKU_002910,S011,45921.47292,674.9
ORD1171,SKU_002911,S011,45921.47361,825.32
ORD1172,SKU_002912,S011,45921.47431,691.61
ORD1172,SKU_002913,S011,45921.475,745.17
ORD1172,SKU_002914,S011,45921.47569,689.34
ORD1172,SKU_002915,S011,45921.47639,662.42
ORD1173,SKU_002916,S011,45921.47708,826.29
ORD1173,SKU_002917,S011,45921.47778,2239.32
ORD1174,SKU_002918,S011,45921.47847,2209.82
ORD1174,SKU_002919,S011,45921.47917,1610.6
ORD1174,SKU_002920,S011,45921.47986,2156.7
ORD1175,SKU_002921,S011,45921.48056,1887.99
ORD1175,SKU_002922,S011,45921.48125,2339.39
ORD1175,SKU_002923,S011,45921.48194,2336.79
ORD1175,SKU_002924,S011,45921.48264,2110.55
ORD1176,SKU_002925,S011,45921.48333,1756.06
ORD1176,SKU_002926,S011,45921.48403,2080.04
ORD1177,SKU_002927,S011,45921.48472,4014.55
ORD1177,SKU_002928,S011,45921.48542,3990.71
ORD1177,SKU_002929,S011,45921.48611,4055.2
ORD1178,SKU_002930,S011,45921.48681,4042.04
ORD1178,SKU_002931,S011,45921.4875,2873.84
ORD1178,SKU_002932,S011,45921.48819,1855.22
ORD1178,SKU_002933,S011,45921.48889,1475.28
ORD1179,SKU_002934,S011,45921.48958,1766.88
ORD1179,SKU_002935,S011,45921.49028,1531.81
ORD1180,SKU_002936,S011,45921.49097,1869.26
ORD1180,SKU_002937,S011,45921.49167,3000.43
ORD1180,SKU_002938,S011,45921.49236,2799.37
ORD1181,SKU_002939,S011,45921.49306,3117.95
ORD1181,SKU_002940,S011,45921.49375,2316.08
ORD1181,SKU_002941,S011,45921.49444,2541.22
ORD1181,SKU_002942,S011,45921.49514,3098.89
ORD1182,SKU_002943,S011,45921.49583,3159.88
ORD1182,SKU_002944,S011,45921.49653,3472.99
ORD1183,SKU_002945,S011,45921.49722,3614.28
ORD1183,SKU_002946,S011,45921.49792,3494.88
ORD1183,SKU_002947,S011,45921.49861,1995.59
ORD1184,SKU_002948,S011,45921.49931,2107.99
ORD1184,SKU_002949,S011,45921.5,1829.18
ORD1184,SKU_002950,S011,45921.50069,2377.09
ORD1184,SKU_002951,S011,45921.50139,1712.92
ORD1185,SKU_002952,S011,45921.50208,866.03
ORD1185,SKU_002953,S011,45921.50278,777.35
ORD1186,SKU_002954,S011,45921.50347,1018.86
ORD1186,SKU_002955,S011,45921.50417,949.56
ORD1186,SKU_002956,S011,45921.50486,737.2
ORD1187,SKU_002957,S011,45921.50556,2065.49
ORD1187,SKU_002958,S011,45921.50625,1956.28
ORD1187,SKU_002959,S011,45921.50694,2214.43
ORD1187,SKU_002960,S011,45921.50764,2238.02
ORD1188,SKU_002961,S011,45921.50833,1660.81
ORD1188,SKU_002962,S011,45921.50903,71.71
ORD1189,SKU_002963,S011,45921.50972,68.62
ORD1189,SKU_002964,S011,45921.51042,59.52
ORD1189,SKU_002965,S011,45921.51111,55.8
ORD1190,SKU_002966,S011,45921.51181,62.34
ORD1190,SKU_002967,S011,45921.5125,944.81
ORD1190,SKU_002968,S011,45921.51319,959.7
ORD1190,SKU_002969,S011,45921.51389,794.41
ORD1191,SKU_002970,S011,45921.51458,894.9
ORD1191,SKU_002971,S011,45921.51528,776.6
ORD1192,SKU_002972,S011,45921.51597,769.36
ORD1192,SKU_002973,S011,45921.51667,589.46
ORD1192,SKU_002974,S011,45921.51736,630.6
ORD1193,SKU_002975,S011,45921.51806,717.51
ORD1193,SKU_002976,S011,45921.51875,630.37
ORD1193,SKU_002977,S011,45921.51944,681.65
ORD1193,SKU_002978,S011,45921.52014,785.88
ORD1194,SKU_002979,S011,45921.52083,921.44
ORD1194,SKU_002980,S011,45921.52153,726.9
ORD1195,SKU_002981,S011,45921.52222,702.54
ORD1195,SKU_002982,S011,45921.52292,773.89
ORD1195,SKU_002983,S011,45921.52361,638.53
ORD1196,SKU_002984,S011,45921.52431,576.24
ORD1196,SKU_002985,S011,45921.525,575.31
ORD1196,SKU_002986,S011,45921.52569,602.78
ORD1196,SKU_002987,S011,45921.52639,731.35
ORD1197,SKU_002988,S011,45921.52708,795.08
ORD1197,SKU_002989,S011,45921.52778,945.09
ORD1198,SKU_002990,S011,45921.52847,777.19
ORD1198,SKU_002991,S011,45921.52917,851.11
ORD1198,SKU_002992,S011,45921.52986,6612.23
ORD1199,SKU_002993,S011,45921.53056,5115.54
ORD1199,SKU_002994,S011,45921.53125,7065.25
ORD1199,SKU_002995,S011,45921.53194,5069.75
ORD1199,SKU_002996,S011,45921.53264,6871.29
ORD1200,SKU_002997,S011,45921.53333,9888.71
ORD1200,SKU_002998,S011,45921.53403,8806.22
ORD1201,SKU_002999,S011,45921.53472,10735.06
ORD1201,SKU_003000,S011,45921.53542,7674.87
ORD1201,SKU_003001,S011,45921.53611,7366.18
ORD1202,SKU_003002,S011,45921.53681,10642.23
ORD1202,SKU_003003,S011,45921.5375,9655.08
ORD1202,SKU_003004,S011,45921.53819,9266.31
ORD1202,SKU_003005,S011,45921.53889,8412.29
ORD1203,SKU_003006,S011,45921.53958,10665.9
ORD1203,SKU_003007,S011,45921.54028,2337.18
ORD1204,SKU_003008,S011,45921.54097,2646.4
ORD1204,SKU_003009,S011,45921.54167,2489.35
ORD1204,SKU_003010,S011,45921.54236,2326.09
ORD1205,SKU_003011,S011,45921.54306,2169.41
ORD1205,SKU_003012,S011,45921.54375,161183.67
ORD1205,SKU_003013,S011,45921.54444,130555.45
ORD1205,SKU_003014,S011,45921.54514,124912.9
ORD1206,SKU_003015,S011,45921.54583,126250.73
ORD1206,SKU_003016,S011,45921.54653,120252.03
ORD1207,SKU_003017,S011,45921.54722,27530.16
ORD1207,SKU_003018,S011,45921.54792,31383.31
ORD1207,SKU_003019,S011,45921.54861,27624.93
ORD1208,SKU_003020,S011,45921.54931,35040.95
ORD1208,SKU_003021,S011,45921.55,26638.43
ORD1208,SKU_003022,S011,45921.55069,144.65
ORD1208,SKU_003023,S011,45921.55139,167.63
ORD1209,SKU_003024,S011,45921.55208,163.36
ORD1209,SKU_003025,S011,45921.55278,119.76
ORD1210,SKU_003026,S011,45921.55347,141.74
ORD1210,SKU_003027,S011,45921.55417,464.74
ORD1210,SKU_003028,S011,45921.55486,522.41
ORD1211,SKU_003029,S011,45921.55556,477.42
ORD1211,SKU_003030,S011,45921.55625,504.57
ORD1211,SKU_003031,S011,45921.55694,695.36
ORD1211,SKU_003032,S011,45921.55764,837.45
ORD1212,SKU_003033,S011,45921.55833,939.84
ORD1212,SKU_003034,S011,45921.55903,829.73
ORD1213,SKU_003035,S011,45921.55972,945.04
ORD1213,SKU_003036,S011,45921.56042,1025.11
ORD1213,SKU_003037,S011,45921.56111,5519.07
ORD1214,SKU_003038,S011,45921.56181,5416.82
ORD1214,SKU_003039,S011,45921.5625,4356.53
ORD1214,SKU_003040,S011,45921.56319,4713.85
ORD1214,SKU_003041,S011,45921.56389,4617.85
ORD1215,SKU_003042,S011,45921.56458,23083.37
ORD1215,SKU_003043,S011,45921.56528,20574.3
ORD1216,SKU_003044,S011,45921.56597,23949.34
ORD1216,SKU_003045,S011,45921.56667,16901.66
ORD1216,SKU_003046,S011,45921.56736,16702.52
ORD1217,SKU_003047,S011,45921.56806,1687.53
ORD1217,SKU_003048,S011,45921.56875,1753.69
ORD1217,SKU_003049,S011,45921.56944,1252.44
ORD1217,SKU_003050,S011,45921.57014,1441.52
ORD1218,SKU_003051,S011,45921.57083,1324.62
ORD1218,SKU_003052,S011,45921.57153,4069.68
ORD1219,SKU_003053,S011,45921.57222,3951.45
ORD1219,SKU_003054,S011,45921.57292,3986.5
ORD1219,SKU_003055,S011,45921.57361,4473.29
ORD1220,SKU_003056,S011,45921.57431,4755.01
ORD1220,SKU_003057,S011,45921.575,2331.01
ORD1220,SKU_003058,S011,45921.57569,2246.04
ORD1220,SKU_003059,S011,45921.57639,1608.36
ORD1221,SKU_003060,S011,45921.57708,2366.04
ORD1221,SKU_003061,S011,45921.57778,1959.15
ORD1222,SKU_003062,S011,45921.57847,1478.22
ORD1222,SKU_003063,S011,45921.57917,1306.07
ORD1222,SKU_003064,S011,45921.57986,1441.41
ORD1223,SKU_003065,S011,45921.58056,1485.08
ORD1223,SKU_003066,S011,45921.58125,1430.52
ORD1223,SKU_003067,S011,45921.58194,584.02
ORD1223,SKU_003068,S011,45921.58264,762.08
ORD1224,SKU_003069,S011,45921.58333,630.07
ORD1224,SKU_003070,S011,45921.58403,682.29
ORD1225,SKU_003071,S011,45921.58472,544.66
ORD1225,SKU_003072,S011,45921.58542,105.5
ORD1225,SKU_003073,S011,45921.58611,116.29
ORD1226,SKU_003074,S011,45921.58681,113.84
ORD1226,SKU_003075,S011,45921.5875,114.15
ORD1226,SKU_003076,S011,45921.58819,128.5
ORD1226,SKU_003077,S011,45921.58889,1428.23
ORD1227,SKU_003078,S011,45921.58958,1219.44
ORD1227,SKU_003079,S011,45921.59028,1370.36
ORD1228,SKU_003080,S011,45921.59097,1289.04
ORD1228,SKU_003081,S011,45921.59167,1194.31
ORD1228,SKU_003082,S011,45921.59236,12573.28
ORD1229,SKU_003083,S011,45921.59306,10709.06
ORD1229,SKU_003084,S011,45921.59375,13752.1
ORD1229,SKU_003085,S011,45921.59444,11885.19
ORD1229,SKU_003086,S011,45921.59514,12319.25
ORD1230,SKU_003087,S011,45921.59583,5605.44
ORD1230,SKU_003088,S011,45921.59653,5920.74
ORD1231,SKU_003089,S011,45921.59722,5910.48
ORD1231,SKU_003090,S011,45921.59792,4950.69
ORD1231,SKU_003091,S011,45921.59861,6375.01
ORD1232,SKU_003092,S011,45921.59931,4491.56
ORD1232,SKU_003093,S011,45921.6,3895.74
ORD1232,SKU_003094,S011,45921.60069,4651.44
ORD1232,SKU_003095,S011,45921.60139,4776.94
ORD1233,SKU_003096,S011,45921.60208,3998.28
ORD1233,SKU_003097,S011,45921.60278,2133.76
ORD1234,SKU_003098,S011,45921.60347,2060.38
ORD1234,SKU_003099,S011,45921.60417,1955.48
ORD1234,SKU_003100,S011,45921.60486,2114.94
ORD1235,SKU_003101,S011,45921.60556,1655.18
ORD1235,SKU_003102,S011,45921.60625,1022.59
ORD1235,SKU_003103,S011,45921.60694,1117.96
ORD1235,SKU_003104,S011,45921.60764,983.23
ORD1236,SKU_003105,S011,45921.60833,810.85
ORD1236,SKU_003106,S011,45921.60903,822.71
ORD1237,SKU_003107,S011,45921.60972,1850.49
ORD1237,SKU_003108,S011,45921.61042,2338.67
ORD1237,SKU_003109,S011,45921.61111,1804.08
ORD1238,SKU_003110,S011,45921.61181,1610.04
ORD1238,SKU_003111,S011,45921.6125,1894.23
ORD1238,SKU_003112,S011,45921.61319,11460.03
ORD1238,SKU_003113,S011,45921.61389,9341.12
ORD1239,SKU_003114,S011,45921.61458,9733.38
ORD1239,SKU_003115,S011,45921.61528,11852.8
ORD1240,SKU_003116,S011,45921.61597,9091.95
ORD1240,SKU_003117,S011,45921.61667,28082.29
ORD1240,SKU_003118,S011,45921.61736,24091.26
ORD1241,SKU_003119,S011,45921.61806,28575.74
ORD1241,SKU_003120,S011,45921.61875,22448.63
ORD1241,SKU_003121,S011,45921.61944,27809.58
ORD1241,SKU_003122,S011,45921.62014,85748.33
ORD1242,SKU_003123,S011,45921.62083,68731.04
ORD1242,SKU_003124,S011,45921.62153,74459.32
ORD1243,SKU_003125,S011,45921.62222,74954.62
ORD1243,SKU_003126,S011,45921.62292,78221.4
ORD1243,SKU_003127,S011,45921.62361,70919.48
ORD1244,SKU_003128,S011,45921.62431,76925.31
ORD1244,SKU_003129,S011,45921.625,82358.28
ORD1244,SKU_003130,S011,45921.62569,57645.27
ORD1244,SKU_003131,S011,45921.62639,71864.53
ORD1245,SKU_003132,S011,45921.62708,52829.3
ORD1245,SKU_003133,S011,45921.62778,41270.7
ORD1246,SKU_003134,S011,45921.62847,40845.2
ORD1246,SKU_003135,S011,45921.62917,52762.19
ORD1246,SKU_003136,S011,45921.62986,44521.22
ORD1247,SKU_003137,S011,45921.63056,19691.53
ORD1247,SKU_003138,S011,45921.63125,19243.49
ORD1247,SKU_003139,S011,45921.63194,20316.51
ORD1247,SKU_003140,S011,45921.63264,15474.02
ORD1248,SKU_003141,S011,45921.63333,15547.78
ORD1248,SKU_003142,S011,45921.63403,52666.12
ORD1249,SKU_003143,S011,45921.63472,68296.95
ORD1249,SKU_003144,S011,45921.63542,71370.07
ORD1249,SKU_003145,S011,45921.63611,53758.78
ORD1250,SKU_003146,S011,45921.63681,71675.02
ORD1250,SKU_003147,S011,45921.6375,62905.98
ORD1250,SKU_003148,S011,45921.63819,77548.78
ORD1250,SKU_003149,S011,45921.63889,62059.53
ORD1251,SKU_003150,S011,45921.63958,74500.72
ORD1251,SKU_003151,S011,45921.64028,74522.54
ORD1252,SKU_003152,S011,45921.64097,36997.58
ORD1252,SKU_003153,S011,45921.64167,31912.15
ORD1252,SKU_003154,S011,45921.64236,36763.59
ORD1253,SKU_003155,S011,45921.64306,28003.05
ORD1253,SKU_003156,S011,45921.64375,40278.06
ORD1253,SKU_003157,S011,45921.64444,26551.44
ORD1253,SKU_003158,S011,45921.64514,20855.94
ORD1254,SKU_003159,S011,45921.64583,19162.48
ORD1254,SKU_003160,S011,45921.64653,22560.96
ORD1255,SKU_003161,S011,45921.64722,22751.22
ORD1255,SKU_003162,S011,45921.64792,8193.63
ORD1255,SKU_003163,S011,45921.64861,6799.75
ORD1256,SKU_003164,S011,45921.64931,8395.7
ORD1256,SKU_003165,S011,45921.65,7221.21
ORD1256,SKU_003166,S011,45921.65069,7131.31
ORD1256,SKU_003167,S011,45921.65139,7270.19
ORD1257,SKU_003168,S011,45921.65208,8793.88
ORD1257,SKU_003169,S011,45921.65278,8610.33
ORD1258,SKU_003170,S011,45921.65347,8104.3
ORD1258,SKU_003171,S011,45921.65417,9329.48
ORD1258,SKU_003172,S011,45921.65486,35346.14
ORD1259,SKU_003173,S011,45921.65556,27206.58
ORD1259,SKU_003174,S011,45921.65625,31831.84
ORD1259,SKU_003175,S011,45921.65694,24730.19
ORD1259,SKU_003176,S011,45921.65764,35415.08
ORD1260,SKU_003177,S011,45921.65833,527.78
ORD1260,SKU_003178,S011,45921.65903,545.43
ORD1261,SKU_003179,S011,45921.65972,538.54
ORD1261,SKU_003180,S011,45921.66042,664.46
ORD1261,SKU_003181,S011,45921.66111,701.49
ORD1262,SKU_003182,S011,45921.66181,15420.75
ORD1262,SKU_003183,S011,45921.6625,14088.47
ORD1262,SKU_003184,S011,45921.66319,12777.34
ORD1262,SKU_003185,S011,45921.66389,14791.55
ORD1263,SKU_003186,S011,45921.66458,11265.42
ORD1263,SKU_003187,S011,45921.66528,667.47
ORD1264,SKU_003188,S011,45921.66597,658.12
ORD1264,SKU_003189,S011,45921.66667,665.45
ORD1264,SKU_003190,S011,45921.66736,545.59
ORD1265,SKU_003191,S011,45921.66806,640.75
ORD1265,SKU_003192,S011,45921.66875,658.6
ORD1265,SKU_003193,S011,45921.66944,590.3
ORD1265,SKU_003194,S011,45921.67014,676.84
ORD1266,SKU_003195,S011,45921.67083,527.85
ORD1266,SKU_003196,S011,45921.67153,715.68
ORD1267,SKU_003197,S011,45921.67222,529.44
ORD1267,SKU_003198,S011,45921.67292,569.06
ORD1267,SKU_003199,S011,45921.67361,515.88
ORD1268,SKU_003200,S011,45921.67431,573.68
ORD1268,SKU_003201,S011,45921.675,512.72
ORD1268,SKU_003202,S011,45921.67569,594.46
ORD1268,SKU_003203,S011,45921.67639,564.93
ORD1269,SKU_003204,S011,45921.67708,711.96
ORD1269,SKU_003205,S011,45921.67778,542.27
ORD1270,SKU_003206,S011,45921.67847,638.69
ORD1270,SKU_003207,S011,45921.67917,305.53
ORD1270,SKU_003208,S011,45921.67986,304.83
ORD1271,SKU_003209,S011,45921.68056,350.78
ORD1271,SKU_003210,S011,45921.68125,371.48
ORD1271,SKU_003211,S011,45921.68194,316.11
ORD1271,SKU_003212,S011,45921.68264,636.86
ORD1272,SKU_003213,S011,45921.68333,512.03
ORD1272,SKU_003214,S011,45921.68403,525.88
ORD1273,SKU_003215,S011,45921.68472,736.51
ORD1273,SKU_003216,S011,45921.68542,725.76
ORD1273,SKU_003217,S011,45921.68611,5808.68
ORD1274,SKU_003218,S011,45921.68681,5866.52
ORD1274,SKU_003219,S011,45921.6875,4280.54
ORD1274,SKU_003220,S011,45921.68819,4292.9
ORD1274,SKU_003221,S011,45921.68889,5836.93
ORD1275,SKU_003222,S011,45921.68958,4195.6
ORD1275,SKU_003223,S011,45921.69028,3908.18
ORD1276,SKU_003224,S011,45921.69097,3806.23
ORD1276,SKU_003225,S011,45921.69167,3683.28
ORD1276,SKU_003226,S011,45921.69236,4409.41
ORD1277,SKU_003227,S011,45921.69306,14401.28
ORD1277,SKU_003228,S011,45921.69375,16695.06
ORD1277,SKU_003229,S011,45921.69444,19937.72
ORD1277,SKU_003230,S011,45921.69514,20511.9
ORD1278,SKU_003231,S011,45921.69583,17678.07
ORD1278,SKU_003232,S011,45921.69653,1104.72
ORD1279,SKU_003233,S011,45921.69722,1376.01
ORD1279,SKU_003234,S011,45921.69792,1113.95
ORD1279,SKU_003235,S011,45921.69861,1108.63
ORD1280,SKU_003236,S011,45921.69931,1270.19
ORD1280,SKU_003237,S011,45921.7,212.42
ORD1280,SKU_003238,S011,45921.70069,234.18
ORD1280,SKU_003239,S011,45921.70139,233.08
ORD1281,SKU_003240,S011,45921.70208,235.65
ORD1281,SKU_003241,S011,45921.70278,244.11
ORD1282,SKU_003242,S011,45921.70347,78.36
ORD1282,SKU_003243,S011,45921.70417,82.41
ORD1282,SKU_003244,S011,45921.70486,75.2
ORD1283,SKU_003245,S011,45921.70556,90.01
ORD1283,SKU_003246,S011,45921.70625,88.53
ORD1283,SKU_003247,S011,45921.70694,1057.28
ORD1283,SKU_003248,S011,45921.70764,1197.16
ORD1284,SKU_003249,S011,45921.70833,1186.83
ORD1284,SKU_003250,S011,45921.70903,1183.89
ORD1285,SKU_003251,S011,45921.70972,1110.37
ORD1285,SKU_003252,S011,45921.71042,2815.08
ORD1285,SKU_003253,S011,45921.71111,3303.18
ORD1286,SKU_003254,S011,45921.71181,3365.74
ORD1286,SKU_003255,S011,45921.7125,3415.17
ORD1286,SKU_003256,S011,45921.71319,3834.64
ORD1286,SKU_003257,S011,45921.71389,1082.66
ORD1287,SKU_003258,S011,45921.71458,1235.6
ORD1287,SKU_003259,S011,45921.71528,1532.76
ORD1288,SKU_003260,S011,45921.71597,1210.13
ORD1288,SKU_003261,S011,45921.71667,1523.45
ORD1288,SKU_003262,S011,45921.71736,4786.37
ORD1289,SKU_003263,S011,45921.71806,4342.11
ORD1289,SKU_003264,S011,45921.71875,3932.66
ORD1289,SKU_003265,S011,45921.71944,3595.31
ORD1289,SKU_003266,S011,45921.72014,3387.43
ORD1290,SKU_003267,S011,45921.72083,1072.84
ORD1290,SKU_003268,S011,45921.72153,915.76
ORD1291,SKU_003269,S011,45921.72222,1048.53
ORD1291,SKU_003270,S011,45921.72292,1027.69
ORD1291,SKU_003271,S011,45921.72361,797.73
ORD1292,SKU_003272,S011,45921.72431,3639.1
ORD1292,SKU_003273,S011,45921.725,3980.84
ORD1292,SKU_003274,S011,45921.72569,4339.68
ORD1292,SKU_003275,S012,45921.72639,3315.59
ORD1293,SKU_003276,S012,45921.72708,3509.01
ORD1293,SKU_003277,S012,45921.72778,530
ORD1294,SKU_003278,S012,45921.72847,532.78
ORD1294,SKU_003279,S012,45921.72917,366.55
ORD1294,SKU_003280,S012,45921.72986,493.24
ORD1295,SKU_003281,S012,45921.73056,501.37
ORD1295,SKU_003282,S012,45921.73125,329.99
ORD1295,SKU_003283,S012,45921.73194,358.83
ORD1295,SKU_003284,S012,45921.73264,383.05
ORD1296,SKU_003285,S012,45921.73333,324.45
ORD1296,SKU_003286,S012,45921.73403,389.61
ORD1297,SKU_003287,S012,45921.73472,236.11
ORD1297,SKU_003288,S012,45921.73542,199.82
ORD1297,SKU_003289,S012,45921.73611,241.87
ORD1298,SKU_003290,S012,45921.73681,247.85
ORD1298,SKU_003291,S012,45921.7375,227.07
ORD1298,SKU_003292,S012,45921.73819,473.27
ORD1298,SKU_003293,S012,45921.73889,413.39
ORD1299,SKU_003294,S012,45921.73958,358.4
ORD1299,SKU_003295,S012,45921.74028,481.75
ORD1300,SKU_003296,S012,45921.74097,411.08
ORD1300,SKU_003297,S012,45921.74167,1196.33
ORD1300,SKU_003298,S012,45921.74236,1133.38
ORD1301,SKU_003299,S012,45921.74306,966.54
ORD1301,SKU_003300,S012,45921.74375,1016.33
ORD1302,SKU_003301,S012,45921.74444,825.61
ORD1302,SKU_003302,S012,45921.74514,515.77
ORD1302,SKU_003303,S012,45921.74583,635.58
ORD1303,SKU_003304,S012,45921.74653,506.03
ORD1303,SKU_003305,S012,45921.74722,573.97
ORD1303,SKU_003306,S012,45921.74792,582.31
ORD1303,SKU_003307,S012,45921.74861,583.62
ORD1304,SKU_003308,S012,45921.74931,410.85
ORD1304,SKU_003309,S012,45921.75,538.43
ORD1305,SKU_003310,S012,45921.75069,552.43
ORD1305,SKU_003311,S012,45921.75139,524.76
ORD1305,SKU_003312,S012,45921.75208,75.71
ORD1306,SKU_003313,S012,45921.75278,72.12
ORD1306,SKU_003314,S012,45921.75347,84.13
ORD1306,SKU_003315,S012,45921.75417,77.95
ORD1306,SKU_003316,S012,45921.75486,82.42
ORD1307,SKU_003317,S012,45921.75556,2305.5
ORD1307,SKU_003318,S012,45921.75625,2648.2
ORD1308,SKU_003319,S012,45921.75694,2178.27
ORD1308,SKU_003320,S012,45921.75764,2762.94
ORD1308,SKU_003321,S012,45921.75833,2769.44
ORD1309,SKU_003322,S012,45921.75903,3257.37
ORD1309,SKU_003323,S012,45921.75972,2780.6
ORD1309,SKU_003324,S012,45921.76042,3501.97
ORD1309,SKU_003325,S012,45921.76111,3243.66
ORD1310,SKU_003326,S012,45921.76181,3068.01
ORD1310,SKU_003327,S012,45921.7625,2725.58
ORD1311,SKU_003328,S012,45921.76319,2266.47
ORD1311,SKU_003329,S012,45921.76389,2074.75
ORD1311,SKU_003330,S012,45921.76458,2656.12
ORD1312,SKU_003331,S012,45921.76528,2002.27
ORD1312,SKU_003332,S012,45921.76597,145.47
ORD1312,SKU_003333,S012,45921.76667,140.89
ORD1312,SKU_003334,S012,45921.76736,169.98
ORD1313,SKU_003335,S012,45921.76806,182.22
ORD1313,SKU_003336,S012,45921.76875,176.07
ORD1314,SKU_003337,S012,45921.76944,65.76
ORD1314,SKU_003338,S012,45921.77014,70.06
ORD1314,SKU_003339,S012,45921.77083,76.69
ORD1315,SKU_003340,S012,45921.77153,73.2
ORD1315,SKU_003341,S012,45921.77222,67.01
ORD1315,SKU_003342,S012,45921.77292,101.81
ORD1315,SKU_003343,S012,45921.77361,92.91
ORD1316,SKU_003344,S012,45921.77431,114.05
ORD1316,SKU_003345,S012,45921.775,119.53
ORD1317,SKU_003346,S012,45921.77569,94.66
ORD1317,SKU_003347,S012,45921.77639,9185.63
ORD1317,SKU_003348,S012,45921.77708,8024.01
ORD1318,SKU_003349,S012,45921.77778,10084.54
ORD1318,SKU_003350,S012,45921.77847,10773.46
ORD1318,SKU_003351,S012,45921.77917,8459.22
ORD1318,SKU_003352,S012,45921.77986,19702.06
ORD1319,SKU_003353,S012,45921.78056,23876.01
ORD1319,SKU_003354,S012,45921.78125,22377.31
ORD1320,SKU_003355,S012,45921.78194,16197.3
ORD1320,SKU_003356,S012,45921.78264,21407.08
ORD1320,SKU_003357,S012,45921.78333,17972.13
ORD1321,SKU_003358,S012,45921.78403,16017.9
ORD1321,SKU_003359,S012,45921.78472,15903.51
ORD1321,SKU_003360,S012,45921.78542,12501.85
ORD1321,SKU_003361,S012,45921.78611,15894.67
ORD1322,SKU_003362,S012,45921.78681,86389.81
ORD1322,SKU_003363,S012,45921.7875,84187.63
ORD1323,SKU_003364,S012,45921.78819,78856.22
ORD1323,SKU_003365,S012,45921.78889,80749
ORD1323,SKU_003366,S012,45921.78958,74587.9
ORD1324,SKU_003367,S012,45921.79028,53870.98
ORD1324,SKU_003368,S012,45921.79097,48594.46
ORD1324,SKU_003369,S012,45921.79167,49651.97
ORD1324,SKU_003370,S012,45921.79236,51998.16
ORD1325,SKU_003371,S012,45921.79306,56175.55
ORD1325,SKU_003372,S012,45921.79375,71583.9
ORD1326,SKU_003373,S012,45921.79444,62956.23
ORD1326,SKU_003374,S012,45921.79514,79885.2
ORD1326,SKU_003375,S012,45921.79583,82529.31
ORD1327,SKU_003376,S012,45921.79653,78158.31
ORD1327,SKU_003377,S012,45921.79722,68945.35
ORD1327,SKU_003378,S012,45921.79792,72960.74
ORD1327,SKU_003379,S012,45921.79861,89154.29
ORD1328,SKU_003380,S012,45921.79931,73746.62
ORD1328,SKU_003381,S012,45921.8,73290.45
ORD1329,SKU_003382,S012,45921.80069,643.64
ORD1329,SKU_003383,S012,45921.80139,868.63
ORD1329,SKU_003384,S012,45921.80208,866.06
ORD1330,SKU_003385,S012,45921.80278,932.38
ORD1330,SKU_003386,S012,45921.80347,920.01
ORD1330,SKU_003387,S012,45921.80417,110.69
ORD1330,SKU_003388,S012,45921.80486,117.06
ORD1331,SKU_003389,S012,45921.80556,135.9
ORD1331,SKU_003390,S012,45921.80625,99.37
ORD1332,SKU_003391,S012,45921.80694,110.9
ORD1332,SKU_003392,S012,45921.80764,830.6
ORD1332,SKU_003393,S012,45921.80833,856.61
ORD1333,SKU_003394,S012,45921.80903,596.01
ORD1333,SKU_003395,S012,45921.80972,660.93
ORD1333,SKU_003396,S012,45921.81042,882.75
ORD1333,SKU_003397,S012,45921.81111,234.67
ORD1334,SKU_003398,S012,45921.81181,192.84
ORD1334,SKU_003399,S012,45921.8125,217.14
ORD1335,SKU_003400,S012,45921.81319,235.99
ORD1335,SKU_003401,S012,45921.81389,190.32
ORD1335,SKU_003402,S012,45921.81458,144.26
ORD1336,SKU_003403,S012,45921.81528,211.71
ORD1336,SKU_003404,S012,45921.81597,187.5
ORD1336,SKU_003405,S012,45921.81667,176.97
ORD1336,SKU_003406,S012,45921.81736,156.69
ORD1337,SKU_003407,S012,45921.81806,1007.74
ORD1337,SKU_003408,S012,45921.81875,757.51
ORD1338,SKU_003409,S012,45921.81944,872.52
ORD1338,SKU_003410,S012,45921.82014,995.11
ORD1338,SKU_003411,S012,45921.82083,1018.53
ORD1339,SKU_003412,S012,45921.82153,287.36
ORD1339,SKU_003413,S012,45921.82222,323.15
ORD1339,SKU_003414,S012,45921.82292,222.63
ORD1339,SKU_003415,S012,45921.82361,247.44
ORD1340,SKU_003416,S012,45921.82431,225.89
ORD1340,SKU_003417,S012,45921.825,982.29
ORD1341,SKU_003418,S012,45921.82569,922.65
ORD1341,SKU_003419,S012,45921.82639,940.64
ORD1341,SKU_003420,S012,45921.82708,922.3
ORD1342,SKU_003421,S012,45921.82778,895.31
ORD1342,SKU_003422,S012,45921.82847,620.02
ORD1342,SKU_003423,S012,45921.82917,430.3
ORD1342,SKU_003424,S012,45921.82986,509.42
ORD1343,SKU_003425,S012,45921.83056,618.28
ORD1343,SKU_003426,S012,45921.83125,476.74
ORD1344,SKU_003427,S012,45921.83194,1062.93
ORD1344,SKU_003428,S012,45921.83264,896.19
ORD1344,SKU_003429,S012,45921.83333,750.09
ORD1345,SKU_003430,S012,45921.83403,1102.21
ORD1345,SKU_003431,S012,45921.83472,1058.46
ORD1345,SKU_003432,S012,45921.83542,200.14
ORD1345,SKU_003433,S012,45921.83611,258.75
ORD1346,SKU_003434,S012,45921.83681,233.28
ORD1346,SKU_003435,S012,45921.8375,239.27
ORD1347,SKU_003436,S012,45921.83819,207.49
ORD1347,SKU_003437,S012,45921.83889,657.13
ORD1347,SKU_003438,S012,45921.83958,463.21
ORD1348,SKU_003439,S012,45921.84028,555.44
ORD1348,SKU_003440,S012,45921.84097,616.3
ORD1348,SKU_003441,S012,45921.84167,483.69
ORD1348,SKU_003442,S012,45921.84236,347.87
ORD1349,SKU_003443,S012,45921.84306,278.88
ORD1349,SKU_003444,S012,45921.84375,348.42
ORD1350,SKU_003445,S012,45921.84444,266.14
ORD1350,SKU_003446,S012,45921.84514,332.88
ORD1350,SKU_003447,S012,45921.84583,611.29
ORD1351,SKU_003448,S012,45921.84653,594.7
ORD1351,SKU_003449,S012,45921.84722,624.1
ORD1351,SKU_003450,S012,45921.84792,655.65
ORD1351,SKU_003451,S012,45921.84861,500.83
ORD1352,SKU_003452,S012,45921.84931,59.08
ORD1352,SKU_003453,S012,45921.85,51.19
ORD1353,SKU_003454,S012,45921.85069,55.42
ORD1353,SKU_003455,S012,45921.85139,63.07
ORD1353,SKU_003456,S012,45921.85208,70.27
ORD1354,SKU_003457,S012,45921.85278,675.99
ORD1354,SKU_003458,S012,45921.85347,516.57
ORD1354,SKU_003459,S012,45921.85417,618.06
ORD1354,SKU_003460,S012,45921.85486,653.91
ORD1355,SKU_003461,S012,45921.85556,490.93
ORD1355,SKU_003462,S012,45921.85625,119.53
ORD1356,SKU_003463,S012,45921.85694,163.63
ORD1356,SKU_003464,S012,45921.85764,152.52
ORD1356,SKU_003465,S012,45921.85833,146.55
ORD1357,SKU_003466,S012,45921.85903,114.14
ORD1357,SKU_003467,S012,45921.85972,128.17
ORD1357,SKU_003468,S012,45921.86042,113.5
ORD1357,SKU_003469,S012,45921.86111,106.4
ORD1358,SKU_003470,S012,45921.86181,95.15
ORD1358,SKU_003471,S012,45921.8625,97.62
ORD1359,SKU_003472,S012,45921.86319,180.33
ORD1359,SKU_003473,S012,45921.86389,198.71
ORD1359,SKU_003474,S012,45921.86458,190.92
ORD1360,SKU_003475,S012,45921.86528,159.92
ORD1360,SKU_003476,S012,45921.86597,160.86
ORD1360,SKU_003477,S012,45921.86667,9153.73
ORD1360,SKU_003478,S012,45921.86736,8511.8
ORD1361,SKU_003479,S012,45921.86806,10799.36
ORD1361,SKU_003480,S012,45921.86875,11955.85
ORD1362,SKU_003481,S012,45921.86944,11829.5
ORD1362,SKU_003482,S012,45921.87014,3586.64
ORD1362,SKU_003483,S012,45921.87083,3269.65
ORD1363,SKU_003484,S012,45921.87153,3382.96
ORD1363,SKU_003485,S012,45921.87222,2494.88
ORD1363,SKU_003486,S012,45921.87292,2810.19
ORD1363,SKU_003487,S012,45921.87361,4179.67
ORD1364,SKU_003488,S012,45921.87431,4745.95
ORD1364,SKU_003489,S012,45921.875,5318.38
ORD1365,SKU_003490,S012,45921.87569,4446.6
ORD1365,SKU_003491,S012,45921.87639,4482.84
ORD1365,SKU_003492,S012,45921.87708,2805.43
ORD1366,SKU_003493,S012,45921.87778,2151.85
ORD1366,SKU_003494,S012,45921.87847,2731.92
ORD1366,SKU_003495,S012,45921.87917,2412.69
ORD1366,SKU_003496,S012,45921.87986,2435.08
ORD1367,SKU_003497,S012,45921.88056,1444.28
ORD1367,SKU_003498,S012,45921.88125,1369.02
ORD1368,SKU_003499,S012,45921.88194,1369.48
ORD1368,SKU_003500,S012,45921.88264,1181.76
ORD1368,SKU_003501,S012,45921.88333,1181.1
ORD1369,SKU_003502,S012,45921.88403,3313.07
ORD1369,SKU_003503,S012,45921.88472,4032.97
ORD1369,SKU_003504,S012,45921.88542,3935.92
ORD1369,SKU_003505,S012,45921.88611,3577.59
ORD1370,SKU_003506,S012,45921.88681,3029.35
ORD1370,SKU_003507,S012,45921.8875,4460.16
ORD1371,SKU_003508,S012,45921.88819,4199.55
ORD1371,SKU_003509,S012,45921.88889,4043.01
ORD1371,SKU_003510,S012,45921.88958,4661.4
ORD1372,SKU_003511,S012,45921.89028,3785.04
ORD1372,SKU_003512,S012,45921.89097,7498.28
ORD1372,SKU_003513,S012,45921.89167,7603.74
ORD1372,SKU_003514,S012,45921.89236,10325.76
ORD1373,SKU_003515,S012,45921.89306,7930.49
ORD1373,SKU_003516,S012,45921.89375,8139.68
ORD1374,SKU_003517,S012,45921.89444,2535.57
ORD1374,SKU_003518,S012,45921.89514,2046.16
ORD1374,SKU_003519,S012,45921.89583,2003.43
ORD1375,SKU_003520,S012,45921.89653,2137.82
ORD1375,SKU_003521,S012,45921.89722,2551.84
ORD1375,SKU_003522,S012,45921.89792,7561.33
ORD1375,SKU_003523,S012,45921.89861,7948.81
ORD1376,SKU_003524,S012,45921.89931,6666
ORD1376,SKU_003525,S012,45921.9,6558.66
ORD1377,SKU_003526,S012,45921.90069,8182.59
ORD1377,SKU_003527,S012,45921.90139,416.27
ORD1377,SKU_003528,S012,45921.90208,444.36
ORD1378,SKU_003529,S012,45921.90278,396.84
ORD1378,SKU_003530,S012,45921.90347,451.63
ORD1378,SKU_003531,S012,45921.90417,464.92
ORD1379,SKU_003532,S012,45921.90486,452.24
ORD1379,SKU_003533,S012,45921.90556,497.58
ORD1379,SKU_003534,S012,45921.90625,516.21
ORD1380,SKU_003535,S012,45921.90694,555.35
ORD1380,SKU_003536,S012,45921.90764,522.62
ORD1380,SKU_003537,S012,45921.90833,697.63
ORD1380,SKU_003538,S012,45921.90903,608.61
ORD1381,SKU_003539,S012,45921.90972,500.47
ORD1381,SKU_003540,S012,45921.91042,660.43
ORD1382,SKU_003541,S012,45921.91111,588.48
ORD1382,SKU_003542,S012,45921.91181,300.88
ORD1382,SKU_003543,S012,45921.9125,356.5
ORD1383,SKU_003544,S012,45921.91319,411.46
ORD1383,SKU_003545,S012,45921.91389,412.98
ORD1383,SKU_003546,S012,45921.91458,402.78
ORD1383,SKU_003547,S012,45921.91528,251.83
ORD1384,SKU_003548,S012,45921.91597,223.88
ORD1384,SKU_003549,S012,45921.91667,287.27
ORD1385,SKU_003550,S012,45921.91736,250.95
ORD1385,SKU_003551,S012,45921.91806,228.49
ORD1385,SKU_003552,S012,45921.91875,295.89
ORD1386,SKU_003553,S012,45921.91944,304.69
ORD1386,SKU_003554,S012,45921.92014,236.99
ORD1386,SKU_003555,S012,45921.92083,245.04
ORD1386,SKU_003556,S012,45921.92153,223.35
ORD1387,SKU_003557,S012,45921.92222,322.3
ORD1387,SKU_003558,S012,45921.92292,271.67
ORD1388,SKU_003559,S012,45921.92361,234.94
ORD1388,SKU_003560,S012,45921.92431,295.28
ORD1388,SKU_003561,S012,45921.925,262.88
ORD1389,SKU_003562,S012,45921.92569,2279.44
ORD1389,SKU_003563,S012,45921.92639,2022.66
ORD1389,SKU_003564,S012,45921.92708,1783.89
ORD1389,SKU_003565,S012,45921.92778,2419.25
ORD1390,SKU_003566,S012,45921.92847,1910.36
ORD1390,SKU_003567,S012,45921.92917,250.9
ORD1391,SKU_003568,S012,45921.92986,175.65
ORD1391,SKU_003569,S012,45921.93056,187.17
ORD1391,SKU_003570,S012,45921.93125,220.54
ORD1392,SKU_003571,S012,45921.93194,233.16
ORD1392,SKU_003572,S012,45921.93264,251.31
ORD1392,SKU_003573,S012,45921.93333,274.61
ORD1392,SKU_003574,S012,45921.93403,285.04
ORD1393,SKU_003575,S012,45921.93472,259.8
ORD1393,SKU_003576,S012,45921.93542,265.96
ORD1394,SKU_003577,S012,45921.93611,3213.77
ORD1394,SKU_003578,S012,45921.93681,3084.93
ORD1394,SKU_003579,S012,45921.9375,3614.09
ORD1395,SKU_003580,S012,45921.93819,2740.49
ORD1395,SKU_003581,S012,45921.93889,2958.18
ORD1395,SKU_003582,S012,45921.93958,227.27
ORD1395,SKU_003583,S012,45921.94028,273.31
ORD1396,SKU_003584,S012,45921.94097,283.04
ORD1396,SKU_003585,S012,45921.94167,257.13
ORD1397,SKU_003586,S012,45921.94236,237.05
ORD1397,SKU_003587,S012,45921.94306,1673.94
ORD1397,SKU_003588,S012,45921.94375,1959.76
ORD1398,SKU_003589,S012,45921.94444,1567.72
ORD1398,SKU_003590,S012,45921.94514,2100.18
ORD1398,SKU_003591,S012,45921.94583,2005.31
ORD1398,SKU_003592,S012,45921.94653,729.86
ORD1399,SKU_003593,S012,45921.94722,682.76
ORD1399,SKU_003594,S012,45921.94792,828.84
ORD1400,SKU_003595,S012,45921.94861,794.99
ORD1400,SKU_003596,S012,45921.94931,811.46
ORD1400,SKU_003597,S012,45921.95,151.8
ORD1401,SKU_003598,S012,45921.95069,170.68
ORD1401,SKU_003599,S012,45921.95139,127.49
ORD1402,SKU_003600,S012,45921.95208,167.54
ORD1402,SKU_003601,S012,45921.95278,145.45
ORD1402,SKU_003602,S012,45921.95347,161.77
ORD1403,SKU_003603,S012,45921.95417,135.38
ORD1403,SKU_003604,S012,45921.95486,152.53
ORD1403,SKU_003605,S012,45921.95556,178.3
ORD1403,SKU_003606,S012,45921.95625,163.68
ORD1404,SKU_003607,S012,45921.95694,745.33
ORD1404,SKU_003608,S012,45921.95764,920.23
ORD1405,SKU_003609,S012,45921.95833,745.57
ORD1405,SKU_003610,S012,45921.95903,773.81
ORD1405,SKU_003611,S012,45921.95972,846.2
ORD1406,SKU_003612,S012,45921.96042,1393.11
ORD1406,SKU_003613,S012,45921.96111,1160.11
ORD1406,SKU_003614,S012,45921.96181,1535.11
ORD1406,SKU_003615,S012,45921.9625,1226.47
ORD1407,SKU_003616,S012,45921.96319,1383.44
ORD1407,SKU_003617,S012,45921.96389,35.39
ORD1408,SKU_003618,S012,45921.96458,31.71
ORD1408,SKU_003619,S012,45921.96528,29.88
ORD1408,SKU_003620,S012,45921.96597,24.65
ORD1409,SKU_003621,S012,45921.96667,27.36
ORD1409,SKU_003622,S012,45921.96736,59.07
ORD1409,SKU_003623,S012,45921.96806,75.31
ORD1409,SKU_003624,S012,45921.96875,70.27
ORD1410,SKU_003625,S012,45921.96944,69.02
ORD1410,SKU_003626,S012,45921.97014,62.58
ORD1411,SKU_003627,S012,45921.97083,369.56
ORD1411,SKU_003628,S012,45921.97153,366.18
ORD1411,SKU_003629,S012,45921.97222,322.13
ORD1412,SKU_003630,S012,45921.97292,358.64
ORD1412,SKU_003631,S012,45921.97361,325.81
ORD1412,SKU_003632,S012,45921.97431,134.19
ORD1412,SKU_003633,S012,45921.975,150.11
ORD1413,SKU_003634,S012,45921.97569,126.15
ORD1413,SKU_003635,S012,45921.97639,114.24
ORD1414,SKU_003636,S012,45921.97708,166.58
ORD1414,SKU_003637,S012,45921.97778,96.86
ORD1414,SKU_003638,S012,45921.97847,80.96
ORD1415,SKU_003639,S012,45921.97917,81.91
ORD1415,SKU_003640,S012,45921.97986,85.37
ORD1415,SKU_003641,S012,45921.98056,103.82
ORD1415,SKU_003642,S012,45921.98125,844.39
ORD1416,SKU_003643,S012,45921.98194,744.61
ORD1416,SKU_003644,S012,45921.98264,865.53
ORD1417,SKU_003645,S012,45921.98333,959.18
ORD1417,SKU_003646,S012,45921.98403,1014.75
ORD1417,SKU_003647,S012,45921.98472,893.36
ORD1418,SKU_003648,S012,45921.98542,1203.38
ORD1418,SKU_003649,S012,45921.98611,975.4
ORD1418,SKU_003650,S012,45921.98681,985.34
ORD1418,SKU_003651,S012,45921.9875,1134.74
ORD1419,SKU_003652,S012,45921.98819,931.49
ORD1419,SKU_003653,S012,45921.98889,1246.99
ORD1420,SKU_003654,S012,45921.98958,1107.53
ORD1420,SKU_003655,S012,45921.99028,1044.12
ORD1420,SKU_003656,S012,45921.99097,1275.08
ORD1421,SKU_003657,S012,45921.99167,437.45
ORD1421,SKU_003658,S012,45921.99236,376.64
ORD1421,SKU_003659,S012,45921.99306,466.81
ORD1421,SKU_003660,S012,45921.99375,442.29
ORD1422,SKU_003661,S012,45921.99444,509.31
ORD1422,SKU_003662,S012,45921.99514,737.01
ORD1423,SKU_003663,S012,45921.99583,909.81
ORD1423,SKU_003664,S012,45921.99653,889.68
ORD1423,SKU_003665,S012,45921.99722,727.93
ORD1424,SKU_003666,S012,45921.99792,939.72
ORD1424,SKU_003667,S012,45921.99861,683.56
ORD1424,SKU_003668,S012,45921.99931,763.56
ORD1424,SKU_003669,S012,45922,576.17
ORD1425,SKU_003670,S012,45922.00069,684.52
ORD1425,SKU_003671,S012,45922.00139,789.87
ORD1426,SKU_003672,S012,45922.00208,553.75
ORD1426,SKU_003673,S012,45922.00278,761.3
ORD1426,SKU_003674,S012,45922.00347,779.4
ORD1427,SKU_003675,S013,45922.00417,701.4
ORD1427,SKU_003676,S014,45922.00486,618.75
ORD1427,SKU_003677,S015,45922.00556,11171.81
ORD1427,SKU_003678,S016,45922.00625,11888.85
ORD1428,SKU_003679,S017,45922.00694,11362.08
ORD1428,SKU_003680,S018,45922.00764,15528.99
ORD1429,SKU_003681,S019,45922.00833,14891.66
ORD1429,SKU_003682,S020,45922.00903,14224.56
ORD1429,SKU_003683,S021,45922.00972,10734.78
ORD1430,SKU_003684,S022,45922.01042,12078.75
ORD1430,SKU_003685,S023,45922.01111,14147.43
ORD1430,SKU_003686,S024,45922.01181,10556.83
ORD1430,SKU_003687,S025,45922.0125,2688.28
ORD1431,SKU_003688,S026,45922.01319,2505.85
ORD1431,SKU_003689,S027,45922.01389,2184.25
ORD1432,SKU_003690,S028,45922.01458,2280.74
ORD1432,SKU_003691,S029,45922.01528,2097.69
ORD1432,SKU_003692,S030,45922.01597,3383.94
ORD1433,SKU_003693,S031,45922.01667,3280.13
ORD1433,SKU_003694,S032,45922.01736,3188.81
ORD1433,SKU_003695,S033,45922.01806,3357.21
ORD1433,SKU_003696,S034,45922.01875,3492.06
ORD1434,SKU_003697,S035,45922.01944,2164.05
ORD1434,SKU_003698,S036,45922.02014,2608.62
ORD1435,SKU_003699,S037,45922.02083,1955.51
ORD1435,SKU_003700,S038,45922.02153,2290.97
ORD1435,SKU_003701,S039,45922.02222,2225.73
ORD1436,SKU_003702,S040,45922.02292,2877.9
ORD1436,SKU_003703,S041,45922.02361,2152.53
ORD1436,SKU_003704,S042,45922.02431,2052.13
ORD1436,SKU_003705,S043,45922.025,1999.61
ORD1437,SKU_003706,S044,45922.02569,2273.22
ORD1437,SKU_003707,S045,45922.02639,1764.18
ORD1438,SKU_003708,S046,45922.02708,2001.17
ORD1438,SKU_003709,S047,45922.02778,1844.44
ORD1438,SKU_003710,S048,45922.02847,2084.33
ORD1439,SKU_003711,S049,45922.02917,1584.73
ORD1439,SKU_003712,S050,45922.02986,1339.09
ORD1439,SKU_003713,S051,45922.03056,1417.69
ORD1439,SKU_003714,S052,45922.03125,1270.8
ORD1440,SKU_003715,S053,45922.03194,1246.75
ORD1440,SKU_003716,S054,45922.03264,1690.43
ORD1441,SKU_003717,S055,45922.03333,405.33
ORD1441,SKU_003718,S056,45922.03403,427.39
ORD1441,SKU_003719,S057,45922.03472,398.08
ORD1442,SKU_003720,S058,45922.03542,368.36
ORD1442,SKU_003721,S059,45922.03611,330.79
ORD1442,SKU_003722,S060,45922.03681,728.72
ORD1442,SKU_003723,S061,45922.0375,542.39
ORD1443,SKU_003724,S062,45922.03819,621.93
ORD1443,SKU_003725,S063,45922.03889,634.89
ORD1444,SKU_003726,S064,45922.03958,670.35
ORD1444,SKU_003727,S065,45922.04028,721.8
ORD1444,SKU_003728,S066,45922.04097,592.5
ORD1445,SKU_003729,S067,45922.04167,518.08
ORD1445,SKU_003730,S068,45922.04236,524.66
ORD1445,SKU_003731,S069,45922.04306,681.52
ORD1445,SKU_003732,S070,45922.04375,2531.25
ORD1446,SKU_003733,S071,45922.04444,2709.28
ORD1446,SKU_003734,S072,45922.04514,2724.35
ORD1447,SKU_003735,S073,45922.04583,2407.51
ORD1447,SKU_003736,S074,45922.04653,2872.48
ORD1447,SKU_003737,S075,45922.04722,139.96
ORD1448,SKU_003738,S076,45922.04792,142.02
ORD1448,SKU_003739,S077,45922.04861,131.76
ORD1448,SKU_003740,S078,45922.04931,120.98
ORD1448,SKU_003741,S079,45922.05,108.69
ORD1449,SKU_003742,S080,45922.05069,1638.71
ORD1449,SKU_003743,S081,45922.05139,1329.28
ORD1450,SKU_003744,S082,45922.05208,1462.99
ORD1450,SKU_003745,S083,45922.05278,1293.69
ORD1450,SKU_003746,S084,45922.05347,1668.58
ORD1451,SKU_003747,S085,45922.05417,2187.92
ORD1451,SKU_003748,S086,45922.05486,2722.19
ORD1451,SKU_003749,S087,45922.05556,2785.38
ORD1451,SKU_003750,S088,45922.05625,2346.3
ORD1452,SKU_003751,S089,45922.05694,2609.17
ORD1452,SKU_003752,S090,45922.05764,2616.09
ORD1453,SKU_003753,S091,45922.05833,2747.69
ORD1453,SKU_003754,S092,45922.05903,2925.84
ORD1453,SKU_003755,S093,45922.05972,2784.62
ORD1454,SKU_003756,S094,45922.06042,2549.35
ORD1454,SKU_003757,S095,45922.06111,1366.55
ORD1454,SKU_003758,S096,45922.06181,1479.03
ORD1454,SKU_003759,S097,45922.0625,1505.72
ORD1455,SKU_003760,S098,45922.06319,1308.7
ORD1455,SKU_003761,S099,45922.06389,1767.53
ORD1456,SKU_003762,S100,45922.06458,1565.07
ORD1456,SKU_003763,S101,45922.06528,1592.46
ORD1456,SKU_003764,S102,45922.06597,1753.67
ORD1457,SKU_003765,S103,45922.06667,1288.96
ORD1457,SKU_003766,S104,45922.06736,1338.63
ORD1457,SKU_003767,S105,45922.06806,64.52
ORD1457,SKU_003768,S106,45922.06875,62.11
ORD1458,SKU_003769,S107,45922.06944,61.12
ORD1458,SKU_003770,S108,45922.07014,61.95
ORD1459,SKU_003771,S109,45922.07083,66.11
ORD1459,SKU_003772,S110,45922.07153,211.07
ORD1459,SKU_003773,S111,45922.07222,234.07
ORD1460,SKU_003774,S112,45922.07292,248.95
ORD1460,SKU_003775,S113,45922.07361,204.76
ORD1460,SKU_003776,S114,45922.07431,230.72
ORD1460,SKU_003777,S115,45922.075,2199.44
ORD1461,SKU_003778,S116,45922.07569,3001.36
ORD1461,SKU_003779,S117,45922.07639,2213.29
ORD1462,SKU_003780,S118,45922.07708,2595.53
ORD1462,SKU_003781,S119,45922.07778,2536.69
ORD1462,SKU_003782,S120,45922.07847,526.09
ORD1463,SKU_003783,S121,45922.07917,491
ORD1463,SKU_003784,S122,45922.07986,432.17
ORD1463,SKU_003785,S123,45922.08056,522.2
ORD1463,SKU_003786,S124,45922.08125,370.55
ORD1464,SKU_003787,S125,45922.08194,715.18
ORD1464,SKU_003788,S126,45922.08264,570.95
ORD1465,SKU_003789,S127,45922.08333,554.82
ORD1465,SKU_003790,S128,45922.08403,501.37
ORD1465,SKU_003791,S129,45922.08472,579.61
ORD1466,SKU_003792,S130,45922.08542,435.22
ORD1466,SKU_003793,S131,45922.08611,357.68
ORD1466,SKU_003794,S132,45922.08681,398.94
ORD1466,SKU_003795,S133,45922.0875,438.07
ORD1467,SKU_003796,S134,45922.08819,384.18
ORD1467,SKU_003797,S135,45922.08889,2002.79
ORD1468,SKU_003798,S136,45922.08958,2275.91
ORD1468,SKU_003799,S137,45922.09028,2347.72
ORD1468,SKU_003800,S138,45922.09097,2909.5
ORD1469,SKU_003801,S139,45922.09167,2498.05
ORD1469,SKU_003802,S140,45922.09236,3522.65
ORD1469,SKU_003803,S141,45922.09306,2749.97
ORD1469,SKU_003804,S142,45922.09375,3447.7
ORD1470,SKU_003805,S143,45922.09444,2807
ORD1470,SKU_003806,S144,45922.09514,3446.34
ORD1471,SKU_003807,S145,45922.09583,5666.16
ORD1471,SKU_003808,S146,45922.09653,4206.42
ORD1471,SKU_003809,S147,45922.09722,4635.44
ORD1472,SKU_003810,S148,45922.09792,4715.71
ORD1472,SKU_003811,S149,45922.09861,4762.26
ORD1472,SKU_003812,S150,45922.09931,452.69
ORD1472,SKU_003813,S151,45922.1,501.88
ORD1473,SKU_003814,S152,45922.10069,422.49
ORD1473,SKU_003815,S153,45922.10139,471.61
ORD1474,SKU_003816,S154,45922.10208,450.34
ORD1474,SKU_003817,S155,45922.10278,205.54
ORD1474,SKU_003818,S156,45922.10347,163.63
ORD1475,SKU_003819,S157,45922.10417,189.4
ORD1475,SKU_003820,S158,45922.10486,178.76
ORD1475,SKU_003821,S159,45922.10556,170.45
ORD1475,SKU_003822,S160,45922.10625,223.08
ORD1476,SKU_003823,S161,45922.10694,172.61
ORD1476,SKU_003824,S162,45922.10764,186.8
ORD1477,SKU_003825,S163,45922.10833,204.58
ORD1477,SKU_003826,S164,45922.10903,176.83
ORD1477,SKU_003827,S165,45922.10972,214.41
ORD1478,SKU_003828,S166,45922.11042,235.83
ORD1478,SKU_003829,S167,45922.11111,200.88
ORD1478,SKU_003830,S168,45922.11181,264.84
ORD1478,SKU_003831,S169,45922.1125,214.47
ORD1479,SKU_003832,S170,45922.11319,318.3
ORD1479,SKU_003833,S171,45922.11389,261.52
ORD1480,SKU_003834,S172,45922.11458,308.9
ORD1480,SKU_003835,S173,45922.11528,328.32
ORD1480,SKU_003836,S174,45922.11597,311.81
ORD1481,SKU_003837,S175,45922.11667,713.03
ORD1481,SKU_003838,S176,45922.11736,651.09
ORD1481,SKU_003839,S177,45922.11806,915.54
ORD1481,SKU_003840,S178,45922.11875,778.13
ORD1482,SKU_003841,S179,45922.11944,818.32
ORD1482,SKU_003842,S180,45922.12014,661.62
ORD1483,SKU_003843,S181,45922.12083,652.61
ORD1483,SKU_003844,S182,45922.12153,770.89
ORD1483,SKU_003845,S183,45922.12222,939.35
ORD1484,SKU_003846,S184,45922.12292,862.72
ORD1484,SKU_003847,S185,45922.12361,64.18
ORD1484,SKU_003848,S186,45922.12431,82.03
ORD1484,SKU_003849,S187,45922.125,78.18
ORD1485,SKU_003850,S188,45922.12569,87.35
ORD1485,SKU_003851,S189,45922.12639,74.96
ORD1486,SKU_003852,S190,45922.12708,45.8
ORD1486,SKU_003853,S191,45922.12778,44.61
ORD1486,SKU_003854,S192,45922.12847,48.51
ORD1487,SKU_003855,S193,45922.12917,58.28
ORD1487,SKU_003856,S194,45922.12986,47.37
ORD1487,SKU_003857,S195,45922.13056,886.14
ORD1487,SKU_003858,S196,45922.13125,747.98
ORD1488,SKU_003859,S197,45922.13194,701.53
ORD1488,SKU_003860,S198,45922.13264,770.02
ORD1489,SKU_003861,S199,45922.13333,615.64
ORD1489,SKU_003862,S200,45922.13403,792.05
ORD1489,SKU_003863,S201,45922.13472,763.73
ORD1490,SKU_003864,S202,45922.13542,610.14
ORD1490,SKU_003865,S203,45922.13611,688.22
ORD1490,SKU_003866,S204,45922.13681,795.87
ORD1490,SKU_003867,S205,45922.1375,520.69
ORD1491,SKU_003868,S206,45922.13819,731.1
ORD1491,SKU_003869,S207,45922.13889,727.38
ORD1492,SKU_003870,S208,45922.13958,563.86
ORD1492,SKU_003871,S209,45922.14028,548.35
ORD1492,SKU_003872,S210,45922.14097,598.7
ORD1493,SKU_003873,S211,45922.14167,496.88
ORD1493,SKU_003874,S212,45922.14236,568.76
ORD1493,SKU_003875,S213,45922.14306,715.14
ORD1493,SKU_003876,S214,45922.14375,653.13
ORD1494,SKU_003877,S215,45922.14444,645.74
ORD1494,SKU_003878,S216,45922.14514,486.04
ORD1495,SKU_003879,S217,45922.14583,659.52
ORD1495,SKU_003880,S218,45922.14653,529.72
ORD1495,SKU_003881,S219,45922.14722,591.93
ORD1496,SKU_003882,S220,45922.14792,27346.9
ORD1496,SKU_003883,S221,45922.14861,27070.27
ORD1496,SKU_003884,S222,45922.14931,27368.15
ORD1496,SKU_003885,S223,45922.15,34442.25
ORD1497,SKU_003886,S224,45922.15069,39543.43
ORD1497,SKU_003887,S225,45922.15139,201.26
ORD1498,SKU_003888,S226,45922.15208,173.37
ORD1498,SKU_003889,S227,45922.15278,189.61
ORD1498,SKU_003890,S228,45922.15347,223.62
ORD1499,SKU_003891,S229,45922.15417,183.52
ORD1499,SKU_003892,S230,45922.15486,30016.53
ORD1499,SKU_003893,S231,45922.15556,26768.48
ORD1499,SKU_003894,S232,45922.15625,25879.32
ORD1500,SKU_003895,S233,45922.15694,23393.23
ORD1500,SKU_003896,S234,45922.15764,30242.27
ORD1500,SKU_003897,S235,45922.15833,846.61
ORD1501,SKU_003898,S236,45922.15903,1183.62
ORD1501,SKU_003899,S237,45922.15972,807.76
ORD1502,SKU_003900,S238,45922.16042,925.84
ORD1502,SKU_003901,S239,45922.16111,1072.29
ORD1502,SKU_003902,S240,45922.16181,2102.81
ORD1503,SKU_003903,S241,45922.1625,2296.68
ORD1503,SKU_003904,S242,45922.16319,2502.08
ORD1503,SKU_003905,S243,45922.16389,2864.5
ORD1503,SKU_003906,S244,45922.16458,2458.88
ORD1504,SKU_003907,S245,45922.16528,1286.4
ORD1504,SKU_003908,S246,45922.16597,1565.04
ORD1505,SKU_003909,S247,45922.16667,1243.38
ORD1505,SKU_003910,S248,45922.16736,1360.05
ORD1505,SKU_003911,S249,45922.16806,1259.1
ORD1506,SKU_003912,S250,45922.16875,1903.45
ORD1506,SKU_003913,S251,45922.16944,2270.61
ORD1506,SKU_003914,S252,45922.17014,2364.32
ORD1506,SKU_003915,S253,45922.17083,1891.1
ORD1507,SKU_003916,S254,45922.17153,2140.04
ORD1507,SKU_003917,S255,45922.17222,3033.11
ORD1508,SKU_003918,S256,45922.17292,2749.9
ORD1508,SKU_003919,S257,45922.17361,2448.36
ORD1508,SKU_003920,S258,45922.17431,3058.16
ORD1509,SKU_003921,S259,45922.175,3402.59
ORD1509,SKU_003922,S260,45922.17569,1389.9
ORD1509,SKU_003923,S261,45922.17639,1468.68
ORD1509,SKU_003924,S262,45922.17708,1311.11
ORD1510,SKU_003925,S263,45922.17778,1726.85
ORD1510,SKU_003926,S264,45922.17847,1646.3
ORD1511,SKU_003927,S265,45922.17917,1764.38
ORD1511,SKU_003928,S266,45922.17986,2304.86
ORD1511,SKU_003929,S267,45922.18056,1919.36
ORD1512,SKU_003930,S268,45922.18125,2216.68
ORD1512,SKU_003931,S269,45922.18194,2064.46
ORD1512,SKU_003932,S270,45922.18264,3956.59
ORD1512,SKU_003933,S271,45922.18333,2724.06
ORD1513,SKU_003934,S272,45922.18403,3630.76
ORD1513,SKU_003935,S273,45922.18472,3170.91
ORD1514,SKU_003936,S274,45922.18542,3487.84
ORD1514,SKU_003937,S275,45922.18611,1791.07
ORD1514,SKU_003938,S276,45922.18681,1734.59
ORD1515,SKU_003939,S277,45922.1875,1298.4
ORD1515,SKU_003940,S278,45922.18819,1906.6
ORD1515,SKU_003941,S279,45922.18889,1703.22
ORD1515,SKU_003942,S280,45922.18958,2113.91
ORD1516,SKU_003943,S281,45922.19028,2554.76
ORD1516,SKU_003944,S282,45922.19097,2152.35
ORD1517,SKU_003945,S283,45922.19167,2850.26
ORD1517,SKU_003946,S284,45922.19236,2870.54
ORD1517,SKU_003947,S285,45922.19306,36.9
ORD1518,SKU_003948,S286,45922.19375,35.6
ORD1518,SKU_003949,S287,45922.19444,39.9
ORD1518,SKU_003950,S288,45922.19514,33
ORD1518,SKU_003951,S289,45922.19583,31.31
ORD1519,SKU_003952,S290,45922.19653,7252.41
ORD1519,SKU_003953,S291,45922.19722,6394.91
ORD1520,SKU_003954,S292,45922.19792,6372.15
ORD1520,SKU_003955,S293,45922.19861,6933.43
ORD1520,SKU_003956,S294,45922.19931,6048.71
ORD1521,SKU_003957,S295,45922.2,10692.94
ORD1521,SKU_003958,S296,45922.20069,11130.09
ORD1521,SKU_003959,S297,45922.20139,12382.25
ORD1521,SKU_003960,S298,45922.20208,14369.52
ORD1522,SKU_003961,S299,45922.20278,12994.02
ORD1522,SKU_003962,S300,45922.20347,1819.97
ORD1523,SKU_003963,S301,45922.20417,1644.34
ORD1523,SKU_003964,S302,45922.20486,1828.5
ORD1523,SKU_003965,S303,45922.20556,1829.98
ORD1524,SKU_003966,S304,45922.20625,1593.28
ORD1524,SKU_003967,S305,45922.20694,5930.35
ORD1524,SKU_003968,S306,45922.20764,5195.24
ORD1524,SKU_003969,S307,45922.20833,4825.48
ORD1525,SKU_003970,S308,45922.20903,5911.07
ORD1525,SKU_003971,S309,45922.20972,5225.98
ORD1526,SKU_003972,S310,45922.21042,26103.08
ORD1526,SKU_003973,S311,45922.21111,32464.14
ORD1526,SKU_003974,S312,45922.21181,31414.69
ORD1527,SKU_003975,S313,45922.2125,28679.78
ORD1527,SKU_003976,S314,45922.21319,25208.53
ORD1527,SKU_003977,S315,45922.21389,62.67
ORD1527,SKU_003978,S316,45922.21458,59.11
ORD1528,SKU_003979,S317,45922.21528,55.12
ORD1528,SKU_003980,S318,45922.21597,57.23
ORD1529,SKU_003981,S319,45922.21667,66.05
ORD1529,SKU_003982,S320,45922.21736,556.91
ORD1529,SKU_003983,S321,45922.21806,403
ORD1530,SKU_003984,S322,45922.21875,415.84
ORD1530,SKU_003985,S323,45922.21944,559.96
ORD1530,SKU_003986,S324,45922.22014,517.61
ORD1530,SKU_003987,S325,45922.22083,1293.56
ORD1531,SKU_003988,S326,45922.22153,1410.97
ORD1531,SKU_003989,S327,45922.22222,1706.23
ORD1532,SKU_003990,S328,45922.22292,1369
ORD1532,SKU_003991,S329,45922.22361,1471.8
ORD1532,SKU_003992,S330,45922.22431,1529.22
ORD1533,SKU_003993,S331,45922.225,1541.24
ORD1533,SKU_003994,S332,45922.22569,1490.76
ORD1533,SKU_003995,S333,45922.22639,1523.79
ORD1533,SKU_003996,S334,45922.22708,1571.74
ORD1534,SKU_003997,S335,45922.22778,1280.5
ORD1534,SKU_003998,S336,45922.22847,1418.88
ORD1535,SKU_003999,S337,45922.22917,1310.05
ORD1535,SKU_004000,S338,45922.22986,1743.55
ORD1535,SKU_004001,S339,45922.23056,1392.61
ORD1536,SKU_004002,S340,45922.23125,850.25
ORD1536,SKU_004003,S341,45922.23194,981.34
ORD1536,SKU_004004,S342,45922.23264,1148.9
ORD1536,SKU_004005,S343,45922.23333,1180
ORD1537,SKU_004006,S344,45922.23403,1150.89
ORD1537,SKU_004007,S345,45922.23472,2874.65
ORD1538,SKU_004008,S346,45922.23542,2004.28
ORD1538,SKU_004009,S347,45922.23611,2428.98
ORD1538,SKU_004010,S348,45922.23681,2759.59
ORD1539,SKU_004011,S349,45922.2375,2639.68
ORD1539,SKU_004012,S350,45922.23819,6697.02
ORD1539,SKU_004013,S351,45922.23889,7337.21
ORD1539,SKU_004014,S352,45922.23958,7866.22
ORD1540,SKU_004015,S353,45922.24028,6655.24
ORD1540,SKU_004016,S354,45922.24097,9556.01
ORD1541,SKU_004017,S355,45922.24167,2270.33
ORD1541,SKU_004018,S356,45922.24236,1713.18
ORD1541,SKU_004019,S357,45922.24306,1904.98
ORD1542,SKU_004020,S358,45922.24375,1637.41
ORD1542,SKU_004021,S359,45922.24444,1960.06
ORD1542,SKU_004022,S360,45922.24514,1555.39
ORD1542,SKU_004023,S361,45922.24583,1370.67
ORD1543,SKU_004024,S362,45922.24653,1193.42
ORD1543,SKU_004025,S363,45922.24722,1272.1
ORD1544,SKU_004026,S364,45922.24792,1246.05
ORD1544,SKU_004027,S365,45922.24861,5252.9
ORD1544,SKU_004028,S366,45922.24931,4828.04
ORD1545,SKU_004029,S367,45922.25,4280.35
ORD1545,SKU_004030,S368,45922.25069,4615.45
ORD1545,SKU_004031,S369,45922.25139,4372.73
ORD1545,SKU_004032,S370,45922.25208,453.59
ORD1546,SKU_004033,S371,45922.25278,401.45
ORD1546,SKU_004034,S372,45922.25347,491.62
ORD1547,SKU_004035,S373,45922.25417,552.31
ORD1547,SKU_004036,S374,45922.25486,427.61
ORD1547,SKU_004037,S375,45922.25556,443.64
ORD1548,SKU_004038,S376,45922.25625,424.43
ORD1548,SKU_004039,S377,45922.25694,445.35
ORD1548,SKU_004040,S378,45922.25764,357.16
ORD1548,SKU_004041,S379,45922.25833,478.31
ORD1549,SKU_004042,S380,45922.25903,2376.88
ORD1549,SKU_004043,S381,45922.25972,2175.63
ORD1550,SKU_004044,S382,45922.26042,2720.77
ORD1550,SKU_004045,S383,45922.26111,2548.64
ORD1550,SKU_004046,S384,45922.26181,2695.82
ORD1551,SKU_004047,S385,45922.2625,2079.96
ORD1551,SKU_004048,S386,45922.26319,2258.72
ORD1551,SKU_004049,S387,45922.26389,2691.18
ORD1551,SKU_004050,S388,45922.26458,2164.05
ORD1552,SKU_004051,S389,45922.26528,2437.94
ORD1552,SKU_004052,S390,45922.26597,6742.35
ORD1553,SKU_004053,S391,45922.26667,6118.21
ORD1553,SKU_004054,S392,45922.26736,6331.16
ORD1553,SKU_004055,S393,45922.26806,6086.48
ORD1554,SKU_004056,S394,45922.26875,5404.43
ORD1554,SKU_004057,S395,45922.26944,26643.39
ORD1554,SKU_004058,S396,45922.27014,21044.85
ORD1554,SKU_004059,S397,45922.27083,27903.68
ORD1555,SKU_004060,S398,45922.27153,26091
ORD1555,SKU_004061,S399,45922.27222,20766.35
ORD1556,SKU_004062,S400,45922.27292,2719.99
ORD1556,SKU_004063,S401,45922.27361,2700.42
ORD1556,SKU_004064,S402,45922.27431,2150.35
ORD1557,SKU_004065,S403,45922.275,2385.03
ORD1557,SKU_004066,S404,45922.27569,2947.25
ORD1557,SKU_004067,S405,45922.27639,15007.6
ORD1557,SKU_004068,S406,45922.27708,17456.96
ORD1558,SKU_004069,S407,45922.27778,17455.02
ORD1558,SKU_004070,S408,45922.27847,16915.01
ORD1559,SKU_004071,S409,45922.27917,14995.09
ORD1559,SKU_004072,S410,45922.27986,33023.21
ORD1559,SKU_004073,S411,45922.28056,24165.02
ORD1560,SKU_004074,S412,45922.28125,32031.91
ORD1560,SKU_004075,S413,45922.28194,25160.86
ORD1560,SKU_004076,S414,45922.28264,31717.1
ORD1560,SKU_004077,S415,45922.28333,19439.62
ORD1561,SKU_004078,S416,45922.28403,16306.65
ORD1561,SKU_004079,S417,45922.28472,21932.18
ORD1562,SKU_004080,S418,45922.28542,23824.22
ORD1562,SKU_004081,S419,45922.28611,23645.83
ORD1562,SKU_004082,S420,45922.28681,30529.29
ORD1563,SKU_004083,S421,45922.2875,25622.26
ORD1563,SKU_004084,S422,45922.28819,24585.95
ORD1563,SKU_004085,S423,45922.28889,31819.1
ORD1563,SKU_004086,S424,45922.28958,26356.87
ORD1564,SKU_004087,S425,45922.29028,19068.07
ORD1564,SKU_004088,S426,45922.29097,15962.65
ORD1565,SKU_004089,S427,45922.29167,22502.31
ORD1565,SKU_004090,S428,45922.29236,21901.72
ORD1565,SKU_004091,S429,45922.29306,19696.11
ORD1566,SKU_004092,S430,45922.29375,465.13
ORD1566,SKU_004093,S431,45922.29444,597.41
ORD1566,SKU_004094,S432,45922.29514,496.39
ORD1566,SKU_004095,S433,45922.29583,515
ORD1567,SKU_004096,S434,45922.29653,455
ORD1567,SKU_004097,S435,45922.29722,2452.39
ORD1568,SKU_004098,S436,45922.29792,2055.19
ORD1568,SKU_004099,S437,45922.29861,2941.5
ORD1568,SKU_004100,S438,45922.29931,2966.77
ORD1569,SKU_004101,S439,45922.3,2593.53
ORD1569,SKU_004102,S440,45922.30069,3495.67
ORD1569,SKU_004103,S441,45922.30139,3231.37
ORD1569,SKU_004104,S442,45922.30208,4664.49
ORD1570,SKU_004105,S443,45922.30278,4143.83
ORD1570,SKU_004106,S444,45922.30347,3214.86
ORD1571,SKU_004107,S445,45922.30417,4422.91
ORD1571,SKU_004108,S446,45922.30486,4599.47
ORD1571,SKU_004109,S447,45922.30556,4234.85
ORD1572,SKU_004110,S448,45922.30625,4426.65
ORD1572,SKU_004111,S449,45922.30694,4046.58
ORD1572,SKU_004112,S450,45922.30764,1044.93
ORD1572,SKU_004113,S451,45922.30833,1152.58
ORD1573,SKU_004114,S452,45922.30903,913.13
ORD1573,SKU_004115,S453,45922.30972,1185.23
ORD1574,SKU_004116,S454,45922.31042,1196.89
ORD1574,SKU_004117,S455,45922.31111,774.81
ORD1574,SKU_004118,S456,45922.31181,842.16
ORD1575,SKU_004119,S457,45922.3125,810.51
ORD1575,SKU_004120,S458,45922.31319,857.37
ORD1575,SKU_004121,S459,45922.31389,808.56
ORD1575,SKU_004122,S460,45922.31458,1608.05
ORD1576,SKU_004123,S461,45922.31528,2120.49
ORD1576,SKU_004124,S462,45922.31597,1612.02
ORD1577,SKU_004125,S463,45922.31667,2141.36
ORD1577,SKU_004126,S464,45922.31736,2368.55
ORD1577,SKU_004127,S465,45922.31806,2193.85
ORD1578,SKU_004128,S466,45922.31875,2389.26
ORD1578,SKU_004129,S467,45922.31944,2343.05
ORD1578,SKU_004130,S468,45922.32014,1827.45
ORD1578,SKU_004131,S469,45922.32083,2354.3
ORD1579,SKU_004132,S470,45922.32153,3445.61
ORD1579,SKU_004133,S471,45922.32222,3518.49
ORD1580,SKU_004134,S472,45922.32292,3287.21
ORD1580,SKU_004135,S473,45922.32361,2517.83
ORD1580,SKU_004136,S474,45922.32431,2613.54
ORD1581,SKU_004137,S475,45922.325,3384.24
ORD1581,SKU_004138,S476,45922.32569,3911.97
ORD1581,SKU_004139,S477,45922.32639,3613.89
ORD1581,SKU_004140,S478,45922.32708,4120.31
ORD1582,SKU_004141,S479,45922.32778,3467.58
ORD1582,SKU_004142,S480,45922.32847,4334.52
ORD1583,SKU_004143,S481,45922.32917,4799.64
ORD1583,SKU_004144,S482,45922.32986,5060.44
ORD1583,SKU_004145,S483,45922.33056,4521.98
