order_id,skuid,seller_id,created_at,price
O81,62316095,S001,19-09-2025 00:00,899.5
O82,1982137274,S001,19-09-2025 00:00,750
O83,059035342X,S001,19-09-2025 00:00,650
O84,307474275,S001,19-09-2025 00:00,899
O85,140449132,S001,19-09-2025 00:00,499
O86,61120081,S001,19-09-2025 00:00,620
O87,553386794,S001,19-09-2025 00:00,799
O88,544003411,S001,19-09-2025 00:00,720
O89,62316117,S001,19-09-2025 00:00,950
O90,143127748,S001,19-09-2025 00:00,650
O91,1594634025,S001,19-09-2025 00:00,690
O92,038549081X,S001,19-09-2025 00:00,540
O93,62457713,S001,19-09-2025 00:00,780
O94,142437239,S001,19-09-2025 00:00,550
O95,030788744X,S001,19-09-2025 00:00,720
O96,62315005,S001,19-09-2025 00:00,650
O97,596007120,S001,19-09-2025 00:00,2100
O98,262033844,S001,19-09-2025 00:00,3200
O99,132350882,S001,19-09-2025 00:00,1900
O100,735211299,S001,19-09-2025 00:00,800
O101,385472579,S001,19-09-2025 00:00,690
O102,60850523,S001,19-09-2025 00:00,560
O103,143039954,S001,19-09-2025 00:00,880
O104,1501128035,S001,19-09-2025 00:00,720
O105,525559477,S001,19-09-2025 00:00,680
O106,804139296,S001,19-09-2025 00:00,710
O107,66620996,S001,19-09-2025 00:00,640
O108,006245773X,S001,19-09-2025 00:00,890
O109,451524934,S001,19-09-2025 00:00,420
O110,316769487,S001,19-09-2025 00:00,520
O111,671027034,S001,19-09-2025 00:00,780
O112,1982157283,S001,19-09-2025 00:00,740
O113,593230256,S001,19-09-2025 00:00,600
O114,345803485,S001,19-09-2025 00:00,890
O115,081298160X,S001,19-09-2025 00:00,650
O116,590353403,S001,19-09-2025 00:00,680
O117,143110438,S001,19-09-2025 00:00,840
O118,307465357,S001,19-09-2025 00:00,720
O119,140283331,S001,19-09-2025 00:00,500
O120,62315008,S001,19-09-2025 00:00,670
O121,307346617,S001,19-09-2025 00:00,980
O122,61992275,S001,19-09-2025 00:00,620
O123,006256577X,S001,19-09-2025 00:00,850
O124,1250316774,S001,19-09-2025 00:00,720
O125,62457715,S001,19-09-2025 00:00,980
O126,307277674,S001,19-09-2025 00:00,620
O127,385484518,S001,19-09-2025 00:00,560
O128,1501173219,S001,19-09-2025 00:00,740
O129,143130722,S001,19-09-2025 00:00,630
O130,399590501,S001,19-09-2025 00:00,1100
O131,62316112,S001,19-09-2025 00:00,780
O132,307719227,S001,19-09-2025 00:00,690
O133,143127550,S001,19-09-2025 00:00,640
O134,62315009,S001,19-09-2025 00:00,820
O135,143126562,S001,19-09-2025 00:00,1100
O136,62316113,S001,19-09-2025 00:00,610
O137,307463740,S001,19-09-2025 00:00,720
O138,62871337,S001,19-09-2025 00:00,880
O139,307273601,S001,19-09-2025 00:00,740
O140,1501161933,S001,19-09-2025 00:00,760
O141,140280197,S001,19-09-2025 00:00,580
O142,1455586691,S001,19-09-2025 00:00,690
O143,62316107,S001,19-09-2025 00:00,820
O144,140449266,S001,19-09-2025 00:00,699
O145,679783275,S001,19-09-2025 00:00,599
O146,307743657,S001,19-09-2025 00:00,550
O147,61122415,S001,19-09-2025 00:00,620
O148,142437247,S001,19-09-2025 00:00,799
O149,553213119,S001,19-09-2025 00:00,950
O150,60853983,S001,19-09-2025 00:00,680
O151,131103627,S001,19-09-2025 00:00,3500
O152,1491957660,S001,19-09-2025 00:00,2200
O153,141182803,S001,19-09-2025 00:00,520
O154,60935467,S001,19-09-2025 00:00,580
O155,307387892,S001,19-09-2025 00:00,650
O156,140449334,S001,19-09-2025 00:00,720
O157,812981606,S001,19-09-2025 00:00,630
O158,679734529,S001,19-09-2025 00:00,750
O159,307476463,S001,19-09-2025 00:00,880
O160,62315001,S001,19-09-2025 00:00,650
O161,553573404,S001,19-09-2025 00:00,920
O162,62315002,S001,19-09-2025 00:00,700
O163,1451673319,S001,19-09-2025 00:00,499
O164,261103573,S001,19-09-2025 00:00,1500
O165,140449273,S001,19-09-2025 00:00,680
O166,307949486,S001,19-09-2025 00:00,980
O167,62457716,S001,19-09-2025 00:00,920
O168,140449198,S001,19-09-2025 00:00,680
O169,679410430,S001,19-09-2025 00:00,720
O170,140449181,S001,19-09-2025 00:00,650
O171,307278449,S001,19-09-2025 00:00,700
O172,1591846445,S001,19-09-2025 00:00,740
O173,385545969,S001,19-09-2025 00:00,999
O174,62316114,S001,19-09-2025 00:00,780
O175,143127745,S001,19-09-2025 00:00,880
O176,807014295,S001,19-09-2025 00:00,600
O177,525536291,S001,19-09-2025 00:00,1200
O178,140449204,S001,19-09-2025 00:00,650
O179,307271037,S001,19-09-2025 00:00,699
O180,90711001-BEIGE,S001,19-09-2025 00:00,2100
O181,90711002-WHITE,S001,19-09-2025 00:00,950
O182,90711003-BLACK,S001,19-09-2025 00:00,3400
O183,90711004-GREEN,S001,19-09-2025 00:00,780
O184,90711005-OAK,S001,19-09-2025 00:00,5200
O185,90711006-BLUE,S001,19-09-2025 00:00,1800
O186,90711007-GRAY,S001,19-09-2025 00:00,4300
O187,90711008-WHITE,S001,19-09-2025 00:00,980
O188,90721001-BLACK,S001,19-09-2025 00:00,6200
O189,90721002-WHITE,S001,19-09-2025 00:00,650
O190,90721003-BEIGE,S001,19-09-2025 00:00,7200
O191,90721004-GREEN,S001,19-09-2025 00:00,540
O192,90721005-WOOD,S001,19-09-2025 00:00,3100
O193,90721006-BLUE,S001,19-09-2025 00:00,880
O194,90721007-WHITE,S001,19-09-2025 00:00,1250
O195,90721008-GRAY,S001,19-09-2025 00:00,990
O196,90721009-BLACK,S001,19-09-2025 00:00,7200
O197,90721010-WOOD,S001,19-09-2025 00:00,1150
O198,90731001-WHITE,S001,19-09-2025 00:00,3400
O199,90731002-GRAY,S001,19-09-2025 00:00,7800
O200,90731003-BLACK,S001,19-09-2025 00:00,520
O201,90731004-BEIGE,S001,19-09-2025 00:00,2600
O202,90731005-WOOD,S001,19-09-2025 00:00,9500
O203,90731006-BLUE,S001,19-09-2025 00:00,420
O204,90731007-WHITE,S001,19-09-2025 00:00,750
O205,90731008-GREEN,S001,19-09-2025 00:00,6800
O206,90731009-GRAY,S001,19-09-2025 00:00,32500
O207,90731010-BLACK,S001,19-09-2025 00:00,260
O208,90731011-WHITE,S001,19-09-2025 00:00,1800
O209,90731012-BLACK,S001,19-09-2025 00:00,4200
O210,90731013-GREEN,S001,19-09-2025 00:00,690
O211,90731014-WOOD,S001,19-09-2025 00:00,2100
O212,90731015-GRAY,S001,19-09-2025 00:00,1200
O213,90731016-WHITE,S001,19-09-2025 00:00,850
O214,90731017-BLACK,S001,19-09-2025 00:00,650
O215,90731018-BEIGE,S001,19-09-2025 00:00,8900
O216,90731019-WHITE,S001,19-09-2025 00:00,1200
O217,90731020-BLUE,S001,19-09-2025 00:00,1900
O218,90731021-WHITE,S001,19-09-2025 00:00,980
O219,90731022-GRAY,S001,19-09-2025 00:00,620
O220,90731023-BLACK,S001,19-09-2025 00:00,1450
O221,90731024-WOOD,S001,19-09-2025 00:00,18900
O222,90731025-BLUE,S001,19-09-2025 00:00,580
O223,90731026-GREEN,S001,19-09-2025 00:00,5200
O224,90731027-BLACK,S001,19-09-2025 00:00,1500
O225,90731028-WHITE,S001,19-09-2025 00:00,390
O226,90731029-GRAY,S001,19-09-2025 00:00,2200
O227,90731030-BEIGE,S001,19-09-2025 00:00,3200
O228,90731031-WHITE,S001,19-09-2025 00:00,650
O229,90731032-BLACK,S001,19-09-2025 00:00,4900
O230,90731033-GREEN,S001,19-09-2025 00:00,720
O231,90741001-WHITE,S001,19-09-2025 00:00,6500
O232,90741002-BLACK,S001,19-09-2025 00:00,8200
O233,90741003-GRAY,S001,19-09-2025 00:00,9500
O234,90741004-BEIGE,S001,19-09-2025 00:00,28900
O235,90741005-WOOD,S001,19-09-2025 00:00,7800
O236,90741006-BLUE,S001,19-09-2025 00:00,4200
O237,90741007-WHITE,S001,19-09-2025 00:00,3500
O238,90741008-GREEN,S001,19-09-2025 00:00,600
O239,90741009-BLACK,S001,19-09-2025 00:00,5200
O240,90741010-WHITE,S001,19-09-2025 00:00,4800
O241,90741011-BEIGE,S001,19-09-2025 00:00,4200
O242,90741012-GRAY,S001,19-09-2025 00:00,35500
O243,90741013-WOOD,S001,19-09-2025 00:00,26500
O244,90741014-BLUE,S001,19-09-2025 00:00,2200
O245,90741015-BLACK,S001,19-09-2025 00:00,12900
O246,90741016-WHITE,S001,19-09-2025 00:00,15000
O247,90741017-GREEN,S001,19-09-2025 00:00,1900
O248,90741018-GRAY,S001,19-09-2025 00:00,42000
O249,90741019-BEIGE,S001,19-09-2025 00:00,6500
O250,90741020-WOOD,S001,19-09-2025 00:00,7200
O251,90751001-BLACK,S001,19-09-2025 00:00,1900
O252,90751002-WHITE,S001,19-09-2025 00:00,3200
O253,90751003-GRAY,S001,19-09-2025 00:00,14500
O254,90751004-BEIGE,S001,19-09-2025 00:00,21000
O255,90751005-BLUE,S001,19-09-2025 00:00,8900
O256,90751006-WOOD,S001,19-09-2025 00:00,7200
O257,90751007-BLACK,S001,19-09-2025 00:00,32000
O258,90751008-WHITE,S001,19-09-2025 00:00,5400
O259,90751009-GREEN,S001,19-09-2025 00:00,450
O260,90751010-BLUE,S001,19-09-2025 00:00,900
O261,90751011-WHITE,S001,19-09-2025 00:00,6500
O262,90751012-BLACK,S001,19-09-2025 00:00,2800
O263,90751013-BEIGE,S001,19-09-2025 00:00,28000
O264,90751014-GREEN,S001,19-09-2025 00:00,1200
O265,90751015-WOOD,S001,19-09-2025 00:00,18500
O266,90751016-BLUE,S001,19-09-2025 00:00,650
O267,90751017-GRAY,S001,19-09-2025 00:00,9500
O268,90751018-BLACK,S001,19-09-2025 00:00,2200
O269,90751019-WHITE,S001,19-09-2025 00:00,1800
O270,90751020-BEIGE,S001,19-09-2025 00:00,6200
O271,90751021-GREEN,S001,19-09-2025 00:00,4500
O272,90751022-BLUE,S001,19-09-2025 00:00,7800
O273,90751023-WOOD,S001,19-09-2025 00:00,15500
O274,90751024-GRAY,S001,19-09-2025 00:00,1200
O275,90751025-BEIGE,S001,19-09-2025 00:00,4000
O276,90751026-WHITE,S001,19-09-2025 00:00,900
O277,90751027-BLACK,S001,19-09-2025 00:00,350
O278,90751028-BROWN,S001,19-09-2025 00:00,24500
O279,90732001-500G,S001,19-09-2025 00:00,320
O280,90732002-1KG,S001,19-09-2025 00:00,65
O281,90732003-200G,S001,19-09-2025 00:00,55
O282,90732004-500ML,S001,19-09-2025 00:00,120
O283,90732005-1L,S001,19-09-2025 00:00,68
O284,90732006-250G,S001,19-09-2025 00:00,380
O285,90732007-100G,S001,19-09-2025 00:00,75
O286,90732008-500G,S001,19-09-2025 00:00,40
O287,90732009-200G,S001,19-09-2025 00:00,95
O288,90732010-150G,S001,19-09-2025 00:00,35
O289,90732011-1KG,S001,19-09-2025 00:00,140
O290,90732012-1KG,S001,19-09-2025 00:00,185
O291,90732013-500G,S001,19-09-2025 00:00,120
O292,90732014-200G,S001,19-09-2025 00:00,65
O293,90732015-750ML,S001,19-09-2025 00:00,820
O294,90732016-400G,S001,19-09-2025 00:00,95
O295,90732017-200G,S001,19-09-2025 00:00,110
O296,90732018-500G,S001,19-09-2025 00:00,95
O297,90732019-250G,S001,19-09-2025 00:00,160
O298,90732020-300G,S001,19-09-2025 00:00,210
O299,90732021-1KG,S001,19-09-2025 00:00,160
O300,90732022-500G,S001,19-09-2025 00:00,70
O301,90732023-1L,S001,19-09-2025 00:00,45
O302,90732024-500G,S001,19-09-2025 00:00,55
O303,90732025-200G,S001,19-09-2025 00:00,140
O304,90732026-1KG,S001,19-09-2025 00:00,90
O305,90732027-100G,S001,19-09-2025 00:00,85
O306,90732028-500G,S001,19-09-2025 00:00,110
O307,90732029-750ML,S001,19-09-2025 00:00,140
O308,90732030-500G,S001,19-09-2025 00:00,260
O309,90732031-500G,S001,19-09-2025 00:00,45
O310,90732032-200G,S001,19-09-2025 00:00,60
O311,90732033-500ML,S001,19-09-2025 00:00,210
O312,90732034-100G,S001,19-09-2025 00:00,50
O313,90732035-400G,S001,19-09-2025 00:00,140
O314,90732036-500G,S001,19-09-2025 00:00,65
O315,90732037-250G,S001,19-09-2025 00:00,340
O316,90732038-200G,S001,19-09-2025 00:00,90
O317,90732039-750ML,S001,19-09-2025 00:00,135
O318,90732040-300G,S001,19-09-2025 00:00,185
O319,90732041-1KG,S001,19-09-2025 00:00,180
O320,90732042-500G,S001,19-09-2025 00:00,120
O321,90732043-500G,S001,19-09-2025 00:00,350
O322,90732044-200G,S001,19-09-2025 00:00,420
O323,90732045-1L,S001,19-09-2025 00:00,190
O324,90732046-200G,S001,19-09-2025 00:00,60
O325,90732047-1KG,S001,19-09-2025 00:00,55
O326,90732048-500G,S001,19-09-2025 00:00,85
O327,90732049-250G,S001,19-09-2025 00:00,210
O328,90732050-300G,S001,19-09-2025 00:00,145
O329,90732051-2KG,S001,19-09-2025 00:00,1200
O330,90732052-5KG,S001,19-09-2025 00:00,310
O331,90732053-100G,S001,19-09-2025 00:00,30
O332,90732054-2L,S001,19-09-2025 00:00,360
O333,90732055-500ML,S001,19-09-2025 00:00,35
O334,90732056-100G,S001,19-09-2025 00:00,180
O335,90732057-200G,S001,19-09-2025 00:00,140
O336,90732058-2KG,S001,19-09-2025 00:00,95
O337,90732059-500G,S001,19-09-2025 00:00,210
O338,90732060-300G,S001,19-09-2025 00:00,70
O339,90732101-750G,S001,19-09-2025 00:00,140
O340,90732102-2KG,S001,19-09-2025 00:00,170
O341,90732103-250G,S001,19-09-2025 00:00,40
O342,90732104-750G,S001,19-09-2025 00:00,110
O343,90732105-500G,S001,19-09-2025 00:00,95
O344,90732106-750ML,S001,19-09-2025 00:00,150
O345,90732107-200G,S001,19-09-2025 00:00,120
O346,90732108-500ML,S001,19-09-2025 00:00,25
O347,90732109-100G,S001,19-09-2025 00:00,95
O348,90732110-300G,S001,19-09-2025 00:00,160
O349,90732111-1KG,S001,19-09-2025 00:00,180
O350,90732112-1L,S001,19-09-2025 00:00,380
O351,90732113-250G,S001,19-09-2025 00:00,140
O352,90732114-500G,S001,19-09-2025 00:00,180
O353,90732115-150G,S001,19-09-2025 00:00,120
O354,90732116-400G,S001,19-09-2025 00:00,95
O355,90732117-1KG,S001,19-09-2025 00:00,1200
O356,90732118-300ML,S001,19-09-2025 00:00,120
O357,90732119-1L,S001,19-09-2025 00:00,160
O358,90732120-400G,S001,19-09-2025 00:00,280
O359,90732121-2KG,S001,19-09-2025 00:00,300
O360,90732122-750G,S001,19-09-2025 00:00,95
O361,90732123-300G,S001,19-09-2025 00:00,240
O362,90732124-1KG,S001,19-09-2025 00:00,160
O363,90732125-200G,S001,19-09-2025 00:00,150
O364,90732126-500ML,S001,19-09-2025 00:00,520
O365,90732127-600G,S001,19-09-2025 00:00,55
O366,90732128-300G,S001,19-09-2025 00:00,90
O367,90732129-500G,S001,19-09-2025 00:00,650
O368,90732130-1KG,S001,19-09-2025 00:00,30
O369,90732131-250G,S001,19-09-2025 00:00,450
O370,90732132-200G,S001,19-09-2025 00:00,190
O371,90732133-500G,S001,19-09-2025 00:00,70
O372,90732134-1KG,S001,19-09-2025 00:00,180
O373,90732135-500ML,S001,19-09-2025 00:00,90
O374,90732136-750G,S001,19-09-2025 00:00,85
O375,90732137-400G,S001,19-09-2025 00:00,190
O376,90732138-250G,S001,19-09-2025 00:00,60
O377,90732139-300G,S001,19-09-2025 00:00,420
O378,90733001-BLUE,S001,19-09-2025 00:00,120
O379,90733002-A4,S001,19-09-2025 00:00,95
O380,90733003-SET,S001,19-09-2025 00:00,60
O381,90733004-BLACK,S001,19-09-2025 00:00,45
O382,90733005-500,S001,19-09-2025 00:00,85
O383,90733006-BLUE,S001,19-09-2025 00:00,75
O384,90733007-WHITE,S001,19-09-2025 00:00,35
O385,90733008-METAL,S001,19-09-2025 00:00,40
O386,90733009-GLUE,S001,19-09-2025 00:00,55
O387,90733010-RULER,S001,19-09-2025 00:00,25
O388,90733011-BLUE,S001,19-09-2025 00:00,150
O389,90733012-A4,S001,19-09-2025 00:00,120
O390,90733013-METAL,S001,19-09-2025 00:00,250
O391,90733014-WHITE,S001,19-09-2025 00:00,95
O392,90733015-SET,S001,19-09-2025 00:00,180
O393,90733016-A4,S001,19-09-2025 00:00,40
O394,90733017-BLACK,S001,19-09-2025 00:00,160
O395,90733018-METAL,S001,19-09-2025 00:00,310
O396,90733019-SET,S001,19-09-2025 00:00,140
O397,90733020-A4,S001,19-09-2025 00:00,70
O398,90733021-BLACK,S001,19-09-2025 00:00,120
O399,90733022-A4,S001,19-09-2025 00:00,320
O400,90733023-WHITE,S001,19-09-2025 00:00,60
O401,90733024-BLUE,S001,19-09-2025 00:00,90
O402,90733025-BLACK,S001,19-09-2025 00:00,250
O403,90733026-METAL,S001,19-09-2025 00:00,75
O404,90733027-SET,S001,19-09-2025 00:00,160
O405,90733028-BLUE,S001,19-09-2025 00:00,130
O406,90733029-WHITE,S001,19-09-2025 00:00,110
O407,90733030-BLUE,S001,19-09-2025 00:00,95
O408,90733031-BLUE,S001,19-09-2025 00:00,110
O409,90733032-BLACK,S001,19-09-2025 00:00,130
O410,90733033-SET,S001,19-09-2025 00:00,170
O411,90733034-WHITE,S001,19-09-2025 00:00,65
O412,90733035-METAL,S001,19-09-2025 00:00,120
O413,90733036-SET,S001,19-09-2025 00:00,150
O414,90733037-WHITE,S001,19-09-2025 00:00,140
O415,90733038-BLUE,S001,19-09-2025 00:00,115
O416,90733039-BLACK,S001,19-09-2025 00:00,350
O417,90733040-WHITE,S001,19-09-2025 00:00,55
O418,90733041-BLUE,S001,19-09-2025 00:00,450
O419,90733042-WHITE,S001,19-09-2025 00:00,65
O420,90733043-BLUE,S001,19-09-2025 00:00,85
O421,90733044-METAL,S001,19-09-2025 00:00,95
O422,90733045-SET,S001,19-09-2025 00:00,120
O423,90733046-BLACK,S001,19-09-2025 00:00,140
O424,90733047-BLUE,S001,19-09-2025 00:00,80
O425,90733048-WHITE,S001,19-09-2025 00:00,95
O426,90733049-BLACK,S001,19-09-2025 00:00,160
O427,90733050-SET,S001,19-09-2025 00:00,95
O428,90733051-BLUE,S001,19-09-2025 00:00,200
O429,90733052-A5,S001,19-09-2025 00:00,60
O430,90733053-SET,S001,19-09-2025 00:00,110
O431,90733054-BLACK,S001,19-09-2025 00:00,70
O432,90733055-1000,S001,19-09-2025 00:00,30
O433,90733056-RED,S001,19-09-2025 00:00,75
O434,90733057-WHITE,S001,19-09-2025 00:00,60
O435,90733058-METAL,S001,19-09-2025 00:00,70
O436,90733059-GLUE,S001,19-09-2025 00:00,35
O437,90733060-RULER,S001,19-09-2025 00:00,80
O438,90733061-BLACK,S001,19-09-2025 00:00,280
O439,90733062-YELLOW,S001,19-09-2025 00:00,180
O440,90733063-METAL,S001,19-09-2025 00:00,120
O441,90733064-WHITE,S001,19-09-2025 00:00,110
O442,90733065-SET,S001,19-09-2025 00:00,95
O443,90733066-BROWN,S001,19-09-2025 00:00,55
O444,90733067-BLUE,S001,19-09-2025 00:00,50
O445,90733068-METAL,S001,19-09-2025 00:00,140
O446,90733069-SET,S001,19-09-2025 00:00,80
O447,90733070-A4,S001,19-09-2025 00:00,140
O448,90733071-BLACK,S001,19-09-2025 00:00,130
O449,90733072-A4,S001,19-09-2025 00:00,180
O450,90733073-WHITE,S001,19-09-2025 00:00,110
O451,90733074-SET,S001,19-09-2025 00:00,150
O452,90733075-BLACK,S001,19-09-2025 00:00,350
O453,90733076-METAL,S001,19-09-2025 00:00,130
O454,90733077-SET,S001,19-09-2025 00:00,220
O455,90733078-BLUE,S001,19-09-2025 00:00,150
O456,90733079-WHITE,S001,19-09-2025 00:00,180
O457,90733080-BLUE,S001,19-09-2025 00:00,110
O458,90733081-BLUE,S001,19-09-2025 00:00,450
O459,90733082-A4,S001,19-09-2025 00:00,150
O460,90733083-SET,S001,19-09-2025 00:00,220
O461,90733084-BLACK,S001,19-09-2025 00:00,50
O462,90733085-5000,S001,19-09-2025 00:00,120
O463,90733086-GREEN,S001,19-09-2025 00:00,80
O464,90733087-WHITE,S001,19-09-2025 00:00,110
O465,90733088-METAL,S001,19-09-2025 00:00,120
O466,90733089-GLUE,S001,19-09-2025 00:00,95
O467,90733090-RULER,S001,19-09-2025 00:00,60
O468,90733091-BLUE,S001,19-09-2025 00:00,400
O469,90733092-YELLOW,S001,19-09-2025 00:00,220
O470,90733093-METAL,S001,19-09-2025 00:00,480
O471,90733094-WHITE,S001,19-09-2025 00:00,60
O472,90733095-SET,S001,19-09-2025 00:00,260
O473,90733096-BROWN,S001,19-09-2025 00:00,70
O474,90733097-BLACK,S001,19-09-2025 00:00,300
O475,90733098-METAL,S001,19-09-2025 00:00,220
O476,90734001-STEEL,S001,19-09-2025 00:00,650
O477,90734002-SET,S001,19-09-2025 00:00,520
O478,90734003-STEEL,S001,19-09-2025 00:00,780
O479,90734004-STEEL,S001,19-09-2025 00:00,250
O480,90734005-STEEL,S001,19-09-2025 00:00,430
O481,90734006-BLACK,S001,19-09-2025 00:00,3500
O482,90734007-SET,S001,19-09-2025 00:00,210
O483,90734008-STEEL,S001,19-09-2025 00:00,180
O484,90734009-STEEL,S001,19-09-2025 00:00,290
O485,90734010-BOX,S001,19-09-2025 00:00,150
O486,90734011-STEEL,S001,19-09-2025 00:00,1200
O487,90734012-BLACK,S001,19-09-2025 00:00,3200
O488,90734013-STEEL,S001,19-09-2025 00:00,920
O489,90734014-YELLOW,S001,19-09-2025 00:00,2800
O490,90734015-STEEL,S001,19-09-2025 00:00,540
O491,90734016-STEEL,S001,19-09-2025 00:00,620
O492,90734017-STEEL,S001,19-09-2025 00:00,350
O493,90734018-BLACK,S001,19-09-2025 00:00,240
O494,90734019-STEEL,S001,19-09-2025 00:00,580
O495,90734020-STEEL,S001,19-09-2025 00:00,2100
O496,90734021-STEEL,S001,19-09-2025 00:00,380
O497,90734022-STEEL,S001,19-09-2025 00:00,270
O498,90734023-STEEL,S001,19-09-2025 00:00,320
O499,90734024-STEEL,S001,19-09-2025 00:00,890
O500,90734025-STEEL,S001,19-09-2025 00:00,4200
O501,90734026-STEEL,S002,19-09-2025 00:00,1350
O502,90734027-STEEL,S002,19-09-2025 00:00,310
O503,90734028-STEEL,S002,19-09-2025 00:00,620
O504,90734029-STEEL,S002,19-09-2025 00:00,1800
O505,90734030-STEEL,S002,19-09-2025 00:00,220
O506,90734031-STEEL,S002,19-09-2025 00:00,980
O507,90734032-STEEL,S002,19-09-2025 00:00,740
O508,90734033-BLACK,S002,19-09-2025 00:00,5200
O509,90734034-STEEL,S002,19-09-2025 00:00,2100
O510,90734035-STEEL,S002,19-09-2025 00:00,560
O511,90734036-BLUE,S002,19-09-2025 00:00,3200
O512,90734037-BLACK,S002,19-09-2025 00:00,180
O513,90734038-STEEL,S002,19-09-2025 00:00,920
O514,90734039-STEEL,S002,19-09-2025 00:00,240
O515,90734040-STEEL,S002,19-09-2025 00:00,1650
O516,90734041-STEEL,S002,19-09-2025 00:00,420
O517,90734042-STEEL,S002,19-09-2025 00:00,360
O518,90734043-BLACK,S002,19-09-2025 00:00,3600
O519,90734044-STEEL,S002,19-09-2025 00:00,240
O520,90734045-STEEL,S002,19-09-2025 00:00,780
O521,90734046-STEEL,S002,19-09-2025 00:00,210
O522,90734047-STEEL,S002,19-09-2025 00:00,540
O523,90734048-STEEL,S002,19-09-2025 00:00,420
O524,90734049-STEEL,S002,19-09-2025 00:00,320
O525,90734050-STEEL,S002,19-09-2025 00:00,260
O526,90734051-STEEL,S002,19-09-2025 00:00,180
O527,90734052-STEEL,S002,19-09-2025 00:00,260
O528,90734053-STEEL,S002,19-09-2025 00:00,150
O529,90734054-STEEL,S002,19-09-2025 00:00,160
O530,90734055-STEEL,S002,19-09-2025 00:00,180
O531,90734056-STEEL,S002,19-09-2025 00:00,980
O532,90734057-STEEL,S002,19-09-2025 00:00,420
O533,90734058-STEEL,S002,19-09-2025 00:00,210
O534,90734059-STEEL,S002,19-09-2025 00:00,560
O535,90734060-STEEL,S002,19-09-2025 00:00,120
O536,90734061-STEEL,S002,19-09-2025 00:00,340
O537,90734062-STEEL,S002,19-09-2025 00:00,480
O538,90734063-STEEL,S002,19-09-2025 00:00,260
O539,90734064-STEEL,S002,19-09-2025 00:00,140
O540,90734065-STEEL,S002,19-09-2025 00:00,620
O541,90734066-STEEL,S002,19-09-2025 00:00,980
O542,90734067-STEEL,S002,19-09-2025 00:00,220
O543,90734068-STEEL,S002,19-09-2025 00:00,1800
O544,90734069-STEEL,S002,19-09-2025 00:00,760
O545,90734070-STEEL,S002,19-09-2025 00:00,980
O546,90734071-STEEL,S002,19-09-2025 00:00,780
O547,90734072-STEEL,S002,19-09-2025 00:00,890
O548,90734073-STEEL,S002,19-09-2025 00:00,620
O549,90734074-STEEL,S002,19-09-2025 00:00,420
O550,90734075-STEEL,S002,19-09-2025 00:00,120
O551,90734076-STEEL,S002,19-09-2025 00:00,220
O552,90734077-STEEL,S002,19-09-2025 00:00,160
O553,90734078-STEEL,S002,19-09-2025 00:00,1200
O554,90734079-STEEL,S002,19-09-2025 00:00,260
O555,90734080-STEEL,S002,19-09-2025 00:00,260
O556,90734081-STEEL,S002,19-09-2025 00:00,280
O557,90734082-STEEL,S002,19-09-2025 00:00,190
O558,90734083-STEEL,S002,19-09-2025 00:00,720
O559,90734084-STEEL,S002,19-09-2025 00:00,180
O560,90734085-STEEL,S002,19-09-2025 00:00,320
O561,90734086-STEEL,S002,19-09-2025 00:00,420
O562,90734087-STEEL,S002,19-09-2025 00:00,90
O563,90734088-STEEL,S002,19-09-2025 00:00,320
O564,90734089-STEEL,S002,19-09-2025 00:00,160
O565,90734090-STEEL,S002,19-09-2025 00:00,420
O566,90734091-STEEL,S002,19-09-2025 00:00,260
O567,90734092-STEEL,S002,19-09-2025 00:00,180
O568,90734093-STEEL,S002,19-09-2025 00:00,260
O569,90734094-STEEL,S002,19-09-2025 00:00,420
O570,90734095-STEEL,S002,19-09-2025 00:00,120
O571,90734096-STEEL,S002,19-09-2025 00:00,220
O572,90734097-STEEL,S002,19-09-2025 00:00,260
O573,90734098-STEEL,S002,19-09-2025 00:00,420
O574,90734099-STEEL,S002,19-09-2025 00:00,620
O575,90734100-STEEL,S002,19-09-2025 00:00,260
O576,SKU_LIP_001,S002,19-09-2025 00:00,499
O577,SKU_EYE_001,S002,19-09-2025 00:00,350
O578,SKU_SKIN_001,S002,19-09-2025 00:00,699
O579,SKU_FOUND_001,S002,19-09-2025 00:00,799
O580,SKU_HAIR_001,S002,19-09-2025 00:00,899
O581,SKU_LIP_002,S002,19-09-2025 00:00,199
O582,SKU_EYE_002,S002,19-09-2025 00:00,175
O583,SKU_SKIN_002,S002,19-09-2025 00:00,220
O584,SKU_SKIN_003,S002,19-09-2025 00:00,299
O585,SKU_FOUND_002,S002,19-09-2025 00:00,399
O586,SKU_HAIR_002,S002,19-09-2025 00:00,340
O587,SKU_HAIR_003,S002,19-09-2025 00:00,375
O588,SKU_SKIN_004,S002,19-09-2025 00:00,650
O589,SKU_LIP_003,S002,19-09-2025 00:00,599
O590,SKU_SKIN_005,S002,19-09-2025 00:00,799
O591,SKU_EYE_003,S002,19-09-2025 00:00,699
O592,SKU_SKIN_006,S002,19-09-2025 00:00,275
O593,SKU_HAIR_004,S002,19-09-2025 00:00,320
O594,SKU_SKIN_007,S002,19-09-2025 00:00,950
O595,SKU_EYE_004,S002,19-09-2025 00:01,1200
O596,SKU_NAIL_001,S002,19-09-2025 00:02,299
O597,SKU_SKIN_008,S002,19-09-2025 00:03,850
O598,SKU_LIP_004,S002,19-09-2025 00:04,425
O599,SKU_SKIN_009,S002,19-09-2025 00:05,180
O600,SKU_EYE_005,S002,19-09-2025 00:06,1200
O601,SKU_SKIN_010,S002,19-09-2025 00:07,450
O602,SKU_HAIR_005,S002,19-09-2025 00:08,650
O603,SKU_SKIN_011,S002,19-09-2025 00:09,599
O604,SKU_LIP_005,S002,19-09-2025 00:10,1500
O605,SKU_SKIN_012,S002,19-09-2025 00:11,320
O606,SKU_PERF_001,S002,19-09-2025 00:12,4500
O607,SKU_SKIN_013,S002,19-09-2025 00:13,900
O608,SKU_EYE_006,S002,19-09-2025 00:14,250
O609,SKU_SKIN_014,S002,19-09-2025 00:15,350
O610,SKU_HAIR_006,S002,19-09-2025 00:16,220
O611,SKU_SKIN_015,S002,19-09-2025 00:17,650
O612,SKU_SKIN_016,S002,19-09-2025 00:18,1400
O613,SKU_NAIL_002,S002,19-09-2025 00:19,120
O614,SKU_SKIN_017,S002,19-09-2025 00:20,380
O615,SKU_SKIN_018,S002,19-09-2025 00:21,450
O616,SKU_SKIN_019,S002,19-09-2025 00:22,1650
O617,SKU_SKIN_020,S002,19-09-2025 00:23,790
O618,SKU_MAKE_001,S002,19-09-2025 00:24,2600
O619,SKU_SKIN_021,S002,19-09-2025 00:25,950
O620,SKU_HAIR_007,S002,19-09-2025 00:26,640
O621,SKU_NAIL_003,S002,19-09-2025 00:27,850
O622,SKU_SKIN_022,S002,19-09-2025 00:28,420
O623,SKU_SKIN_023,S002,19-09-2025 00:29,350
O624,SKU_MAKE_002,S002,19-09-2025 00:30,850
O625,SKU_HAIR_008,S002,19-09-2025 00:31,299
O626,SKU_LIP_101,S002,19-09-2025 00:32,499
O627,SKU_LIP_102,S002,19-09-2025 00:33,499
O628,SKU_LIP_103,S002,19-09-2025 00:34,599
O629,SKU_LIP_104,S002,19-09-2025 00:35,550
O630,SKU_SERUM_101,S002,19-09-2025 00:36,699
O631,SKU_SERUM_102,S002,19-09-2025 00:37,699
O632,SKU_SERUM_103,S002,19-09-2025 00:38,790
O633,SKU_FW_101,S002,19-09-2025 00:39,299
O634,SKU_FW_102,S002,19-09-2025 00:40,299
O635,SKU_MOIST_101,S002,19-09-2025 00:41,799
O636,SKU_LIP_401,S002,19-09-2025 00:42,499
O637,SKU_LIP_402,S002,19-09-2025 00:43,599
O638,SKU_LIP_403,S002,19-09-2025 00:44,550
O639,SKU_LIP_404,S002,19-09-2025 00:45,650
O640,SKU_LIP_405,S002,19-09-2025 00:46,599
O641,SKU_LIP_406,S002,19-09-2025 00:47,520
O642,SKU_LIP_407,S002,19-09-2025 00:48,450
O643,SKU_LIP_408,S002,19-09-2025 00:49,499
O644,SKU_LIP_409,S002,19-09-2025 00:50,699
O645,SKU_LIP_410,S002,19-09-2025 00:51,599
O646,SKU_SERUM_401,S002,19-09-2025 00:52,699
O647,SKU_SERUM_402,S002,19-09-2025 00:53,790
O648,SKU_SERUM_403,S002,19-09-2025 00:54,900
O649,SKU_SERUM_404,S002,19-09-2025 00:55,1200
O650,SKU_SERUM_405,S002,19-09-2025 00:56,750
O651,SKU_SERUM_406,S002,19-09-2025 00:57,650
O652,SKU_SERUM_407,S002,19-09-2025 00:58,499
O653,SKU_SERUM_408,S002,19-09-2025 00:59,1100
O654,SKU_SERUM_409,S002,19-09-2025 00:60,1500
O655,SKU_SERUM_410,S002,19-09-2025 00:61,899
O656,SKU_MOIST_401,S002,19-09-2025 00:62,799
O657,SKU_MOIST_402,S002,19-09-2025 00:63,320
O658,SKU_MOIST_403,S002,19-09-2025 00:64,650
O659,SKU_MOIST_404,S002,19-09-2025 00:65,950
O660,SKU_MOIST_405,S002,19-09-2025 00:66,220
O661,SKU_MOIST_406,S002,19-09-2025 00:67,850
O662,SKU_MOIST_407,S002,19-09-2025 00:68,299
O663,SKU_MOIST_408,S002,19-09-2025 00:69,799
O664,SKU_MOIST_409,S002,19-09-2025 00:70,1500
O665,SKU_MOIST_410,S002,19-09-2025 00:71,350
O666,SKU_FOUND_501,S002,19-09-2025 00:72,799
O667,SKU_COMP_502,S002,19-09-2025 00:73,399
O668,SKU_EYE_503,S002,19-09-2025 00:74,350
O669,SKU_EYE_504,S002,19-09-2025 00:75,175
O670,SKU_EYE_505,S002,19-09-2025 00:76,699
O671,SKU_SKIN_506,S002,19-09-2025 00:77,650
O672,SKU_SKIN_507,S002,19-09-2025 00:78,599
O673,SKU_HAIR_508,S002,19-09-2025 00:79,320
O674,SKU_PERF_509,S002,19-09-2025 00:80,4500
O675,SKU_BODY_510,S002,19-09-2025 00:81,420
O676,SKU_EYE_601,S002,19-09-2025 00:82,1500
O677,SKU_NAIL_602,S002,19-09-2025 00:83,299
O678,SKU_SKIN_603,S002,19-09-2025 00:84,275
O679,SKU_SKIN_604,S002,19-09-2025 00:85,450
O680,SKU_SKIN_605,S002,19-09-2025 00:86,180
O681,SKU_HAIR_606,S002,19-09-2025 00:87,250
O682,SKU_HAIR_607,S002,19-09-2025 00:88,650
O683,SKU_SKIN_608,S002,19-09-2025 00:89,250
O684,SKU_BODY_609,S002,19-09-2025 00:90,320
O685,SKU_BODY_610,S002,19-09-2025 00:91,250
O686,SKU_SKIN_611,S002,19-09-2025 00:92,550
O687,SKU_SKIN_612,S002,19-09-2025 00:93,199
O688,SKU_MAKE_613,S002,19-09-2025 00:94,450
O689,SKU_MAKE_614,S002,19-09-2025 00:95,599
O690,SKU_SKIN_615,S002,19-09-2025 00:96,1100
O691,SKU_APP_TSHIRT_051,S002,19-09-2025 00:97,999
O692,SKU_APP_SHIRT_052,S002,19-09-2025 00:98,1799
O693,SKU_APP_JEANS_053,S002,19-09-2025 00:99,2499
O694,SKU_APP_KURTA_054,S002,19-09-2025 00:100,1499
O695,SKU_APP_DRESS_055,S002,19-09-2025 00:101,2999
O696,SKU_APP_HOODIE_056,S002,19-09-2025 00:102,3299
O697,SKU_APP_LEGGINGS_057,S002,19-09-2025 00:103,1999
O698,SKU_APP_JACKET_058,S002,19-09-2025 00:104,4599
O699,SKU_APP_SAREE_059,S002,19-09-2025 00:105,5499
O700,SKU_APP_SHORTS_060,S002,19-09-2025 00:106,1299
O701,SKU_APP_POLO_061,S002,19-09-2025 00:107,2299
O702,SKU_APP_CROPTOP_062,S002,19-09-2025 00:108,899
O703,SKU_APP_CHINOS_063,S002,19-09-2025 00:109,2499
O704,SKU_APP_SKIRT_064,S002,19-09-2025 00:110,1999
O705,SKU_APP_SWEATER_065,S002,19-09-2025 00:111,2899
O706,SKU_APP_TANKTOP_066,S002,19-09-2025 00:112,1499
O707,SKU_APP_TRACKPANT_067,S002,19-09-2025 00:113,2499
O708,SKU_APP_DUPATTA_068,S002,19-09-2025 00:114,1599
O709,SKU_APP_BLAZER_069,S002,19-09-2025 00:115,4999
O710,SKU_APP_PALAZZO_070,S002,19-09-2025 00:116,1399
O711,SKU_APP_CARDIGAN_071,S002,19-09-2025 00:117,2799
O712,SKU_APP_JOGGER_072,S002,19-09-2025 00:118,1999
O713,SKU_APP_BLOUSE_073,S002,19-09-2025 00:119,999
O714,SKU_APP_OVERALLS_074,S002,19-09-2025 00:120,3499
O715,SKU_APP_PONCHO_075,S002,19-09-2025 00:121,2999
O716,SKU_APP_WAISTCOAT_076,S002,19-09-2025 00:122,2299
O717,SKU_APP_SHRUG_077,S002,19-09-2025 00:123,1199
O718,SKU_APP_THERMAL_078,S002,19-09-2025 00:124,1899
O719,SKU_APP_ROMPER_079,S002,19-09-2025 00:125,2199
O720,SKU_APP_OVERCOAT_080,S002,19-09-2025 00:126,7999
O721,SKU_APP_VEST_081,S002,19-09-2025 00:127,599
O722,SKU_APP_CAMISOLE_082,S002,19-09-2025 00:128,799
O723,SKU_APP_CAPRI_083,S002,19-09-2025 00:129,999
O724,SKU_APP_ANARKALI_084,S002,19-09-2025 00:130,3299
O725,SKU_APP_PETTICOAT_085,S002,19-09-2025 00:131,499
O726,SKU_APP_DHOTI_086,S002,19-09-2025 00:132,899
O727,SKU_APP_LUNGI_087,S002,19-09-2025 00:133,699
O728,SKU_APP_PARKA_088,S002,19-09-2025 00:134,6999
O729,SKU_APP_TUXEDO_089,S002,19-09-2025 00:135,9999
O730,SKU_APP_JUMPSUIT_090,S002,19-09-2025 00:136,2599
O731,SKU_APP_PULLOVER_091,S002,19-09-2025 00:137,2699
O732,SKU_APP_BURKHA_092,S002,19-09-2025 00:138,3499
O733,SKU_APP_RAINCOAT_093,S002,19-09-2025 00:139,2499
O734,SKU_APP_BODYSUIT_094,S002,19-09-2025 00:140,1999
O735,SKU_APP_NIGHTSUIT_095,S002,19-09-2025 00:141,1499
O736,SKU_APP_BATHROBE_096,S002,19-09-2025 00:142,2999
O737,SKU_APP_HENLEY_097,S002,19-09-2025 00:143,1299
O738,SKU_APP_KAFTAN_098,S002,19-09-2025 00:144,2199
O739,SKU_APP_GOWN_099,S002,19-09-2025 00:145,4599
O740,SKU_APP_WORKPANT_100,S002,19-09-2025 00:146,3499
O741,SKU_APP_TSHIRT_101,S002,19-09-2025 00:147,999
O742,SKU_APP_TSHIRT_102,S002,19-09-2025 00:148,999
O743,SKU_APP_TSHIRT_103,S002,19-09-2025 00:149,899
O744,SKU_APP_TSHIRT_104,S002,19-09-2025 00:150,1099
O745,SKU_APP_TSHIRT_105,S002,19-09-2025 00:151,1299
O746,SKU_APP_SHIRT_106,S002,19-09-2025 00:152,1799
O747,SKU_APP_SHIRT_107,S002,19-09-2025 00:153,1999
O748,SKU_APP_SHIRT_108,S002,19-09-2025 00:154,2299
O749,SKU_APP_SHIRT_109,S002,19-09-2025 00:155,2499
O750,SKU_APP_SHIRT_110,S002,19-09-2025 00:156,1599
O751,SKU_APP_JEANS_201,S002,19-09-2025 00:157,2499
O752,SKU_APP_JEANS_202,S002,19-09-2025 00:158,2599
O753,SKU_APP_JEANS_203,S002,19-09-2025 00:159,2299
O754,SKU_APP_JEANS_204,S002,19-09-2025 00:160,2699
O755,SKU_APP_JEANS_205,S002,19-09-2025 00:161,2999
O756,SKU_APP_DRESS_206,S002,19-09-2025 00:162,2999
O757,SKU_APP_DRESS_207,S002,19-09-2025 00:163,1999
O758,SKU_APP_DRESS_208,S002,19-09-2025 00:164,3999
O759,SKU_APP_DRESS_209,S002,19-09-2025 00:165,2499
O760,SKU_APP_DRESS_210,S002,19-09-2025 00:166,3499
O761,SKU_APP_KURTA_301,S002,19-09-2025 00:167,1499
O762,SKU_APP_KURTA_302,S002,19-09-2025 00:168,1799
O763,SKU_APP_KURTA_303,S002,19-09-2025 00:169,2499
O764,SKU_APP_KURTA_304,S002,19-09-2025 00:170,1599
O765,SKU_APP_KURTA_305,S002,19-09-2025 00:171,1999
O766,SKU_APP_DRESS_306,S002,19-09-2025 00:172,1999
O767,SKU_APP_DRESS_307,S002,19-09-2025 00:173,3999
O768,SKU_APP_DRESS_308,S002,19-09-2025 00:174,2499
O769,SKU_APP_DRESS_309,S002,19-09-2025 00:175,3499
O770,SKU_APP_DRESS_310,S002,19-09-2025 00:176,2799
O771,SKU_APP_HOODIE_311,S002,19-09-2025 00:177,1499
O772,SKU_APP_HOODIE_312,S002,19-09-2025 00:178,1799
O773,SKU_APP_HOODIE_313,S002,19-09-2025 00:179,2499
O774,SKU_APP_HOODIE_314,S002,19-09-2025 00:180,1599
O775,SKU_APP_HOODIE_315,S002,19-09-2025 00:181,1999
O776,SKU_APP_JACKET_316,S002,19-09-2025 00:182,1999
O777,SKU_APP_JACKET_317,S002,19-09-2025 00:183,3999
O778,SKU_APP_JACKET_318,S002,19-09-2025 00:184,2499
O779,SKU_APP_JACKET_319,S002,19-09-2025 00:185,3499
O780,SKU_APP_JACKET_320,S002,19-09-2025 00:186,2799
O781,SKU_APP_LEGG_321,S002,19-09-2025 00:187,2999
O782,SKU_APP_SAREE_322,S002,19-09-2025 00:188,2599
O783,SKU_APP_SHORTS_323,S002,19-09-2025 00:189,1999
O784,SKU_APP_POLO_324,S002,19-09-2025 00:190,3499
O785,SKU_APP_TOP_325,S002,19-09-2025 00:191,2799
O786,SKU_ELEC_PHONE_101,S002,19-09-2025 00:192,4999
O787,SKU_ELEC_LAPTOP_102,S002,19-09-2025 00:193,3999
O788,SKU_ELEC_EARBUDS_103,S002,19-09-2025 00:194,5999
O789,SKU_ELEC_TV_104,S002,19-09-2025 00:195,4599
O790,SKU_ELEC_SMARTWATCH_105,S002,19-09-2025 00:196,3499
O791,SKU_ELEC_CAMERA_106,S002,19-09-2025 00:197,799
O792,SKU_ELEC_SPEAKER_107,S002,19-09-2025 00:198,5999
O793,SKU_ELEC_TABLET_108,S002,19-09-2025 00:199,999
O794,SKU_ELEC_ROUTER_109,S002,19-09-2025 00:200,1499
O795,SKU_ELEC_POWERBANK_110,S002,19-09-2025 00:201,1299
O796,SKU_ELEC_KEYBOARD_111,S002,19-09-2025 00:202,34999
O797,SKU_ELEC_MOUSE_112,S002,19-09-2025 00:203,119999
O798,SKU_ELEC_MONITOR_113,S002,19-09-2025 00:204,1999
O799,SKU_ELEC_PRINTER_114,S002,19-09-2025 00:205,74999
O800,SKU_ELEC_HARDDRIVE_115,S002,19-09-2025 00:206,9999
O801,SKU_ELEC_SSD_116,S002,19-09-2025 00:207,58999
O802,SKU_ELEC_DRONE_117,S002,19-09-2025 00:208,3499
O803,SKU_ELEC_CONSOLE_118,S002,19-09-2025 00:209,69999
O804,SKU_ELEC_VR_119,S002,19-09-2025 00:210,2499
O805,SKU_ELEC_PROJECTOR_120,S002,19-09-2025 00:211,3499
O806,SKU_ELEC_CABLE_121,S002,19-09-2025 00:212,5999
O807,SKU_ELEC_HEADPHONE_122,S002,19-09-2025 00:213,899
O808,SKU_ELEC_MIC_123,S002,19-09-2025 00:214,38999
O809,SKU_ELEC_CONTROLLER_124,S002,19-09-2025 00:215,12999
O810,SKU_ELEC_DASHCAM_125,S002,19-09-2025 00:216,4999
O811,SKU_ELEC_TRIPOD_126,S002,19-09-2025 00:217,7999
O812,SKU_ELEC_FLASH_127,S002,19-09-2025 00:218,69999
O813,SKU_ELEC_SMARTBULB_128,S002,19-09-2025 00:219,54999
O814,SKU_ELEC_SMARTPLUG_129,S002,19-09-2025 00:220,39999
O815,SKU_ELEC_AIRPURIFIER_130,S002,19-09-2025 00:221,45999
O816,SKU_ELEC_KINDLE_131,S002,19-09-2025 00:222,799
O817,SKU_ELEC_DRAWINGTAB_132,S002,19-09-2025 00:223,19999
O818,SKU_ELEC_WEBCAM_133,S002,19-09-2025 00:224,8999
O819,SKU_ELEC_LENS_134,S002,19-09-2025 00:225,5999
O820,SKU_ELEC_GIMBAL_135,S002,19-09-2025 00:226,15999
O821,SKU_ELEC_SOUNDBAR_136,S002,19-09-2025 00:227,6999
O822,SKU_ELEC_DOORBELL_137,S002,19-09-2025 00:228,12999
O823,SKU_ELEC_THERMOSTAT_138,S002,19-09-2025 00:229,999
O824,SKU_ELEC_KETTLE_139,S002,19-09-2025 00:230,1299
O825,SKU_ELEC_BLENDER_140,S002,19-09-2025 00:231,14999
O826,SKU_ELEC_SMARTLOCK_141,S002,19-09-2025 00:232,14999
O827,SKU_ELEC_ACTIONCAM_142,S002,19-09-2025 00:233,12999
O828,SKU_ELEC_PORTABLESSD_143,S002,19-09-2025 00:234,3999
O829,SKU_ELEC_STREAMSTICK_144,S002,19-09-2025 00:235,18999
O830,SKU_ELEC_SMARTSCALE_145,S002,19-09-2025 00:236,9999
O831,SKU_ELEC_BABYMONITOR_146,S002,19-09-2025 00:237,29999
O832,SKU_ELEC_CLICKER_147,S002,19-09-2025 00:238,12999
O833,SKU_ELEC_DIGITALFRAME_148,S002,19-09-2025 00:239,19999
O834,SKU_ELEC_GAMINGCHAIR_149,S002,19-09-2025 00:240,2999
O835,SKU_ELEC_DESKFAN_150,S002,19-09-2025 00:241,6999
O836,SKU_LAP_601,S002,19-09-2025 00:242,18999
O837,SKU_LAP_602,S002,19-09-2025 00:243,32999
O838,SKU_LAP_603,S002,19-09-2025 00:244,12999
O839,SKU_LAP_604,S002,19-09-2025 00:245,5999
O840,SKU_LAP_605,S002,19-09-2025 00:246,7999
O841,SKU_LAP_606,S002,19-09-2025 00:247,15999
O842,SKU_LAP_607,S002,19-09-2025 00:248,2499
O843,SKU_LAP_608,S002,19-09-2025 00:249,10999
O844,SKU_LAP_609,S002,19-09-2025 00:250,29999
O845,SKU_LAP_610,S002,19-09-2025 00:251,1499
O846,SKU_EAR_510,S002,19-09-2025 00:252,64999
O847,SKU_WATCH_511,S002,19-09-2025 00:253,68999
O848,SKU_WATCH_512,S002,19-09-2025 00:254,55999
O849,SKU_WATCH_513,S002,19-09-2025 00:255,119999
O850,SKU_WATCH_514,S002,19-09-2025 00:256,59999
O851,SKU_WATCH_515,S002,19-09-2025 00:257,74999
O852,SKU_TV_516,S002,19-09-2025 00:258,89999
O853,SKU_TV_517,S002,19-09-2025 00:259,52999
O854,SKU_TV_518,S002,19-09-2025 00:260,84999
O855,SKU_TV_519,S002,19-09-2025 00:261,149999
O856,SKU_TV_520,S002,19-09-2025 00:262,4999
O857,SKU_EAR_506,S002,19-09-2025 00:263,49999
O858,SKU_EAR_507,S002,19-09-2025 00:264,29999
O859,SKU_EAR_508,S002,19-09-2025 00:265,3999
O860,SKU_EAR_509,S002,19-09-2025 00:266,2999
O861,SKU_PHONE_501,S002,19-09-2025 00:267,19999
O862,SKU_PHONE_502,S002,19-09-2025 00:268,49999
O863,SKU_PHONE_503,S002,19-09-2025 00:269,29999
O864,SKU_PHONE_504,S002,19-09-2025 00:270,3999
O865,SKU_PHONE_505,S002,19-09-2025 00:271,2999
O866,SKU_TAB_1001,S002,19-09-2025 00:272,19999
O867,SKU_TAB_1002,S002,19-09-2025 00:273,59999
O868,SKU_TAB_1003,S002,19-09-2025 00:274,129999
O869,SKU_TAB_1004,S002,19-09-2025 00:275,69999
O870,SKU_TAB_1005,S002,19-09-2025 00:276,29999
O871,SKU_SPK_1006,S002,19-09-2025 00:277,49999
O872,SKU_SPK_1007,S002,19-09-2025 00:278,24999
O873,SKU_SPK_1008,S002,19-09-2025 00:279,9999
O874,SKU_SPK_1009,S002,19-09-2025 00:280,5999
O875,SKU_SPK_1010,S002,19-09-2025 00:281,6999
O876,SKU_HEAD_1011,S002,19-09-2025 00:282,4999
O877,SKU_HEAD_1012,S002,19-09-2025 00:283,74999
O878,SKU_HEAD_1013,S002,19-09-2025 00:284,79999
O879,SKU_HEAD_1014,S002,19-09-2025 00:285,39999
O880,SKU_HEAD_1015,S002,19-09-2025 00:286,19999
O881,SKU_CAM_1016,S002,19-09-2025 00:287,32999
O882,SKU_CAM_1017,S002,19-09-2025 00:288,24999
O883,SKU_CAM_1018,S002,19-09-2025 00:289,9999
O884,SKU_CAM_1019,S002,19-09-2025 00:290,5999
O885,SKU_CAM_1020,S002,19-09-2025 00:291,6999
O886,SKU_PB_1021,S002,19-09-2025 00:292,4999
O887,SKU_PB_1022,S002,19-09-2025 00:293,49999
O888,SKU_PB_1023,S002,19-09-2025 00:294,29999
O889,SKU_PB_1024,S002,19-09-2025 00:295,3999
O890,SKU_PB_1025,S002,19-09-2025 00:296,2999
O891,SKU_USB_1201,S002,19-09-2025 00:297,19999
O892,SKU_USB_1202,S002,19-09-2025 00:298,59999
O893,SKU_HDD_1203,S002,19-09-2025 00:299,129999
O894,SKU_HDD_1204,S002,19-09-2025 00:300,69999
O895,SKU_SSD_1205,S002,19-09-2025 00:301,29999
O896,SKU_MON_1206,S002,19-09-2025 00:302,49999
O897,SKU_MON_1207,S002,19-09-2025 00:303,49999
O898,SKU_MON_1208,S002,19-09-2025 00:304,22999
O899,SKU_MON_1209,S002,19-09-2025 00:305,18999
O900,SKU_MON_1210,S002,19-09-2025 00:306,26999
O901,SKU_KEY_1211,S002,19-09-2025 00:307,19999
O902,SKU_KEY_1212,S002,19-09-2025 00:308,14999
O903,SKU_KEY_1213,S002,19-09-2025 00:309,8999
O904,SKU_KEY_1214,S002,19-09-2025 00:310,6999
O905,SKU_KEY_1215,S002,19-09-2025 00:311,2499
O906,SKU_MOU_1216,S002,19-09-2025 00:312,19999
O907,SKU_MOU_1217,S002,19-09-2025 00:313,14999
O908,SKU_PRN_1218,S002,19-09-2025 00:314,12999
O909,SKU_AC_1219,S002,19-09-2025 00:315,1999
O910,SKU_FRG_1220,S002,19-09-2025 00:316,17999
O911,SKU_FRG_1316,S002,19-09-2025 00:317,29999
O912,SKU_FRG_1317,S002,19-09-2025 00:318,79999
O913,SKU_WM_1318,S002,19-09-2025 00:319,74999
O914,SKU_WM_1319,S002,19-09-2025 00:320,69999
O915,SKU_WM_1320,S002,19-09-2025 00:321,84999
O916,SKU_AC_1311,S002,19-09-2025 00:322,59999
O917,SKU_AC_1312,S002,19-09-2025 00:323,1499
O918,SKU_AC_1313,S002,19-09-2025 00:324,999
O919,SKU_AC_1314,S002,19-09-2025 00:325,2999
O920,SKU_AC_1315,S003,19-09-2025 00:326,1299
O921,SKU_PRN_1306,S003,19-09-2025 00:327,1999
O922,SKU_PRN_1307,S003,19-09-2025 00:328,599
O923,SKU_PRN_1308,S003,19-09-2025 00:329,999
O924,SKU_PRN_1309,S003,19-09-2025 00:330,3999
O925,SKU_PRN_1310,S003,19-09-2025 00:331,5999
O926,SKU_MOU_1301,S003,19-09-2025 00:332,7999
O927,SKU_MOU_1302,S003,19-09-2025 00:333,12999
O928,SKU_MOU_1303,S003,19-09-2025 00:334,19999
O929,SKU_MOU_1304,S003,19-09-2025 00:335,24999
O930,SKU_MOU_1305,S003,19-09-2025 00:336,9999
O931,SKU_JEW_RING_151,S003,19-09-2025 00:337,15999
O932,SKU_JEW_NECKLACE_152,S003,19-09-2025 00:338,1999
O933,SKU_JEW_EARRING_153,S003,19-09-2025 00:339,999
O934,SKU_JEW_BRACELET_154,S003,19-09-2025 00:340,1299
O935,SKU_JEW_ANKLET_155,S003,19-09-2025 00:341,3999
O936,SKU_JEW_WATCH_156,S003,19-09-2025 00:342,8999
O937,SKU_JEW_SUNGLASSES_157,S003,19-09-2025 00:343,999
O938,SKU_JEW_HANDBAG_158,S003,19-09-2025 00:344,499
O939,SKU_JEW_BELT_159,S003,19-09-2025 00:345,14999
O940,SKU_JEW_WALLET_160,S003,19-09-2025 00:346,39999
O941,SKU_JEW_HAT_161,S003,19-09-2025 00:347,45999
O942,SKU_JEW_SCARF_162,S003,19-09-2025 00:348,17999
O943,SKU_JEW_BROOCH_163,S003,19-09-2025 00:349,28999
O944,SKU_JEW_CHAIN_164,S003,19-09-2025 00:350,34999
O945,SKU_JEW_TOERING_165,S003,19-09-2025 00:351,18999
O946,SKU_JEW_BACKPACK_166,S003,19-09-2025 00:352,25999
O947,SKU_JEW_HAIRPIN_167,S003,19-09-2025 00:353,42999
O948,SKU_JEW_CUFFLINK_168,S003,19-09-2025 00:354,28999
O949,SKU_JEW_KEYCHAIN_169,S003,19-09-2025 00:355,55999
O950,SKU_JEW_DUFFEL_170,S003,19-09-2025 00:356,37999
O951,SKU_JEW_PENDANT_171,S003,19-09-2025 00:357,44999
O952,SKU_JEW_LOCKET_172,S003,19-09-2025 00:358,8999
O953,SKU_JEW_NOSEPIN_173,S003,19-09-2025 00:359,14999
O954,SKU_JEW_BANGLES_174,S003,19-09-2025 00:360,12999
O955,SKU_JEW_TIARA_175,S003,19-09-2025 00:361,19999
O956,SKU_JEW_HAIRBAND_176,S003,19-09-2025 00:362,24999
O957,SKU_JEW_HAIRCLIP_177,S003,19-09-2025 00:363,799
O958,SKU_JEW_CARDHOLDER_178,S003,19-09-2025 00:364,499
O959,SKU_JEW_LUGGAGETAG_179,S003,19-09-2025 00:365,1499
O960,SKU_JEW_TRAVELWALLET_180,S003,19-09-2025 00:366,8999
O961,SKU_JEW_LAPELPIN_181,S003,19-09-2025 00:367,1999
O962,SKU_JEW_TIECLIP_182,S003,19-09-2025 00:368,3499
O963,SKU_JEW_ARMLET_183,S003,19-09-2025 00:369,2999
O964,SKU_JEW_WAISTCHAIN_184,S003,19-09-2025 00:370,12999
O965,SKU_JEW_SCRUNCHIE_185,S003,19-09-2025 00:371,8999
O966,SKU_JEW_POTLIBAG_186,S003,19-09-2025 00:372,2499
O967,SKU_JEW_SUNGLASSCHAIN_187,S003,19-09-2025 00:373,7999
O968,SKU_JEW_JEWELBOX_188,S003,19-09-2025 00:374,8999
O969,SKU_JEW_WATCHSTRAP_189,S003,19-09-2025 00:375,14999
O970,SKU_JEW_BEADBRACELET_190,S003,19-09-2025 00:376,1999
O971,SKU_JEW_GEMRING_191,S003,19-09-2025 00:377,2499
O972,SKU_JEW_JEWELROLL_192,S003,19-09-2025 00:378,1499
O973,SKU_JEW_CHARMKEY_193,S003,19-09-2025 00:379,12999
O974,SKU_JEW_BROOCHSET_194,S003,19-09-2025 00:380,2999
O975,SKU_JEW_WAISTBELT_195,S003,19-09-2025 00:381,18999
O976,SKU_JEW_SOCKS_196,S003,19-09-2025 00:382,899
O977,SKU_JEW_GLOVES_197,S003,19-09-2025 00:383,2999
O978,SKU_JEW_UMBRELLA_198,S003,19-09-2025 00:384,799
O979,SKU_JEW_PHONECHARM_199,S003,19-09-2025 00:385,3499
O980,SKU_BRACE_201,S003,19-09-2025 00:386,499
O981,SKU_BRACE_202,S003,19-09-2025 00:387,3499
O982,SKU_BRACE_203,S003,19-09-2025 00:388,7999
O983,SKU_BRACE_204,S003,19-09-2025 00:389,1999
O984,SKU_BRACE_205,S003,19-09-2025 00:390,2499
O985,SKU_WATCH_206,S003,19-09-2025 00:391,3999
O986,SKU_WATCH_207,S003,19-09-2025 00:392,9999
O987,SKU_WATCH_208,S003,19-09-2025 00:393,899
O988,SKU_WATCH_209,S003,19-09-2025 00:394,699
O989,SKU_WATCH_210,S003,19-09-2025 00:395,3999
O990,SKU_BAG_211,S003,19-09-2025 00:396,999
O991,SKU_BAG_212,S003,19-09-2025 00:397,1499
O992,SKU_BAG_213,S003,19-09-2025 00:398,999
O993,SKU_BAG_214,S003,19-09-2025 00:399,2499
O994,SKU_BAG_215,S003,19-09-2025 00:400,4999
O995,SKU_WAL_216,S003,19-09-2025 00:401,3999
O996,SKU_WAL_217,S003,19-09-2025 00:402,499
O997,SKU_WAL_218,S003,19-09-2025 00:403,1999
O998,SKU_WAL_219,S003,19-09-2025 00:404,999
O999,SKU_WAL_220,S003,19-09-2025 00:405,2999
O1000,SKU_RING_101,S003,19-09-2025 00:406,799
O1001,SKU_RING_102,S003,19-09-2025 00:407,1299
O1002,SKU_RING_103,S003,19-09-2025 00:408,18999
O1003,SKU_RING_104,S003,19-09-2025 00:409,1499
O1004,SKU_RING_105,S003,19-09-2025 00:410,1299
O1005,SKU_NECK_106,S003,19-09-2025 00:411,4999
O1006,SKU_NECK_107,S003,19-09-2025 00:412,1999
O1007,SKU_NECK_108,S003,19-09-2025 00:413,699
O1008,SKU_NECK_109,S003,19-09-2025 00:414,1299
O1009,SKU_NECK_110,S003,19-09-2025 00:415,1499
O1010,SKU_EAR_111,S003,19-09-2025 00:416,599
O1011,SKU_EAR_112,S003,19-09-2025 00:417,8999
O1012,SKU_EAR_113,S003,19-09-2025 00:418,5999
O1013,SKU_EAR_114,S003,19-09-2025 00:419,24999
O1014,SKU_EAR_115,S003,19-09-2025 00:420,1499
O1015,SKU_ANK_301,S003,19-09-2025 00:421,2999
O1016,SKU_ANK_302,S003,19-09-2025 00:422,7999
O1017,SKU_ANK_303,S003,19-09-2025 00:423,2999
O1018,SKU_ANK_304,S003,19-09-2025 00:424,9999
O1019,SKU_ANK_305,S003,19-09-2025 00:425,12999
O1020,SKU_HAIR_306,S003,19-09-2025 00:426,10999
O1021,SKU_HAIR_307,S003,19-09-2025 00:427,15999
O1022,SKU_HAIR_308,S003,19-09-2025 00:428,3999
O1023,SKU_HAIR_309,S003,19-09-2025 00:429,2499
O1024,SKU_HAIR_310,S003,19-09-2025 00:430,1999
O1025,SKU_SUN_311,S003,19-09-2025 00:431,1499
O1026,SKU_SUN_312,S003,19-09-2025 00:432,1999
O1027,SKU_SUN_313,S003,19-09-2025 00:433,2999
O1028,SKU_SUN_314,S003,19-09-2025 00:434,3499
O1029,SKU_SUN_315,S003,19-09-2025 00:435,2499
O1030,SKU_PHA_PARACETAMOL_001,S003,19-09-2025 00:436,999
O1031,SKU_PHA_IBUPROFEN_002,S003,19-09-2025 00:437,3999
O1032,SKU_PHA_ANTACID_003,S003,19-09-2025 00:438,2999
O1033,SKU_PHA_COUGH_004,S003,19-09-2025 00:439,19999
O1034,SKU_PHA_VITC_005,S003,19-09-2025 00:440,17999
O1035,SKU_PHA_MULTIVIT_006,S003,19-09-2025 00:441,1999
O1036,SKU_PHA_BANDAGE_007,S003,19-09-2025 00:442,15999
O1037,SKU_PHA_SANITIZER_008,S003,19-09-2025 00:443,2999
O1038,SKU_PHA_THERMOMETER_009,S003,19-09-2025 00:444,8999
O1039,SKU_PHA_GLUCOSE_010,S003,19-09-2025 00:445,12999
O1040,SKU_PHA_B12_011,S003,19-09-2025 00:446,1999
O1041,SKU_PHA_DIGENE_012,S003,19-09-2025 00:447,7999
O1042,SKU_PHA_VITD_013,S003,19-09-2025 00:448,2499
O1043,SKU_PHA_GASRELIEF_014,S003,19-09-2025 00:449,14999
O1044,SKU_PHA_ANTIFUNGAL_015,S003,19-09-2025 00:450,1999
O1045,SKU_PHA_ANTIBIOTIC_016,S003,19-09-2025 00:451,4999
O1046,SKU_PHA_ALLERGY_017,S003,19-09-2025 00:452,1499
O1047,SKU_PHA_BETADINE_018,S003,19-09-2025 00:453,999
O1048,SKU_PHA_INSULIN_019,S003,19-09-2025 00:454,3999
O1049,SKU_PHA_VITAMINC_020,S003,19-09-2025 00:455,1799
O1050,SKU_PHA_CALCIUM_021,S003,19-09-2025 00:456,2999
O1051,SKU_PHA_IRON_022,S003,19-09-2025 00:457,499
O1052,SKU_PHA_ZINC_023,S003,19-09-2025 00:458,399
O1053,SKU_PHA_ORAL_024,S003,19-09-2025 00:459,799
O1054,SKU_PHA_LOZENGE_025,S003,19-09-2025 00:460,999
O1055,SKU_PHA_ELECTROLYTE_026,S003,19-09-2025 00:461,599
O1056,SKU_PHA_INHALER_027,S003,19-09-2025 00:462,5999
O1057,SKU_PHA_OINTMENT_028,S003,19-09-2025 00:463,1999
O1058,SKU_PHA_GLUCOMETER_029,S003,19-09-2025 00:464,7999
O1059,SKU_PHA_BP_030,S003,19-09-2025 00:465,2499
O1060,SKU_PHA_PAINSPRAY_031,S003,19-09-2025 00:466,1499
O1061,SKU_PHA_COOLGEL_032,S003,19-09-2025 00:467,45
O1062,SKU_PHA_COLDTAB_033,S003,19-09-2025 00:468,60
O1063,SKU_PHA_DIGESTIVE_034,S003,19-09-2025 00:469,120
O1064,SKU_PHA_PROBIOTIC_035,S003,19-09-2025 00:470,150
O1065,SKU_PHA_CALAMINE_036,S003,19-09-2025 00:471,95
O1066,SKU_PHA_LIVER_037,S003,19-09-2025 00:472,180
O1067,SKU_PHA_STEAM_038,S003,19-09-2025 00:473,85
O1068,SKU_PHA_MASK_039,S003,19-09-2025 00:474,75
O1069,SKU_PHA_VAPORUB_040,S003,19-09-2025 00:475,350
O1070,SKU_PHA_PROTEIN_041,S003,19-09-2025 00:476,180
O1071,SKU_PHA_VITAMINK2_042,S003,19-09-2025 00:477,120
O1072,SKU_PHA_MAGNESIUM_043,S003,19-09-2025 00:478,95
O1073,SKU_PHA_PROTEINBAR_044,S003,19-09-2025 00:479,220
O1074,SKU_PHA_COLLAGEN_045,S003,19-09-2025 00:480,60
O1075,SKU_PHA_BANDAGEKIT_046,S003,19-09-2025 00:481,110
O1076,SKU_PHA_HEATINGPAD_047,S003,19-09-2025 00:482,150
O1077,SKU_PHA_PULSE_048,S003,19-09-2025 00:483,180
O1078,SKU_PHA_MASSAGER_049,S003,19-09-2025 00:484,160
O1079,SKU_PHA_STRETCH_050,S003,19-09-2025 00:485,950
O1080,SKU_PHA_PARACETAMOL_101,S003,19-09-2025 00:486,180
O1081,SKU_PHA_ASPIRIN_102,S003,19-09-2025 00:487,210
O1082,SKU_PHA_CETIRIZINE_103,S003,19-09-2025 00:488,140
O1083,SKU_PHA_PANTOP_104,S003,19-09-2025 00:489,170
O1084,SKU_PHA_METFORMIN_105,S003,19-09-2025 00:490,35
O1085,SKU_PHA_OMEGA_106,S003,19-09-2025 00:491,55
O1086,SKU_PHA_BIOTIN_107,S003,19-09-2025 00:492,45
O1087,SKU_PHA_ASHWAGANDHA_108,S003,19-09-2025 00:493,80
O1088,SKU_PHA_GINSENG_109,S003,19-09-2025 00:494,40
O1089,SKU_PHA_CURCUMIN_110,S003,19-09-2025 00:495,1200
O1090,SKU_PHA_WEIGHT_111,S003,19-09-2025 00:496,2500
O1091,SKU_PHA_NEBULIZER_112,S003,19-09-2025 00:497,210
O1092,SKU_PHA_FITNESS_113,S003,19-09-2025 00:498,180
O1093,SKU_PHA_MASSAGER_114,S003,19-09-2025 00:499,90
O1094,SKU_PHA_HEART_115,S003,19-09-2025 00:500,75
O1095,SKU_PHA_ORAL_REHYD_301,S003,19-09-2025 00:501,210
O1096,SKU_PHA_PROBIOTIC_302,S003,19-09-2025 00:502,110
O1097,SKU_PHA_ANTACID_303,S003,19-09-2025 00:503,190
O1098,SKU_PHA_COUGHLOZ_304,S003,19-09-2025 00:504,450
O1099,SKU_PHA_INSULIN_305,S003,19-09-2025 00:505,120
O1100,SKU_PHA_BP_MONITOR_306,S003,19-09-2025 00:506,150
O1101,SKU_PHA_GLUCO_307,S003,19-09-2025 00:507,2200
O1102,SKU_PHA_PULSE_308,S003,19-09-2025 00:508,450
O1103,SKU_PHA_PROTEIN_309,S003,19-09-2025 00:509,380
O1104,SKU_PHA_ELECTROLYTE_310,S003,19-09-2025 00:510,120
O1105,SKU_LIP_301,S003,19-09-2025 00:511,950
O1106,SKU_LIP_302,S003,19-09-2025 00:512,650
O1107,SKU_LIP_303,S003,19-09-2025 00:513,1200
O1108,SKU_LIP_304,S003,19-09-2025 00:514,900
O1109,SKU_LIP_305,S003,19-09-2025 00:515,1600
O1110,SKU_TAB_401,S003,19-09-2025 00:516,120
O1111,SKU_TAB_402,S003,19-09-2025 00:517,65
O1112,SKU_TAB_403,S003,19-09-2025 00:518,40
O1113,SKU_TAB_404,S003,19-09-2025 00:519,55
O1114,SKU_MOU_401,S003,19-09-2025 00:520,120
O1115,SKU_MOU_402,S003,19-09-2025 00:521,85
O1116,SKU_MOU_403,S003,19-09-2025 00:522,450
O1117,SKU_WATCH_411,S003,19-09-2025 00:523,600
O1118,SKU_WATCH_412,S003,19-09-2025 00:524,350
O1119,SKU_WATCH_413,S003,19-09-2025 00:525,550
O1120,SKU_WATCH_414,S003,19-09-2025 00:526,480
O1121,SKU_WATCH_415,S003,19-09-2025 00:527,1200
O1122,SKU_BAG_416,S003,19-09-2025 00:528,1800
O1123,SKU_BAG_417,S003,19-09-2025 00:529,1999
O1124,SKU_BAG_418,S003,19-09-2025 00:530,2500
O1125,SKU_BAG_419,S003,19-09-2025 00:531,3999
O1126,SKU_BAG_420,S003,19-09-2025 00:532,25
O1127,SKU_TAB_421,S003,19-09-2025 00:533,120
O1128,SKU_TAB_422,S003,19-09-2025 00:534,180
O1129,SKU_TAB_423,S003,19-09-2025 00:535,60
O1130,SKU_TAB_424,S003,19-09-2025 00:536,850
O1131,SKU_TAB_425,S003,19-09-2025 00:537,2200
O1132,SKU_MIN_SERUM_501,S003,19-09-2025 00:538,1800
O1133,SKU_MIN_SERUM_502,S003,19-09-2025 00:539,1200
O1134,SKU_MIN_SERUM_503,S003,19-09-2025 00:540,2999
O1135,SKU_MIN_SERUM_504,S003,19-09-2025 00:541,500
O1136,SKU_MIN_MOIST_505,S003,19-09-2025 00:542,499
O1137,SKU_MIN_MOIST_506,S003,19-09-2025 00:543,499
O1138,SKU_MIN_TONER_507,S003,19-09-2025 00:544,499
O1139,SKU_MIN_FW_508,S003,19-09-2025 00:545,599
O1140,SKU_MIN_SUN_509,S003,19-09-2025 00:546,599
O1141,SKU_CB_701,S003,19-09-2025 00:547,65
O1142,SKU_CB_702,S003,19-09-2025 00:548,55
O1143,SKU_CB_703,S003,19-09-2025 00:549,55
O1144,SKU_HB_704,S003,19-09-2025 00:550,85
O1145,SKU_HB_705,S003,19-09-2025 00:551,999
O1146,SKU_HB_706,S003,19-09-2025 00:552,999
O1147,SKU_AN_707,S003,19-09-2025 00:553,499
O1148,SKU_AN_708,S003,19-09-2025 00:554,699
O1149,SKU_TF_709,S003,19-09-2025 00:555,699
O1150,SKU_TF_710,S003,19-09-2025 00:556,790
O1151,SKU_CH_711,S003,19-09-2025 00:557,899
O1152,SKU_DHC_713,S003,19-09-2025 00:558,799
O1153,SKU_OPI_714,S003,19-09-2025 00:559,799
O1154,SKU_NYX_715,S003,19-09-2025 00:560,650
O1155,SKU_LU_716,S003,19-09-2025 00:561,320
O1156,SKU_VL_717,S003,19-09-2025 00:562,399
O1157,SKU_AS_801,S003,19-09-2025 00:563,499
O1158,SKU_AS_802,S003,19-09-2025 00:564,7999
O1159,SKU_VH_803,S003,19-09-2025 00:565,2999
O1160,SKU_VH_804,S003,19-09-2025 00:566,9999
O1161,SKU_GD_805,S003,19-09-2025 00:567,12999
O1162,SKU_GD_806,S003,19-09-2025 00:568,10999
O1163,SKU_AU_807,S003,19-09-2025 00:569,15999
O1164,SKU_AU_808,S003,19-09-2025 00:570,3999
O1165,SKU_CO_809,S003,19-09-2025 00:571,2499
O1166,SKU_CO_810,S003,19-09-2025 00:572,1999
O1167,SKU_BQ_901,S003,19-09-2025 00:573,1499
O1168,SKU_BQ_902,S003,19-09-2025 00:574,50
O1169,SKU_WA_903,S003,19-09-2025 00:575,60
O1170,SKU_WA_904,S003,19-09-2025 00:576,55
O1171,SKU_RO_905,S003,19-09-2025 00:577,85
O1172,SKU_RO_906,S003,19-09-2025 00:578,120
O1173,SKU_NX_907,S003,19-09-2025 00:579,699
O1174,SKU_NX_908,S003,19-09-2025 00:580,899
O1175,SKU_KS_909,S003,19-09-2025 00:581,599
O1176,SKU_KS_910,S003,19-09-2025 00:582,799
O1177,SKU_AM_901,S003,19-09-2025 00:583,599
O1178,SKU_AM_902,S003,19-09-2025 00:584,799
O1179,SKU_AM_903,S003,19-09-2025 00:585,699
O1180,SKU_BS_904,S003,19-09-2025 00:586,399
O1181,SKU_BS_905,S003,19-09-2025 00:587,599
O1182,SKU_BS_906,S003,19-09-2025 00:588,699
O1183,SKU_MB_907,S003,19-09-2025 00:589,799
O1184,SKU_MB_908,S003,19-09-2025 00:590,499
O1185,SKU_MB_909,S003,19-09-2025 00:591,1499
O1186,SKU_DA_901,S003,19-09-2025 00:592,2499
O1187,SKU_DA_902,S003,19-09-2025 00:593,2999
O1188,SKU_EN_903,S003,19-09-2025 00:594,1299
O1189,SKU_EN_904,S003,19-09-2025 00:595,1399
O1190,SKU_SS_905,S003,19-09-2025 00:596,2499
O1191,SKU_SS_906,S003,19-09-2025 00:597,1899
O1192,SKU_FU_907,S003,19-09-2025 00:598,5999
O1193,SKU_FU_908,S003,19-09-2025 00:599,1899
O1194,SKU_LP_901,S003,19-09-2025 00:600,899
O1195,SKU_LP_902,S003,19-09-2025 00:601,799
O1196,SKU_LP_903,S003,19-09-2025 00:602,899
O1197,SKU_LP_904,S003,19-09-2025 00:603,599
O1198,SKU_LP_905,S003,19-09-2025 00:604,1999
O1199,SKU_FC_906,S003,19-09-2025 00:605,999
O1200,SKU_FC_907,S003,19-09-2025 00:606,2499
O1201,SKU_FC_908,S003,19-09-2025 00:607,2999
O1202,SKU_FC_909,S003,19-09-2025 00:608,1799
O1203,SKU_FC_910,S003,19-09-2025 00:609,2199
O1204,SKU_ET_911,S003,19-09-2025 00:610,1999
O1205,SKU_ET_912,S003,19-09-2025 00:611,799
O1206,SKU_ET_913,S003,19-09-2025 00:612,4999
O1207,SKU_ET_914,S003,19-09-2025 00:613,2999
O1208,SKU_ET_915,S003,19-09-2025 00:614,12999
O1209,SKU_ST_916,S003,19-09-2025 00:615,18999
O1210,SKU_ST_917,S003,19-09-2025 00:616,6999
O1211,SKU_ST_918,S003,19-09-2025 00:617,9999
O1212,SKU_ST_919,S003,19-09-2025 00:618,3999
O1213,SKU_ST_920,S003,19-09-2025 00:619,5999
O1214,SKU_MIC_1001,S003,19-09-2025 00:620,8999
O1215,SKU_LIGHT_1002,S003,19-09-2025 00:621,12999
O1216,SKU_STAND_1003,S003,19-09-2025 00:622,1299
O1217,SKU_GP_1004,S003,19-09-2025 00:623,2999
O1218,SKU_GP_1005,S003,19-09-2025 00:624,25999
O1219,SKU_INH_1001,S003,19-09-2025 00:625,45999
O1220,SKU_INH_1002,S003,19-09-2025 00:626,15999
O1221,SKU_INH_1003,S003,19-09-2025 00:627,34999
O1222,SKU_INH_1004,S003,19-09-2025 00:628,28999
O1223,SKU_INH_1005,S003,19-09-2025 00:629,19999
O1224,SKU_NEB_1006,S003,19-09-2025 00:630,21999
O1225,SKU_NEB_1007,S003,19-09-2025 00:631,55999
O1226,SKU_NEB_1008,S003,19-09-2025 00:632,17999
O1227,SKU_NEB_1009,S003,19-09-2025 00:633,120
O1228,SKU_NEB_1010,S003,19-09-2025 00:634,150
O1229,SKU_HP_1011,S003,19-09-2025 00:635,350
O1230,SKU_HP_1012,S003,19-09-2025 00:636,550
O1231,SKU_HP_1013,S003,19-09-2025 00:637,450
O1232,SKU_HP_1014,S003,19-09-2025 00:638,399
O1233,SKU_HP_1015,S003,19-09-2025 00:639,500
O1234,SKU_JOG_1001,S003,19-09-2025 00:640,550
O1235,SKU_JOG_1002,S003,19-09-2025 00:641,699
O1236,SKU_JOG_1003,S003,19-09-2025 00:642,799
O1237,SKU_JOG_1004,S003,19-09-2025 00:643,899
O1238,SKU_KAF_1005,S003,19-09-2025 00:644,1499
O1239,SKU_KAF_1006,S003,19-09-2025 00:645,999
O1240,SKU_KAF_1007,S003,19-09-2025 00:646,399
O1241,SKU_KAF_1008,S003,19-09-2025 00:647,299
O1242,SKU_NS_1009,S003,19-09-2025 00:648,250
O1243,SKU_NS_1010,S003,19-09-2025 00:649,350
O1244,SKU_NS_1011,S003,19-09-2025 00:650,799
O1245,SKU_NS_1012,S003,19-09-2025 00:651,299
O1246,SKU_000001,S003,19-09-2025 00:652,799
O1247,SKU_000002,S003,19-09-2025 00:653,199
O1248,SKU_000003,S003,19-09-2025 00:654,499
O1249,SKU_000004,S003,19-09-2025 00:655,399
O1250,SKU_000005,S003,19-09-2025 00:656,499
O1251,SKU_000006,S003,19-09-2025 00:657,799
O1252,SKU_000007,S003,19-09-2025 00:658,1999
O1253,SKU_000008,S003,19-09-2025 00:659,299
O1254,SKU_000009,S003,19-09-2025 00:660,199
O1255,SKU_000010,S003,19-09-2025 00:661,2999
O1256,SKU_000011,S003,19-09-2025 00:662,1999
O1257,SKU_000012,S003,19-09-2025 00:663,499
O1258,SKU_000013,S003,19-09-2025 00:664,1499
O1259,SKU_000014,S003,19-09-2025 00:665,999
O1260,SKU_000015,S003,19-09-2025 00:666,350
O1261,SKU_000016,S003,19-09-2025 00:667,320
O1262,SKU_000017,S003,19-09-2025 00:668,450
O1263,SKU_000018,S003,19-09-2025 00:669,500
O1264,SKU_000019,S003,19-09-2025 00:670,550
O1265,SKU_000020,S003,19-09-2025 00:671,2499
O1266,SKU_000021,S003,19-09-2025 00:672,2999
O1267,SKU_000022,S003,19-09-2025 00:673,1999
O1268,SKU_000023,S003,19-09-2025 00:674,1799
O1269,SKU_000024,S003,19-09-2025 00:675,2799
O1270,SKU_000025,S003,19-09-2025 00:676,1299
O1271,SKU_000026,S003,19-09-2025 00:677,799
O1272,SKU_000027,S003,19-09-2025 00:678,1999
O1273,SKU_000028,S003,19-09-2025 00:679,399
O1274,SKU_000029,S003,19-09-2025 00:680,1599
O1275,SKU_000030,S003,19-09-2025 00:681,1999
O1276,SKU_000031,S003,19-09-2025 00:682,1999
O1277,SKU_000032,S003,19-09-2025 00:683,1799
O1278,SKU_000033,S003,19-09-2025 00:684,1799
O1279,SKU_000034,S003,19-09-2025 00:685,2499
O1280,SKU_000035,S003,19-09-2025 00:686,2499
O1281,SKU_000036,S003,19-09-2025 00:687,2999
O1282,SKU_000037,S003,19-09-2025 00:688,2999
O1283,SKU_000038,S003,19-09-2025 00:689,1499
O1284,SKU_000039,S003,19-09-2025 00:690,1499
O1285,SKU_000040,S003,19-09-2025 00:691,1299
O1286,SKU_000041,S003,19-09-2025 00:692,1299
O1287,SKU_000042,S003,19-09-2025 00:693,75.13
O1288,SKU_000043,S003,19-09-2025 00:694,56.67
O1289,SKU_000044,S003,19-09-2025 00:695,83.61
O1290,SKU_000045,S003,19-09-2025 00:696,71.4
O1291,SKU_000046,S003,19-09-2025 00:697,77.75
O1292,SKU_000047,S003,19-09-2025 00:698,98.15
O1293,SKU_000048,S003,19-09-2025 00:699,87.05
O1294,SKU_000049,S003,19-09-2025 00:700,80.91
O1295,SKU_000050,S003,19-09-2025 00:701,108.64
O1296,SKU_000051,S003,19-09-2025 00:702,106.42
O1297,SKU_000052,S003,19-09-2025 00:703,221.94
O1298,SKU_000053,S003,19-09-2025 00:704,198.34
O1299,SKU_000054,S003,19-09-2025 00:705,236.29
O1300,SKU_000055,S003,19-09-2025 00:706,278.63
O1301,SKU_000056,S003,19-09-2025 00:707,271.51
O1302,SKU_000057,S003,19-09-2025 00:708,458.39
O1303,SKU_000058,S003,19-09-2025 00:709,411.33
O1304,SKU_000059,S003,19-09-2025 00:710,463.29
O1305,SKU_000060,S003,19-09-2025 00:711,368.5
O1306,SKU_000061,S003,19-09-2025 00:712,413.48
O1307,SKU_000062,S003,19-09-2025 00:713,102.59
O1308,SKU_000063,S003,19-09-2025 00:714,115.09
O1309,SKU_000064,S003,19-09-2025 00:715,136.47
O1310,SKU_000065,S003,19-09-2025 00:716,133.23
O1311,SKU_000066,S003,19-09-2025 00:717,143.84
O1312,SKU_000067,S003,19-09-2025 00:718,840.98
O1313,SKU_000068,S003,19-09-2025 00:719,1077.95
O1314,SKU_000069,S003,19-09-2025 00:720,981.53
O1315,SKU_000070,S003,19-09-2025 00:721,982.14
O1316,SKU_000071,S003,19-09-2025 00:722,915.96
O1317,SKU_000072,S003,19-09-2025 00:723,72.57
O1318,SKU_000073,S003,19-09-2025 00:724,55.39
O1319,SKU_000074,S003,19-09-2025 00:725,65.81
O1320,SKU_000075,S004,19-09-2025 00:726,54.51
O1321,SKU_000076,S004,19-09-2025 00:727,64.92
O1322,SKU_000077,S004,19-09-2025 00:728,132.98
O1323,SKU_000078,S004,19-09-2025 00:729,99.45
O1324,SKU_000079,S004,19-09-2025 00:730,109.03
O1325,SKU_000080,S004,19-09-2025 00:731,97.23
O1326,SKU_000081,S004,19-09-2025 00:732,135.42
O1327,SKU_000082,S004,19-09-2025 00:733,563.96
O1328,SKU_000083,S004,19-09-2025 00:734,637.32
O1329,SKU_000084,S004,19-09-2025 00:735,699.82
O1330,SKU_000085,S004,19-09-2025 00:736,564.39
O1331,SKU_000086,S004,19-09-2025 00:737,707.31
O1332,SKU_000087,S004,19-09-2025 00:738,718.2
O1333,SKU_000088,S004,19-09-2025 00:739,644.6
O1334,SKU_000089,S004,19-09-2025 00:740,663.14
O1335,SKU_000090,S004,19-09-2025 00:741,642.8
O1336,SKU_000091,S004,19-09-2025 00:742,866.69
O1337,SKU_000092,S004,19-09-2025 00:743,631.18
O1338,SKU_000093,S004,19-09-2025 00:744,744.16
O1339,SKU_000094,S004,19-09-2025 00:745,715.83
O1340,SKU_000095,S004,19-09-2025 00:746,766.33
O1341,SKU_000096,S004,19-09-2025 00:747,804.82
O1342,SKU_000097,S004,19-09-2025 00:748,2084.42
O1343,SKU_000098,S004,19-09-2025 00:749,1869.65
O1344,SKU_000099,S004,19-09-2025 00:750,2144.93
O1345,SKU_000100,S004,19-09-2025 00:751,1737.42
O1346,SKU_000101,S004,19-09-2025 00:752,1819.8
O1347,SKU_000102,S004,19-09-2025 00:753,1005.48
O1348,SKU_000103,S004,19-09-2025 00:754,1091.54
O1349,SKU_000104,S004,19-09-2025 00:755,1231.83
O1350,SKU_000105,S004,19-09-2025 00:756,992.58
O1351,SKU_000106,S004,19-09-2025 00:757,1053.48
O1352,SKU_000107,S004,19-09-2025 00:758,86792.06
O1353,SKU_000108,S004,19-09-2025 00:759,66625.86
O1354,SKU_000109,S004,19-09-2025 00:760,63662.02
O1355,SKU_000110,S004,19-09-2025 00:761,63322.29
O1356,SKU_000111,S004,19-09-2025 00:762,73636.04
O1357,SKU_000112,S004,19-09-2025 00:763,3380.66
O1358,SKU_000113,S004,19-09-2025 00:764,3397.37
O1359,SKU_000114,S004,19-09-2025 00:765,3034.99
O1360,SKU_000115,S004,19-09-2025 00:766,3397.52
O1361,SKU_000116,S004,19-09-2025 00:767,3031.16
O1362,SKU_000117,S004,19-09-2025 00:768,807.28
O1363,SKU_000118,S004,19-09-2025 00:769,559.72
O1364,SKU_000119,S004,19-09-2025 00:770,603.39
O1365,SKU_000120,S004,19-09-2025 00:771,806.43
O1366,SKU_000121,S004,19-09-2025 00:772,779.37
O1367,SKU_000122,S004,19-09-2025 00:773,925.5
O1368,SKU_000123,S004,19-09-2025 00:774,1221.35
O1369,SKU_000124,S004,19-09-2025 00:775,1222.99
O1370,SKU_000125,S004,19-09-2025 00:776,947.74
O1371,SKU_000126,S004,19-09-2025 00:777,1164
O1372,SKU_000127,S004,19-09-2025 00:778,2757.04
O1373,SKU_000128,S004,19-09-2025 00:779,3782.3
O1374,SKU_000129,S004,19-09-2025 00:780,3461.46
O1375,SKU_000130,S004,19-09-2025 00:781,3363.72
O1376,SKU_000131,S004,19-09-2025 00:782,3579.51
O1377,SKU_000132,S004,19-09-2025 00:783,2684.5
O1378,SKU_000133,S004,19-09-2025 00:784,2572.82
O1379,SKU_000134,S004,19-09-2025 00:785,2502.03
O1380,SKU_000135,S004,19-09-2025 00:786,2839.2
O1381,SKU_000136,S004,19-09-2025 00:787,2102.52
O1382,SKU_000137,S004,19-09-2025 00:788,215.39
O1383,SKU_000138,S004,19-09-2025 00:789,207.75
O1384,SKU_000139,S004,19-09-2025 00:790,199.84
O1385,SKU_000140,S004,19-09-2025 00:791,193.82
O1386,SKU_000141,S004,19-09-2025 00:792,160.34
O1387,SKU_000142,S004,19-09-2025 00:793,2313.28
O1388,SKU_000143,S004,19-09-2025 00:794,1990.97
O1389,SKU_000144,S004,19-09-2025 00:795,1619.27
O1390,SKU_000145,S004,19-09-2025 00:796,2043.57
O1391,SKU_000146,S004,19-09-2025 00:797,1957.03
O1392,SKU_000147,S004,19-09-2025 00:798,928.93
O1393,SKU_000148,S004,19-09-2025 00:799,966.69
O1394,SKU_000149,S004,19-09-2025 00:800,1046.23
O1395,SKU_000150,S004,19-09-2025 00:801,987.64
O1396,SKU_000151,S004,19-09-2025 00:802,870.71
O1397,SKU_000152,S004,19-09-2025 00:803,2348.39
O1398,SKU_000153,S004,19-09-2025 00:804,2822.95
O1399,SKU_000154,S004,19-09-2025 00:805,2906.44
O1400,SKU_000155,S004,19-09-2025 00:806,2871.71
O1401,SKU_000156,S004,19-09-2025 00:807,2735.39
O1402,SKU_000157,S004,19-09-2025 00:808,16090.66
O1403,SKU_000158,S004,19-09-2025 00:809,16994.81
O1404,SKU_000159,S004,19-09-2025 00:810,15432.64
O1405,SKU_000160,S004,19-09-2025 00:811,12529.79
O1406,SKU_000161,S004,19-09-2025 00:812,13106.77
O1407,SKU_000162,S004,19-09-2025 00:813,1686.7
O1408,SKU_000163,S004,19-09-2025 00:814,1638.32
O1409,SKU_000164,S004,19-09-2025 00:815,1342.22
O1410,SKU_000165,S004,19-09-2025 00:816,1224.56
O1411,SKU_000166,S004,19-09-2025 00:817,1575.26
O1412,SKU_000167,S004,19-09-2025 00:818,16001.72
O1413,SKU_000168,S004,19-09-2025 00:819,15624.31
O1414,SKU_000169,S004,19-09-2025 00:820,13427.75
O1415,SKU_000170,S004,19-09-2025 00:821,15238.82
O1416,SKU_000171,S004,19-09-2025 00:822,18913.63
O1417,SKU_000172,S004,19-09-2025 00:823,50798.12
O1418,SKU_000173,S004,19-09-2025 00:824,44606.29
O1419,SKU_000174,S004,19-09-2025 00:825,43089.04
O1420,SKU_000175,S004,19-09-2025 00:826,51220.83
O1421,SKU_000176,S004,19-09-2025 00:827,41485.41
O1422,SKU_000177,S004,19-09-2025 00:828,29689.03
O1423,SKU_000178,S004,19-09-2025 00:829,25746.36
O1424,SKU_000179,S004,19-09-2025 00:830,29388.35
O1425,SKU_000180,S004,19-09-2025 00:831,22056.62
O1426,SKU_000181,S004,19-09-2025 00:832,29086.85
O1427,SKU_000182,S004,19-09-2025 00:833,5325.65
O1428,SKU_000183,S004,19-09-2025 00:834,5388.6
O1429,SKU_000184,S004,19-09-2025 00:835,4236.74
O1430,SKU_000185,S004,19-09-2025 00:836,5071.61
O1431,SKU_000186,S004,19-09-2025 00:837,5880.7
O1432,SKU_000187,S004,19-09-2025 00:838,10289.13
O1433,SKU_000188,S004,19-09-2025 00:839,7784.8
O1434,SKU_000189,S004,19-09-2025 00:840,7822.83
O1435,SKU_000190,S004,19-09-2025 00:841,9946.06
O1436,SKU_000191,S004,19-09-2025 00:842,9655.88
O1437,SKU_000192,S004,19-09-2025 00:843,146.97
O1438,SKU_000193,S004,19-09-2025 00:844,138.17
O1439,SKU_000194,S004,19-09-2025 00:845,140.41
O1440,SKU_000195,S004,19-09-2025 00:846,127
O1441,SKU_000196,S004,19-09-2025 00:847,118.66
O1442,SKU_000197,S004,19-09-2025 00:848,66.69
O1443,SKU_000198,S004,19-09-2025 00:849,55.54
O1444,SKU_000199,S004,19-09-2025 00:850,68.7
O1445,SKU_000200,S004,19-09-2025 00:851,55.3
O1446,SKU_000201,S004,19-09-2025 00:852,69.01
O1447,SKU_000202,S004,19-09-2025 00:853,1148.76
O1448,SKU_000203,S004,19-09-2025 00:854,1501.01
O1449,SKU_000204,S004,19-09-2025 00:855,1139.62
O1450,SKU_000205,S004,19-09-2025 00:856,1156.1
O1451,SKU_000206,S004,19-09-2025 00:857,1149.88
O1452,SKU_000207,S004,19-09-2025 00:858,1370.71
O1453,SKU_000208,S004,19-09-2025 00:859,1112.28
O1454,SKU_000209,S004,19-09-2025 00:860,1235.38
O1455,SKU_000210,S004,19-09-2025 00:861,1040.12
O1456,SKU_000211,S004,19-09-2025 00:862,1247.43
O1457,SKU_000212,S004,19-09-2025 00:863,671.47
O1458,SKU_000213,S004,19-09-2025 00:864,602.47
O1459,SKU_000214,S004,19-09-2025 00:865,756.32
O1460,SKU_000215,S004,19-09-2025 00:866,563.07
O1461,SKU_000216,S004,19-09-2025 00:867,812.77
O1462,SKU_000217,S004,19-09-2025 00:868,3015.58
O1463,SKU_000218,S004,19-09-2025 00:869,2967.1
O1464,SKU_000219,S004,19-09-2025 00:870,2855.67
O1465,SKU_000220,S004,19-09-2025 00:871,3102.74
O1466,SKU_000221,S004,19-09-2025 00:872,3208.33
O1467,SKU_000222,S004,19-09-2025 00:873,762.09
O1468,SKU_000223,S004,19-09-2025 00:874,807.34
O1469,SKU_000224,S004,19-09-2025 00:875,689.94
O1470,SKU_000225,S004,19-09-2025 00:876,949.05
O1471,SKU_000226,S004,19-09-2025 00:877,743.4
O1472,SKU_000227,S004,19-09-2025 00:878,3141.63
O1473,SKU_000228,S004,19-09-2025 00:879,3065.4
O1474,SKU_000229,S004,19-09-2025 00:880,3125.84
O1475,SKU_000230,S004,19-09-2025 00:881,2934.41
O1476,SKU_000231,S004,19-09-2025 00:882,3482.49
O1477,SKU_000232,S004,19-09-2025 00:883,21837.34
O1478,SKU_000233,S004,19-09-2025 00:884,24413.43
O1479,SKU_000234,S004,19-09-2025 00:885,20451.09
O1480,SKU_000235,S004,19-09-2025 00:886,25584.83
O1481,SKU_000236,S004,19-09-2025 00:887,27321.53
O1482,SKU_000237,S004,19-09-2025 00:888,9611.85
O1483,SKU_000238,S004,19-09-2025 00:889,9772.75
O1484,SKU_000239,S004,19-09-2025 00:890,9777.03
O1485,SKU_000240,S004,19-09-2025 00:891,9605.62
O1486,SKU_000241,S004,19-09-2025 00:892,7675.86
O1487,SKU_000242,S004,19-09-2025 00:893,127721.85
O1488,SKU_000243,S004,19-09-2025 00:894,126706.77
O1489,SKU_000244,S004,19-09-2025 00:895,143919.3
O1490,SKU_000245,S004,19-09-2025 00:896,125552.72
O1491,SKU_000246,S004,19-09-2025 00:897,124699.32
O1492,SKU_000247,S004,19-09-2025 00:898,99749.4
O1493,SKU_000248,S004,19-09-2025 00:899,133156.14
O1494,SKU_000249,S004,19-09-2025 00:900,103291.29
O1495,SKU_000250,S004,19-09-2025 00:901,142070.39
O1496,SKU_000251,S004,19-09-2025 00:902,130234.06
O1497,SKU_000252,S004,19-09-2025 00:903,74528.96
O1498,SKU_000253,S004,19-09-2025 00:904,85335.23
O1499,SKU_000254,S004,19-09-2025 00:905,85777.53
O1500,SKU_000255,S004,19-09-2025 00:906,84728.85
O1501,SKU_000256,S004,19-09-2025 00:907,85399.93
O1502,SKU_000257,S004,19-09-2025 00:908,46930.9
O1503,SKU_000258,S004,19-09-2025 00:909,53433.58
O1504,SKU_000259,S004,19-09-2025 00:910,58943.36
O1505,SKU_000260,S004,19-09-2025 00:911,53549.51
O1506,SKU_000261,S004,19-09-2025 00:912,47804.27
O1507,SKU_000262,S004,19-09-2025 00:913,58363.68
O1508,SKU_000263,S004,19-09-2025 00:914,52150
O1509,SKU_000264,S004,19-09-2025 00:915,44270.12
O1510,SKU_000265,S004,19-09-2025 00:916,40343.84
O1511,SKU_000266,S004,19-09-2025 00:917,47992.19
O1512,SKU_000267,S004,19-09-2025 00:918,104.3
O1513,SKU_000268,S004,19-09-2025 00:919,83.84
O1514,SKU_000269,S004,19-09-2025 00:920,84.66
O1515,SKU_000270,S004,19-09-2025 00:921,84.95
O1516,SKU_000271,S004,19-09-2025 00:922,77.43
O1517,SKU_000272,S004,19-09-2025 00:923,34.64
O1518,SKU_000273,S004,19-09-2025 00:924,34.83
O1519,SKU_000274,S004,19-09-2025 00:925,38.13
O1520,SKU_000275,S004,19-09-2025 00:926,34.53
O1521,SKU_000276,S004,19-09-2025 00:927,39.54
O1522,SKU_000277,S004,19-09-2025 00:928,103.66
O1523,SKU_000278,S004,19-09-2025 00:929,81.94
O1524,SKU_000279,S004,19-09-2025 00:930,81.59
O1525,SKU_000280,S004,19-09-2025 00:931,77.08
O1526,SKU_000281,S004,19-09-2025 00:932,93.54
O1527,SKU_000282,S004,19-09-2025 00:933,36.79
O1528,SKU_000283,S004,19-09-2025 00:934,28.87
O1529,SKU_000284,S004,19-09-2025 00:935,37.27
O1530,SKU_000285,S004,19-09-2025 00:936,37.33
O1531,SKU_000286,S004,19-09-2025 00:937,35.29
O1532,SKU_000287,S004,19-09-2025 00:938,1584.56
O1533,SKU_000288,S004,19-09-2025 00:939,2088.42
O1534,SKU_000289,S004,19-09-2025 00:940,1460.2
O1535,SKU_000290,S004,19-09-2025 00:941,2054.85
O1536,SKU_000291,S004,19-09-2025 00:942,2098.85
O1537,SKU_000292,S004,19-09-2025 00:943,545.36
O1538,SKU_000293,S004,19-09-2025 00:944,607.76
O1539,SKU_000294,S004,19-09-2025 00:945,454.15
O1540,SKU_000295,S004,19-09-2025 00:946,550.78
O1541,SKU_000296,S004,19-09-2025 00:947,651.4
O1542,SKU_000297,S004,19-09-2025 00:948,49247.85
O1543,SKU_000298,S004,19-09-2025 00:949,50201.76
O1544,SKU_000299,S004,19-09-2025 00:950,67940.03
O1545,SKU_000300,S004,19-09-2025 00:951,54750.64
O1546,SKU_000301,S004,19-09-2025 00:952,48716.87
O1547,SKU_000302,S004,19-09-2025 00:953,2301.09
O1548,SKU_000303,S004,19-09-2025 00:954,2262.93
O1549,SKU_000304,S004,19-09-2025 00:955,2295.04
O1550,SKU_000305,S004,19-09-2025 00:956,2197.71
O1551,SKU_000306,S004,19-09-2025 00:957,2397.33
O1552,SKU_000307,S004,19-09-2025 00:958,694.39
O1553,SKU_000308,S004,19-09-2025 00:959,797.2
O1554,SKU_000309,S004,19-09-2025 00:960,917.41
O1555,SKU_000310,S004,19-09-2025 00:961,923.56
O1556,SKU_000311,S004,19-09-2025 00:962,823.18
O1557,SKU_000312,S004,19-09-2025 00:963,1769.45
O1558,SKU_000313,S004,19-09-2025 00:964,1328.81
O1559,SKU_000314,S004,19-09-2025 00:965,1614.7
O1560,SKU_000315,S004,19-09-2025 00:966,1330.3
O1561,SKU_000316,S004,19-09-2025 00:967,1356.3
O1562,SKU_000317,S004,19-09-2025 00:968,814.42
O1563,SKU_000318,S004,19-09-2025 00:969,814.49
O1564,SKU_000319,S004,19-09-2025 00:970,899.06
O1565,SKU_000320,S004,19-09-2025 00:971,785.15
O1566,SKU_000321,S004,19-09-2025 00:972,778.29
O1567,SKU_000322,S004,19-09-2025 00:973,88.65
O1568,SKU_000323,S004,19-09-2025 00:974,112.06
O1569,SKU_000324,S004,19-09-2025 00:975,126.68
O1570,SKU_000325,S004,19-09-2025 00:976,110.14
O1571,SKU_000326,S004,19-09-2025 00:977,109.05
O1572,SKU_000327,S004,19-09-2025 00:978,256.7
O1573,SKU_000328,S004,19-09-2025 00:979,299.25
O1574,SKU_000329,S004,19-09-2025 00:980,213.34
O1575,SKU_000330,S004,19-09-2025 00:981,260.31
O1576,SKU_000331,S004,19-09-2025 00:982,211.64
O1577,SKU_000332,S004,19-09-2025 00:983,2669.49
O1578,SKU_000333,S004,19-09-2025 00:984,2795.29
O1579,SKU_000334,S004,19-09-2025 00:985,2938.08
O1580,SKU_000335,S004,19-09-2025 00:986,2521.44
O1581,SKU_000336,S004,19-09-2025 00:987,3062.05
O1582,SKU_000337,S004,19-09-2025 00:988,98.61
O1583,SKU_000338,S004,19-09-2025 00:989,94.36
O1584,SKU_000339,S004,19-09-2025 00:990,90.09
O1585,SKU_000340,S004,19-09-2025 00:991,87.55
O1586,SKU_000341,S004,19-09-2025 00:992,94.31
O1587,SKU_000342,S004,19-09-2025 00:993,946.37
O1588,SKU_000343,S004,19-09-2025 00:994,809.76
O1589,SKU_000344,S004,19-09-2025 00:995,1033.12
O1590,SKU_000345,S004,19-09-2025 00:996,786.19
O1591,SKU_000346,S004,19-09-2025 00:997,1120.05
O1592,SKU_000347,S004,19-09-2025 00:998,863.1
O1593,SKU_000348,S004,19-09-2025 00:999,867.43
O1594,SKU_000349,S004,19-09-2025 00:1000,799.17
O1595,SKU_000350,S004,19-09-2025 00:1001,1004.62
O1596,SKU_000351,S004,19-09-2025 00:1002,1056.93
O1597,SKU_000352,S004,19-09-2025 00:1003,746.34
O1598,SKU_000353,S004,19-09-2025 00:1004,601.7
O1599,SKU_000354,S004,19-09-2025 00:1005,736.78
O1600,SKU_000355,S004,19-09-2025 00:1006,690.59
O1601,SKU_000356,S004,19-09-2025 00:1007,516.21
O1602,SKU_000357,S004,19-09-2025 00:1008,688.16
O1603,SKU_000358,S004,19-09-2025 00:1009,723.58
O1604,SKU_000359,S004,19-09-2025 00:1010,935.65
O1605,SKU_000360,S004,19-09-2025 00:1011,779.7
O1606,SKU_000361,S004,19-09-2025 00:1012,831.7
O1607,SKU_000362,S004,19-09-2025 00:1013,765.45
O1608,SKU_000363,S004,19-09-2025 00:1014,695.15
O1609,SKU_000364,S004,19-09-2025 00:1015,755.21
O1610,SKU_000365,S004,19-09-2025 00:1016,748.27
O1611,SKU_000366,S004,19-09-2025 00:1017,836.29
O1612,SKU_000367,S004,19-09-2025 00:1018,1624.22
O1613,SKU_000368,S004,19-09-2025 00:1019,1229.25
O1614,SKU_000369,S004,19-09-2025 00:1020,1454.83
O1615,SKU_000370,S004,19-09-2025 00:1021,1726.2
O1616,SKU_000371,S004,19-09-2025 00:1022,1633.27
O1617,SKU_000372,S004,19-09-2025 00:1023,611.8
O1618,SKU_000373,S004,19-09-2025 00:1024,553.23
O1619,SKU_000374,S004,19-09-2025 00:1025,772.44
O1620,SKU_000375,S004,19-09-2025 00:1026,693.15
O1621,SKU_000376,S004,19-09-2025 00:1027,677.91
O1622,SKU_000377,S004,19-09-2025 00:1028,485.3
O1623,SKU_000378,S004,19-09-2025 00:1029,533.68
O1624,SKU_000379,S004,19-09-2025 00:1030,567.54
O1625,SKU_000380,S004,19-09-2025 00:1031,510.73
O1626,SKU_000381,S004,19-09-2025 00:1032,468.83
O1627,SKU_000382,S004,19-09-2025 00:1033,396.71
O1628,SKU_000383,S004,19-09-2025 00:1034,284.66
O1629,SKU_000384,S004,19-09-2025 00:1035,280
O1630,SKU_000385,S004,19-09-2025 00:1036,281.07
O1631,SKU_000386,S004,19-09-2025 00:1037,288.16
O1632,SKU_000387,S004,19-09-2025 00:1038,13006.66
O1633,SKU_000388,S004,19-09-2025 00:1039,14334.36
O1634,SKU_000389,S004,19-09-2025 00:1040,13476.01
O1635,SKU_000390,S004,19-09-2025 00:1041,16819.42
O1636,SKU_000391,S004,19-09-2025 00:1042,14353.22
O1637,SKU_000392,S004,19-09-2025 00:1043,10664.29
O1638,SKU_000393,S004,19-09-2025 00:1044,11590.14
O1639,SKU_000394,S004,19-09-2025 00:1045,10811.17
O1640,SKU_000395,S004,19-09-2025 00:1046,11791.42
O1641,SKU_000396,S004,19-09-2025 00:1047,12940.46
O1642,SKU_000397,S004,19-09-2025 00:1048,52297.02
O1643,SKU_000398,S004,19-09-2025 00:1049,54577.37
O1644,SKU_000399,S004,19-09-2025 00:1050,47261.24
O1645,SKU_000400,S004,19-09-2025 00:1051,44824.1
O1646,SKU_000401,S004,19-09-2025 00:1052,42334.49
O1647,SKU_000402,S004,19-09-2025 00:1053,163.44
O1648,SKU_000403,S004,19-09-2025 00:1054,120.75
O1649,SKU_000404,S004,19-09-2025 00:1055,121.04
O1650,SKU_000405,S004,19-09-2025 00:1056,173.06
O1651,SKU_000406,S004,19-09-2025 00:1057,125.17
O1652,SKU_000407,S004,19-09-2025 00:1058,156.35
O1653,SKU_000408,S004,19-09-2025 00:1059,185.17
O1654,SKU_000409,S004,19-09-2025 00:1060,140.29
O1655,SKU_000410,S004,19-09-2025 00:1061,144.88
O1656,SKU_000411,S004,19-09-2025 00:1062,181.6
O1657,SKU_000412,S004,19-09-2025 00:1063,1634.98
O1658,SKU_000413,S004,19-09-2025 00:1064,2187.18
O1659,SKU_000414,S004,19-09-2025 00:1065,1644.27
O1660,SKU_000415,S004,19-09-2025 00:1066,1603.21
O1661,SKU_000416,S004,19-09-2025 00:1067,2380.15
O1662,SKU_000417,S004,19-09-2025 00:1068,2973.6
O1663,SKU_000418,S004,19-09-2025 00:1069,2252.68
O1664,SKU_000419,S004,19-09-2025 00:1070,2323.77
O1665,SKU_000420,S004,19-09-2025 00:1071,2188.39
O1666,SKU_000421,S004,19-09-2025 00:1072,2889.09
O1667,SKU_000422,S004,19-09-2025 00:1073,1232.73
O1668,SKU_000423,S004,19-09-2025 00:1074,1430.19
O1669,SKU_000424,S004,19-09-2025 00:1075,1430.83
O1670,SKU_000425,S004,19-09-2025 00:1076,1299.95
O1671,SKU_000426,S004,19-09-2025 00:1077,1296.59
O1672,SKU_000427,S004,19-09-2025 00:1078,1634.19
O1673,SKU_000428,S004,19-09-2025 00:1079,2257.66
O1674,SKU_000429,S004,19-09-2025 00:1080,1856.9
O1675,SKU_000430,S004,19-09-2025 00:1081,2006.35
O1676,SKU_000431,S004,19-09-2025 00:1082,2235.74
O1677,SKU_000432,S004,19-09-2025 00:1083,630.53
O1678,SKU_000433,S004,19-09-2025 00:1084,653.6
O1679,SKU_000434,S004,19-09-2025 00:1085,489.48
O1680,SKU_000435,S004,19-09-2025 00:1086,616.47
O1681,SKU_000436,S004,19-09-2025 00:1087,634.81
O1682,SKU_000437,S004,19-09-2025 00:1088,1241.23
O1683,SKU_000438,S004,19-09-2025 00:1089,1613.15
O1684,SKU_000439,S004,19-09-2025 00:1090,1267.43
O1685,SKU_000440,S004,19-09-2025 00:1091,1465.93
O1686,SKU_000441,S004,19-09-2025 00:1092,1556.95
O1687,SKU_000442,S004,19-09-2025 00:1093,2199.62
O1688,SKU_000443,S004,19-09-2025 00:1094,2360.98
O1689,SKU_000444,S004,19-09-2025 00:1095,2135.84
O1690,SKU_000445,S004,19-09-2025 00:1096,2265.94
O1691,SKU_000446,S004,19-09-2025 00:1097,2048.68
O1692,SKU_000447,S004,19-09-2025 00:1098,1478.74
O1693,SKU_000448,S004,19-09-2025 00:1099,1231.92
O1694,SKU_000449,S004,19-09-2025 00:1100,1671.82
O1695,SKU_000450,S004,19-09-2025 00:1101,1312.89
O1696,SKU_000451,S004,19-09-2025 00:1102,1294.61
O1697,SKU_000452,S004,19-09-2025 00:1103,2387.47
O1698,SKU_000453,S004,19-09-2025 00:1104,2319.96
O1699,SKU_000454,S004,19-09-2025 00:1105,1921.91
O1700,SKU_000455,S004,19-09-2025 00:1106,1605.93
O1701,SKU_000456,S004,19-09-2025 00:1107,2109.75
O1702,SKU_000457,S004,19-09-2025 00:1108,850.28
O1703,SKU_000458,S004,19-09-2025 00:1109,1064.41
O1704,SKU_000459,S004,19-09-2025 00:1110,1178.23
O1705,SKU_000460,S004,19-09-2025 00:1111,922.55
O1706,SKU_000461,S004,19-09-2025 00:1112,1014.22
O1707,SKU_000462,S004,19-09-2025 00:1113,751.26
O1708,SKU_000463,S004,19-09-2025 00:1114,878.74
O1709,SKU_000464,S004,19-09-2025 00:1115,936.81
O1710,SKU_000465,S004,19-09-2025 00:1116,835.8
O1711,SKU_000466,S004,19-09-2025 00:1117,829.87
O1712,SKU_000467,S004,19-09-2025 00:1118,2286.86
O1713,SKU_000468,S004,19-09-2025 00:1119,2163.99
O1714,SKU_000469,S004,19-09-2025 00:1120,2695.24
O1715,SKU_000470,S004,19-09-2025 00:1121,2655.66
O1716,SKU_000471,S004,19-09-2025 00:1122,2213.99
O1717,SKU_000472,S004,19-09-2025 00:1123,1682.02
O1718,SKU_000473,S004,19-09-2025 00:1124,1308.99
O1719,SKU_000474,S005,19-09-2025 00:1125,1644.14
O1720,SKU_000475,S005,19-09-2025 00:1126,1666.95
O1721,SKU_000476,S005,19-09-2025 00:1127,1742.47
O1722,SKU_000477,S005,19-09-2025 00:1128,1005.63
O1723,SKU_000478,S005,19-09-2025 00:1129,1095.51
O1724,SKU_000479,S005,19-09-2025 00:1130,858.5
O1725,SKU_000480,S005,19-09-2025 00:1131,956.86
O1726,SKU_000481,S005,19-09-2025 00:1132,1096.03
O1727,SKU_000482,S005,19-09-2025 00:1133,1774.05
O1728,SKU_000483,S005,19-09-2025 00:1134,1703.09
O1729,SKU_000484,S005,19-09-2025 00:1135,1967.08
O1730,SKU_000485,S005,19-09-2025 00:1136,1963.19
O1731,SKU_000486,S005,19-09-2025 00:1137,1614.34
O1732,SKU_000487,S005,19-09-2025 00:1138,8231.83
O1733,SKU_000488,S005,19-09-2025 00:1139,8269.68
O1734,SKU_000489,S005,19-09-2025 00:1140,9394.95
O1735,SKU_000490,S005,19-09-2025 00:1141,8751.64
O1736,SKU_000491,S005,19-09-2025 00:1142,8177.29
O1737,SKU_000492,S005,19-09-2025 00:1143,3358.34
O1738,SKU_000493,S005,19-09-2025 00:1144,2900.32
O1739,SKU_000494,S005,19-09-2025 00:1145,3230.76
O1740,SKU_000495,S005,19-09-2025 00:1146,2999.06
O1741,SKU_000496,S005,19-09-2025 00:1147,3498.47
O1742,SKU_000497,S005,19-09-2025 00:1148,46121.64
O1743,SKU_000498,S005,19-09-2025 00:1149,50045.66
O1744,SKU_000499,S005,19-09-2025 00:1150,51984.73
O1745,SKU_000500,S005,19-09-2025 00:1151,48924.98
O1746,SKU_000501,S005,19-09-2025 00:1152,46313.29
O1747,SKU_000502,S005,19-09-2025 00:1153,20629.66
O1748,SKU_000503,S005,19-09-2025 00:1154,22819.78
O1749,SKU_000504,S005,19-09-2025 00:1155,20676.65
O1750,SKU_000505,S005,19-09-2025 00:1156,16752.76
O1751,SKU_000506,S005,19-09-2025 00:1157,22901.85
O1752,SKU_000507,S005,19-09-2025 00:1158,33706.11
O1753,SKU_000508,S005,19-09-2025 00:1159,25338.92
O1754,SKU_000509,S005,19-09-2025 00:1160,23934.99
O1755,SKU_000510,S005,19-09-2025 00:1161,34728.37
O1756,SKU_000511,S005,19-09-2025 00:1162,29535.87
O1757,SKU_000512,S005,19-09-2025 00:1163,34555.11
O1758,SKU_000513,S005,19-09-2025 00:1164,31135.86
O1759,SKU_000514,S005,19-09-2025 00:1165,41938.47
O1760,SKU_000515,S005,19-09-2025 00:1166,28873.91
O1761,SKU_000516,S005,19-09-2025 00:1167,41879.89
O1762,SKU_000517,S005,19-09-2025 00:1168,16005.25
O1763,SKU_000518,S005,19-09-2025 00:1169,22625.48
O1764,SKU_000519,S005,19-09-2025 00:1170,20197.11
O1765,SKU_000520,S005,19-09-2025 00:1171,17494.93
O1766,SKU_000521,S005,19-09-2025 00:1172,22150.76
O1767,SKU_000522,S005,19-09-2025 00:1173,6429.21
O1768,SKU_000523,S005,19-09-2025 00:1174,7530.08
O1769,SKU_000524,S005,19-09-2025 00:1175,8725.25
O1770,SKU_000525,S005,19-09-2025 00:1176,7394.94
O1771,SKU_000526,S005,19-09-2025 00:1177,7570.75
O1772,SKU_000527,S005,19-09-2025 00:1178,1880.16
O1773,SKU_000528,S005,19-09-2025 00:1179,2151.51
O1774,SKU_000529,S005,19-09-2025 00:1180,1704.89
O1775,SKU_000530,S005,19-09-2025 00:1181,2096.12
O1776,SKU_000531,S005,19-09-2025 00:1182,1529.18
O1777,SKU_000532,S005,19-09-2025 00:1183,1502.65
O1778,SKU_000533,S005,19-09-2025 00:1184,1331.02
O1779,SKU_000534,S005,19-09-2025 00:1185,1498.17
O1780,SKU_000535,S005,19-09-2025 00:1186,1294.69
O1781,SKU_000536,S005,19-09-2025 00:1187,1135.92
O1782,SKU_000537,S005,19-09-2025 00:1188,6383.92
O1783,SKU_000538,S005,19-09-2025 00:1189,6915.9
O1784,SKU_000539,S005,19-09-2025 00:1190,5878.83
O1785,SKU_000540,S005,19-09-2025 00:1191,6845.92
O1786,SKU_000541,S005,19-09-2025 00:1192,6446.31
O1787,SKU_000542,S005,19-09-2025 00:1193,1690.48
O1788,SKU_000543,S005,19-09-2025 00:1194,2027.63
O1789,SKU_000544,S005,19-09-2025 00:1195,1757.77
O1790,SKU_000545,S005,19-09-2025 00:1196,1614.45
O1791,SKU_000546,S005,19-09-2025 00:1197,2001.6
O1792,SKU_000547,S005,19-09-2025 00:1198,2047.39
O1793,SKU_000548,S005,19-09-2025 00:1199,1608.19
O1794,SKU_000549,S005,19-09-2025 00:1200,2181.77
O1795,SKU_000550,S005,19-09-2025 00:1201,1752.41
O1796,SKU_000551,S005,19-09-2025 00:1202,1694.37
O1797,SKU_000552,S005,19-09-2025 00:1203,2940.3
O1798,SKU_000553,S005,19-09-2025 00:1204,3084.14
O1799,SKU_000554,S005,19-09-2025 00:1205,2421.65
O1800,SKU_000555,S005,19-09-2025 00:1206,2598.65
O1801,SKU_000556,S005,19-09-2025 00:1207,3069.84
O1802,SKU_000557,S005,19-09-2025 00:1208,681.24
O1803,SKU_000558,S005,19-09-2025 00:1209,848.25
O1804,SKU_000559,S005,19-09-2025 00:1210,948.9
O1805,SKU_000560,S005,19-09-2025 00:1211,805.7
O1806,SKU_000561,S005,19-09-2025 00:1212,761.32
O1807,SKU_000562,S005,19-09-2025 00:1213,45.52
O1808,SKU_000563,S005,19-09-2025 00:1214,32.59
O1809,SKU_000564,S005,19-09-2025 00:1215,36.2
O1810,SKU_000565,S005,19-09-2025 00:1216,41.54
O1811,SKU_000566,S005,19-09-2025 00:1217,40.19
O1812,SKU_000567,S005,19-09-2025 00:1218,194.57
O1813,SKU_000568,S005,19-09-2025 00:1219,155.2
O1814,SKU_000569,S005,19-09-2025 00:1220,181.63
O1815,SKU_000570,S005,19-09-2025 00:1221,180.7
O1816,SKU_000571,S005,19-09-2025 00:1222,207.45
O1817,SKU_000572,S005,19-09-2025 00:1223,684.54
O1818,SKU_000573,S005,19-09-2025 00:1224,724.12
O1819,SKU_000574,S005,19-09-2025 00:1225,794.45
O1820,SKU_000575,S005,19-09-2025 00:1226,798.13
O1821,SKU_000576,S005,19-09-2025 00:1227,849.48
O1822,SKU_000577,S005,19-09-2025 00:1228,2141.94
O1823,SKU_000578,S005,19-09-2025 00:1229,2048.12
O1824,SKU_000579,S005,19-09-2025 00:1230,1765.2
O1825,SKU_000580,S005,19-09-2025 00:1231,1701.48
O1826,SKU_000581,S005,19-09-2025 00:1232,1514.46
O1827,SKU_000582,S005,19-09-2025 00:1233,358.1
O1828,SKU_000583,S005,19-09-2025 00:1234,372.02
O1829,SKU_000584,S005,19-09-2025 00:1235,348.39
O1830,SKU_000585,S005,19-09-2025 00:1236,345.93
O1831,SKU_000586,S005,19-09-2025 00:1237,315.2
O1832,SKU_000587,S005,19-09-2025 00:1238,204.38
O1833,SKU_000588,S005,19-09-2025 00:1239,147.3
O1834,SKU_000589,S005,19-09-2025 00:1240,199.1
O1835,SKU_000590,S005,19-09-2025 00:1241,154.19
O1836,SKU_000591,S005,19-09-2025 00:1242,154.67
O1837,SKU_000592,S005,19-09-2025 00:1243,362.71
O1838,SKU_000593,S005,19-09-2025 00:1244,362.31
O1839,SKU_000594,S005,19-09-2025 00:1245,356
O1840,SKU_000595,S005,19-09-2025 00:1246,318.61
O1841,SKU_000596,S005,19-09-2025 00:1247,314.21
O1842,SKU_000597,S005,19-09-2025 00:1248,301.65
O1843,SKU_000598,S005,19-09-2025 00:1249,268.23
O1844,SKU_000599,S005,19-09-2025 00:1250,330.65
O1845,SKU_000600,S005,19-09-2025 00:1251,283.6
O1846,SKU_000601,S005,19-09-2025 00:1252,263.16
O1847,SKU_000602,S005,19-09-2025 00:1253,1110.86
O1848,SKU_000603,S005,19-09-2025 00:1254,1100.1
O1849,SKU_000604,S005,19-09-2025 00:1255,1045.55
O1850,SKU_000605,S005,19-09-2025 00:1256,1040.74
O1851,SKU_000606,S005,19-09-2025 00:1257,832.63
O1852,SKU_000607,S005,19-09-2025 00:1258,522.86
O1853,SKU_000608,S005,19-09-2025 00:1259,523.14
O1854,SKU_000609,S005,19-09-2025 00:1260,691.78
O1855,SKU_000610,S005,19-09-2025 00:1261,529.65
O1856,SKU_000611,S005,19-09-2025 00:1262,614.89
O1857,SKU_000612,S005,19-09-2025 00:1263,181.8
O1858,SKU_000613,S005,19-09-2025 00:1264,213.85
O1859,SKU_000614,S005,19-09-2025 00:1265,162.81
O1860,SKU_000615,S005,19-09-2025 00:1266,190.9
O1861,SKU_000616,S005,19-09-2025 00:1267,154.46
O1862,SKU_000617,S005,19-09-2025 00:1268,335.13
O1863,SKU_000618,S005,19-09-2025 00:1269,373.22
O1864,SKU_000619,S005,19-09-2025 00:1270,425.24
O1865,SKU_000620,S005,19-09-2025 00:1271,380.58
O1866,SKU_000621,S005,19-09-2025 00:1272,348.51
O1867,SKU_000622,S005,19-09-2025 00:1273,246.15
O1868,SKU_000623,S005,19-09-2025 00:1274,290.69
O1869,SKU_000624,S005,19-09-2025 00:1275,263.74
O1870,SKU_000625,S005,19-09-2025 00:1276,311.12
O1871,SKU_000626,S005,19-09-2025 00:1277,301.72
O1872,SKU_000627,S005,19-09-2025 00:1278,559.58
O1873,SKU_000628,S005,19-09-2025 00:1279,678.22
O1874,SKU_000629,S005,19-09-2025 00:1280,630.98
O1875,SKU_000630,S005,19-09-2025 00:1281,604.4
O1876,SKU_000631,S005,19-09-2025 00:1282,705.01
O1877,SKU_000632,S005,19-09-2025 00:1283,2932.09
O1878,SKU_000633,S005,19-09-2025 00:1284,2306.38
O1879,SKU_000634,S005,19-09-2025 00:1285,2597.8
O1880,SKU_000635,S005,19-09-2025 00:1286,3208.71
O1881,SKU_000636,S005,19-09-2025 00:1287,2315.59
O1882,SKU_000637,S005,19-09-2025 00:1288,3379.29
O1883,SKU_000638,S005,19-09-2025 00:1289,3345.55
O1884,SKU_000639,S005,19-09-2025 00:1290,3202.74
O1885,SKU_000640,S005,19-09-2025 00:1291,3047.13
O1886,SKU_000641,S005,19-09-2025 00:1292,2878.75
O1887,SKU_000642,S005,19-09-2025 00:1293,3103.65
O1888,SKU_000643,S005,19-09-2025 00:1294,3126.89
O1889,SKU_000644,S005,19-09-2025 00:1295,3309.2
O1890,SKU_000645,S005,19-09-2025 00:1296,3493.23
O1891,SKU_000646,S005,19-09-2025 00:1297,2680.99
O1892,SKU_000647,S005,19-09-2025 00:1298,721.64
O1893,SKU_000648,S005,19-09-2025 00:1299,786.15
O1894,SKU_000649,S005,19-09-2025 00:1300,655.78
O1895,SKU_000650,S005,19-09-2025 00:1301,880.35
O1896,SKU_000651,S005,19-09-2025 00:1302,743.3
O1897,SKU_000652,S005,19-09-2025 00:1303,275.78
O1898,SKU_000653,S005,19-09-2025 00:1304,264.03
O1899,SKU_000654,S005,19-09-2025 00:1305,228.03
O1900,SKU_000655,S005,19-09-2025 00:1306,302.86
O1901,SKU_000656,S005,19-09-2025 00:1307,297.93
O1902,SKU_000657,S005,19-09-2025 00:1308,224.96
O1903,SKU_000658,S005,19-09-2025 00:1309,214.54
O1904,SKU_000659,S005,19-09-2025 00:1310,220.22
O1905,SKU_000660,S005,19-09-2025 00:1311,215.59
O1906,SKU_000661,S005,19-09-2025 00:1312,201.72
O1907,SKU_000662,S005,19-09-2025 00:1313,21549.31
O1908,SKU_000663,S005,19-09-2025 00:1314,20373.07
O1909,SKU_000664,S005,19-09-2025 00:1315,20125.72
O1910,SKU_000665,S005,19-09-2025 00:1316,19879.22
O1911,SKU_000666,S005,19-09-2025 00:1317,18452.08
O1912,SKU_000667,S005,19-09-2025 00:1318,29531.26
O1913,SKU_000668,S005,19-09-2025 00:1319,33199.08
O1914,SKU_000669,S005,19-09-2025 00:1320,26783.09
O1915,SKU_000670,S005,19-09-2025 00:1321,32187.61
O1916,SKU_000671,S005,19-09-2025 00:1322,27259.98
O1917,SKU_000672,S005,19-09-2025 00:1323,31698.61
O1918,SKU_000673,S005,19-09-2025 00:1324,34252.45
O1919,SKU_000674,S005,19-09-2025 00:1325,34394.04
O1920,SKU_000675,S005,19-09-2025 00:1326,32928.11
O1921,SKU_000676,S005,19-09-2025 00:1327,35733.18
O1922,SKU_000677,S005,19-09-2025 00:1328,44.55
O1923,SKU_000678,S005,19-09-2025 00:1329,36.59
O1924,SKU_000679,S005,19-09-2025 00:1330,44.41
O1925,SKU_000680,S005,19-09-2025 00:1331,44.89
O1926,SKU_000681,S005,19-09-2025 00:1332,53.15
O1927,SKU_000682,S005,19-09-2025 00:1333,38.64
O1928,SKU_000683,S005,19-09-2025 00:1334,30.29
O1929,SKU_000684,S005,19-09-2025 00:1335,32.38
O1930,SKU_000685,S005,19-09-2025 00:1336,39.82
O1931,SKU_000686,S005,19-09-2025 00:1337,36.41
O1932,SKU_000687,S005,19-09-2025 00:1338,708.23
O1933,SKU_000688,S005,19-09-2025 00:1339,734.9
O1934,SKU_000689,S005,19-09-2025 00:1340,784.95
O1935,SKU_000690,S005,19-09-2025 00:1341,748.36
O1936,SKU_000691,S005,19-09-2025 00:1342,715.3
O1937,SKU_000692,S005,19-09-2025 00:1343,71.05
O1938,SKU_000693,S005,19-09-2025 00:1344,65.01
O1939,SKU_000694,S005,19-09-2025 00:1345,64.14
O1940,SKU_000695,S005,19-09-2025 00:1346,69.05
O1941,SKU_000696,S005,19-09-2025 00:1347,65.65
O1942,SKU_000697,S005,19-09-2025 00:1348,187.63
O1943,SKU_000698,S005,19-09-2025 00:1349,188.28
O1944,SKU_000699,S005,19-09-2025 00:1350,222.73
O1945,SKU_000700,S005,19-09-2025 00:1351,240.79
O1946,SKU_000701,S005,19-09-2025 00:1352,183.91
O1947,SKU_000702,S005,19-09-2025 00:1353,54.05
O1948,SKU_000703,S005,19-09-2025 00:1354,61.03
O1949,SKU_000704,S005,19-09-2025 00:1355,63.78
O1950,SKU_000705,S005,19-09-2025 00:1356,59.34
O1951,SKU_000706,S005,19-09-2025 00:1357,63.2
O1952,SKU_000707,S005,19-09-2025 00:1358,9431.65
O1953,SKU_000708,S005,19-09-2025 00:1359,8676.18
O1954,SKU_000709,S005,19-09-2025 00:1360,7685.4
O1955,SKU_000710,S005,19-09-2025 00:1361,8241.4
O1956,SKU_000711,S005,19-09-2025 00:1362,7031.43
O1957,SKU_000712,S005,19-09-2025 00:1363,166.4
O1958,SKU_000713,S005,19-09-2025 00:1364,141.37
O1959,SKU_000714,S005,19-09-2025 00:1365,159.42
O1960,SKU_000715,S005,19-09-2025 00:1366,179.05
O1961,SKU_000716,S005,19-09-2025 00:1367,200.56
O1962,SKU_000717,S005,19-09-2025 00:1368,50.9
O1963,SKU_000718,S005,19-09-2025 00:1369,51.74
O1964,SKU_000719,S005,19-09-2025 00:1370,48.43
O1965,SKU_000720,S005,19-09-2025 00:1371,50.17
O1966,SKU_000721,S005,19-09-2025 00:1372,59.53
O1967,SKU_000722,S005,19-09-2025 00:1373,49.56
O1968,SKU_000723,S005,19-09-2025 00:1374,46.1
O1969,SKU_000724,S005,19-09-2025 00:1375,37.82
O1970,SKU_000725,S005,19-09-2025 00:1376,52.98
O1971,SKU_000726,S005,19-09-2025 00:1377,53.52
O1972,SKU_000727,S005,19-09-2025 00:1378,117.59
O1973,SKU_000728,S005,19-09-2025 00:1379,119.11
O1974,SKU_000729,S005,19-09-2025 00:1380,105
O1975,SKU_000730,S005,19-09-2025 00:1381,95.58
O1976,SKU_000731,S005,19-09-2025 00:1382,116.47
O1977,SKU_000732,S005,19-09-2025 00:1383,49837.65
O1978,SKU_000733,S005,19-09-2025 00:1384,62720.79
O1979,SKU_000734,S005,19-09-2025 00:1385,48723.15
O1980,SKU_000735,S005,19-09-2025 00:1386,55151.88
O1981,SKU_000736,S005,19-09-2025 00:1387,51107.33
O1982,SKU_000737,S005,19-09-2025 00:1388,64709.56
O1983,SKU_000738,S005,19-09-2025 00:1389,77089.29
O1984,SKU_000739,S005,19-09-2025 00:1390,72475.89
O1985,SKU_000740,S005,19-09-2025 00:1391,87811.9
O1986,SKU_000741,S005,19-09-2025 00:1392,78744.84
O1987,SKU_000742,S005,19-09-2025 00:1393,20892.57
O1988,SKU_000743,S005,19-09-2025 00:1394,22779.85
O1989,SKU_000744,S005,19-09-2025 00:1395,18101.25
O1990,SKU_000745,S005,19-09-2025 00:1396,18404.49
O1991,SKU_000746,S005,19-09-2025 00:1397,22206.76
O1992,SKU_000747,S005,19-09-2025 00:1398,10394.87
O1993,SKU_000748,S005,19-09-2025 00:1399,8335.03
O1994,SKU_000749,S005,19-09-2025 00:1400,8932.85
O1995,SKU_000750,S005,19-09-2025 00:1401,9509.94
O1996,SKU_000751,S005,19-09-2025 00:1402,9814.9
O1997,SKU_000752,S005,19-09-2025 00:1403,3363.26
O1998,SKU_000753,S005,19-09-2025 00:1404,2843.8
O1999,SKU_000754,S005,19-09-2025 00:1405,2567.21
O2000,SKU_000755,S005,19-09-2025 00:1406,3554.55
O2001,SKU_000756,S005,19-09-2025 00:1407,2774.71
O2002,SKU_000757,S005,19-09-2025 00:1408,29713.06
O2003,SKU_000758,S005,19-09-2025 00:1409,28450.62
O2004,SKU_000759,S005,19-09-2025 00:1410,23216.18
O2005,SKU_000760,S005,19-09-2025 00:1411,21812.98
O2006,SKU_000761,S005,19-09-2025 00:1412,28589.81
O2007,SKU_000762,S005,19-09-2025 00:1413,10781.69
O2008,SKU_000763,S005,19-09-2025 00:1414,10848.35
O2009,SKU_000764,S005,19-09-2025 00:1415,13436.8
O2010,SKU_000765,S005,19-09-2025 00:1416,13211.1
O2011,SKU_000766,S005,19-09-2025 00:1417,11215.74
O2012,SKU_000767,S005,19-09-2025 00:1418,17926.36
O2013,SKU_000768,S005,19-09-2025 00:1419,22133.54
O2014,SKU_000769,S005,19-09-2025 00:1420,22363.53
O2015,SKU_000770,S005,19-09-2025 00:1421,20329.25
O2016,SKU_000771,S005,19-09-2025 00:1422,16964.65
O2017,SKU_000772,S005,19-09-2025 00:1423,13095.25
O2018,SKU_000773,S005,19-09-2025 00:1424,14451.4
O2019,SKU_000774,S005,19-09-2025 00:1425,14342.52
O2020,SKU_000775,S005,19-09-2025 00:1426,10503.78
O2021,SKU_000776,S005,19-09-2025 00:1427,14161.44
O2022,SKU_000777,S005,19-09-2025 00:1428,109.12
O2023,SKU_000778,S005,19-09-2025 00:1429,102.6
O2024,SKU_000779,S005,19-09-2025 00:1430,123.6
O2025,SKU_000780,S005,19-09-2025 00:1431,101.8
O2026,SKU_000781,S005,19-09-2025 00:1432,137.15
O2027,SKU_000782,S005,19-09-2025 00:1433,2813.04
O2028,SKU_000783,S005,19-09-2025 00:1434,2644.98
O2029,SKU_000784,S005,19-09-2025 00:1435,2416.73
O2030,SKU_000785,S005,19-09-2025 00:1436,2489.21
O2031,SKU_000786,S005,19-09-2025 00:1437,3264.96
O2032,SKU_000787,S005,19-09-2025 00:1438,2590.37
O2033,SKU_000788,S005,19-09-2025 00:1439,2929.33
O2034,SKU_000789,S005,19-09-2025 00:1440,3133.9
O2035,SKU_000790,S005,19-09-2025 00:1441,3438.59
O2036,SKU_000791,S005,19-09-2025 00:1442,3527.29
O2037,SKU_000792,S005,19-09-2025 00:1443,348.1
O2038,SKU_000793,S005,19-09-2025 00:1444,303.38
O2039,SKU_000794,S005,19-09-2025 00:1445,384.54
O2040,SKU_000795,S005,19-09-2025 00:1446,286.28
O2041,SKU_000796,S005,19-09-2025 00:1447,378.51
O2042,SKU_000797,S005,19-09-2025 00:1448,3904.46
O2043,SKU_000798,S005,19-09-2025 00:1449,3604.93
O2044,SKU_000799,S005,19-09-2025 00:1450,3928.42
O2045,SKU_000800,S005,19-09-2025 00:1451,4196.99
O2046,SKU_000801,S005,19-09-2025 00:1452,4154.88
O2047,SKU_000802,S005,19-09-2025 00:1453,80.14
O2048,SKU_000803,S005,19-09-2025 00:1454,112.24
O2049,SKU_000804,S005,19-09-2025 00:1455,97.22
O2050,SKU_000805,S005,19-09-2025 00:1456,77.42
O2051,SKU_000806,S005,19-09-2025 00:1457,102.48
O2052,SKU_000807,S005,19-09-2025 00:1458,235.48
O2053,SKU_000808,S005,19-09-2025 00:1459,274.47
O2054,SKU_000809,S005,19-09-2025 00:1460,297.82
O2055,SKU_000810,S005,19-09-2025 00:1461,227.75
O2056,SKU_000811,S005,19-09-2025 00:1462,223.42
O2057,SKU_000812,S005,19-09-2025 00:1463,615.83
O2058,SKU_000813,S005,19-09-2025 00:1464,507.55
O2059,SKU_000814,S005,19-09-2025 00:1465,592.34
O2060,SKU_000815,S005,19-09-2025 00:1466,490.6
O2061,SKU_000816,S005,19-09-2025 00:1467,591.28
O2062,SKU_000817,S005,19-09-2025 00:1468,822.04
O2063,SKU_000818,S005,19-09-2025 00:1469,885.26
O2064,SKU_000819,S005,19-09-2025 00:1470,858.18
O2065,SKU_000820,S005,19-09-2025 00:1471,866.68
O2066,SKU_000821,S005,19-09-2025 00:1472,651.26
O2067,SKU_000822,S005,19-09-2025 00:1473,45.82
O2068,SKU_000823,S005,19-09-2025 00:1474,56.41
O2069,SKU_000824,S005,19-09-2025 00:1475,45.14
O2070,SKU_000825,S005,19-09-2025 00:1476,63.79
O2071,SKU_000826,S005,19-09-2025 00:1477,53.91
O2072,SKU_000827,S005,19-09-2025 00:1478,4150.41
O2073,SKU_000828,S005,19-09-2025 00:1479,4289.03
O2074,SKU_000829,S005,19-09-2025 00:1480,4617.2
O2075,SKU_000830,S005,19-09-2025 00:1481,4103.09
O2076,SKU_000831,S005,19-09-2025 00:1482,3613.67
O2077,SKU_000832,S005,19-09-2025 00:1483,5243.81
O2078,SKU_000833,S005,19-09-2025 00:1484,4962.3
O2079,SKU_000834,S005,19-09-2025 00:1485,5216.75
O2080,SKU_000835,S005,19-09-2025 00:1486,5070.92
O2081,SKU_000836,S005,19-09-2025 00:1487,7012.13
O2082,SKU_000837,S005,19-09-2025 00:1488,107.98
O2083,SKU_000838,S005,19-09-2025 00:1489,99.1
O2084,SKU_000839,S005,19-09-2025 00:1490,92.86
O2085,SKU_000840,S005,19-09-2025 00:1491,91.97
O2086,SKU_000841,S005,19-09-2025 00:1492,81.32
O2087,SKU_000842,S005,19-09-2025 00:1493,350.55
O2088,SKU_000843,S005,19-09-2025 00:1494,388.96
O2089,SKU_000844,S005,19-09-2025 00:1495,292.02
O2090,SKU_000845,S005,19-09-2025 00:1496,391.26
O2091,SKU_000846,S005,19-09-2025 00:1497,284.07
O2092,SKU_000847,S005,19-09-2025 00:1498,70.23
O2093,SKU_000848,S005,19-09-2025 00:1499,71.91
O2094,SKU_000849,S005,19-09-2025 00:1500,64.95
O2095,SKU_000850,S005,19-09-2025 00:1501,76.62
O2096,SKU_000851,S005,19-09-2025 00:1502,82.34
O2097,SKU_000852,S005,19-09-2025 00:1503,77.76
O2098,SKU_000853,S005,19-09-2025 00:1504,101.26
O2099,SKU_000854,S005,19-09-2025 00:1505,82.72
O2100,SKU_000855,S005,19-09-2025 00:1506,91.16
O2101,SKU_000856,S005,19-09-2025 00:1507,93.01
O2102,SKU_000857,S005,19-09-2025 00:1508,594.21
O2103,SKU_000858,S005,19-09-2025 00:1509,792.04
O2104,SKU_000859,S005,19-09-2025 00:1510,693.71
O2105,SKU_000860,S005,19-09-2025 00:1511,699.69
O2106,SKU_000861,S005,19-09-2025 00:1512,799.31
O2107,SKU_000862,S005,19-09-2025 00:1513,1625.36
O2108,SKU_000863,S005,19-09-2025 00:1514,1663.83
O2109,SKU_000864,S005,19-09-2025 00:1515,1266.98
O2110,SKU_000865,S005,19-09-2025 00:1516,1778.26
O2111,SKU_000866,S005,19-09-2025 00:1517,1391.74
O2112,SKU_000867,S005,19-09-2025 00:1518,4666.16
O2113,SKU_000868,S005,19-09-2025 00:1519,4192.59
O2114,SKU_000869,S005,19-09-2025 00:1520,3370.26
O2115,SKU_000870,S005,19-09-2025 00:1521,4601.78
O2116,SKU_000871,S005,19-09-2025 00:1522,4212.6
O2117,SKU_000872,S005,19-09-2025 00:1523,445.98
O2118,SKU_000873,S005,19-09-2025 00:1524,445.69
O2119,SKU_000874,S005,19-09-2025 00:1525,455.16
O2120,SKU_000875,S006,19-09-2025 00:1526,402.05
O2121,SKU_000876,S006,19-09-2025 00:1527,458.12
O2122,SKU_000877,S006,19-09-2025 00:1528,593.23
O2123,SKU_000878,S006,19-09-2025 00:1529,566.38
O2124,SKU_000879,S006,19-09-2025 00:1530,528.63
O2125,SKU_000880,S006,19-09-2025 00:1531,562.42
O2126,SKU_000881,S006,19-09-2025 00:1532,468.85
O2127,SKU_000882,S006,19-09-2025 00:1533,1002.94
O2128,SKU_000883,S006,19-09-2025 00:1534,883.85
O2129,SKU_000884,S006,19-09-2025 00:1535,885.08
O2130,SKU_000885,S006,19-09-2025 00:1536,824.1
O2131,SKU_000886,S006,19-09-2025 00:1537,967.83
O2132,SKU_000887,S006,19-09-2025 00:1538,536.14
O2133,SKU_000888,S006,19-09-2025 00:1539,533.9
O2134,SKU_000889,S006,19-09-2025 00:1540,505.41
O2135,SKU_000890,S006,19-09-2025 00:1541,508.64
O2136,SKU_000891,S006,19-09-2025 00:1542,568.82
O2137,SKU_000892,S006,19-09-2025 00:1543,649.06
O2138,SKU_000893,S006,19-09-2025 00:1544,934.01
O2139,SKU_000894,S006,19-09-2025 00:1545,831.24
O2140,SKU_000895,S006,19-09-2025 00:1546,751.31
O2141,SKU_000896,S006,19-09-2025 00:1547,921.22
O2142,SKU_000897,S006,19-09-2025 00:1548,2431.54
O2143,SKU_000898,S006,19-09-2025 00:1549,3143.7
O2144,SKU_000899,S006,19-09-2025 00:1550,2731.33
O2145,SKU_000900,S006,19-09-2025 00:1551,3333.58
O2146,SKU_000901,S006,19-09-2025 00:1552,2627.5
O2147,SKU_000902,S006,19-09-2025 00:1553,4564.07
O2148,SKU_000903,S006,19-09-2025 00:1554,5382
O2149,SKU_000904,S006,19-09-2025 00:1555,4560.32
O2150,SKU_000905,S006,19-09-2025 00:1556,4454.41
O2151,SKU_000906,S006,19-09-2025 00:1557,5259.67
O2152,SKU_000907,S006,19-09-2025 00:1558,5900.4
O2153,SKU_000908,S006,19-09-2025 00:1559,6554.2
O2154,SKU_000909,S006,19-09-2025 00:1560,8306.07
O2155,SKU_000910,S006,19-09-2025 00:1561,7967.68
O2156,SKU_000911,S006,19-09-2025 00:1562,6901.53
O2157,SKU_000912,S006,19-09-2025 00:1563,3413.1
O2158,SKU_000913,S006,19-09-2025 00:1564,2456.78
O2159,SKU_000914,S006,19-09-2025 00:1565,2427.67
O2160,SKU_000915,S006,19-09-2025 00:1566,2982.16
O2161,SKU_000916,S006,19-09-2025 00:1567,3299.56
O2162,SKU_000917,S006,19-09-2025 00:1568,51.47
O2163,SKU_000918,S006,19-09-2025 00:1569,45.73
O2164,SKU_000919,S006,19-09-2025 00:1570,50.38
O2165,SKU_000920,S006,19-09-2025 00:1571,48.42
O2166,SKU_000921,S006,19-09-2025 00:1572,37.06
O2167,SKU_000922,S006,19-09-2025 00:1573,1164.96
O2168,SKU_000923,S006,19-09-2025 00:1574,1368.22
O2169,SKU_000924,S006,19-09-2025 00:1575,1393.66
O2170,SKU_000925,S006,19-09-2025 00:1576,1328.15
O2171,SKU_000926,S006,19-09-2025 00:1577,1356.36
O2172,SKU_000927,S006,19-09-2025 00:1578,612.3
O2173,SKU_000928,S006,19-09-2025 00:1579,762.56
O2174,SKU_000929,S006,19-09-2025 00:1580,800.43
O2175,SKU_000930,S006,19-09-2025 00:1581,597.14
O2176,SKU_000931,S006,19-09-2025 00:1582,652.12
O2177,SKU_000932,S006,19-09-2025 00:1583,1555.77
O2178,SKU_000933,S006,19-09-2025 00:1584,1553.75
O2179,SKU_000934,S006,19-09-2025 00:1585,1817.24
O2180,SKU_000935,S006,19-09-2025 00:1586,1865.47
O2181,SKU_000936,S006,19-09-2025 00:1587,1414.67
O2182,SKU_000937,S006,19-09-2025 00:1588,9069.8
O2183,SKU_000938,S006,19-09-2025 00:1589,9990.95
O2184,SKU_000939,S006,19-09-2025 00:1590,9612.13
O2185,SKU_000940,S006,19-09-2025 00:1591,9122.11
O2186,SKU_000941,S006,19-09-2025 00:1592,11036.13
O2187,SKU_000942,S006,19-09-2025 00:1593,80274.9
O2188,SKU_000943,S006,19-09-2025 00:1594,72557.34
O2189,SKU_000944,S006,19-09-2025 00:1595,60114.11
O2190,SKU_000945,S006,19-09-2025 00:1596,64608.77
O2191,SKU_000946,S006,19-09-2025 00:1597,63616.88
O2192,SKU_000947,S006,19-09-2025 00:1598,294.95
O2193,SKU_000948,S006,19-09-2025 00:1599,310.96
O2194,SKU_000949,S006,19-09-2025 00:1600,277.17
O2195,SKU_000950,S006,19-09-2025 00:1601,232.36
O2196,SKU_000951,S006,19-09-2025 00:1602,292.96
O2197,SKU_000952,S006,19-09-2025 00:1603,202.69
O2198,SKU_000953,S006,19-09-2025 00:1604,208.53
O2199,SKU_000954,S006,19-09-2025 00:1605,191.46
O2200,SKU_000955,S006,19-09-2025 00:1606,199.16
O2201,SKU_000956,S006,19-09-2025 00:1607,197.4
O2202,SKU_000957,S006,19-09-2025 00:1608,44138.23
O2203,SKU_000958,S006,19-09-2025 00:1609,35058.19
O2204,SKU_000959,S006,19-09-2025 00:1610,37418.89
O2205,SKU_000960,S006,19-09-2025 00:1611,39402.53
O2206,SKU_000961,S006,19-09-2025 00:1612,39296.05
O2207,SKU_000962,S006,19-09-2025 00:1613,12508.91
O2208,SKU_000963,S006,19-09-2025 00:1614,11476.48
O2209,SKU_000964,S006,19-09-2025 00:1615,12353.1
O2210,SKU_000965,S006,19-09-2025 00:1616,8887.75
O2211,SKU_000966,S006,19-09-2025 00:1617,9967.7
O2212,SKU_000967,S006,19-09-2025 00:1618,9988.61
O2213,SKU_000968,S006,19-09-2025 00:1619,12295.29
O2214,SKU_000969,S006,19-09-2025 00:1620,8872.85
O2215,SKU_000970,S006,19-09-2025 00:1621,12169.99
O2216,SKU_000971,S006,19-09-2025 00:1622,12625.25
O2217,SKU_000972,S006,19-09-2025 00:1623,136.39
O2218,SKU_000973,S006,19-09-2025 00:1624,137.45
O2219,SKU_000974,S006,19-09-2025 00:1625,139.65
O2220,SKU_000975,S006,19-09-2025 00:1626,112.03
O2221,SKU_000976,S006,19-09-2025 00:1627,103.21
O2222,SKU_000977,S006,19-09-2025 00:1628,104.82
O2223,SKU_000978,S006,19-09-2025 00:1629,125.21
O2224,SKU_000979,S006,19-09-2025 00:1630,138.55
O2225,SKU_000980,S006,19-09-2025 00:1631,117.43
O2226,SKU_000981,S006,19-09-2025 00:1632,105.51
O2227,SKU_000982,S006,19-09-2025 00:1633,174.58
O2228,SKU_000983,S006,19-09-2025 00:1634,167.49
O2229,SKU_000984,S006,19-09-2025 00:1635,125.08
O2230,SKU_000985,S006,19-09-2025 00:1636,175.84
O2231,SKU_000986,S006,19-09-2025 00:1637,128.3
O2232,SKU_000987,S006,19-09-2025 00:1638,868.09
O2233,SKU_000988,S006,19-09-2025 00:1639,649.04
O2234,SKU_000989,S006,19-09-2025 00:1640,765.66
O2235,SKU_000990,S006,19-09-2025 00:1641,705.65
O2236,SKU_000991,S006,19-09-2025 00:1642,670.59
O2237,SKU_000992,S006,19-09-2025 00:1643,1847.88
O2238,SKU_000993,S006,19-09-2025 00:1644,1757.36
O2239,SKU_000994,S006,19-09-2025 00:1645,2005.18
O2240,SKU_000995,S006,19-09-2025 00:1646,2034.45
O2241,SKU_000996,S006,19-09-2025 00:1647,2414.54
O2242,SKU_000997,S006,19-09-2025 00:1648,3376.78
O2243,SKU_000998,S006,19-09-2025 00:1649,4027.67
O2244,SKU_000999,S006,19-09-2025 00:1650,4108.63
O2245,SKU_001000,S006,19-09-2025 00:1651,4467.47
O2246,SKU_001001,S006,19-09-2025 00:1652,3942.21
O2247,SKU_001002,S006,19-09-2025 00:1653,849.56
O2248,SKU_001003,S006,19-09-2025 00:1654,1025.41
O2249,SKU_001004,S006,19-09-2025 00:1655,834
O2250,SKU_001005,S006,19-09-2025 00:1656,1098.88
O2251,SKU_001006,S006,19-09-2025 00:1657,903.26
O2252,SKU_001007,S006,19-09-2025 00:1658,1301.02
O2253,SKU_001008,S006,19-09-2025 00:1659,1203.06
O2254,SKU_001009,S006,19-09-2025 00:1660,1125.06
O2255,SKU_001010,S006,19-09-2025 00:1661,1047.89
O2256,SKU_001011,S006,19-09-2025 00:1662,1124.68
O2257,SKU_001012,S006,19-09-2025 00:1663,783.99
O2258,SKU_001013,S006,19-09-2025 00:1664,781.2
O2259,SKU_001014,S006,19-09-2025 00:1665,716.71
O2260,SKU_001015,S006,19-09-2025 00:1666,836.5
O2261,SKU_001016,S006,19-09-2025 00:1667,740.96
O2262,SKU_001017,S006,19-09-2025 00:1668,19214.88
O2263,SKU_001018,S006,19-09-2025 00:1669,23584.75
O2264,SKU_001019,S006,19-09-2025 00:1670,21878.05
O2265,SKU_001020,S006,19-09-2025 00:1671,18867.96
O2266,SKU_001021,S006,19-09-2025 00:1672,21225.77
O2267,SKU_001022,S006,19-09-2025 00:1673,38648.66
O2268,SKU_001023,S006,19-09-2025 00:1674,38243.42
O2269,SKU_001024,S006,19-09-2025 00:1675,38177.4
O2270,SKU_001025,S006,19-09-2025 00:1676,37671.82
O2271,SKU_001026,S006,19-09-2025 00:1677,37985.28
O2272,SKU_001027,S006,19-09-2025 00:1678,69881.03
O2273,SKU_001028,S006,19-09-2025 00:1679,54144.77
O2274,SKU_001029,S006,19-09-2025 00:1680,75288.72
O2275,SKU_001030,S006,19-09-2025 00:1681,64509.02
O2276,SKU_001031,S006,19-09-2025 00:1682,75427.54
O2277,SKU_001032,S006,19-09-2025 00:1683,64.01
O2278,SKU_001033,S006,19-09-2025 00:1684,67.58
O2279,SKU_001034,S006,19-09-2025 00:1685,67.22
O2280,SKU_001035,S006,19-09-2025 00:1686,60.05
O2281,SKU_001036,S006,19-09-2025 00:1687,60.09
O2282,SKU_001037,S006,19-09-2025 00:1688,95.46
O2283,SKU_001038,S006,19-09-2025 00:1689,98.97
O2284,SKU_001039,S006,19-09-2025 00:1690,100.19
O2285,SKU_001040,S006,19-09-2025 00:1691,92.26
O2286,SKU_001041,S006,19-09-2025 00:1692,107.68
O2287,SKU_001042,S006,19-09-2025 00:1693,37.77
O2288,SKU_001043,S006,19-09-2025 00:1694,36.65
O2289,SKU_001044,S006,19-09-2025 00:1695,37.81
O2290,SKU_001045,S006,19-09-2025 00:1696,34.5
O2291,SKU_001046,S006,19-09-2025 00:1697,36.81
O2292,SKU_001047,S006,19-09-2025 00:1698,182.85
O2293,SKU_001048,S006,19-09-2025 00:1699,152.15
O2294,SKU_001049,S006,19-09-2025 00:1700,170.31
O2295,SKU_001050,S006,19-09-2025 00:1701,189.57
O2296,SKU_001051,S006,19-09-2025 00:1702,182.37
O2297,SKU_001052,S006,19-09-2025 00:1703,719.06
O2298,SKU_001053,S006,19-09-2025 00:1704,773.2
O2299,SKU_001054,S006,19-09-2025 00:1705,782.38
O2300,SKU_001055,S006,19-09-2025 00:1706,879.59
O2301,SKU_001056,S006,19-09-2025 00:1707,832.29
O2302,SKU_001057,S006,19-09-2025 00:1708,846.96
O2303,SKU_001058,S006,19-09-2025 00:1709,1015.34
O2304,SKU_001059,S006,19-09-2025 00:1710,904.1
O2305,SKU_001060,S006,19-09-2025 00:1711,857.8
O2306,SKU_001061,S006,19-09-2025 00:1712,725.6
O2307,SKU_001062,S006,19-09-2025 00:1713,754.66
O2308,SKU_001063,S006,19-09-2025 00:1714,734.52
O2309,SKU_001064,S006,19-09-2025 00:1715,994.1
O2310,SKU_001065,S006,19-09-2025 00:1716,780.25
O2311,SKU_001066,S006,19-09-2025 00:1717,839.06
O2312,SKU_001067,S006,19-09-2025 00:1718,278.7
O2313,SKU_001068,S006,19-09-2025 00:1719,392.45
O2314,SKU_001069,S006,19-09-2025 00:1720,329.1
O2315,SKU_001070,S006,19-09-2025 00:1721,283.94
O2316,SKU_001071,S006,19-09-2025 00:1722,288.46
O2317,SKU_001072,S006,19-09-2025 00:1723,1006.49
O2318,SKU_001073,S006,19-09-2025 00:1724,745.11
O2319,SKU_001074,S006,19-09-2025 00:1725,1031.81
O2320,SKU_001075,S006,19-09-2025 00:1726,817.57
O2321,SKU_001076,S006,19-09-2025 00:1727,974.38
O2322,SKU_001077,S006,19-09-2025 00:1728,292.93
O2323,SKU_001078,S006,19-09-2025 00:1729,286.11
O2324,SKU_001079,S006,19-09-2025 00:1730,310.13
O2325,SKU_001080,S006,19-09-2025 00:1731,302.24
O2326,SKU_001081,S006,19-09-2025 00:1732,304.95
O2327,SKU_001082,S006,19-09-2025 00:1733,754.45
O2328,SKU_001083,S006,19-09-2025 00:1734,577.27
O2329,SKU_001084,S006,19-09-2025 00:1735,637.08
O2330,SKU_001085,S006,19-09-2025 00:1736,566.1
O2331,SKU_001086,S006,19-09-2025 00:1737,723.54
O2332,SKU_001087,S006,19-09-2025 00:1738,386.16
O2333,SKU_001088,S006,19-09-2025 00:1739,501.16
O2334,SKU_001089,S006,19-09-2025 00:1740,419.44
O2335,SKU_001090,S006,19-09-2025 00:1741,386.12
O2336,SKU_001091,S006,19-09-2025 00:1742,448.43
O2337,SKU_001092,S006,19-09-2025 00:1743,1219.57
O2338,SKU_001093,S006,19-09-2025 00:1744,1371.56
O2339,SKU_001094,S006,19-09-2025 00:1745,1178.22
O2340,SKU_001095,S006,19-09-2025 00:1746,1316.26
O2341,SKU_001096,S006,19-09-2025 00:1747,1347.24
O2342,SKU_001097,S006,19-09-2025 00:1748,1237.54
O2343,SKU_001098,S006,19-09-2025 00:1749,1385.28
O2344,SKU_001099,S006,19-09-2025 00:1750,1213.37
O2345,SKU_001100,S006,19-09-2025 00:1751,1423.55
O2346,SKU_001101,S006,19-09-2025 00:1752,1373.77
O2347,SKU_001102,S006,19-09-2025 00:1753,1400.52
O2348,SKU_001103,S006,19-09-2025 00:1754,1539.47
O2349,SKU_001104,S006,19-09-2025 00:1755,1078.84
O2350,SKU_001105,S006,19-09-2025 00:1756,1254.46
O2351,SKU_001106,S006,19-09-2025 00:1757,1422.7
O2352,SKU_001107,S006,19-09-2025 00:1758,1871.38
O2353,SKU_001108,S006,19-09-2025 00:1759,1897.95
O2354,SKU_001109,S006,19-09-2025 00:1760,2330.77
O2355,SKU_001110,S006,19-09-2025 00:1761,2193.29
O2356,SKU_001111,S006,19-09-2025 00:1762,1932.19
O2357,SKU_001112,S006,19-09-2025 00:1763,221.68
O2358,SKU_001113,S006,19-09-2025 00:1764,215.35
O2359,SKU_001114,S006,19-09-2025 00:1765,219.45
O2360,SKU_001115,S006,19-09-2025 00:1766,184.02
O2361,SKU_001116,S006,19-09-2025 00:1767,195.28
O2362,SKU_001117,S006,19-09-2025 00:1768,20.93
O2363,SKU_001118,S006,19-09-2025 00:1769,28.34
O2364,SKU_001119,S006,19-09-2025 00:1770,24.26
O2365,SKU_001120,S006,19-09-2025 00:1771,24.05
O2366,SKU_001121,S006,19-09-2025 00:1772,21.26
O2367,SKU_001122,S006,19-09-2025 00:1773,554.38
O2368,SKU_001123,S006,19-09-2025 00:1774,653.29
O2369,SKU_001124,S006,19-09-2025 00:1775,471.01
O2370,SKU_001125,S006,19-09-2025 00:1776,547.19
O2371,SKU_001126,S006,19-09-2025 00:1777,607.26
O2372,SKU_001127,S006,19-09-2025 00:1778,383.39
O2373,SKU_001128,S006,19-09-2025 00:1779,377.89
O2374,SKU_001129,S006,19-09-2025 00:1780,315.08
O2375,SKU_001130,S006,19-09-2025 00:1781,340.63
O2376,SKU_001131,S006,19-09-2025 00:1782,294.4
O2377,SKU_001132,S006,19-09-2025 00:1783,42.14
O2378,SKU_001133,S006,19-09-2025 00:1784,51.82
O2379,SKU_001134,S006,19-09-2025 00:1785,42.4
O2380,SKU_001135,S006,19-09-2025 00:1786,46.5
O2381,SKU_001136,S006,19-09-2025 00:1787,47.69
O2382,SKU_001137,S006,19-09-2025 00:1788,14940.64
O2383,SKU_001138,S006,19-09-2025 00:1789,10448.22
O2384,SKU_001139,S006,19-09-2025 00:1790,15539.28
O2385,SKU_001140,S006,19-09-2025 00:1791,14693.01
O2386,SKU_001141,S006,19-09-2025 00:1792,15565.11
O2387,SKU_001142,S006,19-09-2025 00:1793,13946.13
O2388,SKU_001143,S006,19-09-2025 00:1794,13926.39
O2389,SKU_001144,S006,19-09-2025 00:1795,13270.06
O2390,SKU_001145,S006,19-09-2025 00:1796,12269.51
O2391,SKU_001146,S006,19-09-2025 00:1797,16700.57
O2392,SKU_001147,S006,19-09-2025 00:1798,65.65
O2393,SKU_001148,S006,19-09-2025 00:1799,46.19
O2394,SKU_001149,S006,19-09-2025 00:1800,46.05
O2395,SKU_001150,S006,19-09-2025 00:1801,47.5
O2396,SKU_001151,S006,19-09-2025 00:1802,47.6
O2397,SKU_001152,S006,19-09-2025 00:1803,824.2
O2398,SKU_001153,S006,19-09-2025 00:1804,1067.16
O2399,SKU_001154,S006,19-09-2025 00:1805,1014.86
O2400,SKU_001155,S006,19-09-2025 00:1806,942.06
O2401,SKU_001156,S006,19-09-2025 00:1807,1072.61
O2402,SKU_001157,S006,19-09-2025 00:1808,4591.92
O2403,SKU_001158,S006,19-09-2025 00:1809,5798.8
O2404,SKU_001159,S006,19-09-2025 00:1810,5347.56
O2405,SKU_001160,S006,19-09-2025 00:1811,5994.33
O2406,SKU_001161,S006,19-09-2025 00:1812,5848.74
O2407,SKU_001162,S006,19-09-2025 00:1813,122.78
O2408,SKU_001163,S006,19-09-2025 00:1814,146.65
O2409,SKU_001164,S006,19-09-2025 00:1815,143.21
O2410,SKU_001165,S006,19-09-2025 00:1816,141.25
O2411,SKU_001166,S006,19-09-2025 00:1817,122.41
O2412,SKU_001167,S006,19-09-2025 00:1818,111.53
O2413,SKU_001168,S006,19-09-2025 00:1819,106.4
O2414,SKU_001169,S006,19-09-2025 00:1820,84.82
O2415,SKU_001170,S006,19-09-2025 00:1821,83.72
O2416,SKU_001171,S006,19-09-2025 00:1822,99.23
O2417,SKU_001172,S006,19-09-2025 00:1823,1736.36
O2418,SKU_001173,S006,19-09-2025 00:1824,1787.2
O2419,SKU_001174,S006,19-09-2025 00:1825,1932.98
O2420,SKU_001175,S006,19-09-2025 00:1826,1849.55
O2421,SKU_001176,S006,19-09-2025 00:1827,2041.18
O2422,SKU_001177,S006,19-09-2025 00:1828,885.75
O2423,SKU_001178,S006,19-09-2025 00:1829,1054.94
O2424,SKU_001179,S006,19-09-2025 00:1830,961.78
O2425,SKU_001180,S006,19-09-2025 00:1831,1172.82
O2426,SKU_001181,S006,19-09-2025 00:1832,1016.11
O2427,SKU_001182,S006,19-09-2025 00:1833,590.05
O2428,SKU_001183,S006,19-09-2025 00:1834,487.88
O2429,SKU_001184,S006,19-09-2025 00:1835,477.53
O2430,SKU_001185,S006,19-09-2025 00:1836,439.57
O2431,SKU_001186,S006,19-09-2025 00:1837,467.77
O2432,SKU_001187,S006,19-09-2025 00:1838,484.86
O2433,SKU_001188,S006,19-09-2025 00:1839,567.81
O2434,SKU_001189,S006,19-09-2025 00:1840,497.13
O2435,SKU_001190,S006,19-09-2025 00:1841,585.76
O2436,SKU_001191,S006,19-09-2025 00:1842,414.72
O2437,SKU_001192,S006,19-09-2025 00:1843,1992.62
O2438,SKU_001193,S006,19-09-2025 00:1844,1761.6
O2439,SKU_001194,S006,19-09-2025 00:1845,2371.52
O2440,SKU_001195,S006,19-09-2025 00:1846,1813.71
O2441,SKU_001196,S006,19-09-2025 00:1847,2178.4
O2442,SKU_001197,S006,19-09-2025 00:1848,51.07
O2443,SKU_001198,S006,19-09-2025 00:1849,45.6
O2444,SKU_001199,S006,19-09-2025 00:1850,45.47
O2445,SKU_001200,S006,19-09-2025 00:1851,54.5
O2446,SKU_001201,S006,19-09-2025 00:1852,50.44
O2447,SKU_001202,S006,19-09-2025 00:1853,224.43
O2448,SKU_001203,S006,19-09-2025 00:1854,286.62
O2449,SKU_001204,S006,19-09-2025 00:1855,309.65
O2450,SKU_001205,S006,19-09-2025 00:1856,281.26
O2451,SKU_001206,S006,19-09-2025 00:1857,283.96
O2452,SKU_001207,S006,19-09-2025 00:1858,9199.22
O2453,SKU_001208,S006,19-09-2025 00:1859,10320.48
O2454,SKU_001209,S006,19-09-2025 00:1860,10570.07
O2455,SKU_001210,S006,19-09-2025 00:1861,9981.58
O2456,SKU_001211,S006,19-09-2025 00:1862,8484.13
O2457,SKU_001212,S006,19-09-2025 00:1863,20108.8
O2458,SKU_001213,S006,19-09-2025 00:1864,22860.89
O2459,SKU_001214,S006,19-09-2025 00:1865,16593.96
O2460,SKU_001215,S006,19-09-2025 00:1866,23668.76
O2461,SKU_001216,S006,19-09-2025 00:1867,23019.14
O2462,SKU_001217,S006,19-09-2025 00:1868,10388.53
O2463,SKU_001218,S006,19-09-2025 00:1869,11287.19
O2464,SKU_001219,S006,19-09-2025 00:1870,10915.18
O2465,SKU_001220,S006,19-09-2025 00:1871,9480.77
O2466,SKU_001221,S006,19-09-2025 00:1872,11666.85
O2467,SKU_001222,S006,19-09-2025 00:1873,8712.68
O2468,SKU_001223,S006,19-09-2025 00:1874,9471.34
O2469,SKU_001224,S006,19-09-2025 00:1875,11357.85
O2470,SKU_001225,S006,19-09-2025 00:1876,8238.88
O2471,SKU_001226,S006,19-09-2025 00:1877,11980.67
O2472,SKU_001227,S006,19-09-2025 00:1878,730.06
O2473,SKU_001228,S006,19-09-2025 00:1879,854.04
O2474,SKU_001229,S006,19-09-2025 00:1880,708.5
O2475,SKU_001230,S006,19-09-2025 00:1881,787.59
O2476,SKU_001231,S006,19-09-2025 00:1882,687.49
O2477,SKU_001232,S006,19-09-2025 00:1883,2581.39
O2478,SKU_001233,S006,19-09-2025 00:1884,2567.71
O2479,SKU_001234,S006,19-09-2025 00:1885,2600.17
O2480,SKU_001235,S006,19-09-2025 00:1886,2639.05
O2481,SKU_001236,S006,19-09-2025 00:1887,2075.22
O2482,SKU_001237,S006,19-09-2025 00:1888,3044.72
O2483,SKU_001238,S006,19-09-2025 00:1889,2534.82
O2484,SKU_001239,S006,19-09-2025 00:1890,3101.73
O2485,SKU_001240,S006,19-09-2025 00:1891,3007.79
O2486,SKU_001241,S006,19-09-2025 00:1892,2971.03
O2487,SKU_001242,S006,19-09-2025 00:1893,1361.11
O2488,SKU_001243,S006,19-09-2025 00:1894,975.97
O2489,SKU_001244,S006,19-09-2025 00:1895,1095.93
O2490,SKU_001245,S006,19-09-2025 00:1896,1097.33
O2491,SKU_001246,S006,19-09-2025 00:1897,1336.94
O2492,SKU_001247,S006,19-09-2025 00:1898,4128.04
O2493,SKU_001248,S006,19-09-2025 00:1899,4124.54
O2494,SKU_001249,S006,19-09-2025 00:1900,3081.79
O2495,SKU_001250,S006,19-09-2025 00:1901,3821.62
O2496,SKU_001251,S006,19-09-2025 00:1902,4184.72
O2497,SKU_001252,S006,19-09-2025 00:1903,141.93
O2498,SKU_001253,S006,19-09-2025 00:1904,122.23
O2499,SKU_001254,S006,19-09-2025 00:1905,140.71
O2500,SKU_001255,S006,19-09-2025 00:1906,118.87
O2501,SKU_001256,S006,19-09-2025 00:1907,141.32
O2502,SKU_001257,S006,19-09-2025 00:1908,200.33
O2503,SKU_001258,S006,19-09-2025 00:1909,207.55
O2504,SKU_001259,S006,19-09-2025 00:1910,215.52
O2505,SKU_001260,S006,19-09-2025 00:1911,211.88
O2506,SKU_001261,S006,19-09-2025 00:1912,171.27
O2507,SKU_001262,S006,19-09-2025 00:1913,2391.37
O2508,SKU_001263,S006,19-09-2025 00:1914,2755.38
O2509,SKU_001264,S006,19-09-2025 00:1915,2248.05
O2510,SKU_001265,S006,19-09-2025 00:1916,2379.93
O2511,SKU_001266,S006,19-09-2025 00:1917,2572.82
O2512,SKU_001267,S006,19-09-2025 00:1918,8417.23
O2513,SKU_001268,S006,19-09-2025 00:1919,6730.97
O2514,SKU_001269,S006,19-09-2025 00:1920,7769.83
O2515,SKU_001270,S006,19-09-2025 00:1921,6663.69
O2516,SKU_001271,S006,19-09-2025 00:1922,6761.24
O2517,SKU_001272,S006,19-09-2025 00:1923,6441.03
O2518,SKU_001273,S006,19-09-2025 00:1924,8973.11
O2519,SKU_001274,S006,19-09-2025 00:1925,8518.91
O2520,SKU_001275,S007,19-09-2025 00:1926,7491.52
O2521,SKU_001276,S007,19-09-2025 00:1927,9251.38
O2522,SKU_001277,S007,19-09-2025 00:1928,8628.65
O2523,SKU_001278,S007,19-09-2025 00:1929,9428.64
O2524,SKU_001279,S007,19-09-2025 00:1930,7341.72
O2525,SKU_001280,S007,19-09-2025 00:1931,7197.52
O2526,SKU_001281,S007,19-09-2025 00:1932,7179.67
O2527,SKU_001282,S007,19-09-2025 00:1933,2892.35
O2528,SKU_001283,S007,19-09-2025 00:1934,2500.01
O2529,SKU_001284,S007,19-09-2025 00:1935,3196.84
O2530,SKU_001285,S007,19-09-2025 00:1936,3418.73
O2531,SKU_001286,S007,19-09-2025 00:1937,3421.85
O2532,SKU_001287,S007,19-09-2025 00:1938,757.18
O2533,SKU_001288,S007,19-09-2025 00:1939,675.48
O2534,SKU_001289,S007,19-09-2025 00:1940,762.48
O2535,SKU_001290,S007,19-09-2025 00:1941,811.84
O2536,SKU_001291,S007,19-09-2025 00:1942,824.61
O2537,SKU_001292,S007,19-09-2025 00:1943,75124.15
O2538,SKU_001293,S007,19-09-2025 00:1944,88294.47
O2539,SKU_001294,S007,19-09-2025 00:1945,84791.35
O2540,SKU_001295,S007,19-09-2025 00:1946,95766.73
O2541,SKU_001296,S007,19-09-2025 00:1947,100387.56
O2542,SKU_001297,S007,19-09-2025 00:1948,530.55
O2543,SKU_001298,S007,19-09-2025 00:1949,490.57
O2544,SKU_001299,S007,19-09-2025 00:1950,414.65
O2545,SKU_001300,S007,19-09-2025 00:1951,426.22
O2546,SKU_001301,S007,19-09-2025 00:1952,439.32
O2547,SKU_001302,S007,19-09-2025 00:1953,1542.21
O2548,SKU_001303,S007,19-09-2025 00:1954,1107.64
O2549,SKU_001304,S007,19-09-2025 00:1955,1499.12
O2550,SKU_001305,S007,19-09-2025 00:1956,1394.65
O2551,SKU_001306,S007,19-09-2025 00:1957,1106.04
O2552,SKU_001307,S007,19-09-2025 00:1958,13255.17
O2553,SKU_001308,S007,19-09-2025 00:1959,17417.05
O2554,SKU_001309,S007,19-09-2025 00:1960,18084.98
O2555,SKU_001310,S007,19-09-2025 00:1961,15950.46
O2556,SKU_001311,S007,19-09-2025 00:1962,17312.96
O2557,SKU_001312,S007,19-09-2025 00:1963,4501.02
O2558,SKU_001313,S007,19-09-2025 00:1964,3824.98
O2559,SKU_001314,S007,19-09-2025 00:1965,4389.1
O2560,SKU_001315,S007,19-09-2025 00:1966,3832.64
O2561,SKU_001316,S007,19-09-2025 00:1967,4784.02
O2562,SKU_001317,S007,19-09-2025 00:1968,411.62
O2563,SKU_001318,S007,19-09-2025 00:1969,358.04
O2564,SKU_001319,S007,19-09-2025 00:1970,393
O2565,SKU_001320,S007,19-09-2025 00:1971,395.53
O2566,SKU_001321,S007,19-09-2025 00:1972,346.41
O2567,SKU_001322,S007,19-09-2025 00:1973,293.26
O2568,SKU_001323,S007,19-09-2025 00:1974,320.35
O2569,SKU_001324,S007,19-09-2025 00:1975,285.16
O2570,SKU_001325,S007,19-09-2025 00:1976,296.89
O2571,SKU_001326,S007,19-09-2025 00:1977,325.57
O2572,SKU_001327,S007,19-09-2025 00:1978,317.87
O2573,SKU_001328,S007,19-09-2025 00:1979,320.06
O2574,SKU_001329,S007,19-09-2025 00:1980,322.24
O2575,SKU_001330,S007,19-09-2025 00:1981,276.73
O2576,SKU_001331,S007,19-09-2025 00:1982,260.93
O2577,SKU_001332,S007,19-09-2025 00:1983,406.28
O2578,SKU_001333,S007,19-09-2025 00:1984,429.18
O2579,SKU_001334,S007,19-09-2025 00:1985,562.93
O2580,SKU_001335,S007,19-09-2025 00:1986,597.95
O2581,SKU_001336,S007,19-09-2025 00:1987,466.83
O2582,SKU_001337,S007,19-09-2025 00:1988,68.84
O2583,SKU_001338,S007,19-09-2025 00:1989,53.37
O2584,SKU_001339,S007,19-09-2025 00:1990,55.82
O2585,SKU_001340,S007,19-09-2025 00:1991,64.23
O2586,SKU_001341,S007,19-09-2025 00:1992,71.45
O2587,SKU_001342,S007,19-09-2025 00:1993,209.35
O2588,SKU_001343,S007,19-09-2025 00:1994,237.33
O2589,SKU_001344,S007,19-09-2025 00:1995,236.41
O2590,SKU_001345,S007,19-09-2025 00:1996,278.77
O2591,SKU_001346,S007,19-09-2025 00:1997,230.53
O2592,SKU_001347,S007,19-09-2025 00:1998,155.86
O2593,SKU_001348,S007,19-09-2025 00:1999,188.13
O2594,SKU_001349,S007,19-09-2025 00:2000,212.06
O2595,SKU_001350,S007,19-09-2025 00:2001,150.35
O2596,SKU_001351,S007,19-09-2025 00:2002,154.1
O2597,SKU_001352,S007,19-09-2025 00:2003,131.19
O2598,SKU_001353,S007,19-09-2025 00:2004,111.52
O2599,SKU_001354,S007,19-09-2025 00:2005,109.45
O2600,SKU_001355,S007,19-09-2025 00:2006,106.53
O2601,SKU_001356,S007,19-09-2025 00:2007,130.65
O2602,SKU_001357,S007,19-09-2025 00:2008,423.95
O2603,SKU_001358,S007,19-09-2025 00:2009,504.45
O2604,SKU_001359,S007,19-09-2025 00:2010,593.31
O2605,SKU_001360,S007,19-09-2025 00:2011,408.26
O2606,SKU_001361,S007,19-09-2025 00:2012,555.06
O2607,SKU_001362,S007,19-09-2025 00:2013,1618.84
O2608,SKU_001363,S007,19-09-2025 00:2014,1688.11
O2609,SKU_001364,S007,19-09-2025 00:2015,2312.38
O2610,SKU_001365,S007,19-09-2025 00:2016,2321.25
O2611,SKU_001366,S007,19-09-2025 00:2017,1976.57
O2612,SKU_001367,S007,19-09-2025 00:2018,504.48
O2613,SKU_001368,S007,19-09-2025 00:2019,507.38
O2614,SKU_001369,S007,19-09-2025 00:2020,563.99
O2615,SKU_001370,S007,19-09-2025 00:2021,422.87
O2616,SKU_001371,S007,19-09-2025 00:2022,568.72
O2617,SKU_001372,S007,19-09-2025 00:2023,402.95
O2618,SKU_001373,S007,19-09-2025 00:2024,454.97
O2619,SKU_001374,S007,19-09-2025 00:2025,427.94
O2620,SKU_001375,S007,19-09-2025 00:2026,361.36
O2621,SKU_001376,S007,19-09-2025 00:2027,432.4
O2622,SKU_001377,S007,19-09-2025 00:2028,2226.98
O2623,SKU_001378,S007,19-09-2025 00:2029,2216.34
O2624,SKU_001379,S007,19-09-2025 00:2030,2416.1
O2625,SKU_001380,S007,19-09-2025 00:2031,2055.64
O2626,SKU_001381,S007,19-09-2025 00:2032,2022.88
O2627,SKU_001382,S007,19-09-2025 00:2033,2792.04
O2628,SKU_001383,S007,19-09-2025 00:2034,3491.8
O2629,SKU_001384,S007,19-09-2025 00:2035,2716.07
O2630,SKU_001385,S007,19-09-2025 00:2036,2632.29
O2631,SKU_001386,S007,19-09-2025 00:2037,3413.84
O2632,SKU_001387,S007,19-09-2025 00:2038,1764.7
O2633,SKU_001388,S007,19-09-2025 00:2039,1780.43
O2634,SKU_001389,S007,19-09-2025 00:2040,1906.43
O2635,SKU_001390,S007,19-09-2025 00:2041,1665.8
O2636,SKU_001391,S007,19-09-2025 00:2042,1966.31
O2637,SKU_001392,S007,19-09-2025 00:2043,1985.82
O2638,SKU_001393,S007,19-09-2025 00:2044,2566.61
O2639,SKU_001394,S007,19-09-2025 00:2045,2586.63
O2640,SKU_001395,S007,19-09-2025 00:2046,2191.94
O2641,SKU_001396,S007,19-09-2025 00:2047,1893.31
O2642,SKU_001397,S007,19-09-2025 00:2048,1334.26
O2643,SKU_001398,S007,19-09-2025 00:2049,1251.36
O2644,SKU_001399,S007,19-09-2025 00:2050,1361.77
O2645,SKU_001400,S007,19-09-2025 00:2051,1356.23
O2646,SKU_001401,S007,19-09-2025 00:2052,1209.34
O2647,SKU_001402,S007,19-09-2025 00:2053,79.46
O2648,SKU_001403,S007,19-09-2025 00:2054,68.69
O2649,SKU_001404,S007,19-09-2025 00:2055,82.93
O2650,SKU_001405,S007,19-09-2025 00:2056,98.6
O2651,SKU_001406,S007,19-09-2025 00:2057,89.25
O2652,SKU_001407,S007,19-09-2025 00:2058,35183.64
O2653,SKU_001408,S007,19-09-2025 00:2059,32567.22
O2654,SKU_001409,S007,19-09-2025 00:2060,37478.18
O2655,SKU_001410,S007,19-09-2025 00:2061,37670.42
O2656,SKU_001411,S007,19-09-2025 00:2062,35868.33
O2657,SKU_001412,S007,19-09-2025 00:2063,12028.43
O2658,SKU_001413,S007,19-09-2025 00:2064,11009.15
O2659,SKU_001414,S007,19-09-2025 00:2065,12592.04
O2660,SKU_001415,S007,19-09-2025 00:2066,13804.98
O2661,SKU_001416,S007,19-09-2025 00:2067,11386.02
O2662,SKU_001417,S007,19-09-2025 00:2068,3242.17
O2663,SKU_001418,S007,19-09-2025 00:2069,3530.29
O2664,SKU_001419,S007,19-09-2025 00:2070,2578.62
O2665,SKU_001420,S007,19-09-2025 00:2071,3326.05
O2666,SKU_001421,S007,19-09-2025 00:2072,2840.54
O2667,SKU_001422,S007,19-09-2025 00:2073,1325.71
O2668,SKU_001423,S007,19-09-2025 00:2074,1742.42
O2669,SKU_001424,S007,19-09-2025 00:2075,1622.77
O2670,SKU_001425,S007,19-09-2025 00:2076,1561.55
O2671,SKU_001426,S007,19-09-2025 00:2077,1513.88
O2672,SKU_001427,S007,19-09-2025 00:2078,437.13
O2673,SKU_001428,S007,19-09-2025 00:2079,351.24
O2674,SKU_001429,S007,19-09-2025 00:2080,448.26
O2675,SKU_001430,S007,19-09-2025 00:2081,450.93
O2676,SKU_001431,S007,19-09-2025 00:2082,452.82
O2677,SKU_001432,S007,19-09-2025 00:2083,444.95
O2678,SKU_001433,S007,19-09-2025 00:2084,590.1
O2679,SKU_001434,S007,19-09-2025 00:2085,470.5
O2680,SKU_001435,S007,19-09-2025 00:2086,454.64
O2681,SKU_001436,S007,19-09-2025 00:2087,475.67
O2682,SKU_001437,S007,19-09-2025 00:2088,1287.95
O2683,SKU_001438,S007,19-09-2025 00:2089,1434.07
O2684,SKU_001439,S007,19-09-2025 00:2090,1781.89
O2685,SKU_001440,S007,19-09-2025 00:2091,1345.83
O2686,SKU_001441,S007,19-09-2025 00:2092,1291.52
O2687,SKU_001442,S007,19-09-2025 00:2093,1866.28
O2688,SKU_001443,S007,19-09-2025 00:2094,2215.78
O2689,SKU_001444,S007,19-09-2025 00:2095,1640.51
O2690,SKU_001445,S007,19-09-2025 00:2096,1877.4
O2691,SKU_001446,S007,19-09-2025 00:2097,1857.49
O2692,SKU_001447,S007,19-09-2025 00:2098,1780.85
O2693,SKU_001448,S007,19-09-2025 00:2099,2299.45
O2694,SKU_001449,S007,19-09-2025 00:2100,2005.56
O2695,SKU_001450,S007,19-09-2025 00:2101,1966.62
O2696,SKU_001451,S007,19-09-2025 00:2102,2138.76
O2697,SKU_001452,S007,19-09-2025 00:2103,1492.36
O2698,SKU_001453,S007,19-09-2025 00:2104,1421.73
O2699,SKU_001454,S007,19-09-2025 00:2105,1303.81
O2700,SKU_001455,S007,19-09-2025 00:2106,1734.29
O2701,SKU_001456,S007,19-09-2025 00:2107,1626.44
O2702,SKU_001457,S007,19-09-2025 00:2108,845.96
O2703,SKU_001458,S007,19-09-2025 00:2109,1057.53
O2704,SKU_001459,S007,19-09-2025 00:2110,799.19
O2705,SKU_001460,S007,19-09-2025 00:2111,903.57
O2706,SKU_001461,S007,19-09-2025 00:2112,859.86
O2707,SKU_001462,S007,19-09-2025 00:2113,1556.79
O2708,SKU_001463,S007,19-09-2025 00:2114,1439.83
O2709,SKU_001464,S007,19-09-2025 00:2115,1428.49
O2710,SKU_001465,S007,19-09-2025 00:2116,1479.51
O2711,SKU_001466,S007,19-09-2025 00:2117,1524.81
O2712,SKU_001467,S007,19-09-2025 00:2118,2314.44
O2713,SKU_001468,S007,19-09-2025 00:2119,3216.35
O2714,SKU_001469,S007,19-09-2025 00:2120,2906.61
O2715,SKU_001470,S007,19-09-2025 00:2121,2921.98
O2716,SKU_001471,S007,19-09-2025 00:2122,2601
O2717,SKU_001472,S007,19-09-2025 00:2123,500.47
O2718,SKU_001473,S007,19-09-2025 00:2124,448.85
O2719,SKU_001474,S007,19-09-2025 00:2125,568.57
O2720,SKU_001475,S007,19-09-2025 00:2126,499.99
O2721,SKU_001476,S007,19-09-2025 00:2127,402.05
O2722,SKU_001477,S007,19-09-2025 00:2128,804.69
O2723,SKU_001478,S007,19-09-2025 00:2129,1089.77
O2724,SKU_001479,S007,19-09-2025 00:2130,1032.74
O2725,SKU_001480,S007,19-09-2025 00:2131,950.54
O2726,SKU_001481,S007,19-09-2025 00:2132,1187.88
O2727,SKU_001482,S007,19-09-2025 00:2133,548.59
O2728,SKU_001483,S007,19-09-2025 00:2134,564.65
O2729,SKU_001484,S007,19-09-2025 00:2135,492.49
O2730,SKU_001485,S007,19-09-2025 00:2136,516.63
O2731,SKU_001486,S007,19-09-2025 00:2137,447.6
O2732,SKU_001487,S007,19-09-2025 00:2138,8593.48
O2733,SKU_001488,S007,19-09-2025 00:2139,9618.02
O2734,SKU_001489,S007,19-09-2025 00:2140,9646.86
O2735,SKU_001490,S007,19-09-2025 00:2141,10430.55
O2736,SKU_001491,S007,19-09-2025 00:2142,11643.45
O2737,SKU_001492,S007,19-09-2025 00:2143,79952.14
O2738,SKU_001493,S007,19-09-2025 00:2144,58275.7
O2739,SKU_001494,S007,19-09-2025 00:2145,61280.63
O2740,SKU_001495,S007,19-09-2025 00:2146,61293.15
O2741,SKU_001496,S007,19-09-2025 00:2147,62336.44
O2742,SKU_001497,S007,19-09-2025 00:2148,896.47
O2743,SKU_001498,S007,19-09-2025 00:2149,970.63
O2744,SKU_001499,S007,19-09-2025 00:2150,861.19
O2745,SKU_001500,S007,19-09-2025 00:2151,839.39
O2746,SKU_001501,S007,19-09-2025 00:2152,945.05
O2747,SKU_001502,S007,19-09-2025 00:2153,14569.58
O2748,SKU_001503,S007,19-09-2025 00:2154,16233.91
O2749,SKU_001504,S007,19-09-2025 00:2155,13089.7
O2750,SKU_001505,S007,19-09-2025 00:2156,13563.12
O2751,SKU_001506,S007,19-09-2025 00:2157,12326.51
O2752,SKU_001507,S007,19-09-2025 00:2158,1111.87
O2753,SKU_001508,S007,19-09-2025 00:2159,1117.87
O2754,SKU_001509,S007,19-09-2025 00:2160,943.87
O2755,SKU_001510,S007,19-09-2025 00:2161,1140.63
O2756,SKU_001511,S007,19-09-2025 00:2162,942.88
O2757,SKU_001512,S007,19-09-2025 00:2163,104.1
O2758,SKU_001513,S007,19-09-2025 00:2164,142.64
O2759,SKU_001514,S007,19-09-2025 00:2165,116.68
O2760,SKU_001515,S007,19-09-2025 00:2166,104.1
O2761,SKU_001516,S007,19-09-2025 00:2167,112.4
O2762,SKU_001517,S007,19-09-2025 00:2168,397.06
O2763,SKU_001518,S007,19-09-2025 00:2169,405.22
O2764,SKU_001519,S007,19-09-2025 00:2170,364.11
O2765,SKU_001520,S007,19-09-2025 00:2171,272.4
O2766,SKU_001521,S007,19-09-2025 00:2172,357.19
O2767,SKU_001522,S007,19-09-2025 00:2173,898.72
O2768,SKU_001523,S007,19-09-2025 00:2174,811.74
O2769,SKU_001524,S007,19-09-2025 00:2175,774.41
O2770,SKU_001525,S007,19-09-2025 00:2176,887.71
O2771,SKU_001526,S007,19-09-2025 00:2177,788.83
O2772,SKU_001527,S007,19-09-2025 00:2178,770.16
O2773,SKU_001528,S007,19-09-2025 00:2179,827.04
O2774,SKU_001529,S007,19-09-2025 00:2180,782.28
O2775,SKU_001530,S007,19-09-2025 00:2181,789.53
O2776,SKU_001531,S007,19-09-2025 00:2182,817.97
O2777,SKU_001532,S007,19-09-2025 00:2183,931.66
O2778,SKU_001533,S007,19-09-2025 00:2184,879.52
O2779,SKU_001534,S007,19-09-2025 00:2185,989.14
O2780,SKU_001535,S007,19-09-2025 00:2186,846.85
O2781,SKU_001536,S007,19-09-2025 00:2187,1090.54
O2782,SKU_001537,S007,19-09-2025 00:2188,799.54
O2783,SKU_001538,S007,19-09-2025 00:2189,780.65
O2784,SKU_001539,S007,19-09-2025 00:2190,802.9
O2785,SKU_001540,S007,19-09-2025 00:2191,721.21
O2786,SKU_001541,S007,19-09-2025 00:2192,833.82
O2787,SKU_001542,S007,19-09-2025 00:2193,665.44
O2788,SKU_001543,S007,19-09-2025 00:2194,704.54
O2789,SKU_001544,S007,19-09-2025 00:2195,552.54
O2790,SKU_001545,S007,19-09-2025 00:2196,675.9
O2791,SKU_001546,S007,19-09-2025 00:2197,666.56
O2792,SKU_001547,S007,19-09-2025 00:2198,718.26
O2793,SKU_001548,S007,19-09-2025 00:2199,708.17
O2794,SKU_001549,S007,19-09-2025 00:2200,666.84
O2795,SKU_001550,S007,19-09-2025 00:2201,682.59
O2796,SKU_001551,S007,19-09-2025 00:2202,697.36
O2797,SKU_001552,S007,19-09-2025 00:2203,528.19
O2798,SKU_001553,S007,19-09-2025 00:2204,668.71
O2799,SKU_001554,S007,19-09-2025 00:2205,607.51
O2800,SKU_001555,S007,19-09-2025 00:2206,672.07
O2801,SKU_001556,S007,19-09-2025 00:2207,606.52
O2802,SKU_001557,S007,19-09-2025 00:2208,714.75
O2803,SKU_001558,S007,19-09-2025 00:2209,903.91
O2804,SKU_001559,S007,19-09-2025 00:2210,901.68
O2805,SKU_001560,S007,19-09-2025 00:2211,808.19
O2806,SKU_001561,S007,19-09-2025 00:2212,923.95
O2807,SKU_001562,S007,19-09-2025 00:2213,565.9
O2808,SKU_001563,S007,19-09-2025 00:2214,561.8
O2809,SKU_001564,S007,19-09-2025 00:2215,498.21
O2810,SKU_001565,S007,19-09-2025 00:2216,636.19
O2811,SKU_001566,S007,19-09-2025 00:2217,582.56
O2812,SKU_001567,S007,19-09-2025 00:2218,608.63
O2813,SKU_001568,S007,19-09-2025 00:2219,697.28
O2814,SKU_001569,S007,19-09-2025 00:2220,717.57
O2815,SKU_001570,S007,19-09-2025 00:2221,701.68
O2816,SKU_001571,S007,19-09-2025 00:2222,558.22
O2817,SKU_001572,S007,19-09-2025 00:2223,1564.53
O2818,SKU_001573,S007,19-09-2025 00:2224,1790.79
O2819,SKU_001574,S007,19-09-2025 00:2225,1475.18
O2820,SKU_001575,S007,19-09-2025 00:2226,1424.18
O2821,SKU_001576,S007,19-09-2025 00:2227,1429.36
O2822,SKU_001577,S007,19-09-2025 00:2228,563.96
O2823,SKU_001578,S007,19-09-2025 00:2229,468.93
O2824,SKU_001579,S007,19-09-2025 00:2230,459.08
O2825,SKU_001580,S007,19-09-2025 00:2231,647.15
O2826,SKU_001581,S007,19-09-2025 00:2232,474.7
O2827,SKU_001582,S007,19-09-2025 00:2233,663.13
O2828,SKU_001583,S007,19-09-2025 00:2234,665.95
O2829,SKU_001584,S007,19-09-2025 00:2235,816.32
O2830,SKU_001585,S007,19-09-2025 00:2236,742.55
O2831,SKU_001586,S007,19-09-2025 00:2237,681.1
O2832,SKU_001587,S007,19-09-2025 00:2238,800.79
O2833,SKU_001588,S007,19-09-2025 00:2239,691.61
O2834,SKU_001589,S007,19-09-2025 00:2240,798.16
O2835,SKU_001590,S007,19-09-2025 00:2241,613.5
O2836,SKU_001591,S007,19-09-2025 00:2242,735.92
O2837,SKU_001592,S007,19-09-2025 00:2243,514
O2838,SKU_001593,S007,19-09-2025 00:2244,568.15
O2839,SKU_001594,S007,19-09-2025 00:2245,610.39
O2840,SKU_001595,S007,19-09-2025 00:2246,465.18
O2841,SKU_001596,S007,19-09-2025 00:2247,480.59
O2842,SKU_001597,S007,19-09-2025 00:2248,376.1
O2843,SKU_001598,S007,19-09-2025 00:2249,347.14
O2844,SKU_001599,S007,19-09-2025 00:2250,385.95
O2845,SKU_001600,S007,19-09-2025 00:2251,363.26
O2846,SKU_001601,S007,19-09-2025 00:2252,443
O2847,SKU_001602,S007,19-09-2025 00:2253,300.51
O2848,SKU_001603,S007,19-09-2025 00:2254,316.19
O2849,SKU_001604,S007,19-09-2025 00:2255,273.09
O2850,SKU_001605,S007,19-09-2025 00:2256,309.76
O2851,SKU_001606,S007,19-09-2025 00:2257,271.3
O2852,SKU_001607,S007,19-09-2025 00:2258,499.57
O2853,SKU_001608,S007,19-09-2025 00:2259,440.88
O2854,SKU_001609,S007,19-09-2025 00:2260,563.16
O2855,SKU_001610,S007,19-09-2025 00:2261,501.15
O2856,SKU_001611,S007,19-09-2025 00:2262,428.9
O2857,SKU_001612,S007,19-09-2025 00:2263,2059.32
O2858,SKU_001613,S007,19-09-2025 00:2264,2227.16
O2859,SKU_001614,S007,19-09-2025 00:2265,2516.58
O2860,SKU_001615,S007,19-09-2025 00:2266,2274.06
O2861,SKU_001616,S007,19-09-2025 00:2267,1767.33
O2862,SKU_001617,S007,19-09-2025 00:2268,617.42
O2863,SKU_001618,S007,19-09-2025 00:2269,650.84
O2864,SKU_001619,S007,19-09-2025 00:2270,550.48
O2865,SKU_001620,S007,19-09-2025 00:2271,664.1
O2866,SKU_001621,S007,19-09-2025 00:2272,651.57
O2867,SKU_001622,S007,19-09-2025 00:2273,151.23
O2868,SKU_001623,S007,19-09-2025 00:2274,191.03
O2869,SKU_001624,S007,19-09-2025 00:2275,180.04
O2870,SKU_001625,S007,19-09-2025 00:2276,155.09
O2871,SKU_001626,S007,19-09-2025 00:2277,144.16
O2872,SKU_001627,S007,19-09-2025 00:2278,285.03
O2873,SKU_001628,S007,19-09-2025 00:2279,207.85
O2874,SKU_001629,S007,19-09-2025 00:2280,226.33
O2875,SKU_001630,S007,19-09-2025 00:2281,268.36
O2876,SKU_001631,S007,19-09-2025 00:2282,290.04
O2877,SKU_001632,S007,19-09-2025 00:2283,249.92
O2878,SKU_001633,S007,19-09-2025 00:2284,297.78
O2879,SKU_001634,S007,19-09-2025 00:2285,302.85
O2880,SKU_001635,S007,19-09-2025 00:2286,326.55
O2881,SKU_001636,S007,19-09-2025 00:2287,311.84
O2882,SKU_001637,S007,19-09-2025 00:2288,244.19
O2883,SKU_001638,S007,19-09-2025 00:2289,287.34
O2884,SKU_001639,S007,19-09-2025 00:2290,289.16
O2885,SKU_001640,S007,19-09-2025 00:2291,264.42
O2886,SKU_001641,S007,19-09-2025 00:2292,269.63
O2887,SKU_001642,S007,19-09-2025 00:2293,310.94
O2888,SKU_001643,S007,19-09-2025 00:2294,337.92
O2889,SKU_001644,S007,19-09-2025 00:2295,388.88
O2890,SKU_001645,S007,19-09-2025 00:2296,391.09
O2891,SKU_001646,S007,19-09-2025 00:2297,364.42
O2892,SKU_001647,S007,19-09-2025 00:2298,45134.1
O2893,SKU_001648,S007,19-09-2025 00:2299,53796.6
O2894,SKU_001649,S007,19-09-2025 00:2300,47782.96
O2895,SKU_001650,S007,19-09-2025 00:2301,37169.14
O2896,SKU_001651,S007,19-09-2025 00:2302,43784.12
O2897,SKU_001652,S007,19-09-2025 00:2303,55917.24
O2898,SKU_001653,S007,19-09-2025 00:2304,55296.88
O2899,SKU_001654,S007,19-09-2025 00:2305,55941.1
O2900,SKU_001655,S007,19-09-2025 00:2306,47361.29
O2901,SKU_001656,S007,19-09-2025 00:2307,47697.23
O2902,SKU_001657,S007,19-09-2025 00:2308,658.45
O2903,SKU_001658,S007,19-09-2025 00:2309,815.41
O2904,SKU_001659,S007,19-09-2025 00:2310,776.06
O2905,SKU_001660,S007,19-09-2025 00:2311,742.24
O2906,SKU_001661,S007,19-09-2025 00:2312,696.83
O2907,SKU_001662,S007,19-09-2025 00:2313,1314.37
O2908,SKU_001663,S007,19-09-2025 00:2314,893.97
O2909,SKU_001664,S007,19-09-2025 00:2315,927.05
O2910,SKU_001665,S007,19-09-2025 00:2316,1120.5
O2911,SKU_001666,S007,19-09-2025 00:2317,1131.75
O2912,SKU_001667,S007,19-09-2025 00:2318,3326.49
O2913,SKU_001668,S007,19-09-2025 00:2319,2496.71
O2914,SKU_001669,S007,19-09-2025 00:2320,3283.84
O2915,SKU_001670,S007,19-09-2025 00:2321,2636.65
O2916,SKU_001671,S007,19-09-2025 00:2322,2451.2
O2917,SKU_001672,S007,19-09-2025 00:2323,1419.1
O2918,SKU_001673,S007,19-09-2025 00:2324,976.43
O2919,SKU_001674,S007,19-09-2025 00:2325,1230.42
O2920,SKU_001675,S008,19-09-2025 00:2326,1369.67
O2921,SKU_001676,S008,19-09-2025 00:2327,1260.38
O2922,SKU_001677,S008,19-09-2025 00:2328,2766.88
O2923,SKU_001678,S008,19-09-2025 00:2329,2199.52
O2924,SKU_001679,S008,19-09-2025 00:2330,2674.79
O2925,SKU_001680,S008,19-09-2025 00:2331,2532.14
O2926,SKU_001681,S008,19-09-2025 00:2332,2535.41
O2927,SKU_001682,S008,19-09-2025 00:2333,1232.75
O2928,SKU_001683,S008,19-09-2025 00:2334,1653.21
O2929,SKU_001684,S008,19-09-2025 00:2335,1503.28
O2930,SKU_001685,S008,19-09-2025 00:2336,1390.43
O2931,SKU_001686,S008,19-09-2025 00:2337,1202.17
O2932,SKU_001687,S008,19-09-2025 00:2338,1480
O2933,SKU_001688,S008,19-09-2025 00:2339,1204.77
O2934,SKU_001689,S008,19-09-2025 00:2340,1310.38
O2935,SKU_001690,S008,19-09-2025 00:2341,1250.67
O2936,SKU_001691,S008,19-09-2025 00:2342,1667.11
O2937,SKU_001692,S008,19-09-2025 00:2343,2091.59
O2938,SKU_001693,S008,19-09-2025 00:2344,2109.11
O2939,SKU_001694,S008,19-09-2025 00:2345,2761.57
O2940,SKU_001695,S008,19-09-2025 00:2346,2809.39
O2941,SKU_001696,S008,19-09-2025 00:2347,2145.4
O2942,SKU_001697,S008,19-09-2025 00:2348,28434.59
O2943,SKU_001698,S008,19-09-2025 00:2349,27122.58
O2944,SKU_001699,S008,19-09-2025 00:2350,26587.15
O2945,SKU_001700,S008,19-09-2025 00:2351,30025.64
O2946,SKU_001701,S008,19-09-2025 00:2352,22403.87
O2947,SKU_001702,S008,19-09-2025 00:2353,1203.44
O2948,SKU_001703,S008,19-09-2025 00:2354,1341.77
O2949,SKU_001704,S008,19-09-2025 00:2355,1403.78
O2950,SKU_001705,S008,19-09-2025 00:2356,1213.34
O2951,SKU_001706,S008,19-09-2025 00:2357,1180.02
O2952,SKU_001707,S008,19-09-2025 00:2358,4931.32
O2953,SKU_001708,S008,19-09-2025 00:2359,5848.94
O2954,SKU_001709,S008,19-09-2025 00:2360,5532.31
O2955,SKU_001710,S008,19-09-2025 00:2361,5465.52
O2956,SKU_001711,S008,19-09-2025 00:2362,5915.6
O2957,SKU_001712,S008,19-09-2025 00:2363,7360.66
O2958,SKU_001713,S008,19-09-2025 00:2364,8894.9
O2959,SKU_001714,S008,19-09-2025 00:2365,7816.03
O2960,SKU_001715,S008,19-09-2025 00:2366,7101.67
O2961,SKU_001716,S008,19-09-2025 00:2367,7531.95
O2962,SKU_001717,S008,19-09-2025 00:2368,25348.47
O2963,SKU_001718,S008,19-09-2025 00:2369,26519.63
O2964,SKU_001719,S008,19-09-2025 00:2370,23078.77
O2965,SKU_001720,S008,19-09-2025 00:2371,22322.77
O2966,SKU_001721,S008,19-09-2025 00:2372,23628.88
O2967,SKU_001722,S008,19-09-2025 00:2373,17217.76
O2968,SKU_001723,S008,19-09-2025 00:2374,14125.27
O2969,SKU_001724,S008,19-09-2025 00:2375,15070.29
O2970,SKU_001725,S008,19-09-2025 00:2376,12058.19
O2971,SKU_001726,S008,19-09-2025 00:2377,12107.74
O2972,SKU_001727,S008,19-09-2025 00:2378,4299.52
O2973,SKU_001728,S008,19-09-2025 00:2379,4041.57
O2974,SKU_001729,S008,19-09-2025 00:2380,3758.33
O2975,SKU_001730,S008,19-09-2025 00:2381,5145.98
O2976,SKU_001731,S008,19-09-2025 00:2382,4403.01
O2977,SKU_001732,S008,19-09-2025 00:2383,1097.98
O2978,SKU_001733,S008,19-09-2025 00:2384,1206.8
O2979,SKU_001734,S008,19-09-2025 00:2385,1371.17
O2980,SKU_001735,S008,19-09-2025 00:2386,1170.86
O2981,SKU_001736,S008,19-09-2025 00:2387,1401.29
O2982,SKU_001737,S008,19-09-2025 00:2388,8554.38
O2983,SKU_001738,S008,19-09-2025 00:2389,6902.79
O2984,SKU_001739,S008,19-09-2025 00:2390,8625.59
O2985,SKU_001740,S008,19-09-2025 00:2391,9495.6
O2986,SKU_001741,S008,19-09-2025 00:2392,8664.54
O2987,SKU_001742,S008,19-09-2025 00:2393,4953.74
O2988,SKU_001743,S008,19-09-2025 00:2394,5652.47
O2989,SKU_001744,S008,19-09-2025 00:2395,5638.55
O2990,SKU_001745,S008,19-09-2025 00:2396,4841.93
O2991,SKU_001746,S008,19-09-2025 00:2397,4379.29
O2992,SKU_001747,S008,19-09-2025 00:2398,3011.68
O2993,SKU_001748,S008,19-09-2025 00:2399,3209.08
O2994,SKU_001749,S008,19-09-2025 00:2400,2922.19
O2995,SKU_001750,S008,19-09-2025 00:2401,2692.45
O2996,SKU_001751,S008,19-09-2025 00:2402,3799.81
O2997,SKU_001752,S008,19-09-2025 00:2403,4641.18
O2998,SKU_001753,S008,19-09-2025 00:2404,3452.6
O2999,SKU_001754,S008,19-09-2025 00:2405,4671.77
O3000,SKU_001755,S008,19-09-2025 00:2406,5039.9
O3001,SKU_001756,S008,19-09-2025 00:2407,5034.67
O3002,SKU_001757,S008,19-09-2025 00:2408,17064.13
O3003,SKU_001758,S008,19-09-2025 00:2409,18305.42
O3004,SKU_001759,S008,19-09-2025 00:2410,23361.59
O3005,SKU_001760,S008,19-09-2025 00:2411,23500.23
O3006,SKU_001761,S008,19-09-2025 00:2412,24425.09
O3007,SKU_001762,S008,19-09-2025 00:2413,10386.78
O3008,SKU_001763,S008,19-09-2025 00:2414,10964.76
O3009,SKU_001764,S008,19-09-2025 00:2415,7744.78
O3010,SKU_001765,S008,19-09-2025 00:2416,9285.97
O3011,SKU_001766,S008,19-09-2025 00:2417,9900.02
O3012,SKU_001767,S008,19-09-2025 00:2418,25444.54
O3013,SKU_001768,S008,19-09-2025 00:2419,28611.21
O3014,SKU_001769,S008,19-09-2025 00:2420,28685.94
O3015,SKU_001770,S008,19-09-2025 00:2421,33619.71
O3016,SKU_001771,S008,19-09-2025 00:2422,24004.18
O3017,SKU_001772,S008,19-09-2025 00:2423,11173.9
O3018,SKU_001773,S008,19-09-2025 00:2424,9131.12
O3019,SKU_001774,S008,19-09-2025 00:2425,10274.16
O3020,SKU_001775,S008,19-09-2025 00:2426,9274.82
O3021,SKU_001776,S008,19-09-2025 00:2427,9433.53
O3022,SKU_001777,S008,19-09-2025 00:2428,6414.6
O3023,SKU_001778,S008,19-09-2025 00:2429,8468.67
O3024,SKU_001779,S008,19-09-2025 00:2430,6689.54
O3025,SKU_001780,S008,19-09-2025 00:2431,7923.34
O3026,SKU_001781,S008,19-09-2025 00:2432,8671.06
O3027,SKU_001782,S008,19-09-2025 00:2433,14121.95
O3028,SKU_001783,S008,19-09-2025 00:2434,13368.25
O3029,SKU_001784,S008,19-09-2025 00:2435,11046.68
O3030,SKU_001785,S008,19-09-2025 00:2436,13976.88
O3031,SKU_001786,S008,19-09-2025 00:2437,14917.77
O3032,SKU_001787,S008,19-09-2025 00:2438,3322.17
O3033,SKU_001788,S008,19-09-2025 00:2439,4157.89
O3034,SKU_001789,S008,19-09-2025 00:2440,3387.96
O3035,SKU_001790,S008,19-09-2025 00:2441,3303.23
O3036,SKU_001791,S008,19-09-2025 00:2442,2808.94
O3037,SKU_001792,S008,19-09-2025 00:2443,671.73
O3038,SKU_001793,S008,19-09-2025 00:2444,738.33
O3039,SKU_001794,S008,19-09-2025 00:2445,698.32
O3040,SKU_001795,S008,19-09-2025 00:2446,600.7
O3041,SKU_001796,S008,19-09-2025 00:2447,679.85
O3042,SKU_001797,S008,19-09-2025 00:2448,541.8
O3043,SKU_001798,S008,19-09-2025 00:2449,455.58
O3044,SKU_001799,S008,19-09-2025 00:2450,457.21
O3045,SKU_001800,S008,19-09-2025 00:2451,616.9
O3046,SKU_001801,S008,19-09-2025 00:2452,510.15
O3047,SKU_001802,S008,19-09-2025 00:2453,787.84
O3048,SKU_001803,S008,19-09-2025 00:2454,924.25
O3049,SKU_001804,S008,19-09-2025 00:2455,787.49
O3050,SKU_001805,S008,19-09-2025 00:2456,987.6
O3051,SKU_001806,S008,19-09-2025 00:2457,1111.31
O3052,SKU_001807,S008,19-09-2025 00:2458,848.28
O3053,SKU_001808,S008,19-09-2025 00:2459,935.59
O3054,SKU_001809,S008,19-09-2025 00:2460,789.08
O3055,SKU_001810,S008,19-09-2025 00:2461,905.13
O3056,SKU_001811,S008,19-09-2025 00:2462,916.29
O3057,SKU_001812,S008,19-09-2025 00:2463,1731.99
O3058,SKU_001813,S008,19-09-2025 00:2464,1825.02
O3059,SKU_001814,S008,19-09-2025 00:2465,2072.33
O3060,SKU_001815,S008,19-09-2025 00:2466,2398.94
O3061,SKU_001816,S008,19-09-2025 00:2467,2384.12
O3062,SKU_001817,S008,19-09-2025 00:2468,3978.3
O3063,SKU_001818,S008,19-09-2025 00:2469,5002.3
O3064,SKU_001819,S008,19-09-2025 00:2470,5034.29
O3065,SKU_001820,S008,19-09-2025 00:2471,4081.21
O3066,SKU_001821,S008,19-09-2025 00:2472,4224.78
O3067,SKU_001822,S008,19-09-2025 00:2473,3069.29
O3068,SKU_001823,S008,19-09-2025 00:2474,2797.6
O3069,SKU_001824,S008,19-09-2025 00:2475,2746.24
O3070,SKU_001825,S008,19-09-2025 00:2476,2254.64
O3071,SKU_001826,S008,19-09-2025 00:2477,2138.32
O3072,SKU_001827,S008,19-09-2025 00:2478,315.94
O3073,SKU_001828,S008,19-09-2025 00:2479,323.55
O3074,SKU_001829,S008,19-09-2025 00:2480,356.28
O3075,SKU_001830,S008,19-09-2025 00:2481,396.37
O3076,SKU_001831,S008,19-09-2025 00:2482,380.46
O3077,SKU_001832,S008,19-09-2025 00:2483,1079.08
O3078,SKU_001833,S008,19-09-2025 00:2484,1044.18
O3079,SKU_001834,S008,19-09-2025 00:2485,1107.03
O3080,SKU_001835,S008,19-09-2025 00:2486,862.05
O3081,SKU_001836,S008,19-09-2025 00:2487,1130.05
O3082,SKU_001837,S008,19-09-2025 00:2488,963.46
O3083,SKU_001838,S008,19-09-2025 00:2489,891.1
O3084,SKU_001839,S008,19-09-2025 00:2490,1126.81
O3085,SKU_001840,S008,19-09-2025 00:2491,1012.57
O3086,SKU_001841,S008,19-09-2025 00:2492,956.28
O3087,SKU_001842,S008,19-09-2025 00:2493,793.94
O3088,SKU_001843,S008,19-09-2025 00:2494,1073.48
O3089,SKU_001844,S008,19-09-2025 00:2495,1024.1
O3090,SKU_001845,S008,19-09-2025 00:2496,1160.73
O3091,SKU_001846,S008,19-09-2025 00:2497,989.09
O3092,SKU_001847,S008,19-09-2025 00:2498,2968.15
O3093,SKU_001848,S008,19-09-2025 00:2499,3505.75
O3094,SKU_001849,S008,19-09-2025 00:2500,3291.5
O3095,SKU_001850,S008,19-09-2025 00:2501,3927.07
O3096,SKU_001851,S008,19-09-2025 00:2502,2843.21
O3097,SKU_001852,S008,19-09-2025 00:2503,8195.3
O3098,SKU_001853,S008,19-09-2025 00:2504,8015.63
O3099,SKU_001854,S008,19-09-2025 00:2505,7249.76
O3100,SKU_001855,S008,19-09-2025 00:2506,8044.36
O3101,SKU_001856,S008,19-09-2025 00:2507,7919.71
O3102,SKU_001857,S008,19-09-2025 00:2508,6648.44
O3103,SKU_001858,S008,19-09-2025 00:2509,6999.24
O3104,SKU_001859,S008,19-09-2025 00:2510,7161.71
O3105,SKU_001860,S008,19-09-2025 00:2511,6297.71
O3106,SKU_001861,S008,19-09-2025 00:2512,5936.71
O3107,SKU_001862,S008,19-09-2025 00:2513,2900.74
O3108,SKU_001863,S008,19-09-2025 00:2514,3019.05
O3109,SKU_001864,S008,19-09-2025 00:2515,3167.13
O3110,SKU_001865,S008,19-09-2025 00:2516,3426.74
O3111,SKU_001866,S008,19-09-2025 00:2517,3181.2
O3112,SKU_001867,S008,19-09-2025 00:2518,1392.84
O3113,SKU_001868,S008,19-09-2025 00:2519,1340.21
O3114,SKU_001869,S008,19-09-2025 00:2520,1363.55
O3115,SKU_001870,S008,19-09-2025 00:2521,1384.53
O3116,SKU_001871,S008,19-09-2025 00:2522,1401.87
O3117,SKU_001872,S008,19-09-2025 00:2523,91.83
O3118,SKU_001873,S008,19-09-2025 00:2524,96.72
O3119,SKU_001874,S008,19-09-2025 00:2525,82.4
O3120,SKU_001875,S008,19-09-2025 00:2526,75.64
O3121,SKU_001876,S008,19-09-2025 00:2527,83.75
O3122,SKU_001877,S008,19-09-2025 00:2528,182.12
O3123,SKU_001878,S008,19-09-2025 00:2529,178.73
O3124,SKU_001879,S008,19-09-2025 00:2530,199.53
O3125,SKU_001880,S008,19-09-2025 00:2531,190.28
O3126,SKU_001881,S008,19-09-2025 00:2532,149.57
O3127,SKU_001882,S008,19-09-2025 00:2533,13218.18
O3128,SKU_001883,S008,19-09-2025 00:2534,12094.51
O3129,SKU_001884,S008,19-09-2025 00:2535,13222.49
O3130,SKU_001885,S008,19-09-2025 00:2536,13367.06
O3131,SKU_001886,S008,19-09-2025 00:2537,12331.34
O3132,SKU_001887,S008,19-09-2025 00:2538,6272.85
O3133,SKU_001888,S008,19-09-2025 00:2539,6535.55
O3134,SKU_001889,S008,19-09-2025 00:2540,8189.94
O3135,SKU_001890,S008,19-09-2025 00:2541,8194.07
O3136,SKU_001891,S008,19-09-2025 00:2542,6730.21
O3137,SKU_001892,S008,19-09-2025 00:2543,12962.35
O3138,SKU_001893,S008,19-09-2025 00:2544,12320.55
O3139,SKU_001894,S008,19-09-2025 00:2545,12917.86
O3140,SKU_001895,S008,19-09-2025 00:2546,12652.17
O3141,SKU_001896,S008,19-09-2025 00:2547,13946.2
O3142,SKU_001897,S008,19-09-2025 00:2548,3355.22
O3143,SKU_001898,S008,19-09-2025 00:2549,3937.97
O3144,SKU_001899,S008,19-09-2025 00:2550,3875.15
O3145,SKU_001900,S008,19-09-2025 00:2551,3598.6
O3146,SKU_001901,S008,19-09-2025 00:2552,2847.03
O3147,SKU_001902,S008,19-09-2025 00:2553,4546.14
O3148,SKU_001903,S008,19-09-2025 00:2554,5161.44
O3149,SKU_001904,S008,19-09-2025 00:2555,4945.06
O3150,SKU_001905,S008,19-09-2025 00:2556,5182.45
O3151,SKU_001906,S008,19-09-2025 00:2557,5028.42
O3152,SKU_001907,S008,19-09-2025 00:2558,655.78
O3153,SKU_001908,S008,19-09-2025 00:2559,540.01
O3154,SKU_001909,S008,19-09-2025 00:2560,499.03
O3155,SKU_001910,S008,19-09-2025 00:2561,548.74
O3156,SKU_001911,S008,19-09-2025 00:2562,550.15
O3157,SKU_001912,S008,19-09-2025 00:2563,1970.7
O3158,SKU_001913,S008,19-09-2025 00:2564,1599.01
O3159,SKU_001914,S008,19-09-2025 00:2565,1655.81
O3160,SKU_001915,S008,19-09-2025 00:2566,2067.3
O3161,SKU_001916,S008,19-09-2025 00:2567,1998.71
O3162,SKU_001917,S008,19-09-2025 00:2568,6852.53
O3163,SKU_001918,S008,19-09-2025 00:2569,5559.27
O3164,SKU_001919,S008,19-09-2025 00:2570,4861.84
O3165,SKU_001920,S008,19-09-2025 00:2571,6596.5
O3166,SKU_001921,S008,19-09-2025 00:2572,5655.14
O3167,SKU_001922,S008,19-09-2025 00:2573,1718.73
O3168,SKU_001923,S008,19-09-2025 00:2574,1302.7
O3169,SKU_001924,S008,19-09-2025 00:2575,1323.08
O3170,SKU_001925,S008,19-09-2025 00:2576,1675.71
O3171,SKU_001926,S008,19-09-2025 00:2577,1490.12
O3172,SKU_001927,S008,19-09-2025 00:2578,1341
O3173,SKU_001928,S008,19-09-2025 00:2579,1705.31
O3174,SKU_001929,S008,19-09-2025 00:2580,1622.16
O3175,SKU_001930,S008,19-09-2025 00:2581,1726.07
O3176,SKU_001931,S008,19-09-2025 00:2582,1343.61
O3177,SKU_001932,S008,19-09-2025 00:2583,873.87
O3178,SKU_001933,S008,19-09-2025 00:2584,864.34
O3179,SKU_001934,S008,19-09-2025 00:2585,744.5
O3180,SKU_001935,S008,19-09-2025 00:2586,724.76
O3181,SKU_001936,S008,19-09-2025 00:2587,880.17
O3182,SKU_001937,S008,19-09-2025 00:2588,96.62
O3183,SKU_001938,S008,19-09-2025 00:2589,71.62
O3184,SKU_001939,S008,19-09-2025 00:2590,89.31
O3185,SKU_001940,S008,19-09-2025 00:2591,96.05
O3186,SKU_001941,S008,19-09-2025 00:2592,76.72
O3187,SKU_001942,S008,19-09-2025 00:2593,94.53
O3188,SKU_001943,S008,19-09-2025 00:2594,108.92
O3189,SKU_001944,S008,19-09-2025 00:2595,105.63
O3190,SKU_001945,S008,19-09-2025 00:2596,90.28
O3191,SKU_001946,S008,19-09-2025 00:2597,103.05
O3192,SKU_001947,S008,19-09-2025 00:2598,3407.46
O3193,SKU_001948,S008,19-09-2025 00:2599,2835.55
O3194,SKU_001949,S008,19-09-2025 00:2600,2418.3
O3195,SKU_001950,S008,19-09-2025 00:2601,3495.57
O3196,SKU_001951,S008,19-09-2025 00:2602,2832.82
O3197,SKU_001952,S008,19-09-2025 00:2603,1404.21
O3198,SKU_001953,S008,19-09-2025 00:2604,1500.28
O3199,SKU_001954,S008,19-09-2025 00:2605,1190.26
O3200,SKU_001955,S008,19-09-2025 00:2606,1500.2
O3201,SKU_001956,S008,19-09-2025 00:2607,1241.73
O3202,SKU_001957,S008,19-09-2025 00:2608,2077.1
O3203,SKU_001958,S008,19-09-2025 00:2609,2509.36
O3204,SKU_001959,S008,19-09-2025 00:2610,2857.82
O3205,SKU_001960,S008,19-09-2025 00:2611,2826.79
O3206,SKU_001961,S008,19-09-2025 00:2612,2193.03
O3207,SKU_001962,S008,19-09-2025 00:2613,128.11
O3208,SKU_001963,S008,19-09-2025 00:2614,120.15
O3209,SKU_001964,S008,19-09-2025 00:2615,154.95
O3210,SKU_001965,S008,19-09-2025 00:2616,142.59
O3211,SKU_001966,S008,19-09-2025 00:2617,140.29
O3212,SKU_001967,S008,19-09-2025 00:2618,88.81
O3213,SKU_001968,S008,19-09-2025 00:2619,92.18
O3214,SKU_001969,S008,19-09-2025 00:2620,106.36
O3215,SKU_001970,S008,19-09-2025 00:2621,102.04
O3216,SKU_001971,S008,19-09-2025 00:2622,94.96
O3217,SKU_001972,S008,19-09-2025 00:2623,155.76
O3218,SKU_001973,S008,19-09-2025 00:2624,132.58
O3219,SKU_001974,S008,19-09-2025 00:2625,145.85
O3220,SKU_001975,S008,19-09-2025 00:2626,146.34
O3221,SKU_001976,S008,19-09-2025 00:2627,121.75
O3222,SKU_001977,S008,19-09-2025 00:2628,706.08
O3223,SKU_001978,S008,19-09-2025 00:2629,554.78
O3224,SKU_001979,S008,19-09-2025 00:2630,584.42
O3225,SKU_001980,S008,19-09-2025 00:2631,800.25
O3226,SKU_001981,S008,19-09-2025 00:2632,762.16
O3227,SKU_001982,S008,19-09-2025 00:2633,14497.86
O3228,SKU_001983,S008,19-09-2025 00:2634,11450.45
O3229,SKU_001984,S008,19-09-2025 00:2635,12826.85
O3230,SKU_001985,S008,19-09-2025 00:2636,11442.82
O3231,SKU_001986,S008,19-09-2025 00:2637,14507.33
O3232,SKU_001987,S008,19-09-2025 00:2638,38341.26
O3233,SKU_001988,S008,19-09-2025 00:2639,39571.07
O3234,SKU_001989,S008,19-09-2025 00:2640,45352.2
O3235,SKU_001990,S008,19-09-2025 00:2641,41675.22
O3236,SKU_001991,S008,19-09-2025 00:2642,39607.6
O3237,SKU_001992,S008,19-09-2025 00:2643,20358.14
O3238,SKU_001993,S008,19-09-2025 00:2644,17294.68
O3239,SKU_001994,S008,19-09-2025 00:2645,20226.83
O3240,SKU_001995,S008,19-09-2025 00:2646,19879.48
O3241,SKU_001996,S008,19-09-2025 00:2647,15879.29
O3242,SKU_001997,S008,19-09-2025 00:2648,30344.3
O3243,SKU_001998,S008,19-09-2025 00:2649,37397.13
O3244,SKU_001999,S008,19-09-2025 00:2650,30205.93
O3245,SKU_002000,S008,19-09-2025 00:2651,34686.42
O3246,SKU_002001,S008,19-09-2025 00:2652,35413.2
O3247,SKU_002002,S008,19-09-2025 00:2653,142667.35
O3248,SKU_002003,S008,19-09-2025 00:2654,134642.04
O3249,SKU_002004,S008,19-09-2025 00:2655,139873.31
O3250,SKU_002005,S008,19-09-2025 00:2656,135706.97
O3251,SKU_002006,S008,19-09-2025 00:2657,141683
O3252,SKU_002007,S008,19-09-2025 00:2658,94.42
O3253,SKU_002008,S008,19-09-2025 00:2659,92.21
O3254,SKU_002009,S008,19-09-2025 00:2660,89.54
O3255,SKU_002010,S008,19-09-2025 00:2661,115.33
O3256,SKU_002011,S008,19-09-2025 00:2662,105.73
O3257,SKU_002012,S008,19-09-2025 00:2663,355.21
O3258,SKU_002013,S008,19-09-2025 00:2664,300.23
O3259,SKU_002014,S008,19-09-2025 00:2665,319.99
O3260,SKU_002015,S008,19-09-2025 00:2666,329.89
O3261,SKU_002016,S008,19-09-2025 00:2667,388.38
O3262,SKU_002017,S008,19-09-2025 00:2668,357.53
O3263,SKU_002018,S008,19-09-2025 00:2669,347.92
O3264,SKU_002019,S008,19-09-2025 00:2670,399.87
O3265,SKU_002020,S008,19-09-2025 00:2671,425.28
O3266,SKU_002021,S008,19-09-2025 00:2672,412.51
O3267,SKU_002022,S008,19-09-2025 00:2673,952.77
O3268,SKU_002023,S008,19-09-2025 00:2674,758.05
O3269,SKU_002024,S008,19-09-2025 00:2675,851.84
O3270,SKU_002025,S008,19-09-2025 00:2676,905.52
O3271,SKU_002026,S008,19-09-2025 00:2677,648.04
O3272,SKU_002027,S008,19-09-2025 00:2678,532.42
O3273,SKU_002028,S008,19-09-2025 00:2679,449.99
O3274,SKU_002029,S008,19-09-2025 00:2680,411.65
O3275,SKU_002030,S008,19-09-2025 00:2681,559.05
O3276,SKU_002031,S008,19-09-2025 00:2682,412.9
O3277,SKU_002032,S008,19-09-2025 00:2683,722.62
O3278,SKU_002033,S008,19-09-2025 00:2684,560.52
O3279,SKU_002034,S008,19-09-2025 00:2685,694.11
O3280,SKU_002035,S008,19-09-2025 00:2686,660.45
O3281,SKU_002036,S008,19-09-2025 00:2687,608.12
O3282,SKU_002037,S008,19-09-2025 00:2688,358
O3283,SKU_002038,S008,19-09-2025 00:2689,301.3
O3284,SKU_002039,S008,19-09-2025 00:2690,284.14
O3285,SKU_002040,S008,19-09-2025 00:2691,313.53
O3286,SKU_002041,S008,19-09-2025 00:2692,353.76
O3287,SKU_002042,S008,19-09-2025 00:2693,112.22
O3288,SKU_002043,S008,19-09-2025 00:2694,117.29
O3289,SKU_002044,S008,19-09-2025 00:2695,97.91
O3290,SKU_002045,S008,19-09-2025 00:2696,141.85
O3291,SKU_002046,S008,19-09-2025 00:2697,101.36
O3292,SKU_002047,S008,19-09-2025 00:2698,454.75
O3293,SKU_002048,S008,19-09-2025 00:2699,425.75
O3294,SKU_002049,S008,19-09-2025 00:2700,340.88
O3295,SKU_002050,S008,19-09-2025 00:2701,410.35
O3296,SKU_002051,S008,19-09-2025 00:2702,424.39
O3297,SKU_002052,S008,19-09-2025 00:2703,12923.54
O3298,SKU_002053,S008,19-09-2025 00:2704,15398.51
O3299,SKU_002054,S008,19-09-2025 00:2705,14762.47
O3300,SKU_002055,S008,19-09-2025 00:2706,13890.87
O3301,SKU_002056,S008,19-09-2025 00:2707,13292.96
O3302,SKU_002057,S008,19-09-2025 00:2708,473.87
O3303,SKU_002058,S008,19-09-2025 00:2709,557.36
O3304,SKU_002059,S008,19-09-2025 00:2710,542.72
O3305,SKU_002060,S008,19-09-2025 00:2711,416.54
O3306,SKU_002061,S008,19-09-2025 00:2712,523.22
O3307,SKU_002062,S008,19-09-2025 00:2713,66592.04
O3308,SKU_002063,S008,19-09-2025 00:2714,45709.99
O3309,SKU_002064,S008,19-09-2025 00:2715,67053.03
O3310,SKU_002065,S008,19-09-2025 00:2716,64764.71
O3311,SKU_002066,S008,19-09-2025 00:2717,51007.62
O3312,SKU_002067,S008,19-09-2025 00:2718,15478.64
O3313,SKU_002068,S008,19-09-2025 00:2719,16732.38
O3314,SKU_002069,S008,19-09-2025 00:2720,18832.46
O3315,SKU_002070,S008,19-09-2025 00:2721,22078.28
O3316,SKU_002071,S008,19-09-2025 00:2722,21389.74
O3317,SKU_002072,S008,19-09-2025 00:2723,1753.89
O3318,SKU_002073,S008,19-09-2025 00:2724,1630.19
O3319,SKU_002074,S008,19-09-2025 00:2725,2230.34
O3320,SKU_002075,S009,19-09-2025 00:2726,1981.8
O3321,SKU_002076,S009,19-09-2025 00:2727,1615.37
O3322,SKU_002077,S009,19-09-2025 00:2728,4658.32
O3323,SKU_002078,S009,19-09-2025 00:2729,3551
O3324,SKU_002079,S009,19-09-2025 00:2730,3930.04
O3325,SKU_002080,S009,19-09-2025 00:2731,3243.51
O3326,SKU_002081,S009,19-09-2025 00:2732,4171.06
O3327,SKU_002082,S009,19-09-2025 00:2733,2743.1
O3328,SKU_002083,S009,19-09-2025 00:2734,2960.42
O3329,SKU_002084,S009,19-09-2025 00:2735,2039.06
O3330,SKU_002085,S009,19-09-2025 00:2736,2842.82
O3331,SKU_002086,S009,19-09-2025 00:2737,2002.24
O3332,SKU_002087,S009,19-09-2025 00:2738,3585.62
O3333,SKU_002088,S009,19-09-2025 00:2739,2995.28
O3334,SKU_002089,S009,19-09-2025 00:2740,4134.47
O3335,SKU_002090,S009,19-09-2025 00:2741,3184.07
O3336,SKU_002091,S009,19-09-2025 00:2742,3788.47
O3337,SKU_002092,S009,19-09-2025 00:2743,2176.58
O3338,SKU_002093,S009,19-09-2025 00:2744,1640.33
O3339,SKU_002094,S009,19-09-2025 00:2745,1769.12
O3340,SKU_002095,S009,19-09-2025 00:2746,1744.41
O3341,SKU_002096,S009,19-09-2025 00:2747,2272.17
O3342,SKU_002097,S009,19-09-2025 00:2748,189.35
O3343,SKU_002098,S009,19-09-2025 00:2749,180.06
O3344,SKU_002099,S009,19-09-2025 00:2750,156.09
O3345,SKU_002100,S009,19-09-2025 00:2751,172.48
O3346,SKU_002101,S009,19-09-2025 00:2752,160.37
O3347,SKU_002102,S009,19-09-2025 00:2753,131.31
O3348,SKU_002103,S009,19-09-2025 00:2754,138.68
O3349,SKU_002104,S009,19-09-2025 00:2755,150.25
O3350,SKU_002105,S009,19-09-2025 00:2756,147.52
O3351,SKU_002106,S009,19-09-2025 00:2757,164.09
O3352,SKU_002107,S009,19-09-2025 00:2758,573.07
O3353,SKU_002108,S009,19-09-2025 00:2759,603.9
O3354,SKU_002109,S009,19-09-2025 00:2760,425.5
O3355,SKU_002110,S009,19-09-2025 00:2761,495.55
O3356,SKU_002111,S009,19-09-2025 00:2762,535.53
O3357,SKU_002112,S009,19-09-2025 00:2763,670.68
O3358,SKU_002113,S009,19-09-2025 00:2764,498.18
O3359,SKU_002114,S009,19-09-2025 00:2765,710
O3360,SKU_002115,S009,19-09-2025 00:2766,539.33
O3361,SKU_002116,S009,19-09-2025 00:2767,708.87
O3362,SKU_002117,S009,19-09-2025 00:2768,197.1
O3363,SKU_002118,S009,19-09-2025 00:2769,165.05
O3364,SKU_002119,S009,19-09-2025 00:2770,224.06
O3365,SKU_002120,S009,19-09-2025 00:2771,157.66
O3366,SKU_002121,S009,19-09-2025 00:2772,184.95
O3367,SKU_002122,S009,19-09-2025 00:2773,116.97
O3368,SKU_002123,S009,19-09-2025 00:2774,142.2
O3369,SKU_002124,S009,19-09-2025 00:2775,120.06
O3370,SKU_002125,S009,19-09-2025 00:2776,151.43
O3371,SKU_002126,S009,19-09-2025 00:2777,121.11
O3372,SKU_002127,S009,19-09-2025 00:2778,38319.07
O3373,SKU_002128,S009,19-09-2025 00:2779,39523.71
O3374,SKU_002129,S009,19-09-2025 00:2780,37579.49
O3375,SKU_002130,S009,19-09-2025 00:2781,44975.38
O3376,SKU_002131,S009,19-09-2025 00:2782,40226.87
O3377,SKU_002132,S009,19-09-2025 00:2783,825.43
O3378,SKU_002133,S009,19-09-2025 00:2784,941.76
O3379,SKU_002134,S009,19-09-2025 00:2785,1111.01
O3380,SKU_002135,S009,19-09-2025 00:2786,898.56
O3381,SKU_002136,S009,19-09-2025 00:2787,1156.75
O3382,SKU_002137,S009,19-09-2025 00:2788,2156.71
O3383,SKU_002138,S009,19-09-2025 00:2789,2123.3
O3384,SKU_002139,S009,19-09-2025 00:2790,2220.34
O3385,SKU_002140,S009,19-09-2025 00:2791,2286.43
O3386,SKU_002141,S009,19-09-2025 00:2792,1721.3
O3387,SKU_002142,S009,19-09-2025 00:2793,1011.14
O3388,SKU_002143,S009,19-09-2025 00:2794,930.22
O3389,SKU_002144,S009,19-09-2025 00:2795,1073.28
O3390,SKU_002145,S009,19-09-2025 00:2796,833.67
O3391,SKU_002146,S009,19-09-2025 00:2797,935.33
O3392,SKU_002147,S009,19-09-2025 00:2798,6065.6
O3393,SKU_002148,S009,19-09-2025 00:2799,6642
O3394,SKU_002149,S009,19-09-2025 00:2800,5450.2
O3395,SKU_002150,S009,19-09-2025 00:2801,6704
O3396,SKU_002151,S009,19-09-2025 00:2802,4824.53
O3397,SKU_002152,S009,19-09-2025 00:2803,4259.09
O3398,SKU_002153,S009,19-09-2025 00:2804,3641.24
O3399,SKU_002154,S009,19-09-2025 00:2805,3651.91
O3400,SKU_002155,S009,19-09-2025 00:2806,4364.54
O3401,SKU_002156,S009,19-09-2025 00:2807,3637.99
O3402,SKU_002157,S009,19-09-2025 00:2808,1010.61
O3403,SKU_002158,S009,19-09-2025 00:2809,979.45
O3404,SKU_002159,S009,19-09-2025 00:2810,803.42
O3405,SKU_002160,S009,19-09-2025 00:2811,838.73
O3406,SKU_002161,S009,19-09-2025 00:2812,1012.86
O3407,SKU_002162,S009,19-09-2025 00:2813,745.59
O3408,SKU_002163,S009,19-09-2025 00:2814,768.51
O3409,SKU_002164,S009,19-09-2025 00:2815,682.67
O3410,SKU_002165,S009,19-09-2025 00:2816,685.24
O3411,SKU_002166,S009,19-09-2025 00:2817,627.41
O3412,SKU_002167,S009,19-09-2025 00:2818,686.44
O3413,SKU_002168,S009,19-09-2025 00:2819,633.97
O3414,SKU_002169,S009,19-09-2025 00:2820,753.89
O3415,SKU_002170,S009,19-09-2025 00:2821,645.38
O3416,SKU_002171,S009,19-09-2025 00:2822,721.8
O3417,SKU_002172,S009,19-09-2025 00:2823,901.59
O3418,SKU_002173,S009,19-09-2025 00:2824,764.61
O3419,SKU_002174,S009,19-09-2025 00:2825,881.19
O3420,SKU_002175,S009,19-09-2025 00:2826,824.76
O3421,SKU_002176,S009,19-09-2025 00:2827,838.56
O3422,SKU_002177,S009,19-09-2025 00:2828,649.04
O3423,SKU_002178,S009,19-09-2025 00:2829,711.55
O3424,SKU_002179,S009,19-09-2025 00:2830,657.72
O3425,SKU_002180,S009,19-09-2025 00:2831,578.1
O3426,SKU_002181,S009,19-09-2025 00:2832,684.4
O3427,SKU_002182,S009,19-09-2025 00:2833,983.37
O3428,SKU_002183,S009,19-09-2025 00:2834,852.38
O3429,SKU_002184,S009,19-09-2025 00:2835,762.9
O3430,SKU_002185,S009,19-09-2025 00:2836,1047.17
O3431,SKU_002186,S009,19-09-2025 00:2837,859.3
O3432,SKU_002187,S009,19-09-2025 00:2838,328.52
O3433,SKU_002188,S009,19-09-2025 00:2839,327.85
O3434,SKU_002189,S009,19-09-2025 00:2840,329.56
O3435,SKU_002190,S009,19-09-2025 00:2841,281.39
O3436,SKU_002191,S009,19-09-2025 00:2842,323.43
O3437,SKU_002192,S009,19-09-2025 00:2843,372.75
O3438,SKU_002193,S009,19-09-2025 00:2844,476.81
O3439,SKU_002194,S009,19-09-2025 00:2845,487.97
O3440,SKU_002195,S009,19-09-2025 00:2846,524.57
O3441,SKU_002196,S009,19-09-2025 00:2847,486.2
O3442,SKU_002197,S009,19-09-2025 00:2848,761.02
O3443,SKU_002198,S009,19-09-2025 00:2849,945.45
O3444,SKU_002199,S009,19-09-2025 00:2850,797.22
O3445,SKU_002200,S009,19-09-2025 00:2851,741.24
O3446,SKU_002201,S009,19-09-2025 00:2852,1074.04
O3447,SKU_002202,S009,19-09-2025 00:2853,897.43
O3448,SKU_002203,S009,19-09-2025 00:2854,639.22
O3449,SKU_002204,S009,19-09-2025 00:2855,927.5
O3450,SKU_002205,S009,19-09-2025 00:2856,922.97
O3451,SKU_002206,S009,19-09-2025 00:2857,929.04
O3452,SKU_002207,S009,19-09-2025 00:2858,733.93
O3453,SKU_002208,S009,19-09-2025 00:2859,667.42
O3454,SKU_002209,S009,19-09-2025 00:2860,660.46
O3455,SKU_002210,S009,19-09-2025 00:2861,757.66
O3456,SKU_002211,S009,19-09-2025 00:2862,542.84
O3457,SKU_002212,S009,19-09-2025 00:2863,1549.25
O3458,SKU_002213,S009,19-09-2025 00:2864,1465.43
O3459,SKU_002214,S009,19-09-2025 00:2865,1651.02
O3460,SKU_002215,S009,19-09-2025 00:2866,1150.46
O3461,SKU_002216,S009,19-09-2025 00:2867,1555.16
O3462,SKU_002217,S009,19-09-2025 00:2868,66.13
O3463,SKU_002218,S009,19-09-2025 00:2869,86.64
O3464,SKU_002219,S009,19-09-2025 00:2870,69.87
O3465,SKU_002220,S009,19-09-2025 00:2871,85.41
O3466,SKU_002221,S009,19-09-2025 00:2872,80.03
O3467,SKU_002222,S009,19-09-2025 00:2873,12902.99
O3468,SKU_002223,S009,19-09-2025 00:2874,17770.77
O3469,SKU_002224,S009,19-09-2025 00:2875,17103.6
O3470,SKU_002225,S009,19-09-2025 00:2876,15570.59
O3471,SKU_002226,S009,19-09-2025 00:2877,17197.1
O3472,SKU_002227,S009,19-09-2025 00:2878,81930.19
O3473,SKU_002228,S009,19-09-2025 00:2879,81022.54
O3474,SKU_002229,S009,19-09-2025 00:2880,107948.43
O3475,SKU_002230,S009,19-09-2025 00:2881,72640.92
O3476,SKU_002231,S009,19-09-2025 00:2882,98564.57
O3477,SKU_002232,S009,19-09-2025 00:2883,41.81
O3478,SKU_002233,S009,19-09-2025 00:2884,41.95
O3479,SKU_002234,S009,19-09-2025 00:2885,35
O3480,SKU_002235,S009,19-09-2025 00:2886,41.25
O3481,SKU_002236,S009,19-09-2025 00:2887,44.67
O3482,SKU_002237,S009,19-09-2025 00:2888,62.23
O3483,SKU_002238,S009,19-09-2025 00:2889,64.57
O3484,SKU_002239,S009,19-09-2025 00:2890,48.13
O3485,SKU_002240,S009,19-09-2025 00:2891,47.16
O3486,SKU_002241,S009,19-09-2025 00:2892,52.59
O3487,SKU_002242,S009,19-09-2025 00:2893,51.03
O3488,SKU_002243,S009,19-09-2025 00:2894,59.85
O3489,SKU_002244,S009,19-09-2025 00:2895,49.01
O3490,SKU_002245,S009,19-09-2025 00:2896,60.19
O3491,SKU_002246,S009,19-09-2025 00:2897,52.66
O3492,SKU_002247,S009,19-09-2025 00:2898,17023.4
O3493,SKU_002248,S009,19-09-2025 00:2899,20393.35
O3494,SKU_002249,S009,19-09-2025 00:2900,21317.28
O3495,SKU_002250,S009,19-09-2025 00:2901,19483.39
O3496,SKU_002251,S009,19-09-2025 00:2902,16944.78
O3497,SKU_002252,S009,19-09-2025 00:2903,65010.86
O3498,SKU_002253,S009,19-09-2025 00:2904,66633.46
O3499,SKU_002254,S009,19-09-2025 00:2905,66400.48
O3500,SKU_002255,S009,19-09-2025 00:2906,46302.9
O3501,SKU_002256,S009,19-09-2025 00:2907,56390.16
O3502,SKU_002257,S009,19-09-2025 00:2908,19227.62
O3503,SKU_002258,S009,19-09-2025 00:2909,22345.41
O3504,SKU_002259,S009,19-09-2025 00:2910,21544.03
O3505,SKU_002260,S009,19-09-2025 00:2911,22525.6
O3506,SKU_002261,S009,19-09-2025 00:2912,18969.27
O3507,SKU_002262,S009,19-09-2025 00:2913,20981.42
O3508,SKU_002263,S009,19-09-2025 00:2914,20610.26
O3509,SKU_002264,S009,19-09-2025 00:2915,17709.8
O3510,SKU_002265,S009,19-09-2025 00:2916,16531.73
O3511,SKU_002266,S009,19-09-2025 00:2917,17690.31
O3512,SKU_002267,S009,19-09-2025 00:2918,18353.32
O3513,SKU_002268,S009,19-09-2025 00:2919,18127.41
O3514,SKU_002269,S009,19-09-2025 00:2920,17620.94
O3515,SKU_002270,S009,19-09-2025 00:2921,17248.19
O3516,SKU_002271,S009,19-09-2025 00:2922,16225.27
O3517,SKU_002272,S009,19-09-2025 00:2923,735.35
O3518,SKU_002273,S009,19-09-2025 00:2924,763.45
O3519,SKU_002274,S009,19-09-2025 00:2925,769.05
O3520,SKU_002275,S009,19-09-2025 00:2926,770.6
O3521,SKU_002276,S009,19-09-2025 00:2927,591.42
O3522,SKU_002277,S009,19-09-2025 00:2928,6059.25
O3523,SKU_002278,S009,19-09-2025 00:2929,7923.7
O3524,SKU_002279,S009,19-09-2025 00:2930,6438.84
O3525,SKU_002280,S009,19-09-2025 00:2931,8369.88
O3526,SKU_002281,S009,19-09-2025 00:2932,7184.57
O3527,SKU_002282,S009,19-09-2025 00:2933,2098
O3528,SKU_002283,S009,19-09-2025 00:2934,2256.31
O3529,SKU_002284,S009,19-09-2025 00:2935,1652.21
O3530,SKU_002285,S009,19-09-2025 00:2936,1668.08
O3531,SKU_002286,S009,19-09-2025 00:2937,2234.12
O3532,SKU_002287,S009,19-09-2025 00:2938,3879.65
O3533,SKU_002288,S009,19-09-2025 00:2939,4152.96
O3534,SKU_002289,S009,19-09-2025 00:2940,3412.4
O3535,SKU_002290,S009,19-09-2025 00:2941,3484.15
O3536,SKU_002291,S009,19-09-2025 00:2942,4780.34
O3537,SKU_002292,S009,19-09-2025 00:2943,4608.82
O3538,SKU_002293,S009,19-09-2025 00:2944,4179.04
O3539,SKU_002294,S009,19-09-2025 00:2945,4405.91
O3540,SKU_002295,S009,19-09-2025 00:2946,4545.29
O3541,SKU_002296,S009,19-09-2025 00:2947,3861.33
O3542,SKU_002297,S009,19-09-2025 00:2948,107.53
O3543,SKU_002298,S009,19-09-2025 00:2949,101.61
O3544,SKU_002299,S009,19-09-2025 00:2950,137.96
O3545,SKU_002300,S009,19-09-2025 00:2951,129.31
O3546,SKU_002301,S009,19-09-2025 00:2952,104.34
O3547,SKU_002302,S009,19-09-2025 00:2953,23.32
O3548,SKU_002303,S009,19-09-2025 00:2954,26.46
O3549,SKU_002304,S009,19-09-2025 00:2955,28.46
O3550,SKU_002305,S009,19-09-2025 00:2956,27.07
O3551,SKU_002306,S009,19-09-2025 00:2957,29.31
O3552,SKU_002307,S009,19-09-2025 00:2958,144.91
O3553,SKU_002308,S009,19-09-2025 00:2959,121.02
O3554,SKU_002309,S009,19-09-2025 00:2960,171.11
O3555,SKU_002310,S009,19-09-2025 00:2961,148.19
O3556,SKU_002311,S009,19-09-2025 00:2962,179.66
O3557,SKU_002312,S009,19-09-2025 00:2963,2744.54
O3558,SKU_002313,S009,19-09-2025 00:2964,2557.07
O3559,SKU_002314,S009,19-09-2025 00:2965,2915.57
O3560,SKU_002315,S009,19-09-2025 00:2966,3296.94
O3561,SKU_002316,S009,19-09-2025 00:2967,3110.88
O3562,SKU_002317,S009,19-09-2025 00:2968,2308.57
O3563,SKU_002318,S009,19-09-2025 00:2969,3036.57
O3564,SKU_002319,S009,19-09-2025 00:2970,2859.63
O3565,SKU_002320,S009,19-09-2025 00:2971,2858.67
O3566,SKU_002321,S009,19-09-2025 00:2972,3212.66
O3567,SKU_002322,S009,19-09-2025 00:2973,373.89
O3568,SKU_002323,S009,19-09-2025 00:2974,398.44
O3569,SKU_002324,S009,19-09-2025 00:2975,374.39
O3570,SKU_002325,S009,19-09-2025 00:2976,405.01
O3571,SKU_002326,S009,19-09-2025 00:2977,391.47
O3572,SKU_002327,S009,19-09-2025 00:2978,879.47
O3573,SKU_002328,S009,19-09-2025 00:2979,736.9
O3574,SKU_002329,S009,19-09-2025 00:2980,670.58
O3575,SKU_002330,S009,19-09-2025 00:2981,952.31
O3576,SKU_002331,S009,19-09-2025 00:2982,721.45
O3577,SKU_002332,S009,19-09-2025 00:2983,539.57
O3578,SKU_002333,S009,19-09-2025 00:2984,581.37
O3579,SKU_002334,S009,19-09-2025 00:2985,495.55
O3580,SKU_002335,S009,19-09-2025 00:2986,516.86
O3581,SKU_002336,S009,19-09-2025 00:2987,698.32
O3582,SKU_002337,S009,19-09-2025 00:2988,606.22
O3583,SKU_002338,S009,19-09-2025 00:2989,712.78
O3584,SKU_002339,S009,19-09-2025 00:2990,534.16
O3585,SKU_002340,S009,19-09-2025 00:2991,549.5
O3586,SKU_002341,S009,19-09-2025 00:2992,665.56
O3587,SKU_002342,S009,19-09-2025 00:2993,875.13
O3588,SKU_002343,S009,19-09-2025 00:2994,727.27
O3589,SKU_002344,S009,19-09-2025 00:2995,643.7
O3590,SKU_002345,S009,19-09-2025 00:2996,807.19
O3591,SKU_002346,S009,19-09-2025 00:2997,807.33
O3592,SKU_002347,S009,19-09-2025 00:2998,43741.45
O3593,SKU_002348,S009,19-09-2025 00:2999,37682.22
O3594,SKU_002349,S009,19-09-2025 00:3000,33862.88
O3595,SKU_002350,S009,19-09-2025 00:3001,41010.81
O3596,SKU_002351,S009,19-09-2025 00:3002,36324.9
O3597,SKU_002352,S009,19-09-2025 00:3003,2228.15
O3598,SKU_002353,S009,19-09-2025 00:3004,1857.34
O3599,SKU_002354,S009,19-09-2025 00:3005,1814.21
O3600,SKU_002355,S009,19-09-2025 00:3006,2228.24
O3601,SKU_002356,S009,19-09-2025 00:3007,2323.39
O3602,SKU_002357,S009,19-09-2025 00:3008,15917.74
O3603,SKU_002358,S009,19-09-2025 00:3009,17042.07
O3604,SKU_002359,S009,19-09-2025 00:3010,14136.95
O3605,SKU_002360,S009,19-09-2025 00:3011,15396.24
O3606,SKU_002361,S009,19-09-2025 00:3012,15033.77
O3607,SKU_002362,S009,19-09-2025 00:3013,16634.01
O3608,SKU_002363,S009,19-09-2025 00:3014,14659.72
O3609,SKU_002364,S009,19-09-2025 00:3015,18781.65
O3610,SKU_002365,S009,19-09-2025 00:3016,16801.57
O3611,SKU_002366,S009,19-09-2025 00:3017,15993.31
O3612,SKU_002367,S009,19-09-2025 00:3018,435.83
O3613,SKU_002368,S009,19-09-2025 00:3019,426.99
O3614,SKU_002369,S009,19-09-2025 00:3020,413.88
O3615,SKU_002370,S009,19-09-2025 00:3021,356.49
O3616,SKU_002371,S009,19-09-2025 00:3022,420.44
O3617,SKU_002372,S009,19-09-2025 00:3023,629.75
O3618,SKU_002373,S009,19-09-2025 00:3024,577.57
O3619,SKU_002374,S009,19-09-2025 00:3025,619.84
O3620,SKU_002375,S009,19-09-2025 00:3026,518.36
O3621,SKU_002376,S009,19-09-2025 00:3027,483.3
O3622,SKU_002377,S009,19-09-2025 00:3028,586.8
O3623,SKU_002378,S009,19-09-2025 00:3029,819.46
O3624,SKU_002379,S009,19-09-2025 00:3030,632.5
O3625,SKU_002380,S009,19-09-2025 00:3031,817.35
O3626,SKU_002381,S009,19-09-2025 00:3032,675.32
O3627,SKU_002382,S009,19-09-2025 00:3033,503.19
O3628,SKU_002383,S009,19-09-2025 00:3034,684.87
O3629,SKU_002384,S009,19-09-2025 00:3035,652.06
O3630,SKU_002385,S009,19-09-2025 00:3036,568.79
O3631,SKU_002386,S009,19-09-2025 00:3037,673.85
O3632,SKU_002387,S009,19-09-2025 00:3038,581.03
O3633,SKU_002388,S009,19-09-2025 00:3039,692.91
O3634,SKU_002389,S009,19-09-2025 00:3040,712.23
O3635,SKU_002390,S009,19-09-2025 00:3041,660.72
O3636,SKU_002391,S009,19-09-2025 00:3042,684.41
O3637,SKU_002392,S009,19-09-2025 00:3043,3078.55
O3638,SKU_002393,S009,19-09-2025 00:3044,3257.72
O3639,SKU_002394,S009,19-09-2025 00:3045,3801.23
O3640,SKU_002395,S009,19-09-2025 00:3046,3901.91
O3641,SKU_002396,S009,19-09-2025 00:3047,3427.59
O3642,SKU_002397,S009,19-09-2025 00:3048,196.08
O3643,SKU_002398,S009,19-09-2025 00:3049,201.74
O3644,SKU_002399,S009,19-09-2025 00:3050,169.06
O3645,SKU_002400,S009,19-09-2025 00:3051,175.83
O3646,SKU_002401,S009,19-09-2025 00:3052,200.37
O3647,SKU_002402,S009,19-09-2025 00:3053,118.01
O3648,SKU_002403,S009,19-09-2025 00:3054,122.85
O3649,SKU_002404,S009,19-09-2025 00:3055,125.47
O3650,SKU_002405,S009,19-09-2025 00:3056,106.13
O3651,SKU_002406,S009,19-09-2025 00:3057,102.65
O3652,SKU_002407,S009,19-09-2025 00:3058,998.81
O3653,SKU_002408,S009,19-09-2025 00:3059,946.94
O3654,SKU_002409,S009,19-09-2025 00:3060,919.43
O3655,SKU_002410,S009,19-09-2025 00:3061,987.82
O3656,SKU_002411,S009,19-09-2025 00:3062,698.15
O3657,SKU_002412,S009,19-09-2025 00:3063,697.52
O3658,SKU_002413,S009,19-09-2025 00:3064,826.58
O3659,SKU_002414,S009,19-09-2025 00:3065,750.56
O3660,SKU_002415,S009,19-09-2025 00:3066,886.69
O3661,SKU_002416,S009,19-09-2025 00:3067,936.53
O3662,SKU_002417,S009,19-09-2025 00:3068,1154.39
O3663,SKU_002418,S009,19-09-2025 00:3069,1093.7
O3664,SKU_002419,S009,19-09-2025 00:3070,1124.03
O3665,SKU_002420,S009,19-09-2025 00:3071,1094.4
O3666,SKU_002421,S009,19-09-2025 00:3072,1002.33
O3667,SKU_002422,S009,19-09-2025 00:3073,480.27
O3668,SKU_002423,S009,19-09-2025 00:3074,590.02
O3669,SKU_002424,S009,19-09-2025 00:3075,583.13
O3670,SKU_002425,S009,19-09-2025 00:3076,573.16
O3671,SKU_002426,S009,19-09-2025 00:3077,515.79
O3672,SKU_002427,S009,19-09-2025 00:3078,13039.74
O3673,SKU_002428,S009,19-09-2025 00:3079,19027.38
O3674,SKU_002429,S009,19-09-2025 00:3080,13469.38
O3675,SKU_002430,S009,19-09-2025 00:3081,16796.65
O3676,SKU_002431,S009,19-09-2025 00:3082,13075.54
O3677,SKU_002432,S009,19-09-2025 00:3083,316.54
O3678,SKU_002433,S009,19-09-2025 00:3084,360.93
O3679,SKU_002434,S009,19-09-2025 00:3085,257.41
O3680,SKU_002435,S009,19-09-2025 00:3086,293.68
O3681,SKU_002436,S009,19-09-2025 00:3087,326.19
O3682,SKU_002437,S009,19-09-2025 00:3088,133.02
O3683,SKU_002438,S009,19-09-2025 00:3089,141.09
O3684,SKU_002439,S009,19-09-2025 00:3090,138.83
O3685,SKU_002440,S009,19-09-2025 00:3091,187.87
O3686,SKU_002441,S009,19-09-2025 00:3092,137.52
O3687,SKU_002442,S009,19-09-2025 00:3093,55.2
O3688,SKU_002443,S009,19-09-2025 00:3094,52.29
O3689,SKU_002444,S009,19-09-2025 00:3095,48.16
O3690,SKU_002445,S009,19-09-2025 00:3096,52.19
O3691,SKU_002446,S009,19-09-2025 00:3097,64.05
O3692,SKU_002447,S009,19-09-2025 00:3098,434.23
O3693,SKU_002448,S009,19-09-2025 00:3099,403.58
O3694,SKU_002449,S009,19-09-2025 00:3100,449.32
O3695,SKU_002450,S009,19-09-2025 00:3101,372.31
O3696,SKU_002451,S009,19-09-2025 00:3102,412.62
O3697,SKU_002452,S009,19-09-2025 00:3103,144.03
O3698,SKU_002453,S009,19-09-2025 00:3104,176.25
O3699,SKU_002454,S009,19-09-2025 00:3105,176.6
O3700,SKU_002455,S009,19-09-2025 00:3106,128.92
O3701,SKU_002456,S009,19-09-2025 00:3107,173.98
O3702,SKU_002457,S009,19-09-2025 00:3108,280.47
O3703,SKU_002458,S009,19-09-2025 00:3109,322.01
O3704,SKU_002459,S009,19-09-2025 00:3110,361.14
O3705,SKU_002460,S009,19-09-2025 00:3111,250.37
O3706,SKU_002461,S009,19-09-2025 00:3112,332.02
O3707,SKU_002462,S009,19-09-2025 00:3113,305.37
O3708,SKU_002463,S009,19-09-2025 00:3114,426.93
O3709,SKU_002464,S009,19-09-2025 00:3115,421.69
O3710,SKU_002465,S009,19-09-2025 00:3116,354.32
O3711,SKU_002466,S009,19-09-2025 00:3117,324.41
O3712,SKU_002467,S009,19-09-2025 00:3118,22705.85
O3713,SKU_002468,S009,19-09-2025 00:3119,20972.86
O3714,SKU_002469,S009,19-09-2025 00:3120,17780.69
O3715,SKU_002470,S009,19-09-2025 00:3121,22125.31
O3716,SKU_002471,S009,19-09-2025 00:3122,16995.83
O3717,SKU_002472,S009,19-09-2025 00:3123,102.44
O3718,SKU_002473,S009,19-09-2025 00:3124,107.5
O3719,SKU_002474,S009,19-09-2025 00:3125,133.65
O3720,SKU_002475,S010,19-09-2025 00:3126,100.15
O3721,SKU_002476,S010,19-09-2025 00:3127,102.59
O3722,SKU_002477,S010,19-09-2025 00:3128,642.92
O3723,SKU_002478,S010,19-09-2025 00:3129,694.58
O3724,SKU_002479,S010,19-09-2025 00:3130,546.16
O3725,SKU_002480,S010,19-09-2025 00:3131,766.11
O3726,SKU_002481,S010,19-09-2025 00:3132,638.79
O3727,SKU_002482,S010,19-09-2025 00:3133,1061.66
O3728,SKU_002483,S010,19-09-2025 00:3134,1075.48
O3729,SKU_002484,S010,19-09-2025 00:3135,986.79
O3730,SKU_002485,S010,19-09-2025 00:3136,1026.19
O3731,SKU_002486,S010,19-09-2025 00:3137,944.67
O3732,SKU_002487,S010,19-09-2025 00:3138,625.26
O3733,SKU_002488,S010,19-09-2025 00:3139,687.74
O3734,SKU_002489,S010,19-09-2025 00:3140,731.04
O3735,SKU_002490,S010,19-09-2025 00:3141,638.03
O3736,SKU_002491,S010,19-09-2025 00:3142,592.04
O3737,SKU_002492,S010,19-09-2025 00:3143,711.14
O3738,SKU_002493,S010,19-09-2025 00:3144,895.33
O3739,SKU_002494,S010,19-09-2025 00:3145,764.06
O3740,SKU_002495,S010,19-09-2025 00:3146,686.7
O3741,SKU_002496,S010,19-09-2025 00:3147,806.91
O3742,SKU_002497,S010,19-09-2025 00:3148,2198.73
O3743,SKU_002498,S010,19-09-2025 00:3149,2306.06
O3744,SKU_002499,S010,19-09-2025 00:3150,2021.71
O3745,SKU_002500,S010,19-09-2025 00:3151,1750.21
O3746,SKU_002501,S010,19-09-2025 00:3152,2125.08
O3747,SKU_002502,S010,19-09-2025 00:3153,2704.27
O3748,SKU_002503,S010,19-09-2025 00:3154,3278.97
O3749,SKU_002504,S010,19-09-2025 00:3155,2921.26
O3750,SKU_002505,S010,19-09-2025 00:3156,2718.08
O3751,SKU_002506,S010,19-09-2025 00:3157,3539.84
O3752,SKU_002507,S010,19-09-2025 00:3158,968.18
O3753,SKU_002508,S010,19-09-2025 00:3159,813.72
O3754,SKU_002509,S010,19-09-2025 00:3160,1188.01
O3755,SKU_002510,S010,19-09-2025 00:3161,982.22
O3756,SKU_002511,S010,19-09-2025 00:3162,805.33
O3757,SKU_002512,S010,19-09-2025 00:3163,1110.88
O3758,SKU_002513,S010,19-09-2025 00:3164,1187.69
O3759,SKU_002514,S010,19-09-2025 00:3165,940.52
O3760,SKU_002515,S010,19-09-2025 00:3166,970.23
O3761,SKU_002516,S010,19-09-2025 00:3167,1016.93
O3762,SKU_002517,S010,19-09-2025 00:3168,6020.34
O3763,SKU_002518,S010,19-09-2025 00:3169,4946.48
O3764,SKU_002519,S010,19-09-2025 00:3170,5357.72
O3765,SKU_002520,S010,19-09-2025 00:3171,6518.53
O3766,SKU_002521,S010,19-09-2025 00:3172,5419.58
O3767,SKU_002522,S010,19-09-2025 00:3173,81444.88
O3768,SKU_002523,S010,19-09-2025 00:3174,69713.76
O3769,SKU_002524,S010,19-09-2025 00:3175,58752.14
O3770,SKU_002525,S010,19-09-2025 00:3176,60104.49
O3771,SKU_002526,S010,19-09-2025 00:3177,64355.11
O3772,SKU_002527,S010,19-09-2025 00:3178,15392.07
O3773,SKU_002528,S010,19-09-2025 00:3179,12139.45
O3774,SKU_002529,S010,19-09-2025 00:3180,14826.59
O3775,SKU_002530,S010,19-09-2025 00:3181,14392.89
O3776,SKU_002531,S010,19-09-2025 00:3182,10882.75
O3777,SKU_002532,S010,19-09-2025 00:3183,207.15
O3778,SKU_002533,S010,19-09-2025 00:3184,208.66
O3779,SKU_002534,S010,19-09-2025 00:3185,207.29
O3780,SKU_002535,S010,19-09-2025 00:3186,238.26
O3781,SKU_002536,S010,19-09-2025 00:3187,191.58
O3782,SKU_002537,S010,19-09-2025 00:3188,300.11
O3783,SKU_002538,S010,19-09-2025 00:3189,295.15
O3784,SKU_002539,S010,19-09-2025 00:3190,285.33
O3785,SKU_002540,S010,19-09-2025 00:3191,293.4
O3786,SKU_002541,S010,19-09-2025 00:3192,291.36
O3787,SKU_002542,S010,19-09-2025 00:3193,471.08
O3788,SKU_002543,S010,19-09-2025 00:3194,515.46
O3789,SKU_002544,S010,19-09-2025 00:3195,401.96
O3790,SKU_002545,S010,19-09-2025 00:3196,577.54
O3791,SKU_002546,S010,19-09-2025 00:3197,497.46
O3792,SKU_002547,S010,19-09-2025 00:3198,281.32
O3793,SKU_002548,S010,19-09-2025 00:3199,412.29
O3794,SKU_002549,S010,19-09-2025 00:3200,343.57
O3795,SKU_002550,S010,19-09-2025 00:3201,354.6
O3796,SKU_002551,S010,19-09-2025 00:3202,338.58
O3797,SKU_002552,S010,19-09-2025 00:3203,356.85
O3798,SKU_002553,S010,19-09-2025 00:3204,269.72
O3799,SKU_002554,S010,19-09-2025 00:3205,319.99
O3800,SKU_002555,S010,19-09-2025 00:3206,308.6
O3801,SKU_002556,S010,19-09-2025 00:3207,295.17
O3802,SKU_002557,S010,19-09-2025 00:3208,166.99
O3803,SKU_002558,S010,19-09-2025 00:3209,209
O3804,SKU_002559,S010,19-09-2025 00:3210,234.74
O3805,SKU_002560,S010,19-09-2025 00:3211,225.33
O3806,SKU_002561,S010,19-09-2025 00:3212,198.92
O3807,SKU_002562,S010,19-09-2025 00:3213,9522.82
O3808,SKU_002563,S010,19-09-2025 00:3214,8133.79
O3809,SKU_002564,S010,19-09-2025 00:3215,7247.94
O3810,SKU_002565,S010,19-09-2025 00:3216,8641.24
O3811,SKU_002566,S010,19-09-2025 00:3217,9780.95
O3812,SKU_002567,S010,19-09-2025 00:3218,9526.25
O3813,SKU_002568,S010,19-09-2025 00:3219,10041.25
O3814,SKU_002569,S010,19-09-2025 00:3220,11804.45
O3815,SKU_002570,S010,19-09-2025 00:3221,12293.19
O3816,SKU_002571,S010,19-09-2025 00:3222,11695.6
O3817,SKU_002572,S010,19-09-2025 00:3223,4680.86
O3818,SKU_002573,S010,19-09-2025 00:3224,4703.47
O3819,SKU_002574,S010,19-09-2025 00:3225,3965.31
O3820,SKU_002575,S010,19-09-2025 00:3226,4475.43
O3821,SKU_002576,S010,19-09-2025 00:3227,4267.76
O3822,SKU_002577,S010,19-09-2025 00:3228,1126.58
O3823,SKU_002578,S010,19-09-2025 00:3229,1093.29
O3824,SKU_002579,S010,19-09-2025 00:3230,947.36
O3825,SKU_002580,S010,19-09-2025 00:3231,896.06
O3826,SKU_002581,S010,19-09-2025 00:3232,1018.86
O3827,SKU_002582,S010,19-09-2025 00:3233,972.74
O3828,SKU_002583,S010,19-09-2025 00:3234,800.49
O3829,SKU_002584,S010,19-09-2025 00:3235,769.95
O3830,SKU_002585,S010,19-09-2025 00:3236,1003.17
O3831,SKU_002586,S010,19-09-2025 00:3237,732.74
O3832,SKU_002587,S010,19-09-2025 00:3238,514.45
O3833,SKU_002588,S010,19-09-2025 00:3239,483.41
O3834,SKU_002589,S010,19-09-2025 00:3240,623.63
O3835,SKU_002590,S010,19-09-2025 00:3241,652.17
O3836,SKU_002591,S010,19-09-2025 00:3242,511.62
O3837,SKU_002592,S010,19-09-2025 00:3243,444.62
O3838,SKU_002593,S010,19-09-2025 00:3244,361.99
O3839,SKU_002594,S010,19-09-2025 00:3245,470.87
O3840,SKU_002595,S010,19-09-2025 00:3246,381.67
O3841,SKU_002596,S010,19-09-2025 00:3247,363.47
O3842,SKU_002597,S010,19-09-2025 00:3248,6567.01
O3843,SKU_002598,S010,19-09-2025 00:3249,8381.76
O3844,SKU_002599,S010,19-09-2025 00:3250,7089.37
O3845,SKU_002600,S010,19-09-2025 00:3251,5948.31
O3846,SKU_002601,S010,19-09-2025 00:3252,6462.45
O3847,SKU_002602,S010,19-09-2025 00:3253,487.05
O3848,SKU_002603,S010,19-09-2025 00:3254,445.94
O3849,SKU_002604,S010,19-09-2025 00:3255,511.54
O3850,SKU_002605,S010,19-09-2025 00:3256,505.97
O3851,SKU_002606,S010,19-09-2025 00:3257,585.41
O3852,SKU_002607,S010,19-09-2025 00:3258,466.87
O3853,SKU_002608,S010,19-09-2025 00:3259,382.89
O3854,SKU_002609,S010,19-09-2025 00:3260,393.64
O3855,SKU_002610,S010,19-09-2025 00:3261,420.97
O3856,SKU_002611,S010,19-09-2025 00:3262,468.54
O3857,SKU_002612,S010,19-09-2025 00:3263,1036.05
O3858,SKU_002613,S010,19-09-2025 00:3264,725.63
O3859,SKU_002614,S010,19-09-2025 00:3265,989.99
O3860,SKU_002615,S010,19-09-2025 00:3266,1002.74
O3861,SKU_002616,S010,19-09-2025 00:3267,1059.48
O3862,SKU_002617,S010,19-09-2025 00:3268,885.33
O3863,SKU_002618,S010,19-09-2025 00:3269,788.54
O3864,SKU_002619,S010,19-09-2025 00:3270,773.8
O3865,SKU_002620,S010,19-09-2025 00:3271,790.52
O3866,SKU_002621,S010,19-09-2025 00:3272,745.88
O3867,SKU_002622,S010,19-09-2025 00:3273,2425.38
O3868,SKU_002623,S010,19-09-2025 00:3274,2180.73
O3869,SKU_002624,S010,19-09-2025 00:3275,2463.92
O3870,SKU_002625,S010,19-09-2025 00:3276,2378.79
O3871,SKU_002626,S010,19-09-2025 00:3277,2259.54
O3872,SKU_002627,S010,19-09-2025 00:3278,6890.74
O3873,SKU_002628,S010,19-09-2025 00:3279,6545.85
O3874,SKU_002629,S010,19-09-2025 00:3280,7202.98
O3875,SKU_002630,S010,19-09-2025 00:3281,6861.45
O3876,SKU_002631,S010,19-09-2025 00:3282,7123.87
O3877,SKU_002632,S010,19-09-2025 00:3283,104.05
O3878,SKU_002633,S010,19-09-2025 00:3284,137.06
O3879,SKU_002634,S010,19-09-2025 00:3285,138.8
O3880,SKU_002635,S010,19-09-2025 00:3286,155.16
O3881,SKU_002636,S010,19-09-2025 00:3287,133.98
O3882,SKU_002637,S010,19-09-2025 00:3288,90.96
O3883,SKU_002638,S010,19-09-2025 00:3289,85.09
O3884,SKU_002639,S010,19-09-2025 00:3290,64.71
O3885,SKU_002640,S010,19-09-2025 00:3291,83.81
O3886,SKU_002641,S010,19-09-2025 00:3292,85.94
O3887,SKU_002642,S010,19-09-2025 00:3293,134.17
O3888,SKU_002643,S010,19-09-2025 00:3294,176.59
O3889,SKU_002644,S010,19-09-2025 00:3295,165.55
O3890,SKU_002645,S010,19-09-2025 00:3296,128.57
O3891,SKU_002646,S010,19-09-2025 00:3297,139.31
O3892,SKU_002647,S010,19-09-2025 00:3298,927.41
O3893,SKU_002648,S010,19-09-2025 00:3299,958.78
O3894,SKU_002649,S010,19-09-2025 00:3300,1011.26
O3895,SKU_002650,S010,19-09-2025 00:3301,839.02
O3896,SKU_002651,S010,19-09-2025 00:3302,876.33
O3897,SKU_002652,S010,19-09-2025 00:3303,1378.95
O3898,SKU_002653,S010,19-09-2025 00:3304,1098.89
O3899,SKU_002654,S010,19-09-2025 00:3305,1357.01
O3900,SKU_002655,S010,19-09-2025 00:3306,1082.01
O3901,SKU_002656,S010,19-09-2025 00:3307,993.63
O3902,SKU_002657,S010,19-09-2025 00:3308,2400.86
O3903,SKU_002658,S010,19-09-2025 00:3309,2483.91
O3904,SKU_002659,S010,19-09-2025 00:3310,1828.75
O3905,SKU_002660,S010,19-09-2025 00:3311,2240.85
O3906,SKU_002661,S010,19-09-2025 00:3312,2264.34
O3907,SKU_002662,S010,19-09-2025 00:3313,2280.41
O3908,SKU_002663,S010,19-09-2025 00:3314,2275.39
O3909,SKU_002664,S010,19-09-2025 00:3315,2958.39
O3910,SKU_002665,S010,19-09-2025 00:3316,2163.94
O3911,SKU_002666,S010,19-09-2025 00:3317,2594.82
O3912,SKU_002667,S010,19-09-2025 00:3318,1576.71
O3913,SKU_002668,S010,19-09-2025 00:3319,1841.71
O3914,SKU_002669,S010,19-09-2025 00:3320,1971.44
O3915,SKU_002670,S010,19-09-2025 00:3321,1929
O3916,SKU_002671,S010,19-09-2025 00:3322,2157.73
O3917,SKU_002672,S010,19-09-2025 00:3323,410.63
O3918,SKU_002673,S010,19-09-2025 00:3324,413.71
O3919,SKU_002674,S010,19-09-2025 00:3325,332.61
O3920,SKU_002675,S010,19-09-2025 00:3326,368.57
O3921,SKU_002676,S010,19-09-2025 00:3327,393.04
O3922,SKU_002677,S010,19-09-2025 00:3328,2616.12
O3923,SKU_002678,S010,19-09-2025 00:3329,2017.25
O3924,SKU_002679,S010,19-09-2025 00:3330,2468.81
O3925,SKU_002680,S010,19-09-2025 00:3331,2577.9
O3926,SKU_002681,S010,19-09-2025 00:3332,2287.08
O3927,SKU_002682,S010,19-09-2025 00:3333,6242.44
O3928,SKU_002683,S010,19-09-2025 00:3334,6396.83
O3929,SKU_002684,S010,19-09-2025 00:3335,6762.51
O3930,SKU_002685,S010,19-09-2025 00:3336,5460.58
O3931,SKU_002686,S010,19-09-2025 00:3337,6843.51
O3932,SKU_002687,S010,19-09-2025 00:3338,47899.12
O3933,SKU_002688,S010,19-09-2025 00:3339,49138.75
O3934,SKU_002689,S010,19-09-2025 00:3340,57151.98
O3935,SKU_002690,S010,19-09-2025 00:3341,49384.54
O3936,SKU_002691,S010,19-09-2025 00:3342,51386.2
O3937,SKU_002692,S010,19-09-2025 00:3343,33050.83
O3938,SKU_002693,S010,19-09-2025 00:3344,32686.45
O3939,SKU_002694,S010,19-09-2025 00:3345,40023.3
O3940,SKU_002695,S010,19-09-2025 00:3346,36724.91
O3941,SKU_002696,S010,19-09-2025 00:3347,40258.96
O3942,SKU_002697,S010,19-09-2025 00:3348,3168.11
O3943,SKU_002698,S010,19-09-2025 00:3349,3125.6
O3944,SKU_002699,S010,19-09-2025 00:3350,2493.22
O3945,SKU_002700,S010,19-09-2025 00:3351,2886.76
O3946,SKU_002701,S010,19-09-2025 00:3352,2333.19
O3947,SKU_002702,S010,19-09-2025 00:3353,2653.65
O3948,SKU_002703,S010,19-09-2025 00:3354,2665.6
O3949,SKU_002704,S010,19-09-2025 00:3355,2750.2
O3950,SKU_002705,S010,19-09-2025 00:3356,3500.82
O3951,SKU_002706,S010,19-09-2025 00:3357,3237.46
O3952,SKU_002707,S010,19-09-2025 00:3358,50.64
O3953,SKU_002708,S010,19-09-2025 00:3359,56.42
O3954,SKU_002709,S010,19-09-2025 00:3360,49.75
O3955,SKU_002710,S010,19-09-2025 00:3361,62.68
O3956,SKU_002711,S010,19-09-2025 00:3362,63.39
O3957,SKU_002712,S010,19-09-2025 00:3363,779.22
O3958,SKU_002713,S010,19-09-2025 00:3364,849.14
O3959,SKU_002714,S010,19-09-2025 00:3365,1126.32
O3960,SKU_002715,S010,19-09-2025 00:3366,1121.13
O3961,SKU_002716,S010,19-09-2025 00:3367,988.07
O3962,SKU_002717,S010,19-09-2025 00:3368,576.8
O3963,SKU_002718,S010,19-09-2025 00:3369,518.39
O3964,SKU_002719,S010,19-09-2025 00:3370,585.72
O3965,SKU_002720,S010,19-09-2025 00:3371,677.01
O3966,SKU_002721,S010,19-09-2025 00:3372,624.42
O3967,SKU_002722,S010,19-09-2025 00:3373,69119.59
O3968,SKU_002723,S010,19-09-2025 00:3374,66837.69
O3969,SKU_002724,S010,19-09-2025 00:3375,68132.23
O3970,SKU_002725,S010,19-09-2025 00:3376,52196.97
O3971,SKU_002726,S010,19-09-2025 00:3377,71427.65
O3972,SKU_002727,S010,19-09-2025 00:3378,1062.35
O3973,SKU_002728,S010,19-09-2025 00:3379,1554.36
O3974,SKU_002729,S010,19-09-2025 00:3380,1406.23
O3975,SKU_002730,S010,19-09-2025 00:3381,1266.72
O3976,SKU_002731,S010,19-09-2025 00:3382,1221.45
O3977,SKU_002732,S010,19-09-2025 00:3383,2905.2
O3978,SKU_002733,S010,19-09-2025 00:3384,2990.26
O3979,SKU_002734,S010,19-09-2025 00:3385,3583.27
O3980,SKU_002735,S010,19-09-2025 00:3386,2773.4
O3981,SKU_002736,S010,19-09-2025 00:3387,3068.46
O3982,SKU_002737,S010,19-09-2025 00:3388,8594.62
O3983,SKU_002738,S010,19-09-2025 00:3389,8915.86
O3984,SKU_002739,S010,19-09-2025 00:3390,9467.95
O3985,SKU_002740,S010,19-09-2025 00:3391,8434.67
O3986,SKU_002741,S010,19-09-2025 00:3392,8612.15
O3987,SKU_002742,S010,19-09-2025 00:3393,6931.05
O3988,SKU_002743,S010,19-09-2025 00:3394,4847.02
O3989,SKU_002744,S010,19-09-2025 00:3395,5190.13
O3990,SKU_002745,S010,19-09-2025 00:3396,6357.25
O3991,SKU_002746,S010,19-09-2025 00:3397,5853.73
O3992,SKU_002747,S010,19-09-2025 00:3398,3055.81
O3993,SKU_002748,S010,19-09-2025 00:3399,2830.74
O3994,SKU_002749,S010,19-09-2025 00:3400,2988.99
O3995,SKU_002750,S010,19-09-2025 00:3401,2713.91
O3996,SKU_002751,S010,19-09-2025 00:3402,2886.77
O3997,SKU_002752,S010,19-09-2025 00:3403,769.4
O3998,SKU_002753,S010,19-09-2025 00:3404,836.96
O3999,SKU_002754,S010,19-09-2025 00:3405,947.59
O4000,SKU_002755,S010,19-09-2025 00:3406,963
O4001,SKU_002756,S010,19-09-2025 00:3407,862.06
O4002,SKU_002757,S010,19-09-2025 00:3408,122.95
O4003,SKU_002758,S010,19-09-2025 00:3409,105.74
O4004,SKU_002759,S010,19-09-2025 00:3410,99.68
O4005,SKU_002760,S010,19-09-2025 00:3411,117.45
O4006,SKU_002761,S010,19-09-2025 00:3412,125.14
O4007,SKU_002762,S010,19-09-2025 00:3413,343.29
O4008,SKU_002763,S010,19-09-2025 00:3414,262.87
O4009,SKU_002764,S010,19-09-2025 00:3415,364.27
O4010,SKU_002765,S010,19-09-2025 00:3416,300.47
O4011,SKU_002766,S010,19-09-2025 00:3417,335.4
O4012,SKU_002767,S010,19-09-2025 00:3418,175.69
O4013,SKU_002768,S010,19-09-2025 00:3419,175.69
O4014,SKU_002769,S010,19-09-2025 00:3420,243
O4015,SKU_002770,S010,19-09-2025 00:3421,186.43
O4016,SKU_002771,S010,19-09-2025 00:3422,169.75
O4017,SKU_002772,S010,19-09-2025 00:3423,455.58
O4018,SKU_002773,S010,19-09-2025 00:3424,384.01
O4019,SKU_002774,S010,19-09-2025 00:3425,439.53
O4020,SKU_002775,S010,19-09-2025 00:3426,370.97
O4021,SKU_002776,S010,19-09-2025 00:3427,492.56
O4022,SKU_002777,S010,19-09-2025 00:3428,196.11
O4023,SKU_002778,S010,19-09-2025 00:3429,215.23
O4024,SKU_002779,S010,19-09-2025 00:3430,190.52
O4025,SKU_002780,S010,19-09-2025 00:3431,182.73
O4026,SKU_002781,S010,19-09-2025 00:3432,246.62
O4027,SKU_002782,S010,19-09-2025 00:3433,3023.95
O4028,SKU_002783,S010,19-09-2025 00:3434,2975.9
O4029,SKU_002784,S010,19-09-2025 00:3435,3482.79
O4030,SKU_002785,S010,19-09-2025 00:3436,2662.84
O4031,SKU_002786,S010,19-09-2025 00:3437,2925.37
O4032,SKU_002787,S010,19-09-2025 00:3438,819.09
O4033,SKU_002788,S010,19-09-2025 00:3439,652.3
O4034,SKU_002789,S010,19-09-2025 00:3440,835.93
O4035,SKU_002790,S010,19-09-2025 00:3441,665.72
O4036,SKU_002791,S010,19-09-2025 00:3442,707.23
O4037,SKU_002792,S010,19-09-2025 00:3443,471.65
O4038,SKU_002793,S010,19-09-2025 00:3444,562.97
O4039,SKU_002794,S010,19-09-2025 00:3445,462.9
O4040,SKU_002795,S010,19-09-2025 00:3446,477.57
O4041,SKU_002796,S010,19-09-2025 00:3447,407.72
O4042,SKU_002797,S010,19-09-2025 00:3448,1042.22
O4043,SKU_002798,S010,19-09-2025 00:3449,911.07
O4044,SKU_002799,S010,19-09-2025 00:3450,988.7
O4045,SKU_002800,S010,19-09-2025 00:3451,897.47
O4046,SKU_002801,S010,19-09-2025 00:3452,908.34
O4047,SKU_002802,S010,19-09-2025 00:3453,1034.86
O4048,SKU_002803,S010,19-09-2025 00:3454,928.02
O4049,SKU_002804,S010,19-09-2025 00:3455,896.17
O4050,SKU_002805,S010,19-09-2025 00:3456,1042.68
O4051,SKU_002806,S010,19-09-2025 00:3457,888.37
O4052,SKU_002807,S010,19-09-2025 00:3458,673.3
O4053,SKU_002808,S010,19-09-2025 00:3459,706.17
O4054,SKU_002809,S010,19-09-2025 00:3460,714.13
O4055,SKU_002810,S010,19-09-2025 00:3461,724.79
O4056,SKU_002811,S010,19-09-2025 00:3462,665.28
O4057,SKU_002812,S010,19-09-2025 00:3463,596.18
O4058,SKU_002813,S010,19-09-2025 00:3464,759.83
O4059,SKU_002814,S010,19-09-2025 00:3465,590.5
O4060,SKU_002815,S010,19-09-2025 00:3466,671.45
O4061,SKU_002816,S010,19-09-2025 00:3467,746.84
O4062,SKU_002817,S010,19-09-2025 00:3468,699.81
O4063,SKU_002818,S010,19-09-2025 00:3469,527.65
O4064,SKU_002819,S010,19-09-2025 00:3470,557.71
O4065,SKU_002820,S010,19-09-2025 00:3471,619.01
O4066,SKU_002821,S010,19-09-2025 00:3472,489.98
O4067,SKU_002822,S010,19-09-2025 00:3473,1052.09
O4068,SKU_002823,S010,19-09-2025 00:3474,809.6
O4069,SKU_002824,S010,19-09-2025 00:3475,1045.53
O4070,SKU_002825,S010,19-09-2025 00:3476,975.88
O4071,SKU_002826,S010,19-09-2025 00:3477,812.02
O4072,SKU_002827,S010,19-09-2025 00:3478,1041.04
O4073,SKU_002828,S010,19-09-2025 00:3479,846.88
O4074,SKU_002829,S010,19-09-2025 00:3480,1114.52
O4075,SKU_002830,S010,19-09-2025 00:3481,841.84
O4076,SKU_002831,S010,19-09-2025 00:3482,1120.77
O4077,SKU_002832,S010,19-09-2025 00:3483,644.57
O4078,SKU_002833,S010,19-09-2025 00:3484,632.62
O4079,SKU_002834,S010,19-09-2025 00:3485,503.81
O4080,SKU_002835,S010,19-09-2025 00:3486,606.74
O4081,SKU_002836,S010,19-09-2025 00:3487,589.34
O4082,SKU_002837,S010,19-09-2025 00:3488,1048.93
O4083,SKU_002838,S010,19-09-2025 00:3489,1045.87
O4084,SKU_002839,S010,19-09-2025 00:3490,780.56
O4085,SKU_002840,S010,19-09-2025 00:3491,993.04
O4086,SKU_002841,S010,19-09-2025 00:3492,900.36
O4087,SKU_002842,S010,19-09-2025 00:3493,98.64
O4088,SKU_002843,S010,19-09-2025 00:3494,111.15
O4089,SKU_002844,S010,19-09-2025 00:3495,96.51
O4090,SKU_002845,S010,19-09-2025 00:3496,112.26
O4091,SKU_002846,S010,19-09-2025 00:3497,143.29
O4092,SKU_002847,S010,19-09-2025 00:3498,341.98
O4093,SKU_002848,S010,19-09-2025 00:3499,297.61
O4094,SKU_002849,S010,19-09-2025 00:3500,309.5
O4095,SKU_002850,S010,19-09-2025 00:3501,265.16
O4096,SKU_002851,S010,19-09-2025 00:3502,285.41
O4097,SKU_002852,S010,19-09-2025 00:3503,3170.39
O4098,SKU_002853,S010,19-09-2025 00:3504,3319.15
O4099,SKU_002854,S010,19-09-2025 00:3505,2697.3
O4100,SKU_002855,S010,19-09-2025 00:3506,3504.63
O4101,SKU_002856,S010,19-09-2025 00:3507,2791.03
O4102,SKU_002857,S010,19-09-2025 00:3508,1019.3
O4103,SKU_002858,S010,19-09-2025 00:3509,1101.52
O4104,SKU_002859,S010,19-09-2025 00:3510,1054.27
O4105,SKU_002860,S010,19-09-2025 00:3511,1141.13
O4106,SKU_002861,S010,19-09-2025 00:3512,936.86
O4107,SKU_002862,S010,19-09-2025 00:3513,2572.76
O4108,SKU_002863,S010,19-09-2025 00:3514,2765.34
O4109,SKU_002864,S010,19-09-2025 00:3515,2539.31
O4110,SKU_002865,S010,19-09-2025 00:3516,3382.87
O4111,SKU_002866,S010,19-09-2025 00:3517,2649.2
O4112,SKU_002867,S010,19-09-2025 00:3518,158.21
O4113,SKU_002868,S010,19-09-2025 00:3519,146.15
O4114,SKU_002869,S010,19-09-2025 00:3520,159.73
O4115,SKU_002870,S010,19-09-2025 00:3521,170.85
O4116,SKU_002871,S010,19-09-2025 00:3522,140.5
O4117,SKU_002872,S010,19-09-2025 00:3523,320.8
O4118,SKU_002873,S010,19-09-2025 00:3524,340.55
O4119,SKU_002874,S010,19-09-2025 00:3525,386.13
O4120,SKU_002875,S011,19-09-2025 00:3526,404.58
O4121,SKU_002876,S011,19-09-2025 00:3527,360.13
O4122,SKU_002877,S011,19-09-2025 00:3528,661.75
O4123,SKU_002878,S011,19-09-2025 00:3529,752.66
O4124,SKU_002879,S011,19-09-2025 00:3530,583.38
O4125,SKU_002880,S011,19-09-2025 00:3531,660.07
O4126,SKU_002881,S011,19-09-2025 00:3532,835.46
O4127,SKU_002882,S011,19-09-2025 00:3533,659.91
O4128,SKU_002883,S011,19-09-2025 00:3534,859.12
O4129,SKU_002884,S011,19-09-2025 00:3535,872.6
O4130,SKU_002885,S011,19-09-2025 00:3536,904.52
O4131,SKU_002886,S011,19-09-2025 00:3537,732.79
O4132,SKU_002887,S011,19-09-2025 00:3538,462.1
O4133,SKU_002888,S011,19-09-2025 00:3539,416.39
O4134,SKU_002889,S011,19-09-2025 00:3540,385.58
O4135,SKU_002890,S011,19-09-2025 00:3541,429.83
O4136,SKU_002891,S011,19-09-2025 00:3542,433.44
O4137,SKU_002892,S011,19-09-2025 00:3543,259.29
O4138,SKU_002893,S011,19-09-2025 00:3544,372.82
O4139,SKU_002894,S011,19-09-2025 00:3545,341.71
O4140,SKU_002895,S011,19-09-2025 00:3546,362.52
O4141,SKU_002896,S011,19-09-2025 00:3547,261.69
O4142,SKU_002897,S011,19-09-2025 00:3548,793.61
O4143,SKU_002898,S011,19-09-2025 00:3549,741.7
O4144,SKU_002899,S011,19-09-2025 00:3550,693.06
O4145,SKU_002900,S011,19-09-2025 00:3551,627.43
O4146,SKU_002901,S011,19-09-2025 00:3552,641.72
O4147,SKU_002902,S011,19-09-2025 00:3553,845.66
O4148,SKU_002903,S011,19-09-2025 00:3554,746.25
O4149,SKU_002904,S011,19-09-2025 00:3555,659.17
O4150,SKU_002905,S011,19-09-2025 00:3556,648.74
O4151,SKU_002906,S011,19-09-2025 00:3557,789.66
O4152,SKU_002907,S011,19-09-2025 00:3558,789.34
O4153,SKU_002908,S011,19-09-2025 00:3559,623.76
O4154,SKU_002909,S011,19-09-2025 00:3560,644.58
O4155,SKU_002910,S011,19-09-2025 00:3561,674.9
O4156,SKU_002911,S011,19-09-2025 00:3562,825.32
O4157,SKU_002912,S011,19-09-2025 00:3563,691.61
O4158,SKU_002913,S011,19-09-2025 00:3564,745.17
O4159,SKU_002914,S011,19-09-2025 00:3565,689.34
O4160,SKU_002915,S011,19-09-2025 00:3566,662.42
O4161,SKU_002916,S011,19-09-2025 00:3567,826.29
O4162,SKU_002917,S011,19-09-2025 00:3568,2239.32
O4163,SKU_002918,S011,19-09-2025 00:3569,2209.82
O4164,SKU_002919,S011,19-09-2025 00:3570,1610.6
O4165,SKU_002920,S011,19-09-2025 00:3571,2156.7
O4166,SKU_002921,S011,19-09-2025 00:3572,1887.99
O4167,SKU_002922,S011,19-09-2025 00:3573,2339.39
O4168,SKU_002923,S011,19-09-2025 00:3574,2336.79
O4169,SKU_002924,S011,19-09-2025 00:3575,2110.55
O4170,SKU_002925,S011,19-09-2025 00:3576,1756.06
O4171,SKU_002926,S011,19-09-2025 00:3577,2080.04
O4172,SKU_002927,S011,19-09-2025 00:3578,4014.55
O4173,SKU_002928,S011,19-09-2025 00:3579,3990.71
O4174,SKU_002929,S011,19-09-2025 00:3580,4055.2
O4175,SKU_002930,S011,19-09-2025 00:3581,4042.04
O4176,SKU_002931,S011,19-09-2025 00:3582,2873.84
O4177,SKU_002932,S011,19-09-2025 00:3583,1855.22
O4178,SKU_002933,S011,19-09-2025 00:3584,1475.28
O4179,SKU_002934,S011,19-09-2025 00:3585,1766.88
O4180,SKU_002935,S011,19-09-2025 00:3586,1531.81
O4181,SKU_002936,S011,19-09-2025 00:3587,1869.26
O4182,SKU_002937,S011,19-09-2025 00:3588,3000.43
O4183,SKU_002938,S011,19-09-2025 00:3589,2799.37
O4184,SKU_002939,S011,19-09-2025 00:3590,3117.95
O4185,SKU_002940,S011,19-09-2025 00:3591,2316.08
O4186,SKU_002941,S011,19-09-2025 00:3592,2541.22
O4187,SKU_002942,S011,19-09-2025 00:3593,3098.89
O4188,SKU_002943,S011,19-09-2025 00:3594,3159.88
O4189,SKU_002944,S011,19-09-2025 00:3595,3472.99
O4190,SKU_002945,S011,19-09-2025 00:3596,3614.28
O4191,SKU_002946,S011,19-09-2025 00:3597,3494.88
O4192,SKU_002947,S011,19-09-2025 00:3598,1995.59
O4193,SKU_002948,S011,19-09-2025 00:3599,2107.99
O4194,SKU_002949,S011,19-09-2025 00:3600,1829.18
O4195,SKU_002950,S011,19-09-2025 00:3601,2377.09
O4196,SKU_002951,S011,19-09-2025 00:3602,1712.92
O4197,SKU_002952,S011,19-09-2025 00:3603,866.03
O4198,SKU_002953,S011,19-09-2025 00:3604,777.35
O4199,SKU_002954,S011,19-09-2025 00:3605,1018.86
O4200,SKU_002955,S011,19-09-2025 00:3606,949.56
O4201,SKU_002956,S011,19-09-2025 00:3607,737.2
O4202,SKU_002957,S011,19-09-2025 00:3608,2065.49
O4203,SKU_002958,S011,19-09-2025 00:3609,1956.28
O4204,SKU_002959,S011,19-09-2025 00:3610,2214.43
O4205,SKU_002960,S011,19-09-2025 00:3611,2238.02
O4206,SKU_002961,S011,19-09-2025 00:3612,1660.81
O4207,SKU_002962,S011,19-09-2025 00:3613,71.71
O4208,SKU_002963,S011,19-09-2025 00:3614,68.62
O4209,SKU_002964,S011,19-09-2025 00:3615,59.52
O4210,SKU_002965,S011,19-09-2025 00:3616,55.8
O4211,SKU_002966,S011,19-09-2025 00:3617,62.34
O4212,SKU_002967,S011,19-09-2025 00:3618,944.81
O4213,SKU_002968,S011,19-09-2025 00:3619,959.7
O4214,SKU_002969,S011,19-09-2025 00:3620,794.41
O4215,SKU_002970,S011,19-09-2025 00:3621,894.9
O4216,SKU_002971,S011,19-09-2025 00:3622,776.6
O4217,SKU_002972,S011,19-09-2025 00:3623,769.36
O4218,SKU_002973,S011,19-09-2025 00:3624,589.46
O4219,SKU_002974,S011,19-09-2025 00:3625,630.6
O4220,SKU_002975,S011,19-09-2025 00:3626,717.51
O4221,SKU_002976,S011,19-09-2025 00:3627,630.37
O4222,SKU_002977,S011,19-09-2025 00:3628,681.65
O4223,SKU_002978,S011,19-09-2025 00:3629,785.88
O4224,SKU_002979,S011,19-09-2025 00:3630,921.44
O4225,SKU_002980,S011,19-09-2025 00:3631,726.9
O4226,SKU_002981,S011,19-09-2025 00:3632,702.54
O4227,SKU_002982,S011,19-09-2025 00:3633,773.89
O4228,SKU_002983,S011,19-09-2025 00:3634,638.53
O4229,SKU_002984,S011,19-09-2025 00:3635,576.24
O4230,SKU_002985,S011,19-09-2025 00:3636,575.31
O4231,SKU_002986,S011,19-09-2025 00:3637,602.78
O4232,SKU_002987,S011,19-09-2025 00:3638,731.35
O4233,SKU_002988,S011,19-09-2025 00:3639,795.08
O4234,SKU_002989,S011,19-09-2025 00:3640,945.09
O4235,SKU_002990,S011,19-09-2025 00:3641,777.19
O4236,SKU_002991,S011,19-09-2025 00:3642,851.11
O4237,SKU_002992,S011,19-09-2025 00:3643,6612.23
O4238,SKU_002993,S011,19-09-2025 00:3644,5115.54
O4239,SKU_002994,S011,19-09-2025 00:3645,7065.25
O4240,SKU_002995,S011,19-09-2025 00:3646,5069.75
O4241,SKU_002996,S011,19-09-2025 00:3647,6871.29
O4242,SKU_002997,S011,19-09-2025 00:3648,9888.71
O4243,SKU_002998,S011,19-09-2025 00:3649,8806.22
O4244,SKU_002999,S011,19-09-2025 00:3650,10735.06
O4245,SKU_003000,S011,19-09-2025 00:3651,7674.87
O4246,SKU_003001,S011,19-09-2025 00:3652,7366.18
O4247,SKU_003002,S011,19-09-2025 00:3653,10642.23
O4248,SKU_003003,S011,19-09-2025 00:3654,9655.08
O4249,SKU_003004,S011,19-09-2025 00:3655,9266.31
O4250,SKU_003005,S011,19-09-2025 00:3656,8412.29
O4251,SKU_003006,S011,19-09-2025 00:3657,10665.9
O4252,SKU_003007,S011,19-09-2025 00:3658,2337.18
O4253,SKU_003008,S011,19-09-2025 00:3659,2646.4
O4254,SKU_003009,S011,19-09-2025 00:3660,2489.35
O4255,SKU_003010,S011,19-09-2025 00:3661,2326.09
O4256,SKU_003011,S011,19-09-2025 00:3662,2169.41
O4257,SKU_003012,S011,19-09-2025 00:3663,161183.67
O4258,SKU_003013,S011,19-09-2025 00:3664,130555.45
O4259,SKU_003014,S011,19-09-2025 00:3665,124912.9
O4260,SKU_003015,S011,19-09-2025 00:3666,126250.73
O4261,SKU_003016,S011,19-09-2025 00:3667,120252.03
O4262,SKU_003017,S011,19-09-2025 00:3668,27530.16
O4263,SKU_003018,S011,19-09-2025 00:3669,31383.31
O4264,SKU_003019,S011,19-09-2025 00:3670,27624.93
O4265,SKU_003020,S011,19-09-2025 00:3671,35040.95
O4266,SKU_003021,S011,19-09-2025 00:3672,26638.43
O4267,SKU_003022,S011,19-09-2025 00:3673,144.65
O4268,SKU_003023,S011,19-09-2025 00:3674,167.63
O4269,SKU_003024,S011,19-09-2025 00:3675,163.36
O4270,SKU_003025,S011,19-09-2025 00:3676,119.76
O4271,SKU_003026,S011,19-09-2025 00:3677,141.74
O4272,SKU_003027,S011,19-09-2025 00:3678,464.74
O4273,SKU_003028,S011,19-09-2025 00:3679,522.41
O4274,SKU_003029,S011,19-09-2025 00:3680,477.42
O4275,SKU_003030,S011,19-09-2025 00:3681,504.57
O4276,SKU_003031,S011,19-09-2025 00:3682,695.36
O4277,SKU_003032,S011,19-09-2025 00:3683,837.45
O4278,SKU_003033,S011,19-09-2025 00:3684,939.84
O4279,SKU_003034,S011,19-09-2025 00:3685,829.73
O4280,SKU_003035,S011,19-09-2025 00:3686,945.04
O4281,SKU_003036,S011,19-09-2025 00:3687,1025.11
O4282,SKU_003037,S011,19-09-2025 00:3688,5519.07
O4283,SKU_003038,S011,19-09-2025 00:3689,5416.82
O4284,SKU_003039,S011,19-09-2025 00:3690,4356.53
O4285,SKU_003040,S011,19-09-2025 00:3691,4713.85
O4286,SKU_003041,S011,19-09-2025 00:3692,4617.85
O4287,SKU_003042,S011,19-09-2025 00:3693,23083.37
O4288,SKU_003043,S011,19-09-2025 00:3694,20574.3
O4289,SKU_003044,S011,19-09-2025 00:3695,23949.34
O4290,SKU_003045,S011,19-09-2025 00:3696,16901.66
O4291,SKU_003046,S011,19-09-2025 00:3697,16702.52
O4292,SKU_003047,S011,19-09-2025 00:3698,1687.53
O4293,SKU_003048,S011,19-09-2025 00:3699,1753.69
O4294,SKU_003049,S011,19-09-2025 00:3700,1252.44
O4295,SKU_003050,S011,19-09-2025 00:3701,1441.52
O4296,SKU_003051,S011,19-09-2025 00:3702,1324.62
O4297,SKU_003052,S011,19-09-2025 00:3703,4069.68
O4298,SKU_003053,S011,19-09-2025 00:3704,3951.45
O4299,SKU_003054,S011,19-09-2025 00:3705,3986.5
O4300,SKU_003055,S011,19-09-2025 00:3706,4473.29
O4301,SKU_003056,S011,19-09-2025 00:3707,4755.01
O4302,SKU_003057,S011,19-09-2025 00:3708,2331.01
O4303,SKU_003058,S011,19-09-2025 00:3709,2246.04
O4304,SKU_003059,S011,19-09-2025 00:3710,1608.36
O4305,SKU_003060,S011,19-09-2025 00:3711,2366.04
O4306,SKU_003061,S011,19-09-2025 00:3712,1959.15
O4307,SKU_003062,S011,19-09-2025 00:3713,1478.22
O4308,SKU_003063,S011,19-09-2025 00:3714,1306.07
O4309,SKU_003064,S011,19-09-2025 00:3715,1441.41
O4310,SKU_003065,S011,19-09-2025 00:3716,1485.08
O4311,SKU_003066,S011,19-09-2025 00:3717,1430.52
O4312,SKU_003067,S011,19-09-2025 00:3718,584.02
O4313,SKU_003068,S011,19-09-2025 00:3719,762.08
O4314,SKU_003069,S011,19-09-2025 00:3720,630.07
O4315,SKU_003070,S011,19-09-2025 00:3721,682.29
O4316,SKU_003071,S011,19-09-2025 00:3722,544.66
O4317,SKU_003072,S011,19-09-2025 00:3723,105.5
O4318,SKU_003073,S011,19-09-2025 00:3724,116.29
O4319,SKU_003074,S011,19-09-2025 00:3725,113.84
O4320,SKU_003075,S011,19-09-2025 00:3726,114.15
O4321,SKU_003076,S011,19-09-2025 00:3727,128.5
O4322,SKU_003077,S011,19-09-2025 00:3728,1428.23
O4323,SKU_003078,S011,19-09-2025 00:3729,1219.44
O4324,SKU_003079,S011,19-09-2025 00:3730,1370.36
O4325,SKU_003080,S011,19-09-2025 00:3731,1289.04
O4326,SKU_003081,S011,19-09-2025 00:3732,1194.31
O4327,SKU_003082,S011,19-09-2025 00:3733,12573.28
O4328,SKU_003083,S011,19-09-2025 00:3734,10709.06
O4329,SKU_003084,S011,19-09-2025 00:3735,13752.1
O4330,SKU_003085,S011,19-09-2025 00:3736,11885.19
O4331,SKU_003086,S011,19-09-2025 00:3737,12319.25
O4332,SKU_003087,S011,19-09-2025 00:3738,5605.44
O4333,SKU_003088,S011,19-09-2025 00:3739,5920.74
O4334,SKU_003089,S011,19-09-2025 00:3740,5910.48
O4335,SKU_003090,S011,19-09-2025 00:3741,4950.69
O4336,SKU_003091,S011,19-09-2025 00:3742,6375.01
O4337,SKU_003092,S011,19-09-2025 00:3743,4491.56
O4338,SKU_003093,S011,19-09-2025 00:3744,3895.74
O4339,SKU_003094,S011,19-09-2025 00:3745,4651.44
O4340,SKU_003095,S011,19-09-2025 00:3746,4776.94
O4341,SKU_003096,S011,19-09-2025 00:3747,3998.28
O4342,SKU_003097,S011,19-09-2025 00:3748,2133.76
O4343,SKU_003098,S011,19-09-2025 00:3749,2060.38
O4344,SKU_003099,S011,19-09-2025 00:3750,1955.48
O4345,SKU_003100,S011,19-09-2025 00:3751,2114.94
O4346,SKU_003101,S011,19-09-2025 00:3752,1655.18
O4347,SKU_003102,S011,19-09-2025 00:3753,1022.59
O4348,SKU_003103,S011,19-09-2025 00:3754,1117.96
O4349,SKU_003104,S011,19-09-2025 00:3755,983.23
O4350,SKU_003105,S011,19-09-2025 00:3756,810.85
O4351,SKU_003106,S011,19-09-2025 00:3757,822.71
O4352,SKU_003107,S011,19-09-2025 00:3758,1850.49
O4353,SKU_003108,S011,19-09-2025 00:3759,2338.67
O4354,SKU_003109,S011,19-09-2025 00:3760,1804.08
O4355,SKU_003110,S011,19-09-2025 00:3761,1610.04
O4356,SKU_003111,S011,19-09-2025 00:3762,1894.23
O4357,SKU_003112,S011,19-09-2025 00:3763,11460.03
O4358,SKU_003113,S011,19-09-2025 00:3764,9341.12
O4359,SKU_003114,S011,19-09-2025 00:3765,9733.38
O4360,SKU_003115,S011,19-09-2025 00:3766,11852.8
O4361,SKU_003116,S011,19-09-2025 00:3767,9091.95
O4362,SKU_003117,S011,19-09-2025 00:3768,28082.29
O4363,SKU_003118,S011,19-09-2025 00:3769,24091.26
O4364,SKU_003119,S011,19-09-2025 00:3770,28575.74
O4365,SKU_003120,S011,19-09-2025 00:3771,22448.63
O4366,SKU_003121,S011,19-09-2025 00:3772,27809.58
O4367,SKU_003122,S011,19-09-2025 00:3773,85748.33
O4368,SKU_003123,S011,19-09-2025 00:3774,68731.04
O4369,SKU_003124,S011,19-09-2025 00:3775,74459.32
O4370,SKU_003125,S011,19-09-2025 00:3776,74954.62
O4371,SKU_003126,S011,19-09-2025 00:3777,78221.4
O4372,SKU_003127,S011,19-09-2025 00:3778,70919.48
O4373,SKU_003128,S011,19-09-2025 00:3779,76925.31
O4374,SKU_003129,S011,19-09-2025 00:3780,82358.28
O4375,SKU_003130,S011,19-09-2025 00:3781,57645.27
O4376,SKU_003131,S011,19-09-2025 00:3782,71864.53
O4377,SKU_003132,S011,19-09-2025 00:3783,52829.3
O4378,SKU_003133,S011,19-09-2025 00:3784,41270.7
O4379,SKU_003134,S011,19-09-2025 00:3785,40845.2
O4380,SKU_003135,S011,19-09-2025 00:3786,52762.19
O4381,SKU_003136,S011,19-09-2025 00:3787,44521.22
O4382,SKU_003137,S011,19-09-2025 00:3788,19691.53
O4383,SKU_003138,S011,19-09-2025 00:3789,19243.49
O4384,SKU_003139,S011,19-09-2025 00:3790,20316.51
O4385,SKU_003140,S011,19-09-2025 00:3791,15474.02
O4386,SKU_003141,S011,19-09-2025 00:3792,15547.78
O4387,SKU_003142,S011,19-09-2025 00:3793,52666.12
O4388,SKU_003143,S011,19-09-2025 00:3794,68296.95
O4389,SKU_003144,S011,19-09-2025 00:3795,71370.07
O4390,SKU_003145,S011,19-09-2025 00:3796,53758.78
O4391,SKU_003146,S011,19-09-2025 00:3797,71675.02
O4392,SKU_003147,S011,19-09-2025 00:3798,62905.98
O4393,SKU_003148,S011,19-09-2025 00:3799,77548.78
O4394,SKU_003149,S011,19-09-2025 00:3800,62059.53
O4395,SKU_003150,S011,19-09-2025 00:3801,74500.72
O4396,SKU_003151,S011,19-09-2025 00:3802,74522.54
O4397,SKU_003152,S011,19-09-2025 00:3803,36997.58
O4398,SKU_003153,S011,19-09-2025 00:3804,31912.15
O4399,SKU_003154,S011,19-09-2025 00:3805,36763.59
O4400,SKU_003155,S011,19-09-2025 00:3806,28003.05
O4401,SKU_003156,S011,19-09-2025 00:3807,40278.06
O4402,SKU_003157,S011,19-09-2025 00:3808,26551.44
O4403,SKU_003158,S011,19-09-2025 00:3809,20855.94
O4404,SKU_003159,S011,19-09-2025 00:3810,19162.48
O4405,SKU_003160,S011,19-09-2025 00:3811,22560.96
O4406,SKU_003161,S011,19-09-2025 00:3812,22751.22
O4407,SKU_003162,S011,19-09-2025 00:3813,8193.63
O4408,SKU_003163,S011,19-09-2025 00:3814,6799.75
O4409,SKU_003164,S011,19-09-2025 00:3815,8395.7
O4410,SKU_003165,S011,19-09-2025 00:3816,7221.21
O4411,SKU_003166,S011,19-09-2025 00:3817,7131.31
O4412,SKU_003167,S011,19-09-2025 00:3818,7270.19
O4413,SKU_003168,S011,19-09-2025 00:3819,8793.88
O4414,SKU_003169,S011,19-09-2025 00:3820,8610.33
O4415,SKU_003170,S011,19-09-2025 00:3821,8104.3
O4416,SKU_003171,S011,19-09-2025 00:3822,9329.48
O4417,SKU_003172,S011,19-09-2025 00:3823,35346.14
O4418,SKU_003173,S011,19-09-2025 00:3824,27206.58
O4419,SKU_003174,S011,19-09-2025 00:3825,31831.84
O4420,SKU_003175,S011,19-09-2025 00:3826,24730.19
O4421,SKU_003176,S011,19-09-2025 00:3827,35415.08
O4422,SKU_003177,S011,19-09-2025 00:3828,527.78
O4423,SKU_003178,S011,19-09-2025 00:3829,545.43
O4424,SKU_003179,S011,19-09-2025 00:3830,538.54
O4425,SKU_003180,S011,19-09-2025 00:3831,664.46
O4426,SKU_003181,S011,19-09-2025 00:3832,701.49
O4427,SKU_003182,S011,19-09-2025 00:3833,15420.75
O4428,SKU_003183,S011,19-09-2025 00:3834,14088.47
O4429,SKU_003184,S011,19-09-2025 00:3835,12777.34
O4430,SKU_003185,S011,19-09-2025 00:3836,14791.55
O4431,SKU_003186,S011,19-09-2025 00:3837,11265.42
O4432,SKU_003187,S011,19-09-2025 00:3838,667.47
O4433,SKU_003188,S011,19-09-2025 00:3839,658.12
O4434,SKU_003189,S011,19-09-2025 00:3840,665.45
O4435,SKU_003190,S011,19-09-2025 00:3841,545.59
O4436,SKU_003191,S011,19-09-2025 00:3842,640.75
O4437,SKU_003192,S011,19-09-2025 00:3843,658.6
O4438,SKU_003193,S011,19-09-2025 00:3844,590.3
O4439,SKU_003194,S011,19-09-2025 00:3845,676.84
O4440,SKU_003195,S011,19-09-2025 00:3846,527.85
O4441,SKU_003196,S011,19-09-2025 00:3847,715.68
O4442,SKU_003197,S011,19-09-2025 00:3848,529.44
O4443,SKU_003198,S011,19-09-2025 00:3849,569.06
O4444,SKU_003199,S011,19-09-2025 00:3850,515.88
O4445,SKU_003200,S011,19-09-2025 00:3851,573.68
O4446,SKU_003201,S011,19-09-2025 00:3852,512.72
O4447,SKU_003202,S011,19-09-2025 00:3853,594.46
O4448,SKU_003203,S011,19-09-2025 00:3854,564.93
O4449,SKU_003204,S011,19-09-2025 00:3855,711.96
O4450,SKU_003205,S011,19-09-2025 00:3856,542.27
O4451,SKU_003206,S011,19-09-2025 00:3857,638.69
O4452,SKU_003207,S011,19-09-2025 00:3858,305.53
O4453,SKU_003208,S011,19-09-2025 00:3859,304.83
O4454,SKU_003209,S011,19-09-2025 00:3860,350.78
O4455,SKU_003210,S011,19-09-2025 00:3861,371.48
O4456,SKU_003211,S011,19-09-2025 00:3862,316.11
O4457,SKU_003212,S011,19-09-2025 00:3863,636.86
O4458,SKU_003213,S011,19-09-2025 00:3864,512.03
O4459,SKU_003214,S011,19-09-2025 00:3865,525.88
O4460,SKU_003215,S011,19-09-2025 00:3866,736.51
O4461,SKU_003216,S011,19-09-2025 00:3867,725.76
O4462,SKU_003217,S011,19-09-2025 00:3868,5808.68
O4463,SKU_003218,S011,19-09-2025 00:3869,5866.52
O4464,SKU_003219,S011,19-09-2025 00:3870,4280.54
O4465,SKU_003220,S011,19-09-2025 00:3871,4292.9
O4466,SKU_003221,S011,19-09-2025 00:3872,5836.93
O4467,SKU_003222,S011,19-09-2025 00:3873,4195.6
O4468,SKU_003223,S011,19-09-2025 00:3874,3908.18
O4469,SKU_003224,S011,19-09-2025 00:3875,3806.23
O4470,SKU_003225,S011,19-09-2025 00:3876,3683.28
O4471,SKU_003226,S011,19-09-2025 00:3877,4409.41
O4472,SKU_003227,S011,19-09-2025 00:3878,14401.28
O4473,SKU_003228,S011,19-09-2025 00:3879,16695.06
O4474,SKU_003229,S011,19-09-2025 00:3880,19937.72
O4475,SKU_003230,S011,19-09-2025 00:3881,20511.9
O4476,SKU_003231,S011,19-09-2025 00:3882,17678.07
O4477,SKU_003232,S011,19-09-2025 00:3883,1104.72
O4478,SKU_003233,S011,19-09-2025 00:3884,1376.01
O4479,SKU_003234,S011,19-09-2025 00:3885,1113.95
O4480,SKU_003235,S011,19-09-2025 00:3886,1108.63
O4481,SKU_003236,S011,19-09-2025 00:3887,1270.19
O4482,SKU_003237,S011,19-09-2025 00:3888,212.42
O4483,SKU_003238,S011,19-09-2025 00:3889,234.18
O4484,SKU_003239,S011,19-09-2025 00:3890,233.08
O4485,SKU_003240,S011,19-09-2025 00:3891,235.65
O4486,SKU_003241,S011,19-09-2025 00:3892,244.11
O4487,SKU_003242,S011,19-09-2025 00:3893,78.36
O4488,SKU_003243,S011,19-09-2025 00:3894,82.41
O4489,SKU_003244,S011,19-09-2025 00:3895,75.2
O4490,SKU_003245,S011,19-09-2025 00:3896,90.01
O4491,SKU_003246,S011,19-09-2025 00:3897,88.53
O4492,SKU_003247,S011,19-09-2025 00:3898,1057.28
O4493,SKU_003248,S011,19-09-2025 00:3899,1197.16
O4494,SKU_003249,S011,19-09-2025 00:3900,1186.83
O4495,SKU_003250,S011,19-09-2025 00:3901,1183.89
O4496,SKU_003251,S011,19-09-2025 00:3902,1110.37
O4497,SKU_003252,S011,19-09-2025 00:3903,2815.08
O4498,SKU_003253,S011,19-09-2025 00:3904,3303.18
O4499,SKU_003254,S011,19-09-2025 00:3905,3365.74
O4500,SKU_003255,S011,19-09-2025 00:3906,3415.17
O4501,SKU_003256,S011,19-09-2025 00:3907,3834.64
O4502,SKU_003257,S011,19-09-2025 00:3908,1082.66
O4503,SKU_003258,S011,19-09-2025 00:3909,1235.6
O4504,SKU_003259,S011,19-09-2025 00:3910,1532.76
O4505,SKU_003260,S011,19-09-2025 00:3911,1210.13
O4506,SKU_003261,S011,19-09-2025 00:3912,1523.45
O4507,SKU_003262,S011,19-09-2025 00:3913,4786.37
O4508,SKU_003263,S011,19-09-2025 00:3914,4342.11
O4509,SKU_003264,S011,19-09-2025 00:3915,3932.66
O4510,SKU_003265,S011,19-09-2025 00:3916,3595.31
O4511,SKU_003266,S011,19-09-2025 00:3917,3387.43
O4512,SKU_003267,S011,19-09-2025 00:3918,1072.84
O4513,SKU_003268,S011,19-09-2025 00:3919,915.76
O4514,SKU_003269,S011,19-09-2025 00:3920,1048.53
O4515,SKU_003270,S011,19-09-2025 00:3921,1027.69
O4516,SKU_003271,S011,19-09-2025 00:3922,797.73
O4517,SKU_003272,S011,19-09-2025 00:3923,3639.1
O4518,SKU_003273,S011,19-09-2025 00:3924,3980.84
O4519,SKU_003274,S011,19-09-2025 00:3925,4339.68
O4520,SKU_003275,S012,19-09-2025 00:3926,3315.59
O4521,SKU_003276,S012,19-09-2025 00:3927,3509.01
O4522,SKU_003277,S012,19-09-2025 00:3928,530
O4523,SKU_003278,S012,19-09-2025 00:3929,532.78
O4524,SKU_003279,S012,19-09-2025 00:3930,366.55
O4525,SKU_003280,S012,19-09-2025 00:3931,493.24
O4526,SKU_003281,S012,19-09-2025 00:3932,501.37
O4527,SKU_003282,S012,19-09-2025 00:3933,329.99
O4528,SKU_003283,S012,19-09-2025 00:3934,358.83
O4529,SKU_003284,S012,19-09-2025 00:3935,383.05
O4530,SKU_003285,S012,19-09-2025 00:3936,324.45
O4531,SKU_003286,S012,19-09-2025 00:3937,389.61
O4532,SKU_003287,S012,19-09-2025 00:3938,236.11
O4533,SKU_003288,S012,19-09-2025 00:3939,199.82
O4534,SKU_003289,S012,19-09-2025 00:3940,241.87
O4535,SKU_003290,S012,19-09-2025 00:3941,247.85
O4536,SKU_003291,S012,19-09-2025 00:3942,227.07
O4537,SKU_003292,S012,19-09-2025 00:3943,473.27
O4538,SKU_003293,S012,19-09-2025 00:3944,413.39
O4539,SKU_003294,S012,19-09-2025 00:3945,358.4
O4540,SKU_003295,S012,19-09-2025 00:3946,481.75
O4541,SKU_003296,S012,19-09-2025 00:3947,411.08
O4542,SKU_003297,S012,19-09-2025 00:3948,1196.33
O4543,SKU_003298,S012,19-09-2025 00:3949,1133.38
O4544,SKU_003299,S012,19-09-2025 00:3950,966.54
O4545,SKU_003300,S012,19-09-2025 00:3951,1016.33
O4546,SKU_003301,S012,19-09-2025 00:3952,825.61
O4547,SKU_003302,S012,19-09-2025 00:3953,515.77
O4548,SKU_003303,S012,19-09-2025 00:3954,635.58
O4549,SKU_003304,S012,19-09-2025 00:3955,506.03
O4550,SKU_003305,S012,19-09-2025 00:3956,573.97
O4551,SKU_003306,S012,19-09-2025 00:3957,582.31
O4552,SKU_003307,S012,19-09-2025 00:3958,583.62
O4553,SKU_003308,S012,19-09-2025 00:3959,410.85
O4554,SKU_003309,S012,19-09-2025 00:3960,538.43
O4555,SKU_003310,S012,19-09-2025 00:3961,552.43
O4556,SKU_003311,S012,19-09-2025 00:3962,524.76
O4557,SKU_003312,S012,19-09-2025 00:3963,75.71
O4558,SKU_003313,S012,19-09-2025 00:3964,72.12
O4559,SKU_003314,S012,19-09-2025 00:3965,84.13
O4560,SKU_003315,S012,19-09-2025 00:3966,77.95
O4561,SKU_003316,S012,19-09-2025 00:3967,82.42
O4562,SKU_003317,S012,19-09-2025 00:3968,2305.5
O4563,SKU_003318,S012,19-09-2025 00:3969,2648.2
O4564,SKU_003319,S012,19-09-2025 00:3970,2178.27
O4565,SKU_003320,S012,19-09-2025 00:3971,2762.94
O4566,SKU_003321,S012,19-09-2025 00:3972,2769.44
O4567,SKU_003322,S012,19-09-2025 00:3973,3257.37
O4568,SKU_003323,S012,19-09-2025 00:3974,2780.6
O4569,SKU_003324,S012,19-09-2025 00:3975,3501.97
O4570,SKU_003325,S012,19-09-2025 00:3976,3243.66
O4571,SKU_003326,S012,19-09-2025 00:3977,3068.01
O4572,SKU_003327,S012,19-09-2025 00:3978,2725.58
O4573,SKU_003328,S012,19-09-2025 00:3979,2266.47
O4574,SKU_003329,S012,19-09-2025 00:3980,2074.75
O4575,SKU_003330,S012,19-09-2025 00:3981,2656.12
O4576,SKU_003331,S012,19-09-2025 00:3982,2002.27
O4577,SKU_003332,S012,19-09-2025 00:3983,145.47
O4578,SKU_003333,S012,19-09-2025 00:3984,140.89
O4579,SKU_003334,S012,19-09-2025 00:3985,169.98
O4580,SKU_003335,S012,19-09-2025 00:3986,182.22
O4581,SKU_003336,S012,19-09-2025 00:3987,176.07
O4582,SKU_003337,S012,19-09-2025 00:3988,65.76
O4583,SKU_003338,S012,19-09-2025 00:3989,70.06
O4584,SKU_003339,S012,19-09-2025 00:3990,76.69
O4585,SKU_003340,S012,19-09-2025 00:3991,73.2
O4586,SKU_003341,S012,19-09-2025 00:3992,67.01
O4587,SKU_003342,S012,19-09-2025 00:3993,101.81
O4588,SKU_003343,S012,19-09-2025 00:3994,92.91
O4589,SKU_003344,S012,19-09-2025 00:3995,114.05
O4590,SKU_003345,S012,19-09-2025 00:3996,119.53
O4591,SKU_003346,S012,19-09-2025 00:3997,94.66
O4592,SKU_003347,S012,19-09-2025 00:3998,9185.63
O4593,SKU_003348,S012,19-09-2025 00:3999,8024.01
O4594,SKU_003349,S012,19-09-2025 00:4000,10084.54
O4595,SKU_003350,S012,19-09-2025 00:4001,10773.46
O4596,SKU_003351,S012,19-09-2025 00:4002,8459.22
O4597,SKU_003352,S012,19-09-2025 00:4003,19702.06
O4598,SKU_003353,S012,19-09-2025 00:4004,23876.01
O4599,SKU_003354,S012,19-09-2025 00:4005,22377.31
O4600,SKU_003355,S012,19-09-2025 00:4006,16197.3
O4601,SKU_003356,S012,19-09-2025 00:4007,21407.08
O4602,SKU_003357,S012,19-09-2025 00:4008,17972.13
O4603,SKU_003358,S012,19-09-2025 00:4009,16017.9
O4604,SKU_003359,S012,19-09-2025 00:4010,15903.51
O4605,SKU_003360,S012,19-09-2025 00:4011,12501.85
O4606,SKU_003361,S012,19-09-2025 00:4012,15894.67
O4607,SKU_003362,S012,19-09-2025 00:4013,86389.81
O4608,SKU_003363,S012,19-09-2025 00:4014,84187.63
O4609,SKU_003364,S012,19-09-2025 00:4015,78856.22
O4610,SKU_003365,S012,19-09-2025 00:4016,80749
O4611,SKU_003366,S012,19-09-2025 00:4017,74587.9
O4612,SKU_003367,S012,19-09-2025 00:4018,53870.98
O4613,SKU_003368,S012,19-09-2025 00:4019,48594.46
O4614,SKU_003369,S012,19-09-2025 00:4020,49651.97
O4615,SKU_003370,S012,19-09-2025 00:4021,51998.16
O4616,SKU_003371,S012,19-09-2025 00:4022,56175.55
O4617,SKU_003372,S012,19-09-2025 00:4023,71583.9
O4618,SKU_003373,S012,19-09-2025 00:4024,62956.23
O4619,SKU_003374,S012,19-09-2025 00:4025,79885.2
O4620,SKU_003375,S012,19-09-2025 00:4026,82529.31
O4621,SKU_003376,S012,19-09-2025 00:4027,78158.31
O4622,SKU_003377,S012,19-09-2025 00:4028,68945.35
O4623,SKU_003378,S012,19-09-2025 00:4029,72960.74
O4624,SKU_003379,S012,19-09-2025 00:4030,89154.29
O4625,SKU_003380,S012,19-09-2025 00:4031,73746.62
O4626,SKU_003381,S012,19-09-2025 00:4032,73290.45
O4627,SKU_003382,S012,19-09-2025 00:4033,643.64
O4628,SKU_003383,S012,19-09-2025 00:4034,868.63
O4629,SKU_003384,S012,19-09-2025 00:4035,866.06
O4630,SKU_003385,S012,19-09-2025 00:4036,932.38
O4631,SKU_003386,S012,19-09-2025 00:4037,920.01
O4632,SKU_003387,S012,19-09-2025 00:4038,110.69
O4633,SKU_003388,S012,19-09-2025 00:4039,117.06
O4634,SKU_003389,S012,19-09-2025 00:4040,135.9
O4635,SKU_003390,S012,19-09-2025 00:4041,99.37
O4636,SKU_003391,S012,19-09-2025 00:4042,110.9
O4637,SKU_003392,S012,19-09-2025 00:4043,830.6
O4638,SKU_003393,S012,19-09-2025 00:4044,856.61
O4639,SKU_003394,S012,19-09-2025 00:4045,596.01
O4640,SKU_003395,S012,19-09-2025 00:4046,660.93
O4641,SKU_003396,S012,19-09-2025 00:4047,882.75
O4642,SKU_003397,S012,19-09-2025 00:4048,234.67
O4643,SKU_003398,S012,19-09-2025 00:4049,192.84
O4644,SKU_003399,S012,19-09-2025 00:4050,217.14
O4645,SKU_003400,S012,19-09-2025 00:4051,235.99
O4646,SKU_003401,S012,19-09-2025 00:4052,190.32
O4647,SKU_003402,S012,19-09-2025 00:4053,144.26
O4648,SKU_003403,S012,19-09-2025 00:4054,211.71
O4649,SKU_003404,S012,19-09-2025 00:4055,187.5
O4650,SKU_003405,S012,19-09-2025 00:4056,176.97
O4651,SKU_003406,S012,19-09-2025 00:4057,156.69
O4652,SKU_003407,S012,19-09-2025 00:4058,1007.74
O4653,SKU_003408,S012,19-09-2025 00:4059,757.51
O4654,SKU_003409,S012,19-09-2025 00:4060,872.52
O4655,SKU_003410,S012,19-09-2025 00:4061,995.11
O4656,SKU_003411,S012,19-09-2025 00:4062,1018.53
O4657,SKU_003412,S012,19-09-2025 00:4063,287.36
O4658,SKU_003413,S012,19-09-2025 00:4064,323.15
O4659,SKU_003414,S012,19-09-2025 00:4065,222.63
O4660,SKU_003415,S012,19-09-2025 00:4066,247.44
O4661,SKU_003416,S012,19-09-2025 00:4067,225.89
O4662,SKU_003417,S012,19-09-2025 00:4068,982.29
O4663,SKU_003418,S012,19-09-2025 00:4069,922.65
O4664,SKU_003419,S012,19-09-2025 00:4070,940.64
O4665,SKU_003420,S012,19-09-2025 00:4071,922.3
O4666,SKU_003421,S012,19-09-2025 00:4072,895.31
O4667,SKU_003422,S012,19-09-2025 00:4073,620.02
O4668,SKU_003423,S012,19-09-2025 00:4074,430.3
O4669,SKU_003424,S012,19-09-2025 00:4075,509.42
O4670,SKU_003425,S012,19-09-2025 00:4076,618.28
O4671,SKU_003426,S012,19-09-2025 00:4077,476.74
O4672,SKU_003427,S012,19-09-2025 00:4078,1062.93
O4673,SKU_003428,S012,19-09-2025 00:4079,896.19
O4674,SKU_003429,S012,19-09-2025 00:4080,750.09
O4675,SKU_003430,S012,19-09-2025 00:4081,1102.21
O4676,SKU_003431,S012,19-09-2025 00:4082,1058.46
O4677,SKU_003432,S012,19-09-2025 00:4083,200.14
O4678,SKU_003433,S012,19-09-2025 00:4084,258.75
O4679,SKU_003434,S012,19-09-2025 00:4085,233.28
O4680,SKU_003435,S012,19-09-2025 00:4086,239.27
O4681,SKU_003436,S012,19-09-2025 00:4087,207.49
O4682,SKU_003437,S012,19-09-2025 00:4088,657.13
O4683,SKU_003438,S012,19-09-2025 00:4089,463.21
O4684,SKU_003439,S012,19-09-2025 00:4090,555.44
O4685,SKU_003440,S012,19-09-2025 00:4091,616.3
O4686,SKU_003441,S012,19-09-2025 00:4092,483.69
O4687,SKU_003442,S012,19-09-2025 00:4093,347.87
O4688,SKU_003443,S012,19-09-2025 00:4094,278.88
O4689,SKU_003444,S012,19-09-2025 00:4095,348.42
O4690,SKU_003445,S012,19-09-2025 00:4096,266.14
O4691,SKU_003446,S012,19-09-2025 00:4097,332.88
O4692,SKU_003447,S012,19-09-2025 00:4098,611.29
O4693,SKU_003448,S012,19-09-2025 00:4099,594.7
O4694,SKU_003449,S012,19-09-2025 00:4100,624.1
O4695,SKU_003450,S012,19-09-2025 00:4101,655.65
O4696,SKU_003451,S012,19-09-2025 00:4102,500.83
O4697,SKU_003452,S012,19-09-2025 00:4103,59.08
O4698,SKU_003453,S012,19-09-2025 00:4104,51.19
O4699,SKU_003454,S012,19-09-2025 00:4105,55.42
O4700,SKU_003455,S012,19-09-2025 00:4106,63.07
O4701,SKU_003456,S012,19-09-2025 00:4107,70.27
O4702,SKU_003457,S012,19-09-2025 00:4108,675.99
O4703,SKU_003458,S012,19-09-2025 00:4109,516.57
O4704,SKU_003459,S012,19-09-2025 00:4110,618.06
O4705,SKU_003460,S012,19-09-2025 00:4111,653.91
O4706,SKU_003461,S012,19-09-2025 00:4112,490.93
O4707,SKU_003462,S012,19-09-2025 00:4113,119.53
O4708,SKU_003463,S012,19-09-2025 00:4114,163.63
O4709,SKU_003464,S012,19-09-2025 00:4115,152.52
O4710,SKU_003465,S012,19-09-2025 00:4116,146.55
O4711,SKU_003466,S012,19-09-2025 00:4117,114.14
O4712,SKU_003467,S012,19-09-2025 00:4118,128.17
O4713,SKU_003468,S012,19-09-2025 00:4119,113.5
O4714,SKU_003469,S012,19-09-2025 00:4120,106.4
O4715,SKU_003470,S012,19-09-2025 00:4121,95.15
O4716,SKU_003471,S012,19-09-2025 00:4122,97.62
O4717,SKU_003472,S012,19-09-2025 00:4123,180.33
O4718,SKU_003473,S012,19-09-2025 00:4124,198.71
O4719,SKU_003474,S012,19-09-2025 00:4125,190.92
O4720,SKU_003475,S012,19-09-2025 00:4126,159.92
O4721,SKU_003476,S012,19-09-2025 00:4127,160.86
O4722,SKU_003477,S012,19-09-2025 00:4128,9153.73
O4723,SKU_003478,S012,19-09-2025 00:4129,8511.8
O4724,SKU_003479,S012,19-09-2025 00:4130,10799.36
O4725,SKU_003480,S012,19-09-2025 00:4131,11955.85
O4726,SKU_003481,S012,19-09-2025 00:4132,11829.5
O4727,SKU_003482,S012,19-09-2025 00:4133,3586.64
O4728,SKU_003483,S012,19-09-2025 00:4134,3269.65
O4729,SKU_003484,S012,19-09-2025 00:4135,3382.96
O4730,SKU_003485,S012,19-09-2025 00:4136,2494.88
O4731,SKU_003486,S012,19-09-2025 00:4137,2810.19
O4732,SKU_003487,S012,19-09-2025 00:4138,4179.67
O4733,SKU_003488,S012,19-09-2025 00:4139,4745.95
O4734,SKU_003489,S012,19-09-2025 00:4140,5318.38
O4735,SKU_003490,S012,19-09-2025 00:4141,4446.6
O4736,SKU_003491,S012,19-09-2025 00:4142,4482.84
O4737,SKU_003492,S012,19-09-2025 00:4143,2805.43
O4738,SKU_003493,S012,19-09-2025 00:4144,2151.85
O4739,SKU_003494,S012,19-09-2025 00:4145,2731.92
O4740,SKU_003495,S012,19-09-2025 00:4146,2412.69
O4741,SKU_003496,S012,19-09-2025 00:4147,2435.08
O4742,SKU_003497,S012,19-09-2025 00:4148,1444.28
O4743,SKU_003498,S012,19-09-2025 00:4149,1369.02
O4744,SKU_003499,S012,19-09-2025 00:4150,1369.48
O4745,SKU_003500,S012,19-09-2025 00:4151,1181.76
O4746,SKU_003501,S012,19-09-2025 00:4152,1181.1
O4747,SKU_003502,S012,19-09-2025 00:4153,3313.07
O4748,SKU_003503,S012,19-09-2025 00:4154,4032.97
O4749,SKU_003504,S012,19-09-2025 00:4155,3935.92
O4750,SKU_003505,S012,19-09-2025 00:4156,3577.59
O4751,SKU_003506,S012,19-09-2025 00:4157,3029.35
O4752,SKU_003507,S012,19-09-2025 00:4158,4460.16
O4753,SKU_003508,S012,19-09-2025 00:4159,4199.55
O4754,SKU_003509,S012,19-09-2025 00:4160,4043.01
O4755,SKU_003510,S012,19-09-2025 00:4161,4661.4
O4756,SKU_003511,S012,19-09-2025 00:4162,3785.04
O4757,SKU_003512,S012,19-09-2025 00:4163,7498.28
O4758,SKU_003513,S012,19-09-2025 00:4164,7603.74
O4759,SKU_003514,S012,19-09-2025 00:4165,10325.76
O4760,SKU_003515,S012,19-09-2025 00:4166,7930.49
O4761,SKU_003516,S012,19-09-2025 00:4167,8139.68
O4762,SKU_003517,S012,19-09-2025 00:4168,2535.57
O4763,SKU_003518,S012,19-09-2025 00:4169,2046.16
O4764,SKU_003519,S012,19-09-2025 00:4170,2003.43
O4765,SKU_003520,S012,19-09-2025 00:4171,2137.82
O4766,SKU_003521,S012,19-09-2025 00:4172,2551.84
O4767,SKU_003522,S012,19-09-2025 00:4173,7561.33
O4768,SKU_003523,S012,19-09-2025 00:4174,7948.81
O4769,SKU_003524,S012,19-09-2025 00:4175,6666
O4770,SKU_003525,S012,19-09-2025 00:4176,6558.66
O4771,SKU_003526,S012,19-09-2025 00:4177,8182.59
O4772,SKU_003527,S012,19-09-2025 00:4178,416.27
O4773,SKU_003528,S012,19-09-2025 00:4179,444.36
O4774,SKU_003529,S012,19-09-2025 00:4180,396.84
O4775,SKU_003530,S012,19-09-2025 00:4181,451.63
O4776,SKU_003531,S012,19-09-2025 00:4182,464.92
O4777,SKU_003532,S012,19-09-2025 00:4183,452.24
O4778,SKU_003533,S012,19-09-2025 00:4184,497.58
O4779,SKU_003534,S012,19-09-2025 00:4185,516.21
O4780,SKU_003535,S012,19-09-2025 00:4186,555.35
O4781,SKU_003536,S012,19-09-2025 00:4187,522.62
O4782,SKU_003537,S012,19-09-2025 00:4188,697.63
O4783,SKU_003538,S012,19-09-2025 00:4189,608.61
O4784,SKU_003539,S012,19-09-2025 00:4190,500.47
O4785,SKU_003540,S012,19-09-2025 00:4191,660.43
O4786,SKU_003541,S012,19-09-2025 00:4192,588.48
O4787,SKU_003542,S012,19-09-2025 00:4193,300.88
O4788,SKU_003543,S012,19-09-2025 00:4194,356.5
O4789,SKU_003544,S012,19-09-2025 00:4195,411.46
O4790,SKU_003545,S012,19-09-2025 00:4196,412.98
O4791,SKU_003546,S012,19-09-2025 00:4197,402.78
O4792,SKU_003547,S012,19-09-2025 00:4198,251.83
O4793,SKU_003548,S012,19-09-2025 00:4199,223.88
O4794,SKU_003549,S012,19-09-2025 00:4200,287.27
O4795,SKU_003550,S012,19-09-2025 00:4201,250.95
O4796,SKU_003551,S012,19-09-2025 00:4202,228.49
O4797,SKU_003552,S012,19-09-2025 00:4203,295.89
O4798,SKU_003553,S012,19-09-2025 00:4204,304.69
O4799,SKU_003554,S012,19-09-2025 00:4205,236.99
O4800,SKU_003555,S012,19-09-2025 00:4206,245.04
O4801,SKU_003556,S012,19-09-2025 00:4207,223.35
O4802,SKU_003557,S012,19-09-2025 00:4208,322.3
O4803,SKU_003558,S012,19-09-2025 00:4209,271.67
O4804,SKU_003559,S012,19-09-2025 00:4210,234.94
O4805,SKU_003560,S012,19-09-2025 00:4211,295.28
O4806,SKU_003561,S012,19-09-2025 00:4212,262.88
O4807,SKU_003562,S012,19-09-2025 00:4213,2279.44
O4808,SKU_003563,S012,19-09-2025 00:4214,2022.66
O4809,SKU_003564,S012,19-09-2025 00:4215,1783.89
O4810,SKU_003565,S012,19-09-2025 00:4216,2419.25
O4811,SKU_003566,S012,19-09-2025 00:4217,1910.36
O4812,SKU_003567,S012,19-09-2025 00:4218,250.9
O4813,SKU_003568,S012,19-09-2025 00:4219,175.65
O4814,SKU_003569,S012,19-09-2025 00:4220,187.17
O4815,SKU_003570,S012,19-09-2025 00:4221,220.54
O4816,SKU_003571,S012,19-09-2025 00:4222,233.16
O4817,SKU_003572,S012,19-09-2025 00:4223,251.31
O4818,SKU_003573,S012,19-09-2025 00:4224,274.61
O4819,SKU_003574,S012,19-09-2025 00:4225,285.04
O4820,SKU_003575,S012,19-09-2025 00:4226,259.8
O4821,SKU_003576,S012,19-09-2025 00:4227,265.96
O4822,SKU_003577,S012,19-09-2025 00:4228,3213.77
O4823,SKU_003578,S012,19-09-2025 00:4229,3084.93
O4824,SKU_003579,S012,19-09-2025 00:4230,3614.09
O4825,SKU_003580,S012,19-09-2025 00:4231,2740.49
O4826,SKU_003581,S012,19-09-2025 00:4232,2958.18
O4827,SKU_003582,S012,19-09-2025 00:4233,227.27
O4828,SKU_003583,S012,19-09-2025 00:4234,273.31
O4829,SKU_003584,S012,19-09-2025 00:4235,283.04
O4830,SKU_003585,S012,19-09-2025 00:4236,257.13
O4831,SKU_003586,S012,19-09-2025 00:4237,237.05
O4832,SKU_003587,S012,19-09-2025 00:4238,1673.94
O4833,SKU_003588,S012,19-09-2025 00:4239,1959.76
O4834,SKU_003589,S012,19-09-2025 00:4240,1567.72
O4835,SKU_003590,S012,19-09-2025 00:4241,2100.18
O4836,SKU_003591,S012,19-09-2025 00:4242,2005.31
O4837,SKU_003592,S012,19-09-2025 00:4243,729.86
O4838,SKU_003593,S012,19-09-2025 00:4244,682.76
O4839,SKU_003594,S012,19-09-2025 00:4245,828.84
O4840,SKU_003595,S012,19-09-2025 00:4246,794.99
O4841,SKU_003596,S012,19-09-2025 00:4247,811.46
O4842,SKU_003597,S012,19-09-2025 00:4248,151.8
O4843,SKU_003598,S012,19-09-2025 00:4249,170.68
O4844,SKU_003599,S012,19-09-2025 00:4250,127.49
O4845,SKU_003600,S012,19-09-2025 00:4251,167.54
O4846,SKU_003601,S012,19-09-2025 00:4252,145.45
O4847,SKU_003602,S012,19-09-2025 00:4253,161.77
O4848,SKU_003603,S012,19-09-2025 00:4254,135.38
O4849,SKU_003604,S012,19-09-2025 00:4255,152.53
O4850,SKU_003605,S012,19-09-2025 00:4256,178.3
O4851,SKU_003606,S012,19-09-2025 00:4257,163.68
O4852,SKU_003607,S012,19-09-2025 00:4258,745.33
O4853,SKU_003608,S012,19-09-2025 00:4259,920.23
O4854,SKU_003609,S012,19-09-2025 00:4260,745.57
O4855,SKU_003610,S012,19-09-2025 00:4261,773.81
O4856,SKU_003611,S012,19-09-2025 00:4262,846.2
O4857,SKU_003612,S012,19-09-2025 00:4263,1393.11
O4858,SKU_003613,S012,19-09-2025 00:4264,1160.11
O4859,SKU_003614,S012,19-09-2025 00:4265,1535.11
O4860,SKU_003615,S012,19-09-2025 00:4266,1226.47
O4861,SKU_003616,S012,19-09-2025 00:4267,1383.44
O4862,SKU_003617,S012,19-09-2025 00:4268,35.39
O4863,SKU_003618,S012,19-09-2025 00:4269,31.71
O4864,SKU_003619,S012,19-09-2025 00:4270,29.88
O4865,SKU_003620,S012,19-09-2025 00:4271,24.65
O4866,SKU_003621,S012,19-09-2025 00:4272,27.36
O4867,SKU_003622,S012,19-09-2025 00:4273,59.07
O4868,SKU_003623,S012,19-09-2025 00:4274,75.31
O4869,SKU_003624,S012,19-09-2025 00:4275,70.27
O4870,SKU_003625,S012,19-09-2025 00:4276,69.02
O4871,SKU_003626,S012,19-09-2025 00:4277,62.58
O4872,SKU_003627,S012,19-09-2025 00:4278,369.56
O4873,SKU_003628,S012,19-09-2025 00:4279,366.18
O4874,SKU_003629,S012,19-09-2025 00:4280,322.13
O4875,SKU_003630,S012,19-09-2025 00:4281,358.64
O4876,SKU_003631,S012,19-09-2025 00:4282,325.81
O4877,SKU_003632,S012,19-09-2025 00:4283,134.19
O4878,SKU_003633,S012,19-09-2025 00:4284,150.11
O4879,SKU_003634,S012,19-09-2025 00:4285,126.15
O4880,SKU_003635,S012,19-09-2025 00:4286,114.24
O4881,SKU_003636,S012,19-09-2025 00:4287,166.58
O4882,SKU_003637,S012,19-09-2025 00:4288,96.86
O4883,SKU_003638,S012,19-09-2025 00:4289,80.96
O4884,SKU_003639,S012,19-09-2025 00:4290,81.91
O4885,SKU_003640,S012,19-09-2025 00:4291,85.37
O4886,SKU_003641,S012,19-09-2025 00:4292,103.82
O4887,SKU_003642,S012,19-09-2025 00:4293,844.39
O4888,SKU_003643,S012,19-09-2025 00:4294,744.61
O4889,SKU_003644,S012,19-09-2025 00:4295,865.53
O4890,SKU_003645,S012,19-09-2025 00:4296,959.18
O4891,SKU_003646,S012,19-09-2025 00:4297,1014.75
O4892,SKU_003647,S012,19-09-2025 00:4298,893.36
O4893,SKU_003648,S012,19-09-2025 00:4299,1203.38
O4894,SKU_003649,S012,19-09-2025 00:4300,975.4
O4895,SKU_003650,S012,19-09-2025 00:4301,985.34
O4896,SKU_003651,S012,19-09-2025 00:4302,1134.74
O4897,SKU_003652,S012,19-09-2025 00:4303,931.49
O4898,SKU_003653,S012,19-09-2025 00:4304,1246.99
O4899,SKU_003654,S012,19-09-2025 00:4305,1107.53
O4900,SKU_003655,S012,19-09-2025 00:4306,1044.12
O4901,SKU_003656,S012,19-09-2025 00:4307,1275.08
O4902,SKU_003657,S012,19-09-2025 00:4308,437.45
O4903,SKU_003658,S012,19-09-2025 00:4309,376.64
O4904,SKU_003659,S012,19-09-2025 00:4310,466.81
O4905,SKU_003660,S012,19-09-2025 00:4311,442.29
O4906,SKU_003661,S012,19-09-2025 00:4312,509.31
O4907,SKU_003662,S012,19-09-2025 00:4313,737.01
O4908,SKU_003663,S012,19-09-2025 00:4314,909.81
O4909,SKU_003664,S012,19-09-2025 00:4315,889.68
O4910,SKU_003665,S012,19-09-2025 00:4316,727.93
O4911,SKU_003666,S012,19-09-2025 00:4317,939.72
O4912,SKU_003667,S012,19-09-2025 00:4318,683.56
O4913,SKU_003668,S012,19-09-2025 00:4319,763.56
O4914,SKU_003669,S012,19-09-2025 00:4320,576.17
O4915,SKU_003670,S012,19-09-2025 00:4321,684.52
O4916,SKU_003671,S012,19-09-2025 00:4322,789.87
O4917,SKU_003672,S012,19-09-2025 00:4323,553.75
O4918,SKU_003673,S012,19-09-2025 00:4324,761.3
O4919,SKU_003674,S012,19-09-2025 00:4325,779.4
O4920,SKU_003675,S013,19-09-2025 00:4326,701.4
O4921,SKU_003676,S014,19-09-2025 00:4327,618.75
O4922,SKU_003677,S015,19-09-2025 00:4328,11171.81
O4923,SKU_003678,S016,19-09-2025 00:4329,11888.85
O4924,SKU_003679,S017,19-09-2025 00:4330,11362.08
O4925,SKU_003680,S018,19-09-2025 00:4331,15528.99
O4926,SKU_003681,S019,19-09-2025 00:4332,14891.66
O4927,SKU_003682,S020,19-09-2025 00:4333,14224.56
O4928,SKU_003683,S021,19-09-2025 00:4334,10734.78
O4929,SKU_003684,S022,19-09-2025 00:4335,12078.75
O4930,SKU_003685,S023,19-09-2025 00:4336,14147.43
O4931,SKU_003686,S024,19-09-2025 00:4337,10556.83
O4932,SKU_003687,S025,19-09-2025 00:4338,2688.28
O4933,SKU_003688,S026,19-09-2025 00:4339,2505.85
O4934,SKU_003689,S027,19-09-2025 00:4340,2184.25
O4935,SKU_003690,S028,19-09-2025 00:4341,2280.74
O4936,SKU_003691,S029,19-09-2025 00:4342,2097.69
O4937,SKU_003692,S030,19-09-2025 00:4343,3383.94
O4938,SKU_003693,S031,19-09-2025 00:4344,3280.13
O4939,SKU_003694,S032,19-09-2025 00:4345,3188.81
O4940,SKU_003695,S033,19-09-2025 00:4346,3357.21
O4941,SKU_003696,S034,19-09-2025 00:4347,3492.06
O4942,SKU_003697,S035,19-09-2025 00:4348,2164.05
O4943,SKU_003698,S036,19-09-2025 00:4349,2608.62
O4944,SKU_003699,S037,19-09-2025 00:4350,1955.51
O4945,SKU_003700,S038,19-09-2025 00:4351,2290.97
O4946,SKU_003701,S039,19-09-2025 00:4352,2225.73
O4947,SKU_003702,S040,19-09-2025 00:4353,2877.9
O4948,SKU_003703,S041,19-09-2025 00:4354,2152.53
O4949,SKU_003704,S042,19-09-2025 00:4355,2052.13
O4950,SKU_003705,S043,19-09-2025 00:4356,1999.61
O4951,SKU_003706,S044,19-09-2025 00:4357,2273.22
O4952,SKU_003707,S045,19-09-2025 00:4358,1764.18
O4953,SKU_003708,S046,19-09-2025 00:4359,2001.17
O4954,SKU_003709,S047,19-09-2025 00:4360,1844.44
O4955,SKU_003710,S048,19-09-2025 00:4361,2084.33
O4956,SKU_003711,S049,19-09-2025 00:4362,1584.73
O4957,SKU_003712,S050,19-09-2025 00:4363,1339.09
O4958,SKU_003713,S051,19-09-2025 00:4364,1417.69
O4959,SKU_003714,S052,19-09-2025 00:4365,1270.8
O4960,SKU_003715,S053,19-09-2025 00:4366,1246.75
O4961,SKU_003716,S054,19-09-2025 00:4367,1690.43
O4962,SKU_003717,S055,19-09-2025 00:4368,405.33
O4963,SKU_003718,S056,19-09-2025 00:4369,427.39
O4964,SKU_003719,S057,19-09-2025 00:4370,398.08
O4965,SKU_003720,S058,19-09-2025 00:4371,368.36
O4966,SKU_003721,S059,19-09-2025 00:4372,330.79
O4967,SKU_003722,S060,19-09-2025 00:4373,728.72
O4968,SKU_003723,S061,19-09-2025 00:4374,542.39
O4969,SKU_003724,S062,19-09-2025 00:4375,621.93
O4970,SKU_003725,S063,19-09-2025 00:4376,634.89
O4971,SKU_003726,S064,19-09-2025 00:4377,670.35
O4972,SKU_003727,S065,19-09-2025 00:4378,721.8
O4973,SKU_003728,S066,19-09-2025 00:4379,592.5
O4974,SKU_003729,S067,19-09-2025 00:4380,518.08
O4975,SKU_003730,S068,19-09-2025 00:4381,524.66
O4976,SKU_003731,S069,19-09-2025 00:4382,681.52
O4977,SKU_003732,S070,19-09-2025 00:4383,2531.25
O4978,SKU_003733,S071,19-09-2025 00:4384,2709.28
O4979,SKU_003734,S072,19-09-2025 00:4385,2724.35
O4980,SKU_003735,S073,19-09-2025 00:4386,2407.51
O4981,SKU_003736,S074,19-09-2025 00:4387,2872.48
O4982,SKU_003737,S075,19-09-2025 00:4388,139.96
O4983,SKU_003738,S076,19-09-2025 00:4389,142.02
O4984,SKU_003739,S077,19-09-2025 00:4390,131.76
O4985,SKU_003740,S078,19-09-2025 00:4391,120.98
O4986,SKU_003741,S079,19-09-2025 00:4392,108.69
O4987,SKU_003742,S080,19-09-2025 00:4393,1638.71
O4988,SKU_003743,S081,19-09-2025 00:4394,1329.28
O4989,SKU_003744,S082,19-09-2025 00:4395,1462.99
O4990,SKU_003745,S083,19-09-2025 00:4396,1293.69
O4991,SKU_003746,S084,19-09-2025 00:4397,1668.58
O4992,SKU_003747,S085,19-09-2025 00:4398,2187.92
O4993,SKU_003748,S086,19-09-2025 00:4399,2722.19
O4994,SKU_003749,S087,19-09-2025 00:4400,2785.38
O4995,SKU_003750,S088,19-09-2025 00:4401,2346.3
O4996,SKU_003751,S089,19-09-2025 00:4402,2609.17
O4997,SKU_003752,S090,19-09-2025 00:4403,2616.09
O4998,SKU_003753,S091,19-09-2025 00:4404,2747.69
O4999,SKU_003754,S092,19-09-2025 00:4405,2925.84
O5000,SKU_003755,S093,19-09-2025 00:4406,2784.62
O5001,SKU_003756,S094,19-09-2025 00:4407,2549.35
O5002,SKU_003757,S095,19-09-2025 00:4408,1366.55
O5003,SKU_003758,S096,19-09-2025 00:4409,1479.03
O5004,SKU_003759,S097,19-09-2025 00:4410,1505.72
O5005,SKU_003760,S098,19-09-2025 00:4411,1308.7
O5006,SKU_003761,S099,19-09-2025 00:4412,1767.53
O5007,SKU_003762,S100,19-09-2025 00:4413,1565.07
O5008,SKU_003763,S101,19-09-2025 00:4414,1592.46
O5009,SKU_003764,S102,19-09-2025 00:4415,1753.67
O5010,SKU_003765,S103,19-09-2025 00:4416,1288.96
O5011,SKU_003766,S104,19-09-2025 00:4417,1338.63
O5012,SKU_003767,S105,19-09-2025 00:4418,64.52
O5013,SKU_003768,S106,19-09-2025 00:4419,62.11
O5014,SKU_003769,S107,19-09-2025 00:4420,61.12
O5015,SKU_003770,S108,19-09-2025 00:4421,61.95
O5016,SKU_003771,S109,19-09-2025 00:4422,66.11
O5017,SKU_003772,S110,19-09-2025 00:4423,211.07
O5018,SKU_003773,S111,19-09-2025 00:4424,234.07
O5019,SKU_003774,S112,19-09-2025 00:4425,248.95
O5020,SKU_003775,S113,19-09-2025 00:4426,204.76
O5021,SKU_003776,S114,19-09-2025 00:4427,230.72
O5022,SKU_003777,S115,19-09-2025 00:4428,2199.44
O5023,SKU_003778,S116,19-09-2025 00:4429,3001.36
O5024,SKU_003779,S117,19-09-2025 00:4430,2213.29
O5025,SKU_003780,S118,19-09-2025 00:4431,2595.53
O5026,SKU_003781,S119,19-09-2025 00:4432,2536.69
O5027,SKU_003782,S120,19-09-2025 00:4433,526.09
O5028,SKU_003783,S121,19-09-2025 00:4434,491
O5029,SKU_003784,S122,19-09-2025 00:4435,432.17
O5030,SKU_003785,S123,19-09-2025 00:4436,522.2
O5031,SKU_003786,S124,19-09-2025 00:4437,370.55
O5032,SKU_003787,S125,19-09-2025 00:4438,715.18
O5033,SKU_003788,S126,19-09-2025 00:4439,570.95
O5034,SKU_003789,S127,19-09-2025 00:4440,554.82
O5035,SKU_003790,S128,19-09-2025 00:4441,501.37
O5036,SKU_003791,S129,19-09-2025 00:4442,579.61
O5037,SKU_003792,S130,19-09-2025 00:4443,435.22
O5038,SKU_003793,S131,19-09-2025 00:4444,357.68
O5039,SKU_003794,S132,19-09-2025 00:4445,398.94
O5040,SKU_003795,S133,19-09-2025 00:4446,438.07
O5041,SKU_003796,S134,19-09-2025 00:4447,384.18
O5042,SKU_003797,S135,19-09-2025 00:4448,2002.79
O5043,SKU_003798,S136,19-09-2025 00:4449,2275.91
O5044,SKU_003799,S137,19-09-2025 00:4450,2347.72
O5045,SKU_003800,S138,19-09-2025 00:4451,2909.5
O5046,SKU_003801,S139,19-09-2025 00:4452,2498.05
O5047,SKU_003802,S140,19-09-2025 00:4453,3522.65
O5048,SKU_003803,S141,19-09-2025 00:4454,2749.97
O5049,SKU_003804,S142,19-09-2025 00:4455,3447.7
O5050,SKU_003805,S143,19-09-2025 00:4456,2807
O5051,SKU_003806,S144,19-09-2025 00:4457,3446.34
O5052,SKU_003807,S145,19-09-2025 00:4458,5666.16
O5053,SKU_003808,S146,19-09-2025 00:4459,4206.42
O5054,SKU_003809,S147,19-09-2025 00:4460,4635.44
O5055,SKU_003810,S148,19-09-2025 00:4461,4715.71
O5056,SKU_003811,S149,19-09-2025 00:4462,4762.26
O5057,SKU_003812,S150,19-09-2025 00:4463,452.69
O5058,SKU_003813,S151,19-09-2025 00:4464,501.88
O5059,SKU_003814,S152,19-09-2025 00:4465,422.49
O5060,SKU_003815,S153,19-09-2025 00:4466,471.61
O5061,SKU_003816,S154,19-09-2025 00:4467,450.34
O5062,SKU_003817,S155,19-09-2025 00:4468,205.54
O5063,SKU_003818,S156,19-09-2025 00:4469,163.63
O5064,SKU_003819,S157,19-09-2025 00:4470,189.4
O5065,SKU_003820,S158,19-09-2025 00:4471,178.76
O5066,SKU_003821,S159,19-09-2025 00:4472,170.45
O5067,SKU_003822,S160,19-09-2025 00:4473,223.08
O5068,SKU_003823,S161,19-09-2025 00:4474,172.61
O5069,SKU_003824,S162,19-09-2025 00:4475,186.8
O5070,SKU_003825,S163,19-09-2025 00:4476,204.58
O5071,SKU_003826,S164,19-09-2025 00:4477,176.83
O5072,SKU_003827,S165,19-09-2025 00:4478,214.41
O5073,SKU_003828,S166,19-09-2025 00:4479,235.83
O5074,SKU_003829,S167,19-09-2025 00:4480,200.88
O5075,SKU_003830,S168,19-09-2025 00:4481,264.84
O5076,SKU_003831,S169,19-09-2025 00:4482,214.47
O5077,SKU_003832,S170,19-09-2025 00:4483,318.3
O5078,SKU_003833,S171,19-09-2025 00:4484,261.52
O5079,SKU_003834,S172,19-09-2025 00:4485,308.9
O5080,SKU_003835,S173,19-09-2025 00:4486,328.32
O5081,SKU_003836,S174,19-09-2025 00:4487,311.81
O5082,SKU_003837,S175,19-09-2025 00:4488,713.03
O5083,SKU_003838,S176,19-09-2025 00:4489,651.09
O5084,SKU_003839,S177,19-09-2025 00:4490,915.54
O5085,SKU_003840,S178,19-09-2025 00:4491,778.13
O5086,SKU_003841,S179,19-09-2025 00:4492,818.32
O5087,SKU_003842,S180,19-09-2025 00:4493,661.62
O5088,SKU_003843,S181,19-09-2025 00:4494,652.61
O5089,SKU_003844,S182,19-09-2025 00:4495,770.89
O5090,SKU_003845,S183,19-09-2025 00:4496,939.35
O5091,SKU_003846,S184,19-09-2025 00:4497,862.72
O5092,SKU_003847,S185,19-09-2025 00:4498,64.18
O5093,SKU_003848,S186,19-09-2025 00:4499,82.03
O5094,SKU_003849,S187,19-09-2025 00:4500,78.18
O5095,SKU_003850,S188,19-09-2025 00:4501,87.35
O5096,SKU_003851,S189,19-09-2025 00:4502,74.96
O5097,SKU_003852,S190,19-09-2025 00:4503,45.8
O5098,SKU_003853,S191,19-09-2025 00:4504,44.61
O5099,SKU_003854,S192,19-09-2025 00:4505,48.51
O5100,SKU_003855,S193,19-09-2025 00:4506,58.28
O5101,SKU_003856,S194,19-09-2025 00:4507,47.37
O5102,SKU_003857,S195,19-09-2025 00:4508,886.14
O5103,SKU_003858,S196,19-09-2025 00:4509,747.98
O5104,SKU_003859,S197,19-09-2025 00:4510,701.53
O5105,SKU_003860,S198,19-09-2025 00:4511,770.02
O5106,SKU_003861,S199,19-09-2025 00:4512,615.64
O5107,SKU_003862,S200,19-09-2025 00:4513,792.05
O5108,SKU_003863,S201,19-09-2025 00:4514,763.73
O5109,SKU_003864,S202,19-09-2025 00:4515,610.14
O5110,SKU_003865,S203,19-09-2025 00:4516,688.22
O5111,SKU_003866,S204,19-09-2025 00:4517,795.87
O5112,SKU_003867,S205,19-09-2025 00:4518,520.69
O5113,SKU_003868,S206,19-09-2025 00:4519,731.1
O5114,SKU_003869,S207,19-09-2025 00:4520,727.38
O5115,SKU_003870,S208,19-09-2025 00:4521,563.86
O5116,SKU_003871,S209,19-09-2025 00:4522,548.35
O5117,SKU_003872,S210,19-09-2025 00:4523,598.7
O5118,SKU_003873,S211,19-09-2025 00:4524,496.88
O5119,SKU_003874,S212,19-09-2025 00:4525,568.76
O5120,SKU_003875,S213,19-09-2025 00:4526,715.14
O5121,SKU_003876,S214,19-09-2025 00:4527,653.13
O5122,SKU_003877,S215,19-09-2025 00:4528,645.74
O5123,SKU_003878,S216,19-09-2025 00:4529,486.04
O5124,SKU_003879,S217,19-09-2025 00:4530,659.52
O5125,SKU_003880,S218,19-09-2025 00:4531,529.72
O5126,SKU_003881,S219,19-09-2025 00:4532,591.93
O5127,SKU_003882,S220,19-09-2025 00:4533,27346.9
O5128,SKU_003883,S221,19-09-2025 00:4534,27070.27
O5129,SKU_003884,S222,19-09-2025 00:4535,27368.15
O5130,SKU_003885,S223,19-09-2025 00:4536,34442.25
O5131,SKU_003886,S224,19-09-2025 00:4537,39543.43
O5132,SKU_003887,S225,19-09-2025 00:4538,201.26
O5133,SKU_003888,S226,19-09-2025 00:4539,173.37
O5134,SKU_003889,S227,19-09-2025 00:4540,189.61
O5135,SKU_003890,S228,19-09-2025 00:4541,223.62
O5136,SKU_003891,S229,19-09-2025 00:4542,183.52
O5137,SKU_003892,S230,19-09-2025 00:4543,30016.53
O5138,SKU_003893,S231,19-09-2025 00:4544,26768.48
O5139,SKU_003894,S232,19-09-2025 00:4545,25879.32
O5140,SKU_003895,S233,19-09-2025 00:4546,23393.23
O5141,SKU_003896,S234,19-09-2025 00:4547,30242.27
O5142,SKU_003897,S235,19-09-2025 00:4548,846.61
O5143,SKU_003898,S236,19-09-2025 00:4549,1183.62
O5144,SKU_003899,S237,19-09-2025 00:4550,807.76
O5145,SKU_003900,S238,19-09-2025 00:4551,925.84
O5146,SKU_003901,S239,19-09-2025 00:4552,1072.29
O5147,SKU_003902,S240,19-09-2025 00:4553,2102.81
O5148,SKU_003903,S241,19-09-2025 00:4554,2296.68
O5149,SKU_003904,S242,19-09-2025 00:4555,2502.08
O5150,SKU_003905,S243,19-09-2025 00:4556,2864.5
O5151,SKU_003906,S244,19-09-2025 00:4557,2458.88
O5152,SKU_003907,S245,19-09-2025 00:4558,1286.4
O5153,SKU_003908,S246,19-09-2025 00:4559,1565.04
O5154,SKU_003909,S247,19-09-2025 00:4560,1243.38
O5155,SKU_003910,S248,19-09-2025 00:4561,1360.05
O5156,SKU_003911,S249,19-09-2025 00:4562,1259.1
O5157,SKU_003912,S250,19-09-2025 00:4563,1903.45
O5158,SKU_003913,S251,19-09-2025 00:4564,2270.61
O5159,SKU_003914,S252,19-09-2025 00:4565,2364.32
O5160,SKU_003915,S253,19-09-2025 00:4566,1891.1
O5161,SKU_003916,S254,19-09-2025 00:4567,2140.04
O5162,SKU_003917,S255,19-09-2025 00:4568,3033.11
O5163,SKU_003918,S256,19-09-2025 00:4569,2749.9
O5164,SKU_003919,S257,19-09-2025 00:4570,2448.36
O5165,SKU_003920,S258,19-09-2025 00:4571,3058.16
O5166,SKU_003921,S259,19-09-2025 00:4572,3402.59
O5167,SKU_003922,S260,19-09-2025 00:4573,1389.9
O5168,SKU_003923,S261,19-09-2025 00:4574,1468.68
O5169,SKU_003924,S262,19-09-2025 00:4575,1311.11
O5170,SKU_003925,S263,19-09-2025 00:4576,1726.85
O5171,SKU_003926,S264,19-09-2025 00:4577,1646.3
O5172,SKU_003927,S265,19-09-2025 00:4578,1764.38
O5173,SKU_003928,S266,19-09-2025 00:4579,2304.86
O5174,SKU_003929,S267,19-09-2025 00:4580,1919.36
O5175,SKU_003930,S268,19-09-2025 00:4581,2216.68
O5176,SKU_003931,S269,19-09-2025 00:4582,2064.46
O5177,SKU_003932,S270,19-09-2025 00:4583,3956.59
O5178,SKU_003933,S271,19-09-2025 00:4584,2724.06
O5179,SKU_003934,S272,19-09-2025 00:4585,3630.76
O5180,SKU_003935,S273,19-09-2025 00:4586,3170.91
O5181,SKU_003936,S274,19-09-2025 00:4587,3487.84
O5182,SKU_003937,S275,19-09-2025 00:4588,1791.07
O5183,SKU_003938,S276,19-09-2025 00:4589,1734.59
O5184,SKU_003939,S277,19-09-2025 00:4590,1298.4
O5185,SKU_003940,S278,19-09-2025 00:4591,1906.6
O5186,SKU_003941,S279,19-09-2025 00:4592,1703.22
O5187,SKU_003942,S280,19-09-2025 00:4593,2113.91
O5188,SKU_003943,S281,19-09-2025 00:4594,2554.76
O5189,SKU_003944,S282,19-09-2025 00:4595,2152.35
O5190,SKU_003945,S283,19-09-2025 00:4596,2850.26
O5191,SKU_003946,S284,19-09-2025 00:4597,2870.54
O5192,SKU_003947,S285,19-09-2025 00:4598,36.9
O5193,SKU_003948,S286,19-09-2025 00:4599,35.6
O5194,SKU_003949,S287,19-09-2025 00:4600,39.9
O5195,SKU_003950,S288,19-09-2025 00:4601,33
O5196,SKU_003951,S289,19-09-2025 00:4602,31.31
O5197,SKU_003952,S290,19-09-2025 00:4603,7252.41
O5198,SKU_003953,S291,19-09-2025 00:4604,6394.91
O5199,SKU_003954,S292,19-09-2025 00:4605,6372.15
O5200,SKU_003955,S293,19-09-2025 00:4606,6933.43
O5201,SKU_003956,S294,19-09-2025 00:4607,6048.71
O5202,SKU_003957,S295,19-09-2025 00:4608,10692.94
O5203,SKU_003958,S296,19-09-2025 00:4609,11130.09
O5204,SKU_003959,S297,19-09-2025 00:4610,12382.25
O5205,SKU_003960,S298,19-09-2025 00:4611,14369.52
O5206,SKU_003961,S299,19-09-2025 00:4612,12994.02
O5207,SKU_003962,S300,19-09-2025 00:4613,1819.97
O5208,SKU_003963,S301,19-09-2025 00:4614,1644.34
O5209,SKU_003964,S302,19-09-2025 00:4615,1828.5
O5210,SKU_003965,S303,19-09-2025 00:4616,1829.98
O5211,SKU_003966,S304,19-09-2025 00:4617,1593.28
O5212,SKU_003967,S305,19-09-2025 00:4618,5930.35
O5213,SKU_003968,S306,19-09-2025 00:4619,5195.24
O5214,SKU_003969,S307,19-09-2025 00:4620,4825.48
O5215,SKU_003970,S308,19-09-2025 00:4621,5911.07
O5216,SKU_003971,S309,19-09-2025 00:4622,5225.98
O5217,SKU_003972,S310,19-09-2025 00:4623,26103.08
O5218,SKU_003973,S311,19-09-2025 00:4624,32464.14
O5219,SKU_003974,S312,19-09-2025 00:4625,31414.69
O5220,SKU_003975,S313,19-09-2025 00:4626,28679.78
O5221,SKU_003976,S314,19-09-2025 00:4627,25208.53
O5222,SKU_003977,S315,19-09-2025 00:4628,62.67
O5223,SKU_003978,S316,19-09-2025 00:4629,59.11
O5224,SKU_003979,S317,19-09-2025 00:4630,55.12
O5225,SKU_003980,S318,19-09-2025 00:4631,57.23
O5226,SKU_003981,S319,19-09-2025 00:4632,66.05
O5227,SKU_003982,S320,19-09-2025 00:4633,556.91
O5228,SKU_003983,S321,19-09-2025 00:4634,403
O5229,SKU_003984,S322,19-09-2025 00:4635,415.84
O5230,SKU_003985,S323,19-09-2025 00:4636,559.96
O5231,SKU_003986,S324,19-09-2025 00:4637,517.61
O5232,SKU_003987,S325,19-09-2025 00:4638,1293.56
O5233,SKU_003988,S326,19-09-2025 00:4639,1410.97
O5234,SKU_003989,S327,19-09-2025 00:4640,1706.23
O5235,SKU_003990,S328,19-09-2025 00:4641,1369
O5236,SKU_003991,S329,19-09-2025 00:4642,1471.8
O5237,SKU_003992,S330,19-09-2025 00:4643,1529.22
O5238,SKU_003993,S331,19-09-2025 00:4644,1541.24
O5239,SKU_003994,S332,19-09-2025 00:4645,1490.76
O5240,SKU_003995,S333,19-09-2025 00:4646,1523.79
O5241,SKU_003996,S334,19-09-2025 00:4647,1571.74
O5242,SKU_003997,S335,19-09-2025 00:4648,1280.5
O5243,SKU_003998,S336,19-09-2025 00:4649,1418.88
O5244,SKU_003999,S337,19-09-2025 00:4650,1310.05
O5245,SKU_004000,S338,19-09-2025 00:4651,1743.55
O5246,SKU_004001,S339,19-09-2025 00:4652,1392.61
O5247,SKU_004002,S340,19-09-2025 00:4653,850.25
O5248,SKU_004003,S341,19-09-2025 00:4654,981.34
O5249,SKU_004004,S342,19-09-2025 00:4655,1148.9
O5250,SKU_004005,S343,19-09-2025 00:4656,1180
O5251,SKU_004006,S344,19-09-2025 00:4657,1150.89
O5252,SKU_004007,S345,19-09-2025 00:4658,2874.65
O5253,SKU_004008,S346,19-09-2025 00:4659,2004.28
O5254,SKU_004009,S347,19-09-2025 00:4660,2428.98
O5255,SKU_004010,S348,19-09-2025 00:4661,2759.59
O5256,SKU_004011,S349,19-09-2025 00:4662,2639.68
O5257,SKU_004012,S350,19-09-2025 00:4663,6697.02
O5258,SKU_004013,S351,19-09-2025 00:4664,7337.21
O5259,SKU_004014,S352,19-09-2025 00:4665,7866.22
O5260,SKU_004015,S353,19-09-2025 00:4666,6655.24
O5261,SKU_004016,S354,19-09-2025 00:4667,9556.01
O5262,SKU_004017,S355,19-09-2025 00:4668,2270.33
O5263,SKU_004018,S356,19-09-2025 00:4669,1713.18
O5264,SKU_004019,S357,19-09-2025 00:4670,1904.98
O5265,SKU_004020,S358,19-09-2025 00:4671,1637.41
O5266,SKU_004021,S359,19-09-2025 00:4672,1960.06
O5267,SKU_004022,S360,19-09-2025 00:4673,1555.39
O5268,SKU_004023,S361,19-09-2025 00:4674,1370.67
O5269,SKU_004024,S362,19-09-2025 00:4675,1193.42
O5270,SKU_004025,S363,19-09-2025 00:4676,1272.1
O5271,SKU_004026,S364,19-09-2025 00:4677,1246.05
O5272,SKU_004027,S365,19-09-2025 00:4678,5252.9
O5273,SKU_004028,S366,19-09-2025 00:4679,4828.04
O5274,SKU_004029,S367,19-09-2025 00:4680,4280.35
O5275,SKU_004030,S368,19-09-2025 00:4681,4615.45
O5276,SKU_004031,S369,19-09-2025 00:4682,4372.73
O5277,SKU_004032,S370,19-09-2025 00:4683,453.59
O5278,SKU_004033,S371,19-09-2025 00:4684,401.45
O5279,SKU_004034,S372,19-09-2025 00:4685,491.62
O5280,SKU_004035,S373,19-09-2025 00:4686,552.31
O5281,SKU_004036,S374,19-09-2025 00:4687,427.61
O5282,SKU_004037,S375,19-09-2025 00:4688,443.64
O5283,SKU_004038,S376,19-09-2025 00:4689,424.43
O5284,SKU_004039,S377,19-09-2025 00:4690,445.35
O5285,SKU_004040,S378,19-09-2025 00:4691,357.16
O5286,SKU_004041,S379,19-09-2025 00:4692,478.31
O5287,SKU_004042,S380,19-09-2025 00:4693,2376.88
O5288,SKU_004043,S381,19-09-2025 00:4694,2175.63
O5289,SKU_004044,S382,19-09-2025 00:4695,2720.77
O5290,SKU_004045,S383,19-09-2025 00:4696,2548.64
O5291,SKU_004046,S384,19-09-2025 00:4697,2695.82
O5292,SKU_004047,S385,19-09-2025 00:4698,2079.96
O5293,SKU_004048,S386,19-09-2025 00:4699,2258.72
O5294,SKU_004049,S387,19-09-2025 00:4700,2691.18
O5295,SKU_004050,S388,19-09-2025 00:4701,2164.05
O5296,SKU_004051,S389,19-09-2025 00:4702,2437.94
O5297,SKU_004052,S390,19-09-2025 00:4703,6742.35
O5298,SKU_004053,S391,19-09-2025 00:4704,6118.21
O5299,SKU_004054,S392,19-09-2025 00:4705,6331.16
O5300,SKU_004055,S393,19-09-2025 00:4706,6086.48
O5301,SKU_004056,S394,19-09-2025 00:4707,5404.43
O5302,SKU_004057,S395,19-09-2025 00:4708,26643.39
O5303,SKU_004058,S396,19-09-2025 00:4709,21044.85
O5304,SKU_004059,S397,19-09-2025 00:4710,27903.68
O5305,SKU_004060,S398,19-09-2025 00:4711,26091
O5306,SKU_004061,S399,19-09-2025 00:4712,20766.35
O5307,SKU_004062,S400,19-09-2025 00:4713,2719.99
O5308,SKU_004063,S401,19-09-2025 00:4714,2700.42
O5309,SKU_004064,S402,19-09-2025 00:4715,2150.35
O5310,SKU_004065,S403,19-09-2025 00:4716,2385.03
O5311,SKU_004066,S404,19-09-2025 00:4717,2947.25
O5312,SKU_004067,S405,19-09-2025 00:4718,15007.6
O5313,SKU_004068,S406,19-09-2025 00:4719,17456.96
O5314,SKU_004069,S407,19-09-2025 00:4720,17455.02
O5315,SKU_004070,S408,19-09-2025 00:4721,16915.01
O5316,SKU_004071,S409,19-09-2025 00:4722,14995.09
O5317,SKU_004072,S410,19-09-2025 00:4723,33023.21
O5318,SKU_004073,S411,19-09-2025 00:4724,24165.02
O5319,SKU_004074,S412,19-09-2025 00:4725,32031.91
O5320,SKU_004075,S413,19-09-2025 00:4726,25160.86
O5321,SKU_004076,S414,19-09-2025 00:4727,31717.1
O5322,SKU_004077,S415,19-09-2025 00:4728,19439.62
O5323,SKU_004078,S416,19-09-2025 00:4729,16306.65
O5324,SKU_004079,S417,19-09-2025 00:4730,21932.18
O5325,SKU_004080,S418,19-09-2025 00:4731,23824.22
O5326,SKU_004081,S419,19-09-2025 00:4732,23645.83
O5327,SKU_004082,S420,19-09-2025 00:4733,30529.29
O5328,SKU_004083,S421,19-09-2025 00:4734,25622.26
O5329,SKU_004084,S422,19-09-2025 00:4735,24585.95
O5330,SKU_004085,S423,19-09-2025 00:4736,31819.1
O5331,SKU_004086,S424,19-09-2025 00:4737,26356.87
O5332,SKU_004087,S425,19-09-2025 00:4738,19068.07
O5333,SKU_004088,S426,19-09-2025 00:4739,15962.65
O5334,SKU_004089,S427,19-09-2025 00:4740,22502.31
O5335,SKU_004090,S428,19-09-2025 00:4741,21901.72
O5336,SKU_004091,S429,19-09-2025 00:4742,19696.11
O5337,SKU_004092,S430,19-09-2025 00:4743,465.13
O5338,SKU_004093,S431,19-09-2025 00:4744,597.41
O5339,SKU_004094,S432,19-09-2025 00:4745,496.39
O5340,SKU_004095,S433,19-09-2025 00:4746,515
O5341,SKU_004096,S434,19-09-2025 00:4747,455
O5342,SKU_004097,S435,19-09-2025 00:4748,2452.39
O5343,SKU_004098,S436,19-09-2025 00:4749,2055.19
O5344,SKU_004099,S437,19-09-2025 00:4750,2941.5
O5345,SKU_004100,S438,19-09-2025 00:4751,2966.77
O5346,SKU_004101,S439,19-09-2025 00:4752,2593.53
O5347,SKU_004102,S440,19-09-2025 00:4753,3495.67
O5348,SKU_004103,S441,19-09-2025 00:4754,3231.37
O5349,SKU_004104,S442,19-09-2025 00:4755,4664.49
O5350,SKU_004105,S443,19-09-2025 00:4756,4143.83
O5351,SKU_004106,S444,19-09-2025 00:4757,3214.86
O5352,SKU_004107,S445,19-09-2025 00:4758,4422.91
O5353,SKU_004108,S446,19-09-2025 00:4759,4599.47
O5354,SKU_004109,S447,19-09-2025 00:4760,4234.85
O5355,SKU_004110,S448,19-09-2025 00:4761,4426.65
O5356,SKU_004111,S449,19-09-2025 00:4762,4046.58
O5357,SKU_004112,S450,19-09-2025 00:4763,1044.93
O5358,SKU_004113,S451,19-09-2025 00:4764,1152.58
O5359,SKU_004114,S452,19-09-2025 00:4765,913.13
O5360,SKU_004115,S453,19-09-2025 00:4766,1185.23
O5361,SKU_004116,S454,19-09-2025 00:4767,1196.89
O5362,SKU_004117,S455,19-09-2025 00:4768,774.81
O5363,SKU_004118,S456,19-09-2025 00:4769,842.16
O5364,SKU_004119,S457,19-09-2025 00:4770,810.51
O5365,SKU_004120,S458,19-09-2025 00:4771,857.37
O5366,SKU_004121,S459,19-09-2025 00:4772,808.56
O5367,SKU_004122,S460,19-09-2025 00:4773,1608.05
O5368,SKU_004123,S461,19-09-2025 00:4774,2120.49
O5369,SKU_004124,S462,19-09-2025 00:4775,1612.02
O5370,SKU_004125,S463,19-09-2025 00:4776,2141.36
O5371,SKU_004126,S464,19-09-2025 00:4777,2368.55
O5372,SKU_004127,S465,19-09-2025 00:4778,2193.85
O5373,SKU_004128,S466,19-09-2025 00:4779,2389.26
O5374,SKU_004129,S467,19-09-2025 00:4780,2343.05
O5375,SKU_004130,S468,19-09-2025 00:4781,1827.45
O5376,SKU_004131,S469,19-09-2025 00:4782,2354.3
O5377,SKU_004132,S470,19-09-2025 00:4783,3445.61
O5378,SKU_004133,S471,19-09-2025 00:4784,3518.49
O5379,SKU_004134,S472,19-09-2025 00:4785,3287.21
O5380,SKU_004135,S473,19-09-2025 00:4786,2517.83
O5381,SKU_004136,S474,19-09-2025 00:4787,2613.54
O5382,SKU_004137,S475,19-09-2025 00:4788,3384.24
O5383,SKU_004138,S476,19-09-2025 00:4789,3911.97
O5384,SKU_004139,S477,19-09-2025 00:4790,3613.89
O5385,SKU_004140,S478,19-09-2025 00:4791,4120.31
O5386,SKU_004141,S479,19-09-2025 00:4792,3467.58
O5387,SKU_004142,S480,19-09-2025 00:4793,4334.52
O5388,SKU_004143,S481,19-09-2025 00:4794,4799.64
O5389,SKU_004144,S482,19-09-2025 00:4795,5060.44
O5390,SKU_004145,S483,19-09-2025 00:4796,4521.98
