order_id,skuid,quantity,price,timestamp
ORD0001,62316095,1,1944,09-10-2025 08:45
ORD0001,1982137274,3,2730,17-10-2025 08:45
ORD0001,059035342X,3,1953,30-09-2025 08:45
ORD0001,307474275,2,3934,16-10-2025 08:45
ORD0002,140449132,2,3632,15-10-2025 08:45
ORD0002,61120081,1,1391,30-09-2025 08:45
ORD0002,553386794,1,862,28-09-2025 08:45
ORD0003,544003411,2,3524,06-10-2025 08:45
ORD0003,62316117,2,2074,08-10-2025 08:45
ORD0003,143127748,3,3873,19-09-2025 08:45
ORD0004,1594634025,3,3210,14-10-2025 08:45
ORD0004,038549081X,2,2758,04-10-2025 08:45
ORD0004,62457713,2,2806,17-09-2025 08:45
ORD0004,142437239,3,3930,06-10-2025 08:45
ORD0004,030788744X,2,3194,13-10-2025 08:45
ORD0005,62315005,3,1080,06-10-2025 08:45
ORD0005,596007120,2,1528,16-10-2025 08:45
ORD0005,262033844,2,3262,16-10-2025 08:45
ORD0005,132350882,3,2859,22-09-2025 08:45
ORD0005,735211299,2,1402,02-10-2025 08:45
ORD0006,385472579,1,1379,24-09-2025 08:45
ORD0006,60850523,2,3656,07-10-2025 08:45
ORD0006,143039954,2,1320,17-09-2025 08:45
ORD0006,1501128035,2,3902,28-09-2025 08:45
ORD0006,525559477,1,1157,13-10-2025 08:45
ORD0007,804139296,1,1208,12-10-2025 08:45
ORD0007,66620996,3,3642,01-10-2025 08:45
ORD0007,006245773X,1,1298,30-09-2025 08:45
ORD0007,451524934,1,393,27-09-2025 08:45
ORD0008,316769487,2,2692,22-09-2025 08:45
ORD0008,671027034,2,2578,17-10-2025 08:45
ORD0008,1982157283,2,3512,19-09-2025 08:45
ORD0008,593230256,1,713,01-10-2025 08:45
ORD0009,345803485,1,392,23-09-2025 08:45
ORD0009,081298160X,1,1762,02-10-2025 08:45
ORD0010,590353403,1,1403,30-09-2025 08:45
ORD0010,143110438,2,2230,09-10-2025 08:45
ORD0010,307465357,2,1850,13-10-2025 08:45
ORD0010,140283331,3,5166,22-09-2025 08:45
ORD0010,62315008,3,1257,24-09-2025 08:45
ORD0011,307346617,2,1052,29-09-2025 08:45
ORD0011,61992275,1,977,02-10-2025 08:45
ORD0012,006256577X,1,1088,12-10-2025 08:45
ORD0012,1250316774,1,614,10-10-2025 08:45
ORD0013,62457715,3,1218,15-10-2025 08:45
ORD0013,307277674,1,782,16-10-2025 08:45
ORD0013,385484518,1,1208,15-10-2025 08:45
ORD0014,1501173219,2,3656,02-10-2025 08:45
ORD0014,143130722,3,942,21-09-2025 08:45
ORD0014,399590501,1,1828,16-10-2025 08:45
ORD0015,62316112,2,2122,29-09-2025 08:45
ORD0015,307719227,3,4914,03-10-2025 08:45
ORD0016,143127550,2,3486,30-09-2025 08:45
ORD0016,62315009,1,1061,07-10-2025 08:45
ORD0016,143126562,2,1724,13-10-2025 08:45
ORD0016,62316113,2,3524,04-10-2025 08:45
ORD0017,307463740,2,3414,21-09-2025 08:45
ORD0017,62871337,1,1531,09-10-2025 08:45
ORD0017,307273601,2,3114,02-10-2025 08:45
ORD0018,1501161933,1,239,15-10-2025 08:45
ORD0018,140280197,1,1379,17-09-2025 08:45
ORD0019,1455586691,1,1914,15-10-2025 08:45
ORD0019,62316107,2,1594,17-10-2025 08:45
ORD0020,90711001-BEIGE,2,1820,04-10-2025 08:45
ORD0020,90711002-WHITE,2,1548,01-10-2025 08:45
ORD0020,90711003-BLACK,1,246,04-10-2025 08:45
ORD0021,90711004-GREEN,3,3063,02-10-2025 08:45
ORD0021,90711005-OAK,2,1796,17-10-2025 08:45
ORD0021,90711006-BLUE,1,363,06-10-2025 08:45
ORD0022,90711007-GRAY,1,400,29-09-2025 08:45
ORD0022,90711008-WHITE,3,687,07-10-2025 08:45
ORD0022,90721001-BLACK,1,1944,01-10-2025 08:45
ORD0023,90721002-WHITE,2,3280,08-10-2025 08:45
ORD0023,90721003-BEIGE,2,2630,23-09-2025 08:45
ORD0024,90721004-GREEN,1,1557,06-10-2025 08:45
ORD0024,90721005-WOOD,3,2142,25-09-2025 08:45
ORD0025,90721006-BLUE,1,1229,07-10-2025 08:45
ORD0025,90721007-WHITE,2,1258,29-09-2025 08:45
ORD0025,90721008-GRAY,3,4671,12-10-2025 08:45
ORD0025,90721009-BLACK,2,3280,11-10-2025 08:45
ORD0025,90721010-WOOD,3,5262,11-10-2025 08:45
ORD0026,90731001-WHITE,3,5901,21-09-2025 08:45
ORD0026,90731002-GRAY,1,951,13-10-2025 08:45
ORD0027,90731003-BLACK,1,1383,13-10-2025 08:45
ORD0027,90731004-BEIGE,1,273,17-10-2025 08:45
ORD0027,90731005-WOOD,1,305,12-10-2025 08:45
ORD0027,90731006-BLUE,2,3508,16-10-2025 08:45
ORD0027,90731007-WHITE,3,2853,12-10-2025 08:45
ORD0028,90731008-GREEN,2,492,26-09-2025 08:45
ORD0028,90731009-GRAY,2,2484,30-09-2025 08:45
ORD0028,90731010-BLACK,1,1088,03-10-2025 08:45
ORD0028,90731011-WHITE,3,1485,20-09-2025 08:45
ORD0029,90731012-BLACK,3,2694,28-09-2025 08:45
ORD0029,90731013-GREEN,2,3666,04-10-2025 08:45
ORD0029,90731014-WOOD,1,1116,08-10-2025 08:45
ORD0029,90731015-GRAY,1,1828,24-09-2025 08:45
ORD0029,90731016-WHITE,2,1368,25-09-2025 08:45
ORD0030,90731017-BLACK,3,2784,24-09-2025 08:45
ORD0030,90731018-BEIGE,2,3888,21-09-2025 08:45
ORD0030,90731019-WHITE,1,230,04-10-2025 08:45
ORD0030,90731020-BLUE,1,1042,26-09-2025 08:45
ORD0030,90731021-WHITE,1,713,26-09-2025 08:45
ORD0031,90731022-GRAY,2,3602,08-10-2025 08:45
ORD0031,90731023-BLACK,2,1470,05-10-2025 08:45
ORD0031,90731024-WOOD,2,3786,27-09-2025 08:45
ORD0031,90731025-BLUE,3,843,13-10-2025 08:45
ORD0031,90731026-GREEN,2,3034,21-09-2025 08:45
ORD0032,90731027-BLACK,3,1257,29-09-2025 08:45
ORD0032,90731028-WHITE,3,4137,11-10-2025 08:45
ORD0032,90731029-GRAY,2,850,15-10-2025 08:45
ORD0032,90731030-BEIGE,1,1828,01-10-2025 08:45
ORD0032,90731031-WHITE,3,2859,15-10-2025 08:45
ORD0033,90731032-BLACK,2,838,21-09-2025 08:45
ORD0033,90731033-GREEN,1,406,06-10-2025 08:45
ORD0033,90732001-500G,3,3063,06-10-2025 08:45
ORD0034,90732002-1KG,3,2139,14-10-2025 08:45
ORD0034,90732003-200G,2,1496,12-10-2025 08:45
ORD0034,90732004-500ML,3,2727,22-09-2025 08:45
ORD0034,90732005-1L,1,1828,18-09-2025 08:45
ORD0035,90732006-250G,2,3114,16-10-2025 08:45
ORD0035,90732007-100G,2,684,20-09-2025 08:45
ORD0035,90732008-500G,3,1365,13-10-2025 08:45
ORD0035,90732009-200G,3,2292,15-10-2025 08:45
ORD0036,90732010-150G,1,797,30-09-2025 08:45
ORD0036,90732011-1KG,2,3508,30-09-2025 08:45
ORD0037,90732012-1KG,1,1157,19-09-2025 08:45
ORD0037,90732013-500G,3,954,24-09-2025 08:45
ORD0038,90732014-200G,3,5499,11-10-2025 08:45
ORD0038,90732015-750ML,2,784,17-10-2025 08:45
ORD0039,90732016-400G,2,2334,27-09-2025 08:45
ORD0039,90732017-200G,1,1658,29-09-2025 08:45
ORD0040,90732018-500G,1,1384,27-09-2025 08:45
ORD0040,90732019-250G,2,538,20-09-2025 08:45
ORD0040,90732020-300G,1,1182,04-10-2025 08:45
ORD0041,90732021-1KG,1,1283,26-09-2025 08:45
ORD0041,90732022-500G,1,281,24-09-2025 08:45
ORD0041,90732023-1L,3,2820,19-09-2025 08:45
ORD0042,90732024-500G,2,3114,30-09-2025 08:45
ORD0042,90732025-200G,2,1168,29-09-2025 08:45
ORD0043,90732026-1KG,2,514,10-10-2025 08:45
ORD0043,90732027-100G,2,3262,19-09-2025 08:45
ORD0044,90732028-500G,2,628,25-09-2025 08:45
ORD0044,90732029-750ML,2,2658,19-09-2025 08:45
ORD0044,90732030-500G,3,3063,23-09-2025 08:45
ORD0044,90732031-500G,3,1578,18-09-2025 08:45
ORD0045,90732032-200G,1,1899,25-09-2025 08:45
ORD0045,90732033-500ML,1,755,27-09-2025 08:45
ORD0045,90732034-100G,3,5166,18-09-2025 08:45
ORD0045,90732035-400G,3,3471,21-09-2025 08:45
ORD0046,90732036-500G,1,660,13-10-2025 08:45
ORD0046,90732037-250G,2,2364,25-09-2025 08:45
ORD0046,90732038-200G,3,1209,02-10-2025 08:45
ORD0047,90732039-750ML,1,1061,28-09-2025 08:45
ORD0047,90732040-300G,1,748,16-10-2025 08:45
ORD0048,90732041-1KG,3,5631,07-10-2025 08:45
ORD0048,90732042-500G,2,2484,29-09-2025 08:45
ORD0048,90732043-500G,3,3873,21-09-2025 08:45
ORD0048,90732044-200G,1,1819,06-10-2025 08:45
ORD0049,90732045-1L,3,3126,17-09-2025 08:45
ORD0049,90732046-200G,2,2334,27-09-2025 08:45
ORD0049,90732047-1KG,3,1176,12-10-2025 08:45
ORD0049,90732048-500G,3,4059,18-09-2025 08:45
ORD0050,90732049-250G,1,713,21-09-2025 08:45
ORD0050,90732050-300G,2,2660,06-10-2025 08:45
ORD0050,90733001-BLUE,1,230,03-10-2025 08:45
ORD0050,90733002-A4,3,3291,17-10-2025 08:45
ORD0051,90733003-SET,2,3904,11-10-2025 08:45
ORD0051,90733004-BLACK,1,953,02-10-2025 08:45
ORD0052,90733005-500,1,1743,23-09-2025 08:45
ORD0052,90733006-BLUE,1,314,01-10-2025 08:45
ORD0052,90733007-WHITE,1,624,18-09-2025 08:45
ORD0052,90733008-METAL,2,2692,01-10-2025 08:45
ORD0052,90733009-GLUE,2,1816,07-10-2025 08:45
ORD0053,90733010-RULER,1,1807,13-10-2025 08:45
ORD0053,90733011-BLUE,2,1656,26-09-2025 08:45
ORD0053,90733012-A4,1,713,18-09-2025 08:45
ORD0054,90733013-METAL,1,908,22-09-2025 08:45
ORD0054,90733014-WHITE,3,1242,02-10-2025 08:45
ORD0054,90733015-SET,3,2265,08-10-2025 08:45
ORD0054,90733016-A4,3,3381,27-09-2025 08:45
ORD0055,90733017-BLACK,3,2484,27-09-2025 08:45
ORD0055,90733018-METAL,2,1522,11-10-2025 08:45
ORD0055,90733019-SET,2,2314,04-10-2025 08:45
ORD0055,90733020-A4,2,2660,28-09-2025 08:45
ORD0056,90733021-BLACK,3,4593,21-09-2025 08:45
ORD0056,90733022-A4,1,742,14-10-2025 08:45
ORD0056,90733023-WHITE,2,2314,28-09-2025 08:45
ORD0056,90733024-BLUE,2,2140,16-10-2025 08:45
ORD0056,90733025-BLACK,1,964,17-10-2025 08:45
ORD0057,90733026-METAL,2,1528,29-09-2025 08:45
ORD0057,90733027-SET,2,2254,25-09-2025 08:45
ORD0058,90733028-BLUE,1,1391,10-10-2025 08:45
ORD0058,90733029-WHITE,1,1833,08-10-2025 08:45
ORD0058,90733030-BLUE,3,3210,02-10-2025 08:45
ORD0058,90733031-BLUE,2,622,07-10-2025 08:45
ORD0058,90733032-BLACK,2,2840,15-10-2025 08:45
ORD0059,90733033-SET,2,3276,17-09-2025 08:45
ORD0059,90733034-WHITE,3,933,22-09-2025 08:45
ORD0060,90733035-METAL,3,3624,07-10-2025 08:45
ORD0060,90733036-SET,1,763,30-09-2025 08:45
ORD0060,90733037-WHITE,3,2820,16-10-2025 08:45
ORD0060,90733038-BLUE,3,5499,14-10-2025 08:45
ORD0061,90733039-BLACK,1,782,24-09-2025 08:45
ORD0061,90733040-WHITE,1,1207,28-09-2025 08:45
ORD0061,90733041-BLUE,3,2934,10-10-2025 08:45
ORD0061,90733042-WHITE,1,629,21-09-2025 08:45
ORD0061,90733043-BLUE,3,2391,10-10-2025 08:45
ORD0062,90733044-METAL,2,3212,26-09-2025 08:45
ORD0062,90733045-SET,3,5358,01-10-2025 08:45
ORD0062,90733046-BLACK,1,577,30-09-2025 08:45
ORD0062,90733047-BLUE,1,1042,13-10-2025 08:45
ORD0063,90733048-WHITE,1,1964,29-09-2025 08:45
ORD0063,90733049-BLACK,2,2658,24-09-2025 08:45
ORD0063,90733050-SET,1,1289,29-09-2025 08:45
ORD0063,90734001-STEEL,1,928,01-10-2025 08:45
ORD0063,90734002-SET,1,1611,23-09-2025 08:45
ORD0064,90734003-STEEL,2,2254,01-10-2025 08:45
ORD0064,90734004-STEEL,1,1964,21-09-2025 08:45
ORD0064,90734005-STEEL,2,3508,08-10-2025 08:45
ORD0064,90734006-BLACK,1,1346,04-10-2025 08:45
ORD0064,90734007-SET,3,954,06-10-2025 08:45
ORD0065,90734008-STEEL,3,2784,25-09-2025 08:45
ORD0065,90734009-STEEL,2,3934,11-10-2025 08:45
ORD0066,90734010-BOX,3,1518,27-09-2025 08:45
ORD0066,90734011-STEEL,2,1604,02-10-2025 08:45
ORD0066,90734012-BLACK,1,764,10-10-2025 08:45
ORD0066,90734013-STEEL,2,398,11-10-2025 08:45
ORD0066,90734014-YELLOW,3,2103,11-10-2025 08:45
ORD0067,90734015-STEEL,2,3638,23-09-2025 08:45
ORD0067,90734016-STEEL,1,713,22-09-2025 08:45
ORD0067,90734017-STEEL,3,2859,17-09-2025 08:45
ORD0068,90734018-BLACK,1,1517,16-10-2025 08:45
ORD0068,90734019-STEEL,3,4125,04-10-2025 08:45
ORD0068,90734020-STEEL,1,1201,02-10-2025 08:45
ORD0068,90734021-STEEL,2,990,24-09-2025 08:45
ORD0068,90734022-STEEL,3,4671,16-10-2025 08:45
ORD0069,90734023-STEEL,1,1952,19-09-2025 08:45
ORD0069,90734024-STEEL,3,5268,13-10-2025 08:45
ORD0069,90734025-STEEL,3,5901,15-10-2025 08:45
ORD0069,90734026-STEEL,2,1402,22-09-2025 08:45
ORD0070,90734027-STEEL,3,771,17-10-2025 08:45
ORD0070,90734028-STEEL,3,5268,13-10-2025 08:45
ORD0070,90734029-STEEL,1,495,29-09-2025 08:45
ORD0071,90734030-STEEL,3,1080,04-10-2025 08:45
ORD0071,90734031-STEEL,2,1484,23-09-2025 08:45
ORD0071,90734032-STEEL,1,1893,03-10-2025 08:45
ORD0071,90734033-BLACK,3,2283,04-10-2025 08:45
ORD0071,90734034-STEEL,1,1204,09-10-2025 08:45
ORD0072,90734035-STEEL,3,3990,15-10-2025 08:45
ORD0072,90734036-BLUE,1,1914,18-09-2025 08:45
ORD0072,90734037-BLACK,1,1606,05-10-2025 08:45
ORD0072,90734038-STEEL,3,843,24-09-2025 08:45
ORD0073,90734039-STEEL,3,4152,29-09-2025 08:45
ORD0073,90734040-STEEL,1,1214,17-10-2025 08:45
ORD0073,90734041-STEEL,1,925,11-10-2025 08:45
ORD0074,90734042-STEEL,3,2115,22-09-2025 08:45
ORD0074,90734043-BLACK,3,5856,17-09-2025 08:45
ORD0074,90734044-STEEL,1,414,25-09-2025 08:45
ORD0075,90734045-STEEL,3,2727,06-10-2025 08:45
ORD0075,90734046-STEEL,2,1724,08-10-2025 08:45
ORD0075,90734047-STEEL,2,1484,28-09-2025 08:45
ORD0075,90734048-STEEL,1,1302,28-09-2025 08:45
ORD0075,90734049-STEEL,3,1416,13-10-2025 08:45
ORD0076,90734050-STEEL,1,1597,30-09-2025 08:45
ORD0076,SKU_LIP_001,2,2122,03-10-2025 08:45
ORD0076,SKU_EYE_001,1,963,30-09-2025 08:45
ORD0076,SKU_SKIN_001,2,3280,04-10-2025 08:45
ORD0076,SKU_FOUND_001,2,3034,17-09-2025 08:45
ORD0077,SKU_HAIR_001,2,1410,30-09-2025 08:45
ORD0077,SKU_LIP_002,3,4818,10-10-2025 08:45
ORD0077,SKU_EYE_002,2,910,11-10-2025 08:45
ORD0077,SKU_SKIN_002,1,651,22-09-2025 08:45
ORD0078,SKU_SKIN_003,3,4152,05-10-2025 08:45
ORD0078,SKU_FOUND_002,1,1233,01-10-2025 08:45
ORD0078,SKU_HAIR_002,2,1302,01-10-2025 08:45
ORD0078,SKU_HAIR_003,1,925,02-10-2025 08:45
ORD0078,SKU_SKIN_004,2,1562,22-09-2025 08:45
ORD0079,SKU_LIP_003,1,1070,01-10-2025 08:45
ORD0079,SKU_SKIN_005,1,1171,16-10-2025 08:45
ORD0079,SKU_EYE_003,2,2582,28-09-2025 08:45
ORD0080,SKU_SKIN_006,2,1850,05-10-2025 08:45
ORD0080,SKU_HAIR_004,3,738,11-10-2025 08:45
ORD0080,SKU_SKIN_007,3,4920,23-09-2025 08:45
ORD0080,SKU_EYE_004,2,1184,19-09-2025 08:45
ORD0081,SKU_NAIL_001,1,1037,02-10-2025 08:45
ORD0081,SKU_SKIN_008,3,1485,21-09-2025 08:45
ORD0081,SKU_LIP_004,1,1379,14-10-2025 08:45
ORD0081,SKU_SKIN_009,3,3348,05-10-2025 08:45
ORD0081,SKU_EYE_005,2,1262,08-10-2025 08:45
ORD0082,SKU_SKIN_010,1,414,07-10-2025 08:45
ORD0082,SKU_HAIR_005,1,1631,09-10-2025 08:45
ORD0082,SKU_SKIN_011,2,3904,02-10-2025 08:45
ORD0082,SKU_LIP_005,2,1902,18-09-2025 08:45
ORD0083,SKU_SKIN_012,2,622,29-09-2025 08:45
ORD0083,SKU_PERF_001,3,597,07-10-2025 08:45
ORD0084,SKU_SKIN_013,3,771,13-10-2025 08:45
ORD0084,SKU_EYE_006,3,3504,28-09-2025 08:45
ORD0084,SKU_SKIN_014,3,3624,07-10-2025 08:45
ORD0084,SKU_HAIR_006,2,684,23-09-2025 08:45
ORD0084,SKU_SKIN_015,1,940,06-10-2025 08:45
ORD0085,SKU_SKIN_016,2,1820,04-10-2025 08:45
ORD0085,SKU_NAIL_002,3,4596,19-09-2025 08:45
ORD0086,SKU_SKIN_017,1,1285,24-09-2025 08:45
ORD0086,SKU_SKIN_018,3,4833,08-10-2025 08:45
ORD0086,SKU_SKIN_019,2,3934,27-09-2025 08:45
ORD0086,SKU_SKIN_020,1,1182,02-10-2025 08:45
ORD0087,SKU_MAKE_001,2,3656,06-10-2025 08:45
ORD0087,SKU_SKIN_021,1,305,03-10-2025 08:45
ORD0087,SKU_HAIR_007,2,3222,28-09-2025 08:45
ORD0087,SKU_NAIL_003,2,3602,05-10-2025 08:45
ORD0087,SKU_SKIN_022,2,1604,25-09-2025 08:45
ORD0088,SKU_SKIN_023,1,1379,01-10-2025 08:45
ORD0088,SKU_MAKE_002,3,717,28-09-2025 08:45
ORD0088,SKU_HAIR_008,1,1967,05-10-2025 08:45
ORD0088,SKU_APP_TSHIRT_051,1,269,22-09-2025 08:45
ORD0089,SKU_APP_SHIRT_052,2,2408,12-10-2025 08:45
ORD0089,SKU_APP_JEANS_053,3,2820,16-10-2025 08:45
ORD0089,SKU_APP_KURTA_054,1,1182,05-10-2025 08:45
ORD0089,SKU_APP_DRESS_055,2,1850,23-09-2025 08:45
ORD0089,SKU_APP_HOODIE_056,1,638,27-09-2025 08:45
ORD0090,SKU_APP_LEGGINGS_057,3,5229,28-09-2025 08:45
ORD0090,SKU_APP_JACKET_058,1,1070,17-10-2025 08:45
ORD0090,SKU_APP_SAREE_059,3,954,12-10-2025 08:45
ORD0091,SKU_APP_SHORTS_060,2,3276,12-10-2025 08:45
ORD0091,SKU_APP_POLO_061,1,1208,02-10-2025 08:45
ORD0091,SKU_APP_CROPTOP_062,1,1204,16-10-2025 08:45
ORD0091,SKU_APP_CHINOS_063,3,1842,27-09-2025 08:45
ORD0091,SKU_APP_SKIRT_064,3,4551,17-09-2025 08:45
ORD0092,SKU_APP_SWEATER_065,1,1797,29-09-2025 08:45
ORD0092,SKU_APP_TANKTOP_066,1,212,23-09-2025 08:45
ORD0092,SKU_APP_TRACKPANT_067,1,1914,18-09-2025 08:45
ORD0092,SKU_APP_DUPATTA_068,1,1828,27-09-2025 08:45
ORD0093,SKU_APP_BLAZER_069,1,281,10-10-2025 08:45
ORD0093,SKU_APP_PALAZZO_070,3,4596,03-10-2025 08:45
ORD0093,SKU_APP_CARDIGAN_071,1,1531,14-10-2025 08:45
ORD0093,SKU_APP_JOGGER_072,1,764,08-10-2025 08:45
ORD0094,SKU_APP_BLOUSE_073,2,1496,11-10-2025 08:45
ORD0094,SKU_APP_OVERALLS_074,1,1531,13-10-2025 08:45
ORD0094,SKU_APP_PONCHO_075,1,802,21-09-2025 08:45
ORD0095,SKU_APP_WAISTCOAT_076,1,1415,30-09-2025 08:45
ORD0095,SKU_APP_SHRUG_077,1,1037,07-10-2025 08:45
ORD0095,SKU_APP_THERMAL_078,3,3183,27-09-2025 08:45
ORD0095,SKU_APP_ROMPER_079,1,1914,12-10-2025 08:45
ORD0095,SKU_APP_OVERCOAT_080,3,4551,24-09-2025 08:45
ORD0096,SKU_APP_VEST_081,2,3904,05-10-2025 08:45
ORD0096,SKU_APP_CAMISOLE_082,2,3214,05-10-2025 08:45
ORD0096,SKU_APP_CAPRI_083,1,1298,20-09-2025 08:45
ORD0096,SKU_APP_ANARKALI_084,3,1053,13-10-2025 08:45
ORD0097,SKU_APP_PETTICOAT_085,1,592,22-09-2025 08:45
ORD0097,SKU_APP_DHOTI_086,1,1019,24-09-2025 08:45
ORD0097,SKU_APP_LUNGI_087,3,5838,22-09-2025 08:45
ORD0097,SKU_APP_PARKA_088,3,3849,11-10-2025 08:45
ORD0098,SKU_APP_TUXEDO_089,3,5448,07-10-2025 08:45
ORD0098,SKU_APP_JUMPSUIT_090,2,3114,30-09-2025 08:45
ORD0099,SKU_APP_PULLOVER_091,2,2630,09-10-2025 08:45
ORD0099,SKU_APP_BURKHA_092,2,2690,18-09-2025 08:45
ORD0099,SKU_APP_RAINCOAT_093,2,1902,18-09-2025 08:45
ORD0099,SKU_APP_BODYSUIT_094,3,3504,01-10-2025 08:45
ORD0100,SKU_APP_NIGHTSUIT_095,1,928,02-10-2025 08:45
ORD0100,SKU_APP_BATHROBE_096,3,5346,01-10-2025 08:45
ORD0100,SKU_APP_HENLEY_097,1,419,23-09-2025 08:45
ORD0101,SKU_APP_KAFTAN_098,2,726,21-09-2025 08:45
ORD0101,SKU_APP_GOWN_099,2,1564,24-09-2025 08:45
ORD0101,SKU_APP_WORKPANT_100,2,1368,07-10-2025 08:45
ORD0102,SKU_ELEC_PHONE_101,3,3867,19-09-2025 08:45
ORD0102,SKU_ELEC_LAPTOP_102,1,1346,27-09-2025 08:45
ORD0102,SKU_ELEC_EARBUDS_103,1,1739,15-10-2025 08:45
ORD0102,SKU_ELEC_TV_104,3,4914,22-09-2025 08:45
ORD0102,SKU_ELEC_SMARTWATCH_105,1,1168,17-10-2025 08:45
ORD0103,SKU_ELEC_CAMERA_106,3,2244,17-10-2025 08:45
ORD0103,SKU_ELEC_SPEAKER_107,1,1658,12-10-2025 08:45
ORD0104,SKU_ELEC_TABLET_108,1,1944,13-10-2025 08:45
ORD0104,SKU_ELEC_ROUTER_109,3,4377,14-10-2025 08:45
ORD0105,SKU_ELEC_POWERBANK_110,2,3114,20-09-2025 08:45
ORD0105,SKU_ELEC_KEYBOARD_111,2,1154,15-10-2025 08:45
ORD0105,SKU_ELEC_MOUSE_112,2,2024,21-09-2025 08:45
ORD0106,SKU_ELEC_MONITOR_113,2,2408,06-10-2025 08:45
ORD0106,SKU_ELEC_PRINTER_114,1,212,13-10-2025 08:45
ORD0106,SKU_ELEC_HARDDRIVE_115,1,1298,21-09-2025 08:45
ORD0106,SKU_ELEC_SSD_116,2,3444,30-09-2025 08:45
ORD0106,SKU_ELEC_DRONE_117,1,1346,29-09-2025 08:45
ORD0107,SKU_ELEC_CONSOLE_118,3,5388,30-09-2025 08:45
ORD0107,SKU_ELEC_VR_119,2,2336,13-10-2025 08:45
ORD0107,SKU_ELEC_PROJECTOR_120,2,2042,22-09-2025 08:45
ORD0107,SKU_ELEC_CABLE_121,1,1762,25-09-2025 08:45
ORD0108,SKU_ELEC_HEADPHONE_122,1,1952,12-10-2025 08:45
ORD0108,SKU_ELEC_MIC_123,2,3214,25-09-2025 08:45
ORD0108,SKU_ELEC_CONTROLLER_124,1,828,30-09-2025 08:45
ORD0108,SKU_ELEC_DASHCAM_125,2,460,17-09-2025 08:45
ORD0109,SKU_ELEC_TRIPOD_126,1,651,12-10-2025 08:45
ORD0109,SKU_ELEC_FLASH_127,2,3034,21-09-2025 08:45
ORD0109,SKU_ELEC_SMARTBULB_128,1,363,10-10-2025 08:45
ORD0109,SKU_ELEC_SMARTPLUG_129,2,1902,15-10-2025 08:45
ORD0109,SKU_ELEC_AIRPURIFIER_130,1,1116,30-09-2025 08:45
ORD0110,SKU_ELEC_KINDLE_131,1,951,08-10-2025 08:45
ORD0110,SKU_ELEC_DRAWINGTAB_132,3,5901,25-09-2025 08:45
ORD0110,SKU_ELEC_WEBCAM_133,1,533,05-10-2025 08:45
ORD0111,SKU_ELEC_LENS_134,1,1242,16-10-2025 08:45
ORD0111,SKU_ELEC_GIMBAL_135,1,1310,17-10-2025 08:45
ORD0111,SKU_ELEC_SOUNDBAR_136,1,414,20-09-2025 08:45
ORD0111,SKU_ELEC_DOORBELL_137,2,460,10-10-2025 08:45
ORD0111,SKU_ELEC_THERMOSTAT_138,2,2428,17-09-2025 08:45
ORD0112,SKU_ELEC_KETTLE_139,2,1258,19-09-2025 08:45
ORD0112,SKU_ELEC_BLENDER_140,2,514,20-09-2025 08:45
ORD0112,SKU_ELEC_SMARTLOCK_141,2,2364,19-09-2025 08:45
ORD0112,SKU_ELEC_ACTIONCAM_142,3,3867,26-09-2025 08:45
ORD0113,SKU_ELEC_PORTABLESSD_143,1,1531,24-09-2025 08:45
ORD0113,SKU_ELEC_STREAMSTICK_144,3,1179,28-09-2025 08:45
ORD0113,SKU_ELEC_SMARTSCALE_145,3,1089,23-09-2025 08:45
ORD0113,SKU_ELEC_BABYMONITOR_146,3,1914,21-09-2025 08:45
ORD0113,SKU_ELEC_CLICKER_147,3,2115,13-10-2025 08:45
ORD0114,SKU_ELEC_DIGITALFRAME_148,2,3064,12-10-2025 08:45
ORD0114,SKU_ELEC_GAMINGCHAIR_149,2,800,07-10-2025 08:45
ORD0114,SKU_ELEC_DESKFAN_150,2,2194,17-09-2025 08:45
ORD0115,SKU_JEW_RING_151,3,2346,26-09-2025 08:45
ORD0115,SKU_JEW_NECKLACE_152,2,828,29-09-2025 08:45
ORD0115,SKU_JEW_EARRING_153,2,3666,20-09-2025 08:45
ORD0115,SKU_JEW_BRACELET_154,2,3064,06-10-2025 08:45
ORD0115,SKU_JEW_ANKLET_155,2,720,13-10-2025 08:45
ORD0116,SKU_JEW_WATCH_156,1,1597,14-10-2025 08:45
ORD0116,SKU_JEW_SUNGLASSES_157,1,1863,23-09-2025 08:45
ORD0116,SKU_JEW_HANDBAG_158,1,584,07-10-2025 08:45
ORD0116,SKU_JEW_BELT_159,1,1204,09-10-2025 08:45
ORD0117,SKU_JEW_WALLET_160,3,5484,21-09-2025 08:45
ORD0117,SKU_JEW_HAT_161,2,726,22-09-2025 08:45
ORD0117,SKU_JEW_SCARF_162,3,1587,27-09-2025 08:45
ORD0117,SKU_JEW_BROOCH_163,1,361,11-10-2025 08:45
ORD0118,SKU_JEW_CHAIN_164,2,3904,20-09-2025 08:45
ORD0118,SKU_JEW_TOERING_165,1,761,28-09-2025 08:45
ORD0118,SKU_JEW_BACKPACK_166,1,1061,27-09-2025 08:45
ORD0118,SKU_JEW_HAIRPIN_167,2,790,11-10-2025 08:45
ORD0118,SKU_JEW_CUFFLINK_168,2,3602,01-10-2025 08:45
ORD0119,SKU_JEW_KEYCHAIN_169,2,562,05-10-2025 08:45
ORD0119,SKU_JEW_DUFFEL_170,2,3808,14-10-2025 08:45
ORD0119,SKU_JEW_PENDANT_171,1,495,29-09-2025 08:45
ORD0119,SKU_JEW_LOCKET_172,3,4818,26-09-2025 08:45
ORD0120,SKU_JEW_NOSEPIN_173,1,774,01-10-2025 08:45
ORD0120,SKU_JEW_BANGLES_174,2,1258,18-09-2025 08:45
ORD0120,SKU_JEW_TIARA_175,3,4671,23-09-2025 08:45
ORD0121,SKU_JEW_HAIRBAND_176,2,538,05-10-2025 08:45
ORD0121,SKU_JEW_HAIRCLIP_177,1,1291,13-10-2025 08:45
ORD0121,SKU_JEW_CARDHOLDER_178,1,940,02-10-2025 08:45
ORD0121,SKU_JEW_LUGGAGETAG_179,1,1315,22-09-2025 08:45
ORD0122,SKU_JEW_TRAVELWALLET_180,2,2706,25-09-2025 08:45
ORD0122,SKU_JEW_LAPELPIN_181,2,1820,24-09-2025 08:45
ORD0122,SKU_JEW_TIECLIP_182,3,5166,21-09-2025 08:45
ORD0122,SKU_JEW_ARMLET_183,3,2346,09-10-2025 08:45
ORD0123,SKU_JEW_WAISTCHAIN_184,2,2084,14-10-2025 08:45
ORD0123,SKU_JEW_SCRUNCHIE_185,2,1956,01-10-2025 08:45
ORD0123,SKU_JEW_POTLIBAG_186,2,3212,28-09-2025 08:45
ORD0123,SKU_JEW_SUNGLASSCHAIN_187,1,953,17-10-2025 08:45
ORD0123,SKU_JEW_JEWELBOX_188,2,2458,07-10-2025 08:45
ORD0124,SKU_JEW_WATCHSTRAP_189,2,2416,12-10-2025 08:45
ORD0124,SKU_JEW_BEADBRACELET_190,2,2830,15-10-2025 08:45
ORD0124,SKU_JEW_GEMRING_191,1,1819,24-09-2025 08:45
ORD0124,SKU_JEW_JEWELROLL_192,3,5358,04-10-2025 08:45
ORD0125,SKU_JEW_CHARMKEY_193,3,4038,25-09-2025 08:45
ORD0125,SKU_JEW_BROOCHSET_194,2,1522,08-10-2025 08:45
ORD0125,SKU_JEW_WAISTBELT_195,2,722,08-10-2025 08:45
ORD0126,SKU_JEW_SOCKS_196,3,3381,12-10-2025 08:45
ORD0126,SKU_JEW_GLOVES_197,3,3150,25-09-2025 08:45
ORD0126,SKU_JEW_UMBRELLA_198,3,2934,26-09-2025 08:45
ORD0126,SKU_JEW_PHONECHARM_199,3,3366,17-10-2025 08:45
ORD0126,SKU_JEW_COINPURSE_200,2,2596,29-09-2025 08:45
ORD0127,SKU_PHA_PARACETAMOL_001,2,2458,29-09-2025 08:45
ORD0127,SKU_PHA_IBUPROFEN_002,3,3624,13-10-2025 08:45
ORD0128,SKU_PHA_ANTACID_003,3,5229,09-10-2025 08:45
ORD0128,SKU_PHA_COUGH_004,3,4137,02-10-2025 08:45
ORD0128,SKU_PHA_VITC_005,2,726,22-09-2025 08:45
ORD0129,SKU_PHA_MULTIVIT_006,3,1833,13-10-2025 08:45
ORD0129,SKU_PHA_BANDAGE_007,1,1819,19-09-2025 08:45
ORD0130,SKU_PHA_SANITIZER_008,2,2342,18-09-2025 08:45
ORD0130,SKU_PHA_THERMOMETER_009,2,2042,20-09-2025 08:45
ORD0130,SKU_PHA_GLUCOSE_010,1,1762,29-09-2025 08:45
ORD0130,SKU_PHA_B12_011,3,954,20-09-2025 08:45
ORD0131,SKU_PHA_DIGENE_012,3,1242,25-09-2025 08:45
ORD0131,SKU_PHA_VITD_013,3,3504,17-10-2025 08:45
ORD0131,SKU_PHA_GASRELIEF_014,1,1785,10-10-2025 08:45
ORD0131,SKU_PHA_ANTIFUNGAL_015,3,5844,25-09-2025 08:45
ORD0132,SKU_PHA_ANTIBIOTIC_016,1,1574,18-09-2025 08:45
ORD0132,SKU_PHA_ALLERGY_017,1,611,01-10-2025 08:45
ORD0132,SKU_PHA_BETADINE_018,3,690,28-09-2025 08:45
ORD0132,SKU_PHA_INSULIN_019,3,5262,28-09-2025 08:45
ORD0132,SKU_PHA_VITAMINC_020,3,807,21-09-2025 08:45
ORD0133,SKU_PHA_CALCIUM_021,1,611,10-10-2025 08:45
ORD0133,SKU_PHA_IRON_022,3,3687,03-10-2025 08:45
ORD0134,SKU_PHA_ZINC_023,1,1459,17-09-2025 08:45
ORD0134,SKU_PHA_ORAL_024,3,4173,25-09-2025 08:45
ORD0134,SKU_PHA_LOZENGE_025,3,819,16-10-2025 08:45
ORD0134,SKU_PHA_ELECTROLYTE_026,1,802,02-10-2025 08:45
ORD0134,SKU_PHA_INHALER_027,2,2658,01-10-2025 08:45
ORD0135,SKU_PHA_OINTMENT_028,3,3150,28-09-2025 08:45
ORD0135,SKU_PHA_GLUCOMETER_029,1,802,20-09-2025 08:45
ORD0136,SKU_PHA_BP_030,3,1737,07-10-2025 08:45
ORD0136,SKU_PHA_PAINSPRAY_031,3,1752,16-10-2025 08:45
ORD0137,SKU_PHA_COOLGEL_032,3,2205,29-09-2025 08:45
ORD0137,SKU_PHA_COLDTAB_033,2,590,30-09-2025 08:45
ORD0137,SKU_PHA_DIGESTIVE_034,3,771,04-10-2025 08:45
ORD0137,SKU_PHA_PROBIOTIC_035,1,940,06-10-2025 08:45
ORD0137,SKU_PHA_CALAMINE_036,2,2194,10-10-2025 08:45
ORD0138,SKU_PHA_LIVER_037,3,1209,17-10-2025 08:45
ORD0138,SKU_PHA_STEAM_038,2,1012,03-10-2025 08:45
ORD0138,SKU_PHA_MASK_039,2,1816,05-10-2025 08:45
ORD0139,SKU_PHA_VAPORUB_040,3,2694,13-10-2025 08:45
ORD0139,SKU_PHA_PROTEIN_041,3,1257,14-10-2025 08:45
ORD0139,SKU_PHA_VITAMINK2_042,3,2727,02-10-2025 08:45
ORD0139,SKU_PHA_MAGNESIUM_043,2,2806,07-10-2025 08:45
ORD0140,SKU_PHA_PROTEINBAR_044,2,1796,11-10-2025 08:45
ORD0140,SKU_PHA_COLLAGEN_045,2,3754,06-10-2025 08:45
ORD0140,SKU_PHA_BANDAGEKIT_046,3,5697,01-10-2025 08:45
ORD0140,SKU_PHA_HEATINGPAD_047,2,2620,10-10-2025 08:45
ORD0140,SKU_PHA_PULSE_048,3,4038,21-09-2025 08:45
ORD0141,SKU_PHA_MASSAGER_049,2,1368,06-10-2025 08:45
ORD0141,SKU_PHA_STRETCH_050,2,726,12-10-2025 08:45
ORD0141,62316095,3,3867,16-10-2025 08:45
ORD0141,1982137274,1,1310,09-10-2025 08:45
ORD0142,059035342X,3,2853,18-09-2025 08:45
ORD0142,307474275,2,918,27-09-2025 08:45
ORD0142,140449132,3,1578,26-09-2025 08:45
ORD0143,61120081,2,828,13-10-2025 08:45
ORD0143,553386794,1,713,23-09-2025 08:45
ORD0144,544003411,1,1948,01-10-2025 08:45
ORD0144,62316117,2,3594,26-09-2025 08:45
ORD0145,143127748,1,1171,07-10-2025 08:45
ORD0145,1594634025,2,3444,27-09-2025 08:45
ORD0145,038549081X,2,2798,15-10-2025 08:45
ORD0146,62457713,2,492,12-10-2025 08:45
ORD0146,142437239,1,526,13-10-2025 08:45
ORD0147,030788744X,2,1470,20-09-2025 08:45
ORD0147,62315005,1,774,10-10-2025 08:45
ORD0148,596007120,3,1587,06-10-2025 08:45
ORD0148,262033844,3,3063,17-10-2025 08:45
ORD0148,132350882,3,690,24-09-2025 08:45
ORD0149,735211299,2,3486,24-09-2025 08:45
ORD0149,385472579,3,5448,11-10-2025 08:45
ORD0149,60850523,2,1656,25-09-2025 08:45
ORD0149,143039954,3,1833,11-10-2025 08:45
ORD0149,1501128035,2,398,24-09-2025 08:45
ORD0150,525559477,2,2074,04-10-2025 08:45
ORD0150,804139296,2,2042,16-10-2025 08:45
ORD0150,66620996,2,3592,04-10-2025 08:45
ORD0150,006245773X,3,3642,05-10-2025 08:45
ORD0150,451524934,3,4197,06-10-2025 08:45
ORD0151,316769487,2,2604,11-10-2025 08:45
ORD0151,671027034,3,3855,07-10-2025 08:45
ORD0151,1982157283,2,2806,30-09-2025 08:45
ORD0151,593230256,3,3348,17-09-2025 08:45
ORD0151,345803485,1,318,27-09-2025 08:45
ORD0152,081298160X,1,1517,09-10-2025 08:45
ORD0152,590353403,1,684,15-10-2025 08:45
ORD0152,143110438,3,3501,02-10-2025 08:45
ORD0152,307465357,1,940,24-09-2025 08:45
ORD0152,140283331,1,1379,19-09-2025 08:45
ORD0153,62315008,2,1058,09-10-2025 08:45
ORD0153,307346617,3,687,21-09-2025 08:45
ORD0154,61992275,2,622,17-10-2025 08:45
ORD0154,006256577X,2,2620,13-10-2025 08:45
ORD0154,1250316774,2,3570,29-09-2025 08:45
ORD0154,62457715,3,597,13-10-2025 08:45
ORD0155,307277674,2,1562,25-09-2025 08:45
ORD0155,385484518,1,1964,07-10-2025 08:45
ORD0155,1501173219,1,910,08-10-2025 08:45
ORD0156,143130722,3,4551,15-10-2025 08:45
ORD0156,399590501,2,3194,17-09-2025 08:45
ORD0156,62316112,3,4377,12-10-2025 08:45
ORD0156,307719227,1,1329,26-09-2025 08:45
ORD0157,143127550,2,2414,06-10-2025 08:45
ORD0157,62315009,3,1083,08-10-2025 08:45
ORD0157,143126562,2,838,25-09-2025 08:45
ORD0157,62316113,1,1289,14-10-2025 08:45
ORD0157,307463740,2,3632,19-09-2025 08:45
ORD0158,62871337,3,3621,14-10-2025 08:45
ORD0158,307273601,3,1080,30-09-2025 08:45
ORD0158,1501161933,2,458,08-10-2025 08:45
ORD0159,140280197,2,492,20-09-2025 08:45
ORD0159,1455586691,2,2364,08-10-2025 08:45
ORD0159,62316107,3,4425,05-10-2025 08:45
ORD0159,90711001-BEIGE,1,1517,08-10-2025 08:45
ORD0159,90711002-WHITE,2,2570,03-10-2025 08:45
ORD0160,90711003-BLACK,3,2727,17-10-2025 08:45
ORD0160,90711004-GREEN,2,910,12-10-2025 08:45
ORD0160,90711005-OAK,1,311,17-09-2025 08:45
ORD0160,90711006-BLUE,2,1926,03-10-2025 08:45
ORD0160,90711007-GRAY,2,3934,05-10-2025 08:45
ORD0161,90711008-WHITE,2,1222,13-10-2025 08:45
ORD0161,90721001-BLACK,3,1200,29-09-2025 08:45
ORD0161,90721002-WHITE,2,1526,09-10-2025 08:45
ORD0161,90721003-BEIGE,3,3063,24-09-2025 08:45
ORD0161,90721004-GREEN,1,1167,05-10-2025 08:45
ORD0162,90721005-WOOD,3,1752,18-09-2025 08:45
ORD0162,90721006-BLUE,2,478,07-10-2025 08:45
ORD0162,90721007-WHITE,3,3471,16-10-2025 08:45
ORD0162,90721008-GRAY,3,4377,29-09-2025 08:45
ORD0163,90721009-BLACK,2,636,09-10-2025 08:45
ORD0163,90721010-WOOD,2,2692,14-10-2025 08:45
ORD0163,90731001-WHITE,1,592,09-10-2025 08:45
ORD0163,90731002-GRAY,2,3904,16-10-2025 08:45
ORD0163,90731003-BLACK,3,3501,08-10-2025 08:45
ORD0164,90731004-BEIGE,2,936,08-10-2025 08:45
ORD0164,90731005-WOOD,3,1179,09-10-2025 08:45
ORD0164,90731006-BLUE,3,5499,15-10-2025 08:45
ORD0164,90731007-WHITE,3,1209,05-10-2025 08:45
ORD0164,90731008-GREEN,3,2934,08-10-2025 08:45
ORD0165,90731009-GRAY,2,784,17-10-2025 08:45
ORD0165,90731010-BLACK,1,403,17-10-2025 08:45
ORD0165,90731011-WHITE,3,2292,13-10-2025 08:45
ORD0165,90731012-BLACK,3,5448,11-10-2025 08:45
ORD0166,90731013-GREEN,1,651,28-09-2025 08:45
ORD0166,90731014-WOOD,1,239,17-10-2025 08:45
ORD0166,90731015-GRAY,1,1345,30-09-2025 08:45
ORD0167,90731016-WHITE,2,2398,12-10-2025 08:45
ORD0167,90731017-BLACK,1,212,05-10-2025 08:45
ORD0167,90731018-BEIGE,2,1320,09-10-2025 08:45
ORD0167,90731019-WHITE,2,1154,21-09-2025 08:45
ORD0168,90731020-BLUE,3,636,19-09-2025 08:45
ORD0168,90731021-WHITE,1,1214,02-10-2025 08:45
ORD0168,90731022-GRAY,1,1315,15-10-2025 08:45
ORD0168,90731023-BLACK,2,3276,21-09-2025 08:45
ORD0168,90731024-WOOD,2,2232,03-10-2025 08:45
ORD0169,90731025-BLUE,3,3873,29-09-2025 08:45
ORD0169,90731026-GREEN,2,1818,13-10-2025 08:45
ORD0169,90731027-BLACK,2,860,20-09-2025 08:45
ORD0169,90731028-WHITE,1,1754,26-09-2025 08:45
ORD0170,90731029-GRAY,1,1557,25-09-2025 08:45
ORD0170,90731030-BEIGE,2,2100,11-10-2025 08:45
ORD0170,90731031-WHITE,2,828,23-09-2025 08:45
ORD0171,90731032-BLACK,1,400,09-10-2025 08:45
ORD0171,90731033-GREEN,2,2244,16-10-2025 08:45
ORD0171,90732001-500G,2,1562,01-10-2025 08:45
ORD0171,90732002-1KG,3,3699,15-10-2025 08:45
ORD0172,90732003-200G,1,1021,04-10-2025 08:45
ORD0172,90732004-500ML,2,812,13-10-2025 08:45
ORD0172,90732005-1L,2,2570,13-10-2025 08:45
ORD0172,90732006-250G,2,2458,14-10-2025 08:45
ORD0173,90732007-100G,3,3057,18-09-2025 08:45
ORD0173,90732008-500G,2,3564,05-10-2025 08:45
ORD0174,90732009-200G,3,636,23-09-2025 08:45
ORD0174,90732010-150G,2,424,24-09-2025 08:45
ORD0174,90732011-1KG,3,3792,20-09-2025 08:45
ORD0174,90732012-1KG,2,3656,06-10-2025 08:45
ORD0174,90732013-500G,3,2322,14-10-2025 08:45
ORD0175,90732014-200G,2,684,30-09-2025 08:45
ORD0175,90732015-750ML,1,1786,29-09-2025 08:45
ORD0176,90732016-400G,2,2766,06-10-2025 08:45
ORD0176,90732017-200G,2,786,08-10-2025 08:45
ORD0176,90732018-500G,3,3063,23-09-2025 08:45
ORD0177,90732019-250G,1,1167,01-10-2025 08:45
ORD0177,90732020-300G,3,2142,05-10-2025 08:45
ORD0178,90732021-1KG,2,3798,07-10-2025 08:45
ORD0178,90732022-500G,2,2690,16-10-2025 08:45
ORD0179,90732023-1L,2,936,08-10-2025 08:45
ORD0179,90732024-500G,3,3792,11-10-2025 08:45
ORD0180,90732025-200G,3,2775,23-09-2025 08:45
ORD0180,90732026-1KG,1,1115,11-10-2025 08:45
ORD0181,90732027-100G,3,933,17-09-2025 08:45
ORD0181,90732028-500G,3,3345,17-09-2025 08:45
ORD0181,90732029-750ML,2,3276,04-10-2025 08:45
ORD0181,90732030-500G,3,2292,19-09-2025 08:45
ORD0182,90732031-500G,2,2768,17-10-2025 08:45
ORD0182,90732032-200G,1,314,11-10-2025 08:45
ORD0182,90732033-500ML,2,2428,22-09-2025 08:45
ORD0182,90732034-100G,1,828,26-09-2025 08:45
ORD0182,90732035-400G,3,3612,18-09-2025 08:45
ORD0183,90732036-500G,2,2466,19-09-2025 08:45
ORD0183,90732037-250G,2,1564,30-09-2025 08:45
ORD0183,90732038-200G,3,2892,21-09-2025 08:45
ORD0183,90732039-750ML,1,419,20-09-2025 08:45
ORD0184,90732040-300G,3,2694,02-10-2025 08:45
ORD0184,90732041-1KG,2,2596,09-10-2025 08:45
ORD0184,90732042-500G,3,3264,09-10-2025 08:45
ORD0184,90732043-500G,1,363,12-10-2025 08:45
ORD0184,90732044-200G,2,3808,13-10-2025 08:45
ORD0185,90732045-1L,1,230,16-10-2025 08:45
ORD0185,90732046-200G,3,3990,07-10-2025 08:45
ORD0185,90732047-1KG,2,2364,21-09-2025 08:45
ORD0185,90732048-500G,3,3930,09-10-2025 08:45
ORD0185,90732049-250G,2,2416,27-09-2025 08:45
ORD0186,90732050-300G,1,748,09-10-2025 08:45
ORD0186,90733001-BLUE,3,2346,25-09-2025 08:45
ORD0186,90733002-A4,3,4893,14-10-2025 08:45
ORD0186,90733003-SET,3,1599,29-09-2025 08:45
ORD0187,90733004-BLACK,3,3546,07-10-2025 08:45
ORD0187,90733005-500,1,1785,09-10-2025 08:45
ORD0187,90733006-BLUE,1,1346,14-10-2025 08:45
ORD0188,90733007-WHITE,2,2314,16-10-2025 08:45
ORD0188,90733008-METAL,2,2414,29-09-2025 08:45
ORD0188,90733009-GLUE,2,3486,29-09-2025 08:45
ORD0189,90733010-RULER,1,1302,22-09-2025 08:45
ORD0189,90733011-BLUE,2,3586,11-10-2025 08:45
ORD0189,90733012-A4,2,2176,15-10-2025 08:45
ORD0190,90733013-METAL,3,1053,29-09-2025 08:45
ORD0190,90733014-WHITE,2,3594,03-10-2025 08:45
ORD0190,90733015-SET,2,1956,16-10-2025 08:45
ORD0191,90733016-A4,1,1291,22-09-2025 08:45
ORD0191,90733017-BLACK,3,5391,21-09-2025 08:45
ORD0191,90733018-METAL,2,1594,14-10-2025 08:45
ORD0191,90733019-SET,2,2336,29-09-2025 08:45
ORD0192,90733020-A4,2,790,04-10-2025 08:45
ORD0192,90733021-BLACK,1,495,26-09-2025 08:45
ORD0193,90733022-A4,3,3210,19-09-2025 08:45
ORD0193,90733023-WHITE,1,977,28-09-2025 08:45
ORD0194,90733024-BLUE,1,1849,07-10-2025 08:45
ORD0194,90733025-BLACK,3,2205,02-10-2025 08:45
ORD0195,90733026-METAL,3,636,24-09-2025 08:45
ORD0195,90733027-SET,1,1021,29-09-2025 08:45
ORD0195,90733028-BLUE,1,1403,21-09-2025 08:45
ORD0196,90733029-WHITE,2,944,20-09-2025 08:45
ORD0196,90733030-BLUE,1,1264,06-10-2025 08:45
ORD0196,90733031-BLUE,2,726,28-09-2025 08:45
ORD0196,90733032-BLACK,1,951,04-10-2025 08:45
ORD0196,90733033-SET,2,2232,02-10-2025 08:45
ORD0197,90733034-WHITE,2,3570,02-10-2025 08:45
ORD0197,90733035-METAL,2,1928,15-10-2025 08:45
ORD0197,90733036-SET,1,400,25-09-2025 08:45
ORD0197,90733037-WHITE,3,3873,27-09-2025 08:45
ORD0198,90733038-BLUE,3,5346,18-09-2025 08:45
ORD0198,90733039-BLACK,2,2918,18-09-2025 08:45
ORD0199,90733040-WHITE,3,3471,23-09-2025 08:45
ORD0199,90733041-BLUE,2,936,03-10-2025 08:45
ORD0200,90733042-WHITE,1,1229,28-09-2025 08:45
ORD0200,90733043-BLUE,3,4059,18-09-2025 08:45
ORD0200,90733044-METAL,2,918,04-10-2025 08:45
ORD0200,90733045-SET,1,1399,28-09-2025 08:45
ORD0200,90733046-BLACK,2,1470,27-09-2025 08:45
ORD0201,90733047-BLUE,2,1902,03-10-2025 08:45
ORD0201,90733048-WHITE,1,742,26-09-2025 08:45
ORD0201,90733049-BLACK,3,5421,11-10-2025 08:45
ORD0201,90733050-SET,3,5268,03-10-2025 08:45
ORD0201,90734001-STEEL,3,807,05-10-2025 08:45
ORD0202,90734002-SET,1,774,13-10-2025 08:45
ORD0202,90734003-STEEL,3,3894,23-09-2025 08:45
ORD0203,90734004-STEEL,3,5742,30-09-2025 08:45
ORD0203,90734005-STEEL,2,808,10-10-2025 08:45
ORD0204,90734006-BLACK,1,614,17-09-2025 08:45
ORD0204,90734007-SET,2,790,10-10-2025 08:45
ORD0204,90734008-STEEL,1,1819,21-09-2025 08:45
ORD0204,90734009-STEEL,1,951,13-10-2025 08:45
ORD0205,90734010-BOX,1,311,04-10-2025 08:45
ORD0205,90734011-STEEL,2,1956,28-09-2025 08:45
ORD0205,90734012-BLACK,1,940,26-09-2025 08:45
ORD0205,90734013-STEEL,1,763,27-09-2025 08:45
ORD0206,90734014-YELLOW,2,850,12-10-2025 08:45
ORD0206,90734015-STEEL,3,3036,13-10-2025 08:45
ORD0206,90734016-STEEL,1,802,24-09-2025 08:45
ORD0206,90734017-STEEL,2,3064,08-10-2025 08:45
ORD0206,90734018-BLACK,1,951,27-09-2025 08:45
ORD0207,90734019-STEEL,1,1786,26-09-2025 08:45
ORD0207,90734020-STEEL,1,1353,30-09-2025 08:45
ORD0208,90734021-STEEL,1,964,10-10-2025 08:45
ORD0208,90734022-STEEL,2,3592,12-10-2025 08:45
ORD0209,90734023-STEEL,3,5391,14-10-2025 08:45
ORD0209,90734024-STEEL,3,954,17-09-2025 08:45
ORD0210,90734025-STEEL,1,660,20-09-2025 08:45
ORD0210,90734026-STEEL,1,1796,30-09-2025 08:45
ORD0210,90734027-STEEL,1,1828,25-09-2025 08:45
ORD0211,90734028-STEEL,2,3062,12-10-2025 08:45
ORD0211,90734029-STEEL,3,3150,08-10-2025 08:45
ORD0211,90734030-STEEL,1,909,02-10-2025 08:45
ORD0212,90734031-STEEL,3,2322,25-09-2025 08:45
ORD0212,90734032-STEEL,1,311,16-10-2025 08:45
ORD0212,90734033-BLACK,1,1375,23-09-2025 08:45
ORD0212,90734034-STEEL,1,1302,29-09-2025 08:45
ORD0213,90734035-STEEL,2,2466,30-09-2025 08:45
ORD0213,90734036-BLUE,3,4125,13-10-2025 08:45
ORD0214,90734037-BLACK,2,990,25-09-2025 08:45
ORD0214,90734038-STEEL,2,1426,08-10-2025 08:45
ORD0215,90734039-STEEL,1,614,17-10-2025 08:45
ORD0215,90734040-STEEL,2,3564,14-10-2025 08:45
ORD0215,90734041-STEEL,1,1459,24-09-2025 08:45
ORD0216,90734042-STEEL,1,1952,17-10-2025 08:45
ORD0216,90734043-BLACK,2,2798,21-09-2025 08:45
ORD0216,90734044-STEEL,2,1052,02-10-2025 08:45
ORD0216,90734045-STEEL,2,2566,06-10-2025 08:45
ORD0217,90734046-STEEL,1,199,06-10-2025 08:45
ORD0217,90734047-STEEL,3,1083,07-10-2025 08:45
ORD0217,90734048-STEEL,3,4893,07-10-2025 08:45
ORD0217,90734049-STEEL,3,2226,05-10-2025 08:45
ORD0218,90734050-STEEL,3,3603,26-09-2025 08:45
ORD0218,SKU_LIP_001,3,4173,22-09-2025 08:45
ORD0218,SKU_EYE_001,1,1021,20-09-2025 08:45
ORD0218,SKU_SKIN_001,2,3444,03-10-2025 08:45
ORD0218,SKU_FOUND_001,2,3554,22-09-2025 08:45
ORD0219,SKU_HAIR_001,3,3894,10-10-2025 08:45
ORD0219,SKU_LIP_002,1,1597,14-10-2025 08:45
ORD0219,SKU_EYE_002,3,3366,30-09-2025 08:45
ORD0219,SKU_SKIN_002,1,1517,05-10-2025 08:45
ORD0219,SKU_SKIN_003,3,1218,07-10-2025 08:45
ORD0220,SKU_FOUND_002,2,2458,30-09-2025 08:45
ORD0220,SKU_HAIR_002,1,1264,08-10-2025 08:45
ORD0220,SKU_HAIR_003,3,3930,16-10-2025 08:45
ORD0221,SKU_SKIN_004,2,3148,13-10-2025 08:45
ORD0221,SKU_LIP_003,1,1168,19-09-2025 08:45
ORD0222,SKU_SKIN_005,3,5838,07-10-2025 08:45
ORD0222,SKU_EYE_003,1,1368,03-10-2025 08:45
ORD0222,SKU_SKIN_006,1,1399,27-09-2025 08:45
ORD0222,SKU_HAIR_004,1,802,21-09-2025 08:45
ORD0222,SKU_SKIN_007,3,954,14-10-2025 08:45
ORD0223,SKU_EYE_004,2,2024,10-10-2025 08:45
ORD0223,SKU_NAIL_001,2,3062,23-09-2025 08:45
ORD0223,SKU_SKIN_008,1,404,07-10-2025 08:45
ORD0223,SKU_LIP_004,1,246,21-09-2025 08:45
ORD0224,SKU_SKIN_009,3,1053,24-09-2025 08:45
ORD0224,SKU_EYE_005,2,3262,26-09-2025 08:45
ORD0224,SKU_SKIN_010,2,2466,30-09-2025 08:45
ORD0224,SKU_HAIR_005,2,2042,21-09-2025 08:45
ORD0224,SKU_SKIN_011,1,1785,20-09-2025 08:45
ORD0225,SKU_LIP_005,3,5421,06-10-2025 08:45
ORD0225,SKU_SKIN_012,3,885,14-10-2025 08:45
ORD0225,SKU_PERF_001,3,5391,06-10-2025 08:45
ORD0226,SKU_SKIN_013,2,3632,11-10-2025 08:45
ORD0226,SKU_EYE_006,1,273,22-09-2025 08:45
ORD0226,SKU_SKIN_014,2,3592,29-09-2025 08:45
ORD0227,SKU_HAIR_006,1,684,06-10-2025 08:45
ORD0227,SKU_SKIN_015,1,363,13-10-2025 08:45
ORD0227,SKU_SKIN_016,3,3930,25-09-2025 08:45
ORD0228,SKU_NAIL_002,2,1880,27-09-2025 08:45
ORD0228,SKU_SKIN_017,2,2582,17-10-2025 08:45
ORD0228,SKU_SKIN_018,1,1420,07-10-2025 08:45
ORD0228,SKU_SKIN_019,2,1428,14-10-2025 08:45
ORD0229,SKU_SKIN_020,1,1289,21-09-2025 08:45
ORD0229,SKU_MAKE_001,3,1053,04-10-2025 08:45
ORD0229,SKU_SKIN_021,2,3486,07-10-2025 08:45
ORD0230,SKU_HAIR_007,2,1928,17-09-2025 08:45
ORD0230,SKU_NAIL_003,2,1250,22-09-2025 08:45
ORD0231,SKU_SKIN_022,3,771,29-09-2025 08:45
ORD0231,SKU_SKIN_023,2,2758,03-10-2025 08:45
ORD0231,SKU_MAKE_002,2,3508,09-10-2025 08:45
ORD0231,SKU_HAIR_008,3,1893,23-09-2025 08:45
ORD0231,SKU_APP_TSHIRT_051,1,1182,25-09-2025 08:45
ORD0232,SKU_APP_SHIRT_052,3,4593,23-09-2025 08:45
ORD0232,SKU_APP_JEANS_053,1,638,13-10-2025 08:45
ORD0232,SKU_APP_KURTA_054,3,2289,26-09-2025 08:45
ORD0232,SKU_APP_DRESS_055,1,311,02-10-2025 08:45
ORD0232,SKU_APP_HOODIE_056,1,351,18-09-2025 08:45
ORD0233,SKU_APP_LEGGINGS_057,3,636,18-09-2025 08:45
ORD0233,SKU_APP_JACKET_058,1,828,18-09-2025 08:45
ORD0233,SKU_APP_SAREE_059,2,720,22-09-2025 08:45
ORD0233,SKU_APP_SHORTS_060,3,5457,10-10-2025 08:45
ORD0234,SKU_APP_POLO_061,2,2768,27-09-2025 08:45
ORD0234,SKU_APP_CROPTOP_062,2,1168,15-10-2025 08:45
ORD0235,SKU_APP_CHINOS_063,1,802,20-09-2025 08:45
ORD0235,SKU_APP_SKIRT_064,1,1722,16-10-2025 08:45
ORD0235,SKU_APP_SWEATER_065,1,351,28-09-2025 08:45
ORD0235,SKU_APP_TANKTOP_066,3,5484,03-10-2025 08:45
ORD0235,SKU_APP_TRACKPANT_067,1,1207,05-10-2025 08:45
ORD0236,SKU_APP_DUPATTA_068,3,636,02-10-2025 08:45
ORD0236,SKU_APP_BLAZER_069,2,1880,28-09-2025 08:45
ORD0236,SKU_APP_PALAZZO_070,3,3624,21-09-2025 08:45
ORD0236,SKU_APP_CARDIGAN_071,1,1574,26-09-2025 08:45
ORD0237,SKU_APP_JOGGER_072,2,1368,09-10-2025 08:45
ORD0237,SKU_APP_BLOUSE_073,2,3572,30-09-2025 08:45
ORD0237,SKU_APP_OVERALLS_074,3,1893,29-09-2025 08:45
ORD0237,SKU_APP_PONCHO_075,3,1257,18-09-2025 08:45
ORD0238,SKU_APP_WAISTCOAT_076,3,5844,27-09-2025 08:45
ORD0238,SKU_APP_SHRUG_077,2,610,17-09-2025 08:45
ORD0238,SKU_APP_THERMAL_078,1,1786,22-09-2025 08:45
ORD0238,SKU_APP_ROMPER_079,2,2140,08-10-2025 08:45
ORD0238,SKU_APP_OVERCOAT_080,1,1640,25-09-2025 08:45
ORD0239,SKU_APP_VEST_081,1,797,20-09-2025 08:45
ORD0239,SKU_APP_CAMISOLE_082,3,5217,26-09-2025 08:45
ORD0239,SKU_APP_CAPRI_083,1,318,04-10-2025 08:45
ORD0240,SKU_APP_ANARKALI_084,1,406,26-09-2025 08:45
ORD0240,SKU_APP_PETTICOAT_085,2,3656,01-10-2025 08:45
ORD0241,SKU_APP_DHOTI_086,3,1842,29-09-2025 08:45
ORD0241,SKU_APP_LUNGI_087,1,468,12-10-2025 08:45
ORD0241,SKU_APP_PARKA_088,3,5358,27-09-2025 08:45
ORD0242,SKU_APP_TUXEDO_089,1,246,22-09-2025 08:45
ORD0242,SKU_APP_JUMPSUIT_090,1,1785,24-09-2025 08:45
ORD0243,SKU_APP_PULLOVER_091,3,4893,18-09-2025 08:45
ORD0243,SKU_APP_BURKHA_092,2,2768,11-10-2025 08:45
ORD0243,SKU_APP_RAINCOAT_093,3,5853,12-10-2025 08:45
ORD0244,SKU_APP_BODYSUIT_094,1,314,19-09-2025 08:45
ORD0244,SKU_APP_NIGHTSUIT_095,1,1399,01-10-2025 08:45
ORD0244,SKU_APP_BATHROBE_096,3,1893,17-10-2025 08:45
ORD0245,SKU_APP_HENLEY_097,3,5121,07-10-2025 08:45
ORD0245,SKU_APP_KAFTAN_098,1,318,13-10-2025 08:45
ORD0245,SKU_APP_GOWN_099,1,624,04-10-2025 08:45
ORD0246,SKU_APP_WORKPANT_100,1,1204,11-10-2025 08:45
ORD0246,SKU_ELEC_PHONE_101,3,1257,22-09-2025 08:45
ORD0246,SKU_ELEC_LAPTOP_102,1,909,23-09-2025 08:45
ORD0247,SKU_ELEC_EARBUDS_103,3,2892,20-09-2025 08:45
ORD0247,SKU_ELEC_TV_104,2,702,04-10-2025 08:45
ORD0247,SKU_ELEC_SMARTWATCH_105,3,2931,22-09-2025 08:45
ORD0247,SKU_ELEC_CAMERA_106,3,3471,17-10-2025 08:45
ORD0247,SKU_ELEC_SPEAKER_107,3,5547,08-10-2025 08:45
ORD0248,SKU_ELEC_TABLET_108,2,990,23-09-2025 08:45
ORD0248,SKU_ELEC_ROUTER_109,1,1557,24-09-2025 08:45
ORD0248,SKU_ELEC_POWERBANK_110,3,2784,30-09-2025 08:45
ORD0248,SKU_ELEC_KEYBOARD_111,1,1116,18-09-2025 08:45
ORD0248,SKU_ELEC_MOUSE_112,2,398,12-10-2025 08:45
ORD0249,SKU_ELEC_MONITOR_113,3,1752,15-10-2025 08:45
ORD0249,SKU_ELEC_PRINTER_114,1,909,04-10-2025 08:45
ORD0249,SKU_ELEC_HARDDRIVE_115,3,1083,04-10-2025 08:45
ORD0249,SKU_ELEC_SSD_116,2,3508,26-09-2025 08:45
ORD0250,SKU_ELEC_DRONE_117,1,1182,24-09-2025 08:45
ORD0250,SKU_ELEC_CONSOLE_118,1,1122,17-09-2025 08:45
ORD0251,SKU_ELEC_VR_119,2,838,05-10-2025 08:45
ORD0251,SKU_ELEC_PROJECTOR_120,3,5286,05-10-2025 08:45
ORD0251,SKU_ELEC_CABLE_121,1,909,08-10-2025 08:45
ORD0251,SKU_ELEC_HEADPHONE_122,3,2052,30-09-2025 08:45
ORD0252,SKU_ELEC_MIC_123,1,1021,24-09-2025 08:45
ORD0252,SKU_ELEC_CONTROLLER_124,1,684,29-09-2025 08:45
ORD0252,SKU_ELEC_DASHCAM_125,2,800,24-09-2025 08:45
ORD0252,SKU_ELEC_TRIPOD_126,2,1258,27-09-2025 08:45
ORD0252,SKU_ELEC_FLASH_127,1,1291,13-10-2025 08:45
ORD0253,SKU_ELEC_SMARTBULB_128,3,5484,18-09-2025 08:45
ORD0253,SKU_ELEC_SMARTPLUG_129,2,3798,29-09-2025 08:45
ORD0253,SKU_ELEC_AIRPURIFIER_130,1,353,10-10-2025 08:45
ORD0254,SKU_ELEC_KINDLE_131,3,2775,26-09-2025 08:45
ORD0254,SKU_ELEC_DRAWINGTAB_132,1,1807,17-09-2025 08:45
ORD0254,SKU_ELEC_WEBCAM_133,3,2586,09-10-2025 08:45
ORD0255,SKU_ELEC_LENS_134,2,3602,09-10-2025 08:45
ORD0255,SKU_ELEC_GIMBAL_135,2,2582,23-09-2025 08:45
ORD0255,SKU_ELEC_SOUNDBAR_136,3,771,23-09-2025 08:45
ORD0256,SKU_ELEC_DOORBELL_137,1,1050,21-09-2025 08:45
ORD0256,SKU_ELEC_THERMOSTAT_138,1,459,21-09-2025 08:45
ORD0256,SKU_ELEC_KETTLE_139,3,915,26-09-2025 08:45
ORD0256,SKU_ELEC_BLENDER_140,3,3906,30-09-2025 08:45
ORD0256,SKU_ELEC_SMARTLOCK_141,3,1212,18-09-2025 08:45
ORD0257,SKU_ELEC_ACTIONCAM_142,2,2140,26-09-2025 08:45
ORD0257,SKU_ELEC_PORTABLESSD_143,2,2578,06-10-2025 08:45
ORD0257,SKU_ELEC_STREAMSTICK_144,1,828,19-09-2025 08:45
ORD0257,SKU_ELEC_SMARTSCALE_145,1,342,20-09-2025 08:45
ORD0258,SKU_ELEC_BABYMONITOR_146,3,1404,21-09-2025 08:45
ORD0258,SKU_ELEC_CLICKER_147,2,2342,30-09-2025 08:45
ORD0258,SKU_ELEC_DIGITALFRAME_148,2,790,10-10-2025 08:45
ORD0258,SKU_ELEC_GAMINGCHAIR_149,1,1743,18-09-2025 08:45
ORD0259,SKU_ELEC_DESKFAN_150,2,800,15-10-2025 08:45
ORD0259,SKU_JEW_RING_151,2,3570,16-10-2025 08:45
ORD0259,SKU_JEW_NECKLACE_152,3,2931,08-10-2025 08:45
ORD0260,SKU_JEW_EARRING_153,1,1171,14-10-2025 08:45
ORD0260,SKU_JEW_BRACELET_154,1,1368,10-10-2025 08:45
ORD0260,SKU_JEW_ANKLET_155,2,1426,29-09-2025 08:45
ORD0260,SKU_JEW_WATCH_156,3,4038,24-09-2025 08:45
ORD0260,SKU_JEW_SUNGLASSES_157,1,1379,07-10-2025 08:45
ORD0261,SKU_JEW_HANDBAG_158,1,430,10-10-2025 08:45
ORD0261,SKU_JEW_BELT_159,3,2346,14-10-2025 08:45
ORD0262,SKU_JEW_WALLET_160,1,963,07-10-2025 08:45
ORD0262,SKU_JEW_HAT_161,1,1330,06-10-2025 08:45
ORD0263,SKU_JEW_SCARF_162,1,526,23-09-2025 08:45
ORD0263,SKU_JEW_BROOCH_163,1,1707,09-10-2025 08:45
ORD0263,SKU_JEW_CHAIN_164,1,342,08-10-2025 08:45
ORD0263,SKU_JEW_TOERING_165,1,951,30-09-2025 08:45
ORD0263,SKU_JEW_BACKPACK_166,1,1214,17-09-2025 08:45
ORD0264,SKU_JEW_HAIRPIN_167,1,802,13-10-2025 08:45
ORD0264,SKU_JEW_CUFFLINK_168,2,424,02-10-2025 08:45
ORD0264,SKU_JEW_KEYCHAIN_169,1,577,30-09-2025 08:45
ORD0264,SKU_JEW_DUFFEL_170,1,533,03-10-2025 08:45
ORD0264,SKU_JEW_PENDANT_171,3,1887,29-09-2025 08:45
ORD0265,SKU_JEW_LOCKET_172,2,1820,28-09-2025 08:45
ORD0265,SKU_JEW_NOSEPIN_173,3,597,06-10-2025 08:45
ORD0265,SKU_JEW_BANGLES_174,1,311,21-09-2025 08:45
ORD0265,SKU_JEW_TIARA_175,1,529,04-10-2025 08:45
ORD0266,SKU_JEW_HAIRBAND_176,3,4059,09-10-2025 08:45
ORD0266,SKU_JEW_HAIRCLIP_177,3,2724,06-10-2025 08:45
ORD0266,SKU_JEW_CARDHOLDER_178,2,3194,26-09-2025 08:45
ORD0266,SKU_JEW_LUGGAGETAG_179,1,269,08-10-2025 08:45
ORD0266,SKU_JEW_TRAVELWALLET_180,1,951,18-09-2025 08:45
ORD0267,SKU_JEW_LAPELPIN_181,3,3621,12-10-2025 08:45
ORD0267,SKU_JEW_TIECLIP_182,3,1578,28-09-2025 08:45
ORD0268,SKU_JEW_ARMLET_183,3,4524,27-09-2025 08:45
ORD0268,SKU_JEW_WAISTCHAIN_184,3,3366,09-10-2025 08:45
ORD0269,SKU_JEW_SCRUNCHIE_185,1,1611,25-09-2025 08:45
ORD0269,SKU_JEW_POTLIBAG_186,1,978,23-09-2025 08:45
ORD0270,SKU_JEW_SUNGLASSCHAIN_187,3,4149,20-09-2025 08:45
ORD0270,SKU_JEW_JEWELBOX_188,1,1964,20-09-2025 08:45
ORD0271,SKU_JEW_WATCHSTRAP_189,1,212,22-09-2025 08:45
ORD0271,SKU_JEW_BEADBRACELET_190,1,1310,06-10-2025 08:45
ORD0271,SKU_JEW_GEMRING_191,2,562,13-10-2025 08:45
ORD0272,SKU_JEW_JEWELROLL_192,3,4038,14-10-2025 08:45
ORD0272,SKU_JEW_CHARMKEY_193,3,3111,16-10-2025 08:45
ORD0272,SKU_JEW_BROOCHSET_194,3,1872,26-09-2025 08:45
ORD0273,SKU_JEW_WAISTBELT_195,1,1459,13-10-2025 08:45
ORD0273,SKU_JEW_SOCKS_196,1,1607,23-09-2025 08:45
ORD0273,SKU_JEW_GLOVES_197,3,3906,01-10-2025 08:45
ORD0273,SKU_JEW_UMBRELLA_198,3,1485,12-10-2025 08:45
ORD0273,SKU_JEW_PHONECHARM_199,2,1158,07-10-2025 08:45
ORD0274,SKU_JEW_COINPURSE_200,3,4209,01-10-2025 08:45
ORD0274,SKU_PHA_PARACETAMOL_001,3,2724,23-09-2025 08:45
ORD0274,SKU_PHA_IBUPROFEN_002,3,5457,03-10-2025 08:45
ORD0274,SKU_PHA_ANTACID_003,1,1557,26-09-2025 08:45
ORD0275,SKU_PHA_COUGH_004,2,3786,25-09-2025 08:45
ORD0275,SKU_PHA_VITC_005,2,1248,16-10-2025 08:45
ORD0275,SKU_PHA_MULTIVIT_006,1,1786,02-10-2025 08:45
ORD0276,SKU_PHA_BANDAGE_007,3,3906,03-10-2025 08:45
ORD0276,SKU_PHA_SANITIZER_008,1,1531,10-10-2025 08:45
ORD0276,SKU_PHA_THERMOMETER_009,1,1379,08-10-2025 08:45
ORD0276,SKU_PHA_GLUCOSE_010,3,5331,09-10-2025 08:45
ORD0276,SKU_PHA_B12_011,2,1410,15-10-2025 08:45
ORD0277,SKU_PHA_DIGENE_012,3,4593,08-10-2025 08:45
ORD0277,SKU_PHA_VITD_013,2,2840,13-10-2025 08:45
ORD0277,SKU_PHA_GASRELIEF_014,2,2582,17-10-2025 08:45
ORD0277,SKU_PHA_ANTIFUNGAL_015,2,2042,09-10-2025 08:45
ORD0277,SKU_PHA_ANTIBIOTIC_016,1,363,17-09-2025 08:45
ORD0278,SKU_PHA_ALLERGY_017,1,713,29-09-2025 08:45
ORD0278,SKU_PHA_BETADINE_018,1,1329,23-09-2025 08:45
ORD0278,SKU_PHA_INSULIN_019,3,3945,13-10-2025 08:45
ORD0278,SKU_PHA_VITAMINC_020,2,1956,22-09-2025 08:45
ORD0278,SKU_PHA_CALCIUM_021,2,2582,03-10-2025 08:45
ORD0279,SKU_PHA_IRON_022,2,722,13-10-2025 08:45
ORD0279,SKU_PHA_ZINC_023,3,5484,25-09-2025 08:45
ORD0279,SKU_PHA_ORAL_024,2,3276,16-10-2025 08:45
ORD0280,SKU_PHA_LOZENGE_025,3,3687,19-09-2025 08:45
ORD0280,SKU_PHA_ELECTROLYTE_026,3,3687,03-10-2025 08:45
ORD0280,SKU_PHA_INHALER_027,1,212,02-10-2025 08:45
ORD0281,SKU_PHA_OINTMENT_028,3,690,09-10-2025 08:45
ORD0281,SKU_PHA_GLUCOMETER_029,1,781,06-10-2025 08:45
ORD0281,SKU_PHA_BP_030,3,2289,01-10-2025 08:45
ORD0281,SKU_PHA_PAINSPRAY_031,2,1928,29-09-2025 08:45
ORD0281,SKU_PHA_COOLGEL_032,3,3849,23-09-2025 08:45
ORD0282,SKU_PHA_COLDTAB_033,2,3190,03-10-2025 08:45
ORD0282,SKU_PHA_DIGESTIVE_034,1,714,23-09-2025 08:45
ORD0282,SKU_PHA_PROBIOTIC_035,2,3554,27-09-2025 08:45
ORD0282,SKU_PHA_CALAMINE_036,2,1510,14-10-2025 08:45
ORD0282,SKU_PHA_LIVER_037,3,3501,27-09-2025 08:45
ORD0283,SKU_PHA_STEAM_038,3,1242,15-10-2025 08:45
ORD0283,SKU_PHA_MASK_039,3,3504,20-09-2025 08:45
ORD0283,SKU_PHA_VAPORUB_040,1,1786,12-10-2025 08:45
ORD0283,SKU_PHA_PROTEIN_041,2,1258,17-09-2025 08:45
ORD0283,SKU_PHA_VITAMINK2_042,1,1242,14-10-2025 08:45
ORD0284,SKU_PHA_MAGNESIUM_043,2,538,27-09-2025 08:45
ORD0284,SKU_PHA_PROTEINBAR_044,3,819,11-10-2025 08:45
ORD0284,SKU_PHA_COLLAGEN_045,2,786,14-10-2025 08:45
ORD0285,SKU_PHA_BANDAGEKIT_046,1,624,21-09-2025 08:45
ORD0285,SKU_PHA_HEATINGPAD_047,3,3597,13-10-2025 08:45
ORD0286,SKU_PHA_PULSE_048,1,1606,06-10-2025 08:45
ORD0286,SKU_PHA_MASSAGER_049,1,1012,28-09-2025 08:45
ORD0286,SKU_PHA_STRETCH_050,2,3896,02-10-2025 08:45
ORD0286,62316095,2,2428,01-10-2025 08:45
ORD0286,1982137274,2,1496,22-09-2025 08:45
ORD0287,059035342X,3,1887,15-10-2025 08:45
ORD0287,307474275,2,1320,17-10-2025 08:45
ORD0287,140449132,1,1383,17-09-2025 08:45
ORD0287,61120081,2,3016,09-10-2025 08:45
ORD0288,553386794,1,802,07-10-2025 08:45
ORD0288,544003411,2,2466,08-10-2025 08:45
ORD0288,62316117,2,1154,22-09-2025 08:45
ORD0288,143127748,1,1346,16-10-2025 08:45
ORD0289,1594634025,1,713,10-10-2025 08:45
ORD0289,038549081X,3,5856,13-10-2025 08:45
ORD0289,62457713,1,925,07-10-2025 08:45
ORD0289,142437239,1,1285,25-09-2025 08:45
ORD0290,030788744X,3,2859,01-10-2025 08:45
ORD0290,62315005,2,1258,19-09-2025 08:45
ORD0291,596007120,1,1346,22-09-2025 08:45
ORD0291,262033844,2,424,21-09-2025 08:45
ORD0291,132350882,1,1127,11-10-2025 08:45
ORD0292,735211299,2,1426,23-09-2025 08:45
ORD0292,385472579,1,1420,07-10-2025 08:45
ORD0293,60850523,1,873,05-10-2025 08:45
ORD0293,143039954,2,3064,16-10-2025 08:45
ORD0293,1501128035,3,4035,03-10-2025 08:45
ORD0294,525559477,2,3592,25-09-2025 08:45
ORD0294,804139296,2,1526,22-09-2025 08:45
ORD0294,66620996,3,5631,09-10-2025 08:45
ORD0295,006245773X,3,2784,25-09-2025 08:45
ORD0295,451524934,3,5844,06-10-2025 08:45
ORD0296,316769487,2,3524,09-10-2025 08:45
ORD0296,671027034,3,771,25-09-2025 08:45
ORD0296,1982157283,1,1310,21-09-2025 08:45
ORD0297,593230256,2,3064,29-09-2025 08:45
ORD0297,345803485,3,843,14-10-2025 08:45
ORD0297,081298160X,1,414,02-10-2025 08:45
ORD0297,590353403,3,5421,11-10-2025 08:45
ORD0297,143110438,2,2620,02-10-2025 08:45
ORD0298,307465357,2,3786,04-10-2025 08:45
ORD0298,140283331,1,1283,07-10-2025 08:45
ORD0298,62315008,3,4104,21-09-2025 08:45
ORD0298,307346617,1,1786,10-10-2025 08:45
ORD0298,61992275,3,5457,26-09-2025 08:45
ORD0299,006256577X,2,1604,04-10-2025 08:45
ORD0299,1250316774,2,784,13-10-2025 08:45
ORD0299,62457715,1,898,16-10-2025 08:45
ORD0300,307277674,3,4722,28-09-2025 08:45
ORD0300,385484518,3,2892,27-09-2025 08:45
ORD0300,1501173219,2,2620,08-10-2025 08:45
ORD0301,143130722,3,885,26-09-2025 08:45
ORD0301,399590501,3,915,10-10-2025 08:45
ORD0301,62316112,2,850,30-09-2025 08:45
ORD0302,307719227,1,1019,08-10-2025 08:45
ORD0302,143127550,2,1928,17-10-2025 08:45
ORD0303,62315009,3,1083,21-09-2025 08:45
ORD0303,143126562,2,2840,08-10-2025 08:45
ORD0304,62316113,2,3592,23-09-2025 08:45
ORD0304,307463740,2,1928,06-10-2025 08:45
ORD0304,62871337,1,951,24-09-2025 08:45
ORD0305,307273601,2,1906,19-09-2025 08:45
ORD0305,1501161933,2,1604,09-10-2025 08:45
ORD0306,140280197,2,2364,28-09-2025 08:45
ORD0306,1455586691,3,4893,17-09-2025 08:45
ORD0307,62316107,3,1275,27-09-2025 08:45
ORD0307,90711001-BEIGE,2,1564,16-10-2025 08:45
ORD0307,90711002-WHITE,3,1209,27-09-2025 08:45
ORD0307,90711003-BLACK,3,1290,23-09-2025 08:45
ORD0308,90711004-GREEN,2,1052,05-10-2025 08:45
ORD0308,90711005-OAK,1,342,24-09-2025 08:45
ORD0308,90711006-BLUE,2,1222,03-10-2025 08:45
ORD0308,90711007-GRAY,2,2660,18-09-2025 08:45
ORD0308,90711008-WHITE,3,3513,17-10-2025 08:45
ORD0309,90721001-BLACK,2,3564,06-10-2025 08:45
ORD0309,90721002-WHITE,2,1258,12-10-2025 08:45
ORD0309,90721003-BEIGE,3,2853,19-09-2025 08:45
ORD0310,90721004-GREEN,1,614,08-10-2025 08:45
ORD0310,90721005-WOOD,1,1606,16-10-2025 08:45
ORD0310,90721006-BLUE,1,1037,06-10-2025 08:45
ORD0310,90721007-WHITE,1,584,26-09-2025 08:45
ORD0310,90721008-GRAY,3,5838,17-10-2025 08:45
ORD0311,90721009-BLACK,1,1012,23-09-2025 08:45
ORD0311,90721010-WOOD,3,2391,30-09-2025 08:45
ORD0311,90731001-WHITE,1,1115,26-09-2025 08:45
ORD0312,90731002-GRAY,2,1470,24-09-2025 08:45
ORD0312,90731003-BLACK,1,940,28-09-2025 08:45
ORD0313,90731004-BEIGE,1,963,27-09-2025 08:45
ORD0313,90731005-WOOD,2,3828,05-10-2025 08:45
ORD0313,90731006-BLUE,1,651,11-10-2025 08:45
ORD0313,90731007-WHITE,3,5358,23-09-2025 08:45
ORD0313,90731008-GREEN,1,1631,20-09-2025 08:45
ORD0314,90731009-GRAY,2,3666,09-10-2025 08:45
ORD0314,90731010-BLACK,3,4671,28-09-2025 08:45
ORD0314,90731011-WHITE,1,342,26-09-2025 08:45
ORD0314,90731012-BLACK,1,625,13-10-2025 08:45
ORD0314,90731013-GREEN,2,3632,08-10-2025 08:45
ORD0315,90731014-WOOD,1,1229,18-09-2025 08:45
ORD0315,90731015-GRAY,1,1353,01-10-2025 08:45
ORD0315,90731016-WHITE,3,2820,11-10-2025 08:45
ORD0316,90731017-BLACK,2,2750,09-10-2025 08:45
ORD0316,90731018-BEIGE,1,684,05-10-2025 08:45
ORD0316,90731019-WHITE,2,1168,30-09-2025 08:45
ORD0316,90731020-BLUE,2,3062,26-09-2025 08:45
ORD0316,90731021-WHITE,1,1019,23-09-2025 08:45
ORD0317,90731022-GRAY,2,2620,25-09-2025 08:45
ORD0317,90731023-BLACK,3,1485,28-09-2025 08:45
ORD0317,90731024-WOOD,1,1782,12-10-2025 08:45
ORD0318,90731025-BLUE,2,3698,10-10-2025 08:45
ORD0318,90731026-GREEN,3,3150,28-09-2025 08:45
ORD0318,90731027-BLACK,2,3064,21-09-2025 08:45
ORD0319,90731028-WHITE,1,400,12-10-2025 08:45
ORD0319,90731029-GRAY,3,1080,13-10-2025 08:45
ORD0319,90731030-BEIGE,2,706,12-10-2025 08:45
ORD0320,90731031-WHITE,1,1739,25-09-2025 08:45
ORD0320,90731032-BLACK,3,1365,17-09-2025 08:45
ORD0321,90731033-GREEN,3,3036,07-10-2025 08:45
ORD0321,90732001-500G,1,1329,02-10-2025 08:45
ORD0321,90732002-1KG,3,1053,21-09-2025 08:45
ORD0321,90732003-200G,3,1212,30-09-2025 08:45
ORD0321,90732004-500ML,2,1816,05-10-2025 08:45
ORD0322,90732005-1L,2,1526,15-10-2025 08:45
ORD0322,90732006-250G,2,828,01-10-2025 08:45
ORD0322,90732007-100G,2,1228,25-09-2025 08:45
ORD0322,90732008-500G,3,3345,20-09-2025 08:45
ORD0323,90732009-200G,1,506,21-09-2025 08:45
ORD0323,90732010-150G,3,771,12-10-2025 08:45
ORD0323,90732011-1KG,3,933,17-09-2025 08:45
ORD0324,90732012-1KG,1,361,06-10-2025 08:45
ORD0324,90732013-500G,1,714,19-09-2025 08:45
ORD0324,90732014-200G,1,1242,30-09-2025 08:45
ORD0324,90732015-750ML,1,1289,16-10-2025 08:45
ORD0324,90732016-400G,2,1258,06-10-2025 08:45
ORD0325,90732017-200G,2,722,17-09-2025 08:45
ORD0325,90732018-500G,3,1485,19-09-2025 08:45
ORD0325,90732019-250G,2,3828,18-09-2025 08:45
ORD0326,90732020-300G,2,3602,18-09-2025 08:45
ORD0326,90732021-1KG,2,424,10-10-2025 08:45
ORD0326,90732022-500G,2,2658,17-10-2025 08:45
ORD0326,90732023-1L,2,3656,13-10-2025 08:45
ORD0327,90732024-500G,1,862,10-10-2025 08:45
ORD0327,90732025-200G,2,3828,05-10-2025 08:45
ORD0327,90732026-1KG,1,1204,17-10-2025 08:45
ORD0328,90732027-100G,3,5484,16-10-2025 08:45
ORD0328,90732028-500G,3,4722,15-10-2025 08:45
ORD0328,90732029-750ML,2,2254,21-09-2025 08:45
ORD0329,90732030-500G,2,3586,27-09-2025 08:45
ORD0329,90732031-500G,1,1807,21-09-2025 08:45
ORD0329,90732032-200G,1,1611,08-10-2025 08:45
ORD0330,90732033-500ML,1,1399,02-10-2025 08:45
ORD0330,90732034-100G,2,2122,15-10-2025 08:45
ORD0330,90732035-400G,3,4152,09-10-2025 08:45
ORD0330,90732036-500G,1,684,10-10-2025 08:45
ORD0330,90732037-250G,2,2342,30-09-2025 08:45
ORD0331,90732038-200G,2,3512,20-09-2025 08:45
ORD0331,90732039-750ML,1,1638,02-10-2025 08:45
ORD0331,90732040-300G,2,1302,27-09-2025 08:45
ORD0331,90732041-1KG,2,2042,20-09-2025 08:45
ORD0332,90732042-500G,1,1283,20-09-2025 08:45
ORD0332,90732043-500G,1,1199,26-09-2025 08:45
ORD0333,90732044-200G,3,4245,14-10-2025 08:45
ORD0333,90732045-1L,3,885,24-09-2025 08:45
ORD0333,90732046-200G,3,3987,16-10-2025 08:45
ORD0333,90732047-1KG,1,1796,24-09-2025 08:45
ORD0333,90732048-500G,2,3262,25-09-2025 08:45
ORD0334,90732049-250G,2,2596,05-10-2025 08:45
ORD0334,90732050-300G,3,3183,21-09-2025 08:45
ORD0335,90733001-BLUE,2,3554,14-10-2025 08:45
ORD0335,90733002-A4,2,628,09-10-2025 08:45
ORD0336,90733003-SET,2,2428,05-10-2025 08:45
ORD0336,90733004-BLACK,3,3930,11-10-2025 08:45
ORD0336,90733005-500,3,1026,12-10-2025 08:45
ORD0336,90733006-BLUE,2,1526,22-09-2025 08:45
ORD0337,90733007-WHITE,3,4551,03-10-2025 08:45
ORD0337,90733008-METAL,2,3656,09-10-2025 08:45
ORD0337,90733009-GLUE,2,3638,22-09-2025 08:45
ORD0337,90733010-RULER,2,1954,29-09-2025 08:45
ORD0338,90733011-BLUE,1,425,21-09-2025 08:45
ORD0338,90733012-A4,3,4152,16-10-2025 08:45
ORD0339,90733013-METAL,3,4893,23-09-2025 08:45
ORD0339,90733014-WHITE,1,1420,11-10-2025 08:45
ORD0339,90733015-SET,2,424,08-10-2025 08:45
ORD0339,90733016-A4,2,684,19-09-2025 08:45
ORD0339,90733017-BLACK,3,1083,25-09-2025 08:45
ORD0340,90733018-METAL,1,584,27-09-2025 08:45
ORD0340,90733019-SET,1,1021,10-10-2025 08:45
ORD0340,90733020-A4,3,2727,26-09-2025 08:45
ORD0340,90733021-BLACK,1,1531,21-09-2025 08:45
ORD0340,90733022-A4,3,2289,23-09-2025 08:45
ORD0341,90733023-WHITE,1,977,14-10-2025 08:45
ORD0341,90733024-BLUE,2,3586,25-09-2025 08:45
ORD0341,90733025-BLACK,2,492,18-09-2025 08:45
ORD0341,90733026-METAL,1,229,17-09-2025 08:45
ORD0341,90733027-SET,2,546,06-10-2025 08:45
ORD0342,90733028-BLUE,2,1594,30-09-2025 08:45
ORD0342,90733029-WHITE,3,4245,06-10-2025 08:45
ORD0342,90733030-BLUE,3,5838,14-10-2025 08:45
ORD0342,90733031-BLUE,1,430,26-09-2025 08:45
ORD0342,90733032-BLACK,2,726,19-09-2025 08:45
ORD0343,90733033-SET,1,360,13-10-2025 08:45
ORD0343,90733034-WHITE,2,3902,27-09-2025 08:45
ORD0343,90733035-METAL,3,2052,05-10-2025 08:45
ORD0344,90733036-SET,2,2690,29-09-2025 08:45
ORD0344,90733037-WHITE,3,942,16-10-2025 08:45
ORD0345,90733038-BLUE,2,398,09-10-2025 08:45
ORD0345,90733039-BLACK,3,5499,10-10-2025 08:45
ORD0346,90733040-WHITE,1,1793,17-10-2025 08:45
ORD0346,90733041-BLUE,3,4671,25-09-2025 08:45
ORD0346,90733042-WHITE,1,1785,08-10-2025 08:45
ORD0346,90733043-BLUE,2,458,13-10-2025 08:45
ORD0346,90733044-METAL,2,1154,07-10-2025 08:45
ORD0347,90733045-SET,3,2343,17-10-2025 08:45
ORD0347,90733046-BLACK,1,828,03-10-2025 08:45
ORD0348,90733047-BLUE,1,1951,04-10-2025 08:45
ORD0348,90733048-WHITE,1,506,15-10-2025 08:45
ORD0349,90733049-BLACK,3,2226,02-10-2025 08:45
ORD0349,90733050-SET,3,597,18-09-2025 08:45
ORD0349,90734001-STEEL,3,1578,23-09-2025 08:45
ORD0349,90734002-SET,3,3873,22-09-2025 08:45
ORD0350,90734003-STEEL,3,5391,07-10-2025 08:45
ORD0350,90734004-STEEL,3,4791,17-10-2025 08:45
ORD0351,90734005-STEEL,1,1946,27-09-2025 08:45
ORD0351,90734006-BLACK,2,1052,30-09-2025 08:45
ORD0351,90734007-SET,3,3867,30-09-2025 08:45
ORD0351,90734008-STEEL,1,713,08-10-2025 08:45
ORD0351,90734009-STEEL,3,3873,30-09-2025 08:45
ORD0352,90734010-BOX,3,4596,12-10-2025 08:45
ORD0352,90734011-STEEL,3,819,17-10-2025 08:45
ORD0352,90734012-BLACK,2,3524,09-10-2025 08:45
ORD0352,90734013-STEEL,1,1863,18-09-2025 08:45
ORD0352,90734014-YELLOW,2,3754,17-10-2025 08:45
ORD0353,90734015-STEEL,3,3873,06-10-2025 08:45
ORD0353,90734016-STEEL,2,458,16-10-2025 08:45
ORD0353,90734017-STEEL,2,2024,10-10-2025 08:45
ORD0354,90734018-BLACK,3,4197,11-10-2025 08:45
ORD0354,90734019-STEEL,2,3798,12-10-2025 08:45
ORD0355,90734020-STEEL,3,1416,26-09-2025 08:45
ORD0355,90734021-STEEL,2,2254,14-10-2025 08:45
ORD0355,90734022-STEEL,2,1604,24-09-2025 08:45
ORD0356,90734023-STEEL,3,4818,03-10-2025 08:45
ORD0356,90734024-STEEL,3,3726,16-10-2025 08:45
ORD0356,90734025-STEEL,1,1229,21-09-2025 08:45
ORD0357,90734026-STEEL,2,2484,29-09-2025 08:45
ORD0357,90734027-STEEL,3,4914,17-09-2025 08:45
ORD0357,90734028-STEEL,1,684,24-09-2025 08:45
ORD0357,90734029-STEEL,1,526,11-10-2025 08:45
ORD0357,90734030-STEEL,1,1899,17-10-2025 08:45
ORD0358,90734031-STEEL,2,3632,13-10-2025 08:45
ORD0358,90734032-STEEL,1,414,17-10-2025 08:45
ORD0358,90734033-BLACK,3,3471,14-10-2025 08:45
ORD0358,90734034-STEEL,3,5331,01-10-2025 08:45
ORD0359,90734035-STEEL,1,353,01-10-2025 08:45
ORD0359,90734036-BLUE,2,3148,02-10-2025 08:45
ORD0359,90734037-BLACK,2,1410,23-09-2025 08:45
ORD0360,90734038-STEEL,3,2322,03-10-2025 08:45
ORD0360,90734039-STEEL,1,625,04-10-2025 08:45
ORD0360,90734040-STEEL,1,1904,28-09-2025 08:45
ORD0360,90734041-STEEL,3,1176,17-09-2025 08:45
ORD0361,90734042-STEEL,1,400,06-10-2025 08:45
ORD0361,90734043-BLACK,2,1426,09-10-2025 08:45
ORD0362,90734044-STEEL,1,1345,05-10-2025 08:45
ORD0362,90734045-STEEL,2,2466,27-09-2025 08:45
ORD0362,90734046-STEEL,2,590,18-09-2025 08:45
ORD0363,90734047-STEEL,3,2244,10-10-2025 08:45
ORD0363,90734048-STEEL,1,529,02-10-2025 08:45
ORD0363,90734049-STEEL,3,1731,18-09-2025 08:45
ORD0363,90734050-STEEL,3,5358,16-10-2025 08:45
ORD0364,SKU_LIP_001,3,3930,17-09-2025 08:45
ORD0364,SKU_EYE_001,2,1320,29-09-2025 08:45
ORD0365,SKU_SKIN_001,1,774,01-10-2025 08:45
ORD0365,SKU_FOUND_001,1,713,05-10-2025 08:45
ORD0365,SKU_HAIR_001,3,717,16-10-2025 08:45
ORD0365,SKU_LIP_002,3,1059,26-09-2025 08:45
ORD0365,SKU_EYE_002,1,1739,02-10-2025 08:45
ORD0366,SKU_SKIN_002,1,761,17-10-2025 08:45
ORD0366,SKU_SKIN_003,2,3808,20-09-2025 08:45
ORD0367,SKU_FOUND_002,1,1640,30-09-2025 08:45
ORD0367,SKU_HAIR_002,2,2758,24-09-2025 08:45
ORD0367,SKU_HAIR_003,3,3612,27-09-2025 08:45
ORD0368,SKU_SKIN_004,3,5121,10-10-2025 08:45
ORD0368,SKU_LIP_003,1,342,07-10-2025 08:45
ORD0368,SKU_SKIN_005,3,1083,17-09-2025 08:45
ORD0369,SKU_EYE_003,3,2391,29-09-2025 08:45
ORD0369,SKU_SKIN_006,3,5331,08-10-2025 08:45
ORD0370,SKU_HAIR_004,1,928,15-10-2025 08:45
ORD0370,SKU_SKIN_007,1,1786,06-10-2025 08:45
ORD0371,SKU_EYE_004,2,3754,28-09-2025 08:45
ORD0371,SKU_NAIL_001,3,1416,13-10-2025 08:45
ORD0371,SKU_SKIN_008,2,2578,07-10-2025 08:45
ORD0372,SKU_LIP_004,2,2428,12-10-2025 08:45
ORD0372,SKU_SKIN_009,1,1631,17-10-2025 08:45
ORD0372,SKU_EYE_005,1,430,18-09-2025 08:45
ORD0372,SKU_SKIN_010,2,1258,24-09-2025 08:45
ORD0373,SKU_HAIR_005,1,828,26-09-2025 08:45
ORD0373,SKU_SKIN_011,1,459,17-10-2025 08:45
ORD0373,SKU_LIP_005,2,1906,17-09-2025 08:45
ORD0373,SKU_SKIN_012,1,802,03-10-2025 08:45
ORD0374,SKU_PERF_001,3,2265,13-10-2025 08:45
ORD0374,SKU_SKIN_013,3,1179,01-10-2025 08:45
ORD0375,SKU_EYE_006,3,2115,22-09-2025 08:45
ORD0375,SKU_SKIN_014,1,1638,29-09-2025 08:45
ORD0375,SKU_HAIR_006,1,257,10-10-2025 08:45
ORD0375,SKU_SKIN_015,1,212,27-09-2025 08:45
ORD0375,SKU_SKIN_016,2,722,23-09-2025 08:45
ORD0376,SKU_NAIL_002,1,199,10-10-2025 08:45
ORD0376,SKU_SKIN_017,1,1021,05-10-2025 08:45
ORD0377,SKU_SKIN_018,2,2918,24-09-2025 08:45
ORD0377,SKU_SKIN_019,2,3638,12-10-2025 08:45
ORD0378,SKU_SKIN_020,1,1229,17-09-2025 08:45
ORD0378,SKU_MAKE_001,1,425,24-09-2025 08:45
ORD0378,SKU_SKIN_021,2,3214,21-09-2025 08:45
ORD0378,SKU_HAIR_007,1,1459,01-10-2025 08:45
ORD0378,SKU_NAIL_003,3,1242,11-10-2025 08:45
ORD0379,SKU_SKIN_022,3,5901,07-10-2025 08:45
ORD0379,SKU_SKIN_023,3,771,17-09-2025 08:45
ORD0380,SKU_MAKE_002,2,2840,12-10-2025 08:45
ORD0380,SKU_HAIR_008,3,3687,13-10-2025 08:45
ORD0381,SKU_APP_TSHIRT_051,3,2859,21-09-2025 08:45
ORD0381,SKU_APP_SHIRT_052,2,2458,09-10-2025 08:45
ORD0382,SKU_APP_JEANS_053,3,2226,13-10-2025 08:45
ORD0382,SKU_APP_KURTA_054,3,1875,30-09-2025 08:45
ORD0383,SKU_APP_DRESS_055,3,4104,13-10-2025 08:45
ORD0383,SKU_APP_HOODIE_056,2,800,22-09-2025 08:45
ORD0383,SKU_APP_LEGGINGS_057,1,361,23-09-2025 08:45
ORD0383,SKU_APP_JACKET_058,3,5166,23-09-2025 08:45
ORD0383,SKU_APP_SAREE_059,1,1070,02-10-2025 08:45
ORD0384,SKU_APP_SHORTS_060,3,3855,03-10-2025 08:45
ORD0384,SKU_APP_POLO_061,2,3632,06-10-2025 08:45
ORD0385,SKU_APP_CROPTOP_062,3,4671,17-10-2025 08:45
ORD0385,SKU_APP_CHINOS_063,1,229,09-10-2025 08:45
ORD0385,SKU_APP_SKIRT_064,3,4149,18-09-2025 08:45
ORD0385,SKU_APP_SWEATER_065,3,1059,04-10-2025 08:45
ORD0385,SKU_APP_TANKTOP_066,1,351,07-10-2025 08:45
ORD0386,SKU_APP_TRACKPANT_067,3,4821,15-10-2025 08:45
ORD0386,SKU_APP_DUPATTA_068,2,850,06-10-2025 08:45
ORD0386,SKU_APP_BLAZER_069,2,1820,09-10-2025 08:45
ORD0386,SKU_APP_PALAZZO_070,3,4791,14-10-2025 08:45
ORD0386,SKU_APP_CARDIGAN_071,2,684,27-09-2025 08:45
ORD0387,SKU_APP_JOGGER_072,2,2782,09-10-2025 08:45
ORD0387,SKU_APP_BLOUSE_073,2,3414,03-10-2025 08:45
ORD0388,SKU_APP_OVERALLS_074,2,1594,06-10-2025 08:45
ORD0388,SKU_APP_PONCHO_075,3,3699,17-09-2025 08:45
ORD0388,SKU_APP_WAISTCOAT_076,2,1956,21-09-2025 08:45
ORD0388,SKU_APP_SHRUG_077,2,3904,27-09-2025 08:45
ORD0389,SKU_APP_THERMAL_078,2,3786,17-10-2025 08:45
ORD0389,SKU_APP_ROMPER_079,2,1302,24-09-2025 08:45
ORD0390,SKU_APP_OVERCOAT_080,1,928,09-10-2025 08:45
ORD0390,SKU_APP_VEST_081,2,784,13-10-2025 08:45
ORD0390,SKU_APP_CAMISOLE_082,1,1302,05-10-2025 08:45
ORD0390,SKU_APP_CAPRI_083,3,1578,11-10-2025 08:45
ORD0390,SKU_APP_ANARKALI_084,1,1115,10-10-2025 08:45
ORD0391,SKU_APP_PETTICOAT_085,2,944,20-09-2025 08:45
ORD0391,SKU_APP_DHOTI_086,1,1021,28-09-2025 08:45
ORD0392,SKU_APP_LUNGI_087,3,2934,13-10-2025 08:45
ORD0392,SKU_APP_PARKA_088,3,1275,20-09-2025 08:45
ORD0392,SKU_APP_TUXEDO_089,2,3478,02-10-2025 08:45
ORD0392,SKU_APP_JUMPSUIT_090,3,2265,10-10-2025 08:45
ORD0393,SKU_APP_PULLOVER_091,2,1320,29-09-2025 08:45
ORD0393,SKU_APP_BURKHA_092,3,3111,20-09-2025 08:45
ORD0394,SKU_APP_RAINCOAT_093,1,1597,28-09-2025 08:45
ORD0394,SKU_APP_BODYSUIT_094,1,1037,19-09-2025 08:45
ORD0394,SKU_APP_NIGHTSUIT_095,3,1737,06-10-2025 08:45
ORD0394,SKU_APP_BATHROBE_096,2,1954,03-10-2025 08:45
ORD0395,SKU_APP_HENLEY_097,1,1061,19-09-2025 08:45
ORD0395,SKU_APP_KAFTAN_098,3,5358,04-10-2025 08:45
ORD0396,SKU_APP_GOWN_099,1,1289,13-10-2025 08:45
ORD0396,SKU_APP_WORKPANT_100,3,2820,21-09-2025 08:45
ORD0397,SKU_ELEC_PHONE_101,3,2226,13-10-2025 08:45
ORD0397,SKU_ELEC_LAPTOP_102,2,424,08-10-2025 08:45
ORD0397,SKU_ELEC_EARBUDS_103,1,1816,18-09-2025 08:45
ORD0397,SKU_ELEC_TV_104,3,4914,21-09-2025 08:45
ORD0397,SKU_ELEC_SMARTWATCH_105,2,3062,09-10-2025 08:45
ORD0398,SKU_ELEC_CAMERA_106,3,2244,24-09-2025 08:45
ORD0398,SKU_ELEC_SPEAKER_107,3,1737,21-09-2025 08:45
ORD0399,SKU_ELEC_TABLET_108,1,1264,01-10-2025 08:45
ORD0399,SKU_ELEC_ROUTER_109,1,1171,16-10-2025 08:45
ORD0399,SKU_ELEC_POWERBANK_110,2,546,05-10-2025 08:45
ORD0400,SKU_ELEC_KEYBOARD_111,2,1154,01-10-2025 08:45
ORD0400,SKU_ELEC_MOUSE_112,1,1785,18-09-2025 08:45
ORD0400,SKU_ELEC_MONITOR_113,1,1391,03-10-2025 08:45
ORD0400,SKU_ELEC_PRINTER_114,1,1208,13-10-2025 08:45
ORD0400,SKU_ELEC_HARDDRIVE_115,2,2768,11-10-2025 08:45
ORD0401,SKU_ELEC_SSD_116,1,1611,09-10-2025 08:45
ORD0401,SKU_ELEC_DRONE_117,2,1484,01-10-2025 08:45
ORD0402,SKU_ELEC_CONSOLE_118,3,3501,19-09-2025 08:45
ORD0402,SKU_ELEC_VR_119,1,925,07-10-2025 08:45
ORD0402,SKU_ELEC_PROJECTOR_120,3,5901,01-10-2025 08:45
ORD0402,SKU_ELEC_CABLE_121,3,1212,03-10-2025 08:45
ORD0402,SKU_ELEC_HEADPHONE_122,1,898,17-09-2025 08:45
ORD0403,SKU_ELEC_MIC_123,3,5742,17-10-2025 08:45
ORD0403,SKU_ELEC_CONTROLLER_124,2,812,02-10-2025 08:45
ORD0403,SKU_ELEC_DASHCAM_125,3,1053,16-10-2025 08:45
ORD0403,SKU_ELEC_TRIPOD_126,1,425,11-10-2025 08:45
ORD0403,SKU_ELEC_FLASH_127,1,742,03-10-2025 08:45
ORD0404,SKU_ELEC_SMARTBULB_128,2,990,26-09-2025 08:45
ORD0404,SKU_ELEC_SMARTPLUG_129,1,763,30-09-2025 08:45
ORD0404,SKU_ELEC_AIRPURIFIER_130,2,3064,14-10-2025 08:45
ORD0404,SKU_ELEC_KINDLE_131,1,1459,13-10-2025 08:45
ORD0404,SKU_ELEC_DRAWINGTAB_132,1,281,17-09-2025 08:45
ORD0405,SKU_ELEC_WEBCAM_133,1,1739,17-10-2025 08:45
ORD0405,SKU_ELEC_LENS_134,2,1410,17-10-2025 08:45
ORD0405,SKU_ELEC_GIMBAL_135,3,4551,12-10-2025 08:45
ORD0405,SKU_ELEC_SOUNDBAR_136,3,4596,13-10-2025 08:45
ORD0405,SKU_ELEC_DOORBELL_137,2,2038,02-10-2025 08:45
ORD0406,SKU_ELEC_THERMOSTAT_138,1,1904,22-09-2025 08:45
ORD0406,SKU_ELEC_KETTLE_139,3,1404,08-10-2025 08:45
ORD0406,SKU_ELEC_BLENDER_140,2,2416,25-09-2025 08:45
ORD0407,SKU_ELEC_SMARTLOCK_141,2,2782,18-09-2025 08:45
ORD0407,SKU_ELEC_ACTIONCAM_142,1,1127,06-10-2025 08:45
ORD0407,SKU_ELEC_PORTABLESSD_143,1,1310,22-09-2025 08:45
ORD0407,SKU_ELEC_STREAMSTICK_144,3,3597,21-09-2025 08:45
ORD0408,SKU_ELEC_SMARTSCALE_145,3,2226,01-10-2025 08:45
ORD0408,SKU_ELEC_BABYMONITOR_146,3,5388,07-10-2025 08:45
ORD0408,SKU_ELEC_CLICKER_147,1,1816,09-10-2025 08:45
ORD0408,SKU_ELEC_DIGITALFRAME_148,1,1964,01-10-2025 08:45
ORD0409,SKU_ELEC_GAMINGCHAIR_149,1,1204,25-09-2025 08:45
ORD0409,SKU_ELEC_DESKFAN_150,1,229,16-10-2025 08:45
ORD0409,SKU_JEW_RING_151,1,660,20-09-2025 08:45
ORD0410,SKU_JEW_NECKLACE_152,3,3612,29-09-2025 08:45
ORD0410,SKU_JEW_EARRING_153,3,3867,14-10-2025 08:45
ORD0410,SKU_JEW_BRACELET_154,2,1052,05-10-2025 08:45
ORD0410,SKU_JEW_ANKLET_155,3,1842,14-10-2025 08:45
ORD0411,SKU_JEW_WATCH_156,1,910,18-09-2025 08:45
ORD0411,SKU_JEW_SUNGLASSES_157,1,1415,06-10-2025 08:45
ORD0411,SKU_JEW_HANDBAG_158,2,1850,05-10-2025 08:45
ORD0412,SKU_JEW_BELT_159,2,1302,26-09-2025 08:45
ORD0412,SKU_JEW_WALLET_160,3,3621,27-09-2025 08:45
ORD0412,SKU_JEW_HAT_161,3,5403,13-10-2025 08:45
ORD0413,SKU_JEW_SCARF_162,1,1283,29-09-2025 08:45
ORD0413,SKU_JEW_BROOCH_163,3,3855,03-10-2025 08:45
ORD0414,SKU_JEW_CHAIN_164,3,2139,20-09-2025 08:45
ORD0414,SKU_JEW_TOERING_165,1,579,05-10-2025 08:45
ORD0414,SKU_JEW_BACKPACK_166,3,5286,15-10-2025 08:45
ORD0415,SKU_JEW_HAIRPIN_167,1,529,18-09-2025 08:45
ORD0415,SKU_JEW_CUFFLINK_168,1,1797,08-10-2025 08:45
ORD0416,SKU_JEW_KEYCHAIN_169,1,1816,20-09-2025 08:45
ORD0416,SKU_JEW_DUFFEL_170,3,3945,01-10-2025 08:45
ORD0417,SKU_JEW_PENDANT_171,3,5499,24-09-2025 08:45
ORD0417,SKU_JEW_LOCKET_172,1,774,20-09-2025 08:45
ORD0417,SKU_JEW_NOSEPIN_173,1,1353,04-10-2025 08:45
ORD0417,SKU_JEW_BANGLES_174,1,419,09-10-2025 08:45
ORD0417,SKU_JEW_TIARA_175,2,2782,26-09-2025 08:45
ORD0418,SKU_JEW_HAIRBAND_176,3,2115,05-10-2025 08:45
ORD0418,SKU_JEW_HAIRCLIP_177,1,742,01-10-2025 08:45
ORD0418,SKU_JEW_CARDHOLDER_178,3,2775,17-10-2025 08:45
ORD0418,SKU_JEW_LUGGAGETAG_179,1,360,19-09-2025 08:45
ORD0418,SKU_JEW_TRAVELWALLET_180,2,1248,27-09-2025 08:45
ORD0419,SKU_JEW_LAPELPIN_181,1,1329,05-10-2025 08:45
ORD0419,SKU_JEW_TIECLIP_182,2,3062,12-10-2025 08:45
ORD0419,SKU_JEW_ARMLET_183,1,239,29-09-2025 08:45
ORD0419,SKU_JEW_WAISTCHAIN_184,2,3726,22-09-2025 08:45
ORD0419,SKU_JEW_SCRUNCHIE_185,1,1097,02-10-2025 08:45
ORD0420,SKU_JEW_POTLIBAG_186,1,1801,25-09-2025 08:45
ORD0420,SKU_JEW_SUNGLASSCHAIN_187,3,2853,17-10-2025 08:45
ORD0421,SKU_JEW_JEWELBOX_188,3,5121,17-10-2025 08:45
ORD0421,SKU_JEW_WATCHSTRAP_189,2,1052,20-09-2025 08:45
ORD0422,SKU_JEW_BEADBRACELET_190,3,2052,23-09-2025 08:45
ORD0422,SKU_JEW_GEMRING_191,3,5631,06-10-2025 08:45
ORD0422,SKU_JEW_JEWELROLL_192,3,5346,09-10-2025 08:45
ORD0422,SKU_JEW_CHARMKEY_193,1,1658,17-10-2025 08:45
ORD0423,SKU_JEW_BROOCHSET_194,1,199,19-09-2025 08:45
ORD0423,SKU_JEW_WAISTBELT_195,3,1275,05-10-2025 08:45
ORD0423,SKU_JEW_SOCKS_196,2,2254,25-09-2025 08:45
ORD0424,SKU_JEW_GLOVES_197,3,4551,02-10-2025 08:45
ORD0424,SKU_JEW_UMBRELLA_198,2,2140,24-09-2025 08:45
ORD0424,SKU_JEW_PHONECHARM_199,2,514,20-09-2025 08:45
ORD0425,SKU_JEW_COINPURSE_200,2,2950,23-09-2025 08:45
ORD0425,SKU_PHA_PARACETAMOL_001,1,1964,17-09-2025 08:45
ORD0426,SKU_PHA_IBUPROFEN_002,1,763,07-10-2025 08:45
ORD0426,SKU_PHA_ANTACID_003,2,514,26-09-2025 08:45
ORD0426,SKU_PHA_COUGH_004,1,430,22-09-2025 08:45
ORD0426,SKU_PHA_VITC_005,2,3262,27-09-2025 08:45
ORD0427,SKU_PHA_MULTIVIT_006,3,2343,30-09-2025 08:45
ORD0427,SKU_PHA_BANDAGE_007,2,1012,08-10-2025 08:45
ORD0427,SKU_PHA_SANITIZER_008,2,1410,12-10-2025 08:45
ORD0427,SKU_PHA_THERMOMETER_009,2,3656,09-10-2025 08:45
ORD0427,SKU_PHA_GLUCOSE_010,2,2578,16-10-2025 08:45
ORD0428,SKU_PHA_B12_011,1,430,14-10-2025 08:45
ORD0428,SKU_PHA_DIGENE_012,1,577,28-09-2025 08:45
ORD0429,SKU_PHA_VITD_013,2,3316,20-09-2025 08:45
ORD0429,SKU_PHA_GASRELIEF_014,2,2484,05-10-2025 08:45
ORD0430,SKU_PHA_ANTIFUNGAL_015,2,702,15-10-2025 08:45
ORD0430,SKU_PHA_ANTIBIOTIC_016,3,2289,23-09-2025 08:45
ORD0430,SKU_PHA_ALLERGY_017,1,963,19-09-2025 08:45
ORD0430,SKU_PHA_BETADINE_018,1,526,26-09-2025 08:45
ORD0431,SKU_PHA_INSULIN_019,2,2042,12-10-2025 08:45
ORD0431,SKU_PHA_VITAMINC_020,3,2205,12-10-2025 08:45
ORD0431,SKU_PHA_CALCIUM_021,3,3546,15-10-2025 08:45
ORD0431,SKU_PHA_IRON_022,2,918,17-10-2025 08:45
ORD0431,SKU_PHA_ZINC_023,2,2100,01-10-2025 08:45
ORD0432,SKU_PHA_ORAL_024,1,625,12-10-2025 08:45
ORD0432,SKU_PHA_LOZENGE_025,1,1403,11-10-2025 08:45
ORD0432,SKU_PHA_ELECTROLYTE_026,2,1320,17-10-2025 08:45
ORD0433,SKU_PHA_INHALER_027,1,651,19-09-2025 08:45
ORD0433,SKU_PHA_OINTMENT_028,1,742,12-10-2025 08:45
ORD0433,SKU_PHA_GLUCOMETER_029,1,360,04-10-2025 08:45
ORD0433,SKU_PHA_BP_030,3,1200,24-09-2025 08:45
ORD0433,SKU_PHA_PAINSPRAY_031,1,898,29-09-2025 08:45
ORD0434,SKU_PHA_COOLGEL_032,3,5832,25-09-2025 08:45
ORD0434,SKU_PHA_COLDTAB_033,2,1526,18-09-2025 08:45
ORD0434,SKU_PHA_DIGESTIVE_034,2,1656,26-09-2025 08:45
ORD0434,SKU_PHA_PROBIOTIC_035,1,1310,04-10-2025 08:45
ORD0434,SKU_PHA_CALAMINE_036,2,1262,16-10-2025 08:45
ORD0435,SKU_PHA_LIVER_037,3,4524,06-10-2025 08:45
ORD0435,SKU_PHA_STEAM_038,1,1420,08-10-2025 08:45
ORD0435,SKU_PHA_MASK_039,1,1289,07-10-2025 08:45
ORD0435,SKU_PHA_VAPORUB_040,3,1053,03-10-2025 08:45
ORD0435,SKU_PHA_PROTEIN_041,2,3594,28-09-2025 08:45
ORD0436,SKU_PHA_VITAMINK2_042,1,1391,27-09-2025 08:45
ORD0436,SKU_PHA_MAGNESIUM_043,2,1368,22-09-2025 08:45
ORD0436,SKU_PHA_PROTEINBAR_044,3,5856,01-10-2025 08:45
ORD0437,SKU_PHA_COLLAGEN_045,2,3934,12-10-2025 08:45
ORD0437,SKU_PHA_BANDAGEKIT_046,3,5679,17-10-2025 08:45
ORD0437,SKU_PHA_HEATINGPAD_047,1,1283,11-10-2025 08:45
ORD0437,SKU_PHA_PULSE_048,1,684,11-10-2025 08:45
ORD0437,SKU_PHA_MASSAGER_049,1,229,25-09-2025 08:45
ORD0438,SKU_PHA_STRETCH_050,3,5832,28-09-2025 08:45
ORD0438,62316095,2,990,23-09-2025 08:45
ORD0438,1982137274,1,761,05-10-2025 08:45
ORD0439,059035342X,3,1080,04-10-2025 08:45
ORD0439,307474275,1,963,15-10-2025 08:45
ORD0439,140449132,2,3586,05-10-2025 08:45
ORD0439,61120081,3,2619,19-09-2025 08:45
ORD0439,553386794,1,1171,02-10-2025 08:45
ORD0440,544003411,1,1531,24-09-2025 08:45
ORD0440,62316117,3,5121,11-10-2025 08:45
ORD0441,143127748,3,1257,24-09-2025 08:45
ORD0441,1594634025,2,514,12-10-2025 08:45
ORD0441,038549081X,2,1746,18-09-2025 08:45
ORD0442,62457713,1,342,07-10-2025 08:45
ORD0442,142437239,3,4524,16-10-2025 08:45
ORD0443,030788744X,3,1953,11-10-2025 08:45
ORD0443,62315005,1,1233,04-10-2025 08:45
ORD0444,596007120,1,1207,13-10-2025 08:45
ORD0444,262033844,3,5166,06-10-2025 08:45
ORD0444,132350882,1,660,23-09-2025 08:45
ORD0444,735211299,3,1599,16-10-2025 08:45
ORD0444,385472579,3,3612,23-09-2025 08:45
ORD0445,60850523,3,5712,24-09-2025 08:45
ORD0445,143039954,3,5484,01-10-2025 08:45
ORD0445,1501128035,1,1964,18-09-2025 08:45
ORD0445,525559477,2,2254,25-09-2025 08:45
ORD0446,804139296,2,2466,20-09-2025 08:45
ORD0446,66620996,3,2934,02-10-2025 08:45
ORD0446,006245773X,1,1298,15-10-2025 08:45
ORD0446,451524934,1,1208,03-10-2025 08:45
ORD0447,316769487,1,1201,21-09-2025 08:45
ORD0447,671027034,3,3867,19-09-2025 08:45
ORD0447,1982157283,3,1242,08-10-2025 08:45
ORD0447,593230256,3,2619,21-09-2025 08:45
ORD0448,345803485,1,1182,11-10-2025 08:45
ORD0448,081298160X,2,1880,09-10-2025 08:45
ORD0448,590353403,2,3486,01-10-2025 08:45
ORD0448,143110438,1,714,30-09-2025 08:45
ORD0448,307465357,2,3016,10-10-2025 08:45
ORD0449,140283331,1,977,17-10-2025 08:45
ORD0449,62315008,1,1782,06-10-2025 08:45
ORD0449,307346617,3,4059,10-10-2025 08:45
ORD0450,61992275,1,1214,24-09-2025 08:45
ORD0450,006256577X,3,1872,25-09-2025 08:45
ORD0450,1250316774,1,199,10-10-2025 08:45
ORD0451,62457715,3,1209,07-10-2025 08:45
ORD0451,307277674,2,2750,13-10-2025 08:45
ORD0452,385484518,2,1856,20-09-2025 08:45
ORD0452,1501173219,2,786,02-10-2025 08:45
ORD0453,143130722,2,3602,22-09-2025 08:45
ORD0453,399590501,2,2690,15-10-2025 08:45
ORD0453,62316112,1,1182,09-10-2025 08:45
ORD0453,307719227,2,3222,17-09-2025 08:45
ORD0454,143127550,2,1926,13-10-2025 08:45
ORD0454,62315009,1,1946,26-09-2025 08:45
ORD0454,143126562,3,5286,02-10-2025 08:45
ORD0454,62316113,1,828,25-09-2025 08:45
ORD0455,307463740,3,2853,11-10-2025 08:45
ORD0455,62871337,1,1762,10-10-2025 08:45
ORD0455,307273601,2,918,21-09-2025 08:45
ORD0455,1501161933,2,1816,11-10-2025 08:45
ORD0455,140280197,1,229,20-09-2025 08:45
ORD0456,1455586691,1,395,26-09-2025 08:45
ORD0456,62316107,2,1302,06-10-2025 08:45
ORD0456,90711001-BEIGE,2,3034,19-09-2025 08:45
ORD0456,90711002-WHITE,3,3945,24-09-2025 08:45
ORD0456,90711003-BLACK,2,2336,01-10-2025 08:45
ORD0457,90711004-GREEN,3,933,03-10-2025 08:45
ORD0457,90711005-OAK,1,1283,08-10-2025 08:45
ORD0457,90711006-BLUE,2,2466,23-09-2025 08:45
ORD0457,90711007-GRAY,2,806,17-09-2025 08:45
ORD0458,90711008-WHITE,2,2466,02-10-2025 08:45
ORD0458,90721001-BLACK,2,3808,17-09-2025 08:45
ORD0459,90721002-WHITE,3,4173,23-09-2025 08:45
ORD0459,90721003-BEIGE,2,562,02-10-2025 08:45
ORD0459,90721004-GREEN,3,819,15-10-2025 08:45
ORD0460,90721005-WOOD,3,915,05-10-2025 08:45
ORD0460,90721006-BLUE,2,1066,01-10-2025 08:45
ORD0460,90721007-WHITE,2,398,12-10-2025 08:45
ORD0461,90721008-GRAY,1,1785,24-09-2025 08:45
ORD0461,90721009-BLACK,1,425,29-09-2025 08:45
ORD0462,90721010-WOOD,3,3687,19-09-2025 08:45
ORD0462,90731001-WHITE,1,1743,08-10-2025 08:45
ORD0463,90731002-GRAY,1,246,23-09-2025 08:45
ORD0463,90731003-BLACK,2,990,01-10-2025 08:45
ORD0463,90731004-BEIGE,2,2630,06-10-2025 08:45
ORD0463,90731005-WOOD,2,3902,28-09-2025 08:45
ORD0463,90731006-BLUE,2,1158,05-10-2025 08:45
ORD0464,90731007-WHITE,2,1604,03-10-2025 08:45
ORD0464,90731008-GREEN,2,3798,12-10-2025 08:45
ORD0464,90731009-GRAY,1,660,24-09-2025 08:45
ORD0465,90731010-BLACK,2,838,24-09-2025 08:45
ORD0465,90731011-WHITE,2,3904,08-10-2025 08:45
ORD0465,90731012-BLACK,2,1052,04-10-2025 08:45
ORD0465,90731013-GREEN,3,636,09-10-2025 08:45
ORD0466,90731014-WOOD,1,353,18-09-2025 08:45
ORD0466,90731015-GRAY,3,3624,08-10-2025 08:45
ORD0466,90731016-WHITE,2,2176,12-10-2025 08:45
ORD0466,90731017-BLACK,3,3504,24-09-2025 08:45
ORD0467,90731018-BEIGE,1,1532,22-09-2025 08:45
ORD0467,90731019-WHITE,3,1980,09-10-2025 08:45
ORD0467,90731020-BLUE,2,3508,05-10-2025 08:45
ORD0467,90731021-WHITE,3,5838,08-10-2025 08:45
ORD0468,90731022-GRAY,2,1880,27-09-2025 08:45
ORD0468,90731023-BLACK,1,1743,04-10-2025 08:45
ORD0468,90731024-WOOD,1,1171,09-10-2025 08:45
ORD0469,90731025-BLUE,2,2658,20-09-2025 08:45
ORD0469,90731026-GREEN,2,3316,21-09-2025 08:45
ORD0469,90731027-BLACK,2,3726,29-09-2025 08:45
ORD0469,90731028-WHITE,2,1820,02-10-2025 08:45
ORD0469,90731029-GRAY,2,1276,17-09-2025 08:45
ORD0470,90731030-BEIGE,2,3316,10-10-2025 08:45
ORD0470,90731031-WHITE,3,3057,23-09-2025 08:45
ORD0470,90731032-BLACK,2,806,02-10-2025 08:45
ORD0471,90731033-GREEN,1,629,14-10-2025 08:45
ORD0471,90732001-500G,3,4596,01-10-2025 08:45
ORD0471,90732002-1KG,2,2232,11-10-2025 08:45
ORD0472,90732003-200G,3,1290,12-10-2025 08:45
ORD0472,90732004-500ML,3,2292,22-09-2025 08:45
ORD0472,90732005-1L,3,5856,20-09-2025 08:45
ORD0472,90732006-250G,3,3612,13-10-2025 08:45
ORD0472,90732007-100G,3,2934,09-10-2025 08:45
ORD0473,90732008-500G,2,2840,13-10-2025 08:45
ORD0473,90732009-200G,2,3034,12-10-2025 08:45
ORD0473,90732010-150G,1,1037,11-10-2025 08:45
ORD0474,90732011-1KG,3,4173,02-10-2025 08:45
ORD0474,90732012-1KG,2,1820,04-10-2025 08:45
ORD0474,90732013-500G,2,1410,12-10-2025 08:45
ORD0474,90732014-200G,2,2038,22-09-2025 08:45
ORD0475,90732015-750ML,2,3572,10-10-2025 08:45
ORD0475,90732016-400G,3,1200,15-10-2025 08:45
ORD0475,90732017-200G,3,3612,04-10-2025 08:45
ORD0475,90732018-500G,2,828,24-09-2025 08:45
ORD0476,90732019-250G,1,1353,20-09-2025 08:45
ORD0476,90732020-300G,1,1782,20-09-2025 08:45
ORD0476,90732021-1KG,2,3486,12-10-2025 08:45
ORD0476,90732022-500G,1,964,16-10-2025 08:45
ORD0476,90732023-1L,2,1158,14-10-2025 08:45
ORD0477,90732024-500G,1,1739,23-09-2025 08:45
ORD0477,90732025-200G,3,5712,10-10-2025 08:45
ORD0477,90732026-1KG,2,1248,25-09-2025 08:45
ORD0477,90732027-100G,3,5838,14-10-2025 08:45
ORD0477,90732028-500G,2,1470,01-10-2025 08:45
ORD0478,90732029-750ML,1,314,04-10-2025 08:45
ORD0478,90732030-500G,3,954,18-09-2025 08:45
ORD0479,90732031-500G,3,4245,14-10-2025 08:45
ORD0479,90732032-200G,2,492,29-09-2025 08:45
ORD0480,90732033-500ML,3,1578,17-10-2025 08:45
ORD0480,90732034-100G,3,4173,14-10-2025 08:45
ORD0480,90732035-400G,2,1248,04-10-2025 08:45
ORD0480,90732036-500G,3,4893,03-10-2025 08:45
ORD0480,90732037-250G,1,1833,12-10-2025 08:45
ORD0481,90732038-200G,3,5589,19-09-2025 08:45
ORD0481,90732039-750ML,1,455,04-10-2025 08:45
ORD0481,90732040-300G,1,1964,14-10-2025 08:45
ORD0482,90732041-1KG,3,5262,15-10-2025 08:45
ORD0482,90732042-500G,1,1346,25-09-2025 08:45
ORD0482,90732043-500G,3,1185,28-09-2025 08:45
ORD0482,90732044-200G,2,1402,03-10-2025 08:45
ORD0483,90732045-1L,3,2391,05-10-2025 08:45
ORD0483,90732046-200G,3,2406,20-09-2025 08:45
ORD0484,90732047-1KG,3,3945,02-10-2025 08:45
ORD0484,90732048-500G,3,4524,12-10-2025 08:45
ORD0484,90732049-250G,2,562,20-09-2025 08:45
ORD0485,90732050-300G,1,295,17-10-2025 08:45
ORD0485,90733001-BLUE,1,1097,17-09-2025 08:45
ORD0485,90733002-A4,2,828,21-09-2025 08:45
ORD0485,90733003-SET,2,2122,30-09-2025 08:45
ORD0486,90733004-BLACK,3,636,21-09-2025 08:45
ORD0486,90733005-500,3,3210,21-09-2025 08:45
ORD0486,90733006-BLUE,2,1228,22-09-2025 08:45
ORD0487,90733007-WHITE,1,1375,05-10-2025 08:45
ORD0487,90733008-METAL,1,459,25-09-2025 08:45
ORD0487,90733009-GLUE,1,1459,19-09-2025 08:45
ORD0488,90733010-RULER,2,424,04-10-2025 08:45
ORD0488,90733011-BLUE,2,3212,01-10-2025 08:45
ORD0488,90733012-A4,1,229,15-10-2025 08:45
ORD0488,90733013-METAL,3,1914,26-09-2025 08:45
ORD0489,90733014-WHITE,1,1948,03-10-2025 08:45
ORD0489,90733015-SET,3,4035,16-10-2025 08:45
ORD0489,90733016-A4,2,1066,26-09-2025 08:45
ORD0489,90733017-BLACK,2,3786,26-09-2025 08:45
ORD0490,90733018-METAL,2,3808,25-09-2025 08:45
ORD0490,90733019-SET,2,2466,30-09-2025 08:45
ORD0490,90733020-A4,2,2042,05-10-2025 08:45
ORD0490,90733021-BLACK,3,2265,06-10-2025 08:45
ORD0490,90733022-A4,2,2122,12-10-2025 08:45
ORD0491,90733023-WHITE,1,526,02-10-2025 08:45
ORD0491,90733024-BLUE,2,610,17-09-2025 08:45
ORD0491,90733025-BLACK,2,2566,26-09-2025 08:45
ORD0491,90733026-METAL,1,360,17-09-2025 08:45
ORD0491,90733027-SET,3,2784,15-10-2025 08:45
ORD0492,90733028-BLUE,1,898,27-09-2025 08:45
ORD0492,90733029-WHITE,2,1724,17-10-2025 08:45
ORD0492,90733030-BLUE,3,3063,12-10-2025 08:45
ORD0492,90733031-BLUE,2,3316,12-10-2025 08:45
ORD0493,90733032-BLACK,2,2038,11-10-2025 08:45
ORD0493,90733033-SET,3,3513,29-09-2025 08:45
ORD0493,90733034-WHITE,3,690,28-09-2025 08:45
ORD0493,90733035-METAL,2,1528,22-09-2025 08:45
ORD0494,90733036-SET,3,3621,26-09-2025 08:45
ORD0494,90733037-WHITE,1,1182,05-10-2025 08:45
ORD0495,90733038-BLUE,3,1257,17-09-2025 08:45
ORD0495,90733039-BLACK,1,406,17-10-2025 08:45
ORD0495,90733040-WHITE,3,3726,18-09-2025 08:45
ORD0495,90733041-BLUE,1,584,08-10-2025 08:45
ORD0495,90733042-WHITE,2,2706,08-10-2025 08:45
ORD0496,90733043-BLUE,1,625,11-10-2025 08:45
ORD0496,90733044-METAL,2,1594,07-10-2025 08:45
ORD0497,90733045-SET,1,1384,19-09-2025 08:45
ORD0497,90733046-BLACK,1,342,18-09-2025 08:45
ORD0497,90733047-BLUE,2,2074,04-10-2025 08:45
ORD0497,90733048-WHITE,1,472,06-10-2025 08:45
ORD0497,90733049-BLACK,3,819,16-10-2025 08:45
ORD0498,90733050-SET,1,1611,08-10-2025 08:45
ORD0498,90734001-STEEL,1,1233,27-09-2025 08:45
ORD0498,90734002-SET,1,978,17-09-2025 08:45
ORD0498,90734003-STEEL,1,1168,13-10-2025 08:45
ORD0499,90734004-STEEL,3,4137,28-09-2025 08:45
ORD0499,90734005-STEEL,3,4209,30-09-2025 08:45
ORD0499,90734006-BLACK,1,1199,09-10-2025 08:45
ORD0500,90734007-SET,2,3064,24-09-2025 08:45
ORD0500,90734008-STEEL,3,3504,11-10-2025 08:45
ORD0500,90734009-STEEL,3,4920,26-09-2025 08:45
ORD0500,90734010-BOX,3,2484,03-10-2025 08:45
ORD0501,90734011-STEEL,1,342,03-10-2025 08:45
ORD0501,90734012-BLACK,3,4197,23-09-2025 08:45
ORD0501,90734013-STEEL,1,230,12-10-2025 08:45
ORD0501,90734014-YELLOW,1,631,15-10-2025 08:45
ORD0501,90734015-STEEL,1,1379,23-09-2025 08:45
ORD0502,90734016-STEEL,2,936,07-10-2025 08:45
ORD0502,90734017-STEEL,1,1607,08-10-2025 08:45
ORD0502,90734018-BLACK,2,2692,19-09-2025 08:45
ORD0502,90734019-STEEL,1,1964,03-10-2025 08:45
ORD0502,90734020-STEEL,1,1171,11-10-2025 08:45
ORD0503,90734021-STEEL,2,2578,03-10-2025 08:45
ORD0503,90734022-STEEL,1,909,15-10-2025 08:45
ORD0504,90734023-STEEL,2,3594,14-10-2025 08:45
ORD0504,90734024-STEEL,3,3699,13-10-2025 08:45
ORD0505,90734025-STEEL,3,5229,17-10-2025 08:45
ORD0505,90734026-STEEL,2,1856,29-09-2025 08:45
ORD0506,90734027-STEEL,3,2694,10-10-2025 08:45
ORD0506,90734028-STEEL,2,3524,02-10-2025 08:45
ORD0506,90734029-STEEL,2,2024,15-10-2025 08:45
ORD0506,90734030-STEEL,2,3262,29-09-2025 08:45
ORD0506,90734031-STEEL,2,1906,29-09-2025 08:45
ORD0507,90734032-STEEL,1,1291,02-10-2025 08:45
ORD0507,90734033-BLACK,1,1777,09-10-2025 08:45
ORD0507,90734034-STEEL,1,273,17-09-2025 08:45
ORD0507,90734035-STEEL,3,4722,09-10-2025 08:45
ORD0507,90734036-BLUE,2,1222,20-09-2025 08:45
ORD0508,90734037-BLACK,1,400,11-10-2025 08:45
ORD0508,90734038-STEEL,2,3808,04-10-2025 08:45
ORD0508,90734039-STEEL,3,3597,08-10-2025 08:45
ORD0508,90734040-STEEL,2,2660,11-10-2025 08:45
ORD0509,90734041-STEEL,2,3726,12-10-2025 08:45
ORD0509,90734042-STEEL,2,622,30-09-2025 08:45
ORD0509,90734043-BLACK,2,3614,08-10-2025 08:45
ORD0509,90734044-STEEL,2,2604,18-09-2025 08:45
ORD0510,90734045-STEEL,1,629,17-09-2025 08:45
ORD0510,90734046-STEEL,3,4152,14-10-2025 08:45
ORD0510,90734047-STEEL,1,1946,19-09-2025 08:45
ORD0511,90734048-STEEL,2,3554,04-10-2025 08:45
ORD0511,90734049-STEEL,2,2176,02-10-2025 08:45
ORD0512,90734050-STEEL,3,4377,17-09-2025 08:45
ORD0512,SKU_LIP_001,2,2074,15-10-2025 08:45
ORD0512,SKU_EYE_001,2,3892,15-10-2025 08:45
ORD0513,SKU_SKIN_001,1,305,17-09-2025 08:45
ORD0513,SKU_FOUND_001,2,1222,22-09-2025 08:45
ORD0513,SKU_HAIR_001,3,3603,03-10-2025 08:45
ORD0513,SKU_LIP_002,1,468,26-09-2025 08:45
ORD0514,SKU_EYE_002,1,393,22-09-2025 08:45
ORD0514,SKU_SKIN_002,2,936,03-10-2025 08:45
ORD0515,SKU_SKIN_003,2,2244,09-10-2025 08:45
ORD0515,SKU_FOUND_002,2,2042,25-09-2025 08:45
ORD0515,SKU_HAIR_002,2,610,19-09-2025 08:45
ORD0516,SKU_HAIR_003,1,828,10-10-2025 08:45
ORD0516,SKU_SKIN_004,1,1070,15-10-2025 08:45
ORD0516,SKU_LIP_003,3,3057,23-09-2025 08:45
ORD0516,SKU_SKIN_005,3,1578,22-09-2025 08:45
ORD0516,SKU_EYE_003,2,1902,10-10-2025 08:45
ORD0517,SKU_SKIN_006,3,3894,29-09-2025 08:45
ORD0517,SKU_HAIR_004,2,1902,02-10-2025 08:45
ORD0517,SKU_SKIN_007,2,3276,05-10-2025 08:45
ORD0517,SKU_EYE_004,2,3754,24-09-2025 08:45
ORD0517,SKU_NAIL_001,3,1980,17-10-2025 08:45
ORD0518,SKU_SKIN_008,1,1168,10-10-2025 08:45
ORD0518,SKU_LIP_004,3,4137,13-10-2025 08:45
ORD0518,SKU_SKIN_009,3,4149,30-09-2025 08:45
ORD0518,SKU_EYE_005,3,690,27-09-2025 08:45
ORD0518,SKU_SKIN_010,3,2283,23-09-2025 08:45
ORD0519,SKU_HAIR_005,2,2402,02-10-2025 08:45
ORD0519,SKU_SKIN_011,2,1012,17-09-2025 08:45
ORD0519,SKU_LIP_005,2,702,07-10-2025 08:45
ORD0519,SKU_SKIN_012,3,4209,24-09-2025 08:45
ORD0519,SKU_PERF_001,3,4149,08-10-2025 08:45
ORD0520,SKU_SKIN_013,2,1604,22-09-2025 08:45
ORD0520,SKU_EYE_006,3,3642,08-10-2025 08:45
ORD0520,SKU_SKIN_014,2,1548,22-09-2025 08:45
ORD0520,SKU_HAIR_006,3,5388,14-10-2025 08:45
ORD0520,SKU_SKIN_015,2,2758,07-10-2025 08:45
ORD0521,SKU_SKIN_016,3,2391,02-10-2025 08:45
ORD0521,SKU_NAIL_002,3,1776,26-09-2025 08:45
ORD0521,SKU_SKIN_017,1,199,03-10-2025 08:45
ORD0521,SKU_SKIN_018,1,1242,19-09-2025 08:45
ORD0522,SKU_SKIN_019,2,628,14-10-2025 08:45
ORD0522,SKU_SKIN_020,3,843,13-10-2025 08:45
ORD0522,SKU_MAKE_001,1,342,25-09-2025 08:45
ORD0523,SKU_SKIN_021,2,2254,11-10-2025 08:45
ORD0523,SKU_HAIR_007,1,1229,18-09-2025 08:45
ORD0524,SKU_NAIL_003,2,910,30-09-2025 08:45
ORD0524,SKU_SKIN_022,3,5631,07-10-2025 08:45
ORD0524,SKU_SKIN_023,2,1066,02-10-2025 08:45
ORD0525,SKU_MAKE_002,3,3945,03-10-2025 08:45
ORD0525,SKU_HAIR_008,1,342,30-09-2025 08:45
ORD0525,SKU_APP_TSHIRT_051,2,1012,04-10-2025 08:45
ORD0526,SKU_APP_SHIRT_052,1,1012,28-09-2025 08:45
ORD0526,SKU_APP_JEANS_053,3,3111,29-09-2025 08:45
ORD0526,SKU_APP_KURTA_054,2,1168,24-09-2025 08:45
ORD0526,SKU_APP_DRESS_055,2,1496,15-10-2025 08:45
ORD0527,SKU_APP_HOODIE_056,2,1052,25-09-2025 08:45
ORD0527,SKU_APP_LEGGINGS_057,1,406,02-10-2025 08:45
ORD0527,SKU_APP_JACKET_058,3,3894,14-10-2025 08:45
ORD0527,SKU_APP_SAREE_059,1,1042,17-09-2025 08:45
ORD0528,SKU_APP_SHORTS_060,3,4377,03-10-2025 08:45
ORD0528,SKU_APP_POLO_061,3,4152,07-10-2025 08:45
ORD0528,SKU_APP_CROPTOP_062,3,5331,16-10-2025 08:45
ORD0528,SKU_APP_CHINOS_063,2,2466,11-10-2025 08:45
ORD0529,SKU_APP_SKIRT_064,3,4821,26-09-2025 08:45
ORD0529,SKU_APP_SWEATER_065,3,4104,17-10-2025 08:45
ORD0529,SKU_APP_TANKTOP_066,3,4914,29-09-2025 08:45
ORD0530,SKU_APP_TRACKPANT_067,2,3114,05-10-2025 08:45
ORD0530,SKU_APP_DUPATTA_068,2,800,20-09-2025 08:45
ORD0530,SKU_APP_BLAZER_069,1,651,13-10-2025 08:45
ORD0530,SKU_APP_PALAZZO_070,1,631,14-10-2025 08:45
ORD0530,SKU_APP_CARDIGAN_071,1,953,28-09-2025 08:45
ORD0531,SKU_APP_JOGGER_072,2,1368,03-10-2025 08:45
ORD0531,SKU_APP_BLOUSE_073,3,771,06-10-2025 08:45
ORD0531,SKU_APP_OVERALLS_074,3,2484,06-10-2025 08:45
ORD0532,SKU_APP_PONCHO_075,3,2724,22-09-2025 08:45
ORD0532,SKU_APP_WAISTCOAT_076,1,1893,17-09-2025 08:45
ORD0532,SKU_APP_SHRUG_077,1,1743,05-10-2025 08:45
ORD0533,SKU_APP_THERMAL_078,2,838,07-10-2025 08:45
ORD0533,SKU_APP_ROMPER_079,3,5901,07-10-2025 08:45
ORD0534,SKU_APP_OVERCOAT_080,2,460,22-09-2025 08:45
ORD0534,SKU_APP_VEST_081,3,5589,18-09-2025 08:45
ORD0534,SKU_APP_CAMISOLE_082,1,1797,25-09-2025 08:45
ORD0534,SKU_APP_CAPRI_083,2,1302,17-10-2025 08:45
ORD0534,SKU_APP_ANARKALI_084,1,229,06-10-2025 08:45
ORD0535,SKU_APP_PETTICOAT_085,3,2586,09-10-2025 08:45
ORD0535,SKU_APP_DHOTI_086,1,404,12-10-2025 08:45
ORD0535,SKU_APP_LUNGI_087,3,3513,14-10-2025 08:45
ORD0536,SKU_APP_PARKA_088,2,3888,01-10-2025 08:45
ORD0536,SKU_APP_TUXEDO_089,2,1926,01-10-2025 08:45
ORD0537,SKU_APP_JUMPSUIT_090,3,2931,08-10-2025 08:45
ORD0537,SKU_APP_PULLOVER_091,2,1510,06-10-2025 08:45
ORD0537,SKU_APP_BURKHA_092,3,1599,13-10-2025 08:45
ORD0537,SKU_APP_RAINCOAT_093,3,3345,07-10-2025 08:45
ORD0537,SKU_APP_BODYSUIT_094,3,2892,20-09-2025 08:45
ORD0538,SKU_APP_NIGHTSUIT_095,1,1948,23-09-2025 08:45
ORD0538,SKU_APP_BATHROBE_096,2,3892,30-09-2025 08:45
ORD0538,SKU_APP_HENLEY_097,3,1179,15-10-2025 08:45
ORD0538,SKU_APP_KAFTAN_098,1,684,15-10-2025 08:45
ORD0539,SKU_APP_GOWN_099,2,2314,18-09-2025 08:45
ORD0539,SKU_APP_WORKPANT_100,1,1375,27-09-2025 08:45
ORD0540,SKU_ELEC_PHONE_101,2,3754,13-10-2025 08:45
ORD0540,SKU_ELEC_LAPTOP_102,1,1786,02-10-2025 08:45
ORD0540,SKU_ELEC_EARBUDS_103,3,3501,27-09-2025 08:45
ORD0540,SKU_ELEC_TV_104,1,529,15-10-2025 08:45
ORD0541,SKU_ELEC_SMARTWATCH_105,1,1285,24-09-2025 08:45
ORD0541,SKU_ELEC_CAMERA_106,2,2830,22-09-2025 08:45
ORD0542,SKU_ELEC_SPEAKER_107,2,3928,19-09-2025 08:45
ORD0542,SKU_ELEC_TABLET_108,1,430,22-09-2025 08:45
ORD0542,SKU_ELEC_ROUTER_109,1,1229,10-10-2025 08:45
ORD0542,SKU_ELEC_POWERBANK_110,3,1737,07-10-2025 08:45
ORD0543,SKU_ELEC_KEYBOARD_111,3,843,25-09-2025 08:45
ORD0543,SKU_ELEC_MOUSE_112,2,1816,30-09-2025 08:45
ORD0543,SKU_ELEC_MONITOR_113,3,3990,17-10-2025 08:45
ORD0543,SKU_ELEC_PRINTER_114,2,3614,11-10-2025 08:45
ORD0544,SKU_ELEC_HARDDRIVE_115,2,562,08-10-2025 08:45
ORD0544,SKU_ELEC_SSD_116,3,4671,16-10-2025 08:45
ORD0544,SKU_ELEC_DRONE_117,1,1115,24-09-2025 08:45
ORD0544,SKU_ELEC_CONSOLE_118,2,1548,26-09-2025 08:45
ORD0544,SKU_ELEC_VR_119,3,1842,11-10-2025 08:45
ORD0545,SKU_ELEC_PROJECTOR_120,2,808,11-10-2025 08:45
ORD0545,SKU_ELEC_CABLE_121,1,1459,08-10-2025 08:45
ORD0545,SKU_ELEC_HEADPHONE_122,1,1061,24-09-2025 08:45
ORD0545,SKU_ELEC_MIC_123,1,584,11-10-2025 08:45
ORD0546,SKU_ELEC_CONTROLLER_124,2,1956,22-09-2025 08:45
ORD0546,SKU_ELEC_DASHCAM_125,3,5589,24-09-2025 08:45
ORD0546,SKU_ELEC_TRIPOD_126,1,506,01-10-2025 08:45
ORD0547,SKU_ELEC_FLASH_127,3,4833,23-09-2025 08:45
ORD0547,SKU_ELEC_SMARTBULB_128,3,4260,13-10-2025 08:45
ORD0547,SKU_ELEC_SMARTPLUG_129,1,742,22-09-2025 08:45
ORD0547,SKU_ELEC_AIRPURIFIER_130,1,1037,18-09-2025 08:45
ORD0547,SKU_ELEC_KINDLE_131,3,2391,14-10-2025 08:45
ORD0548,SKU_ELEC_DRAWINGTAB_132,2,1258,28-09-2025 08:45
ORD0548,SKU_ELEC_WEBCAM_133,1,1475,19-09-2025 08:45
ORD0549,SKU_ELEC_LENS_134,3,3687,08-10-2025 08:45
ORD0549,SKU_ELEC_GIMBAL_135,3,2784,04-10-2025 08:45
ORD0550,SKU_ELEC_SOUNDBAR_136,1,351,07-10-2025 08:45
ORD0550,SKU_ELEC_DOORBELL_137,1,1383,20-09-2025 08:45
ORD0551,SKU_ELEC_THERMOSTAT_138,1,1229,27-09-2025 08:45
ORD0551,SKU_ELEC_KETTLE_139,1,1828,26-09-2025 08:45
ORD0551,SKU_ELEC_BLENDER_140,3,4425,20-09-2025 08:45
ORD0551,SKU_ELEC_SMARTLOCK_141,3,4722,01-10-2025 08:45
ORD0552,SKU_ELEC_ACTIONCAM_142,1,1315,04-10-2025 08:45
ORD0552,SKU_ELEC_PORTABLESSD_143,3,5391,20-09-2025 08:45
ORD0552,SKU_ELEC_STREAMSTICK_144,3,2391,15-10-2025 08:45
ORD0552,SKU_ELEC_SMARTSCALE_145,1,755,22-09-2025 08:45
ORD0553,SKU_ELEC_BABYMONITOR_146,3,1404,03-10-2025 08:45
ORD0553,SKU_ELEC_CLICKER_147,2,3934,14-10-2025 08:45
ORD0554,SKU_ELEC_DIGITALFRAME_148,3,2283,21-09-2025 08:45
ORD0554,SKU_ELEC_GAMINGCHAIR_149,2,3214,13-10-2025 08:45
ORD0555,SKU_ELEC_DESKFAN_150,3,3381,02-10-2025 08:45
ORD0555,SKU_JEW_RING_151,2,562,01-10-2025 08:45
ORD0555,SKU_JEW_NECKLACE_152,3,807,10-10-2025 08:45
ORD0556,SKU_JEW_EARRING_153,3,2820,26-09-2025 08:45
ORD0556,SKU_JEW_BRACELET_154,3,2853,18-09-2025 08:45
ORD0556,SKU_JEW_ANKLET_155,3,3366,27-09-2025 08:45
ORD0556,SKU_JEW_WATCH_156,1,318,19-09-2025 08:45
ORD0556,SKU_JEW_SUNGLASSES_157,3,2289,11-10-2025 08:45
ORD0557,SKU_JEW_HANDBAG_158,2,726,21-09-2025 08:45
ORD0557,SKU_JEW_BELT_159,1,940,09-10-2025 08:45
ORD0558,SKU_JEW_WALLET_160,3,3945,24-09-2025 08:45
ORD0558,SKU_JEW_HAT_161,3,4038,02-10-2025 08:45
ORD0558,SKU_JEW_SCARF_162,2,936,06-10-2025 08:45
ORD0558,SKU_JEW_BROOCH_163,2,3666,07-10-2025 08:45
ORD0558,SKU_JEW_CHAIN_164,2,2582,07-10-2025 08:45
ORD0559,SKU_JEW_TOERING_165,2,3064,25-09-2025 08:45
ORD0559,SKU_JEW_BACKPACK_166,1,1208,17-09-2025 08:45
ORD0559,SKU_JEW_HAIRPIN_167,2,610,30-09-2025 08:45
ORD0559,SKU_JEW_CUFFLINK_168,3,5484,17-10-2025 08:45
ORD0560,SKU_JEW_KEYCHAIN_169,3,597,19-09-2025 08:45
ORD0560,SKU_JEW_DUFFEL_170,3,5484,19-09-2025 08:45
ORD0560,SKU_JEW_PENDANT_171,3,3726,15-10-2025 08:45
ORD0560,SKU_JEW_LOCKET_172,1,1214,11-10-2025 08:45
ORD0561,SKU_JEW_NOSEPIN_173,1,714,22-09-2025 08:45
ORD0561,SKU_JEW_BANGLES_174,1,928,05-10-2025 08:45
ORD0561,SKU_JEW_TIARA_175,1,393,11-10-2025 08:45
ORD0561,SKU_JEW_HAIRBAND_176,3,690,14-10-2025 08:45
ORD0561,SKU_JEW_HAIRCLIP_177,3,1176,26-09-2025 08:45
ORD0562,SKU_JEW_CARDHOLDER_178,3,885,06-10-2025 08:45
ORD0562,SKU_JEW_LUGGAGETAG_179,3,4791,28-09-2025 08:45
ORD0562,SKU_JEW_TRAVELWALLET_180,3,2586,24-09-2025 08:45
ORD0562,SKU_JEW_LAPELPIN_181,1,400,13-10-2025 08:45
ORD0562,SKU_JEW_TIECLIP_182,2,424,06-10-2025 08:45
ORD0563,SKU_JEW_ARMLET_183,2,1276,29-09-2025 08:45
ORD0563,SKU_JEW_WAISTCHAIN_184,2,1604,29-09-2025 08:45
ORD0563,SKU_JEW_SCRUNCHIE_185,2,622,24-09-2025 08:45
ORD0564,SKU_JEW_POTLIBAG_186,3,1089,01-10-2025 08:45
ORD0564,SKU_JEW_SUNGLASSCHAIN_187,2,1320,08-10-2025 08:45
ORD0564,SKU_JEW_JEWELBOX_188,2,1368,18-09-2025 08:45
ORD0564,SKU_JEW_WATCHSTRAP_189,3,4377,22-09-2025 08:45
ORD0565,SKU_JEW_BEADBRACELET_190,3,597,20-09-2025 08:45
ORD0565,SKU_JEW_GEMRING_191,2,3508,07-10-2025 08:45
ORD0565,SKU_JEW_JEWELROLL_192,3,2859,30-09-2025 08:45
ORD0566,SKU_JEW_CHARMKEY_193,1,624,15-10-2025 08:45
ORD0566,SKU_JEW_BROOCHSET_194,3,1275,01-10-2025 08:45
ORD0567,SKU_JEW_WAISTBELT_195,1,1168,08-10-2025 08:45
ORD0567,SKU_JEW_SOCKS_196,2,702,07-10-2025 08:45
ORD0567,SKU_JEW_GLOVES_197,3,2820,06-10-2025 08:45
ORD0567,SKU_JEW_UMBRELLA_198,2,684,17-10-2025 08:45
ORD0568,SKU_JEW_PHONECHARM_199,3,5262,15-10-2025 08:45
ORD0568,SKU_JEW_COINPURSE_200,3,1485,29-09-2025 08:45
ORD0568,SKU_PHA_PARACETAMOL_001,2,2582,18-09-2025 08:45
ORD0568,SKU_PHA_IBUPROFEN_002,1,1849,25-09-2025 08:45
ORD0568,SKU_PHA_ANTACID_003,3,1587,13-10-2025 08:45
ORD0569,SKU_PHA_COUGH_004,2,2840,03-10-2025 08:45
ORD0569,SKU_PHA_VITC_005,1,1517,04-10-2025 08:45
ORD0569,SKU_PHA_MULTIVIT_006,2,458,28-09-2025 08:45
ORD0570,SKU_PHA_BANDAGE_007,1,212,09-10-2025 08:45
ORD0570,SKU_PHA_SANITIZER_008,3,2283,03-10-2025 08:45
ORD0570,SKU_PHA_THERMOMETER_009,3,5484,07-10-2025 08:45
ORD0571,SKU_PHA_GLUCOSE_010,3,3513,28-09-2025 08:45
ORD0571,SKU_PHA_B12_011,1,1777,28-09-2025 08:45
ORD0571,SKU_PHA_DIGENE_012,1,977,10-10-2025 08:45
ORD0571,SKU_PHA_VITD_013,1,713,26-09-2025 08:45
ORD0571,SKU_PHA_GASRELIEF_014,3,1218,17-09-2025 08:45
ORD0572,SKU_PHA_ANTIFUNGAL_015,1,305,18-09-2025 08:45
ORD0572,SKU_PHA_ANTIBIOTIC_016,3,4785,01-10-2025 08:45
ORD0572,SKU_PHA_ALLERGY_017,3,5631,03-10-2025 08:45
ORD0572,SKU_PHA_BETADINE_018,3,687,26-09-2025 08:45
ORD0573,SKU_PHA_INSULIN_019,2,1926,12-10-2025 08:45
ORD0573,SKU_PHA_VITAMINC_020,3,4260,18-09-2025 08:45
ORD0573,SKU_PHA_CALCIUM_021,2,3512,08-10-2025 08:45
ORD0574,SKU_PHA_IRON_022,1,269,14-10-2025 08:45
ORD0574,SKU_PHA_ZINC_023,1,705,07-10-2025 08:45
ORD0575,SKU_PHA_ORAL_024,1,269,09-10-2025 08:45
ORD0575,SKU_PHA_LOZENGE_025,3,2619,18-09-2025 08:45
ORD0576,SKU_PHA_ELECTROLYTE_026,1,361,11-10-2025 08:45
ORD0576,SKU_PHA_INHALER_027,2,2084,01-10-2025 08:45
ORD0576,SKU_PHA_OINTMENT_028,3,2292,29-09-2025 08:45
ORD0576,SKU_PHA_GLUCOMETER_029,3,885,09-10-2025 08:45
ORD0576,SKU_PHA_BP_030,1,1754,14-10-2025 08:45
ORD0577,SKU_PHA_PAINSPRAY_031,3,4173,22-09-2025 08:45
ORD0577,SKU_PHA_COOLGEL_032,1,1944,02-10-2025 08:45
ORD0577,SKU_PHA_COLDTAB_033,1,802,05-10-2025 08:45
ORD0577,SKU_PHA_DIGESTIVE_034,3,5379,16-10-2025 08:45
ORD0578,SKU_PHA_PROBIOTIC_035,1,1574,06-10-2025 08:45
ORD0578,SKU_PHA_CALAMINE_036,2,2254,24-09-2025 08:45
ORD0578,SKU_PHA_LIVER_037,2,1954,29-09-2025 08:45
ORD0578,SKU_PHA_STEAM_038,1,774,13-10-2025 08:45
ORD0579,SKU_PHA_MASK_039,3,4833,16-10-2025 08:45
ORD0579,SKU_PHA_VAPORUB_040,2,3148,12-10-2025 08:45
ORD0579,SKU_PHA_PROTEIN_041,2,2466,16-10-2025 08:45
ORD0579,SKU_PHA_VITAMINK2_042,2,1880,26-09-2025 08:45
ORD0579,SKU_PHA_MAGNESIUM_043,3,954,28-09-2025 08:45
ORD0580,SKU_PHA_PROTEINBAR_044,1,314,23-09-2025 08:45
ORD0580,SKU_PHA_COLLAGEN_045,3,2934,03-10-2025 08:45
ORD0580,SKU_PHA_BANDAGEKIT_046,1,925,25-09-2025 08:45
ORD0580,SKU_PHA_HEATINGPAD_047,2,1548,29-09-2025 08:45
ORD0581,SKU_PHA_PULSE_048,3,2859,19-09-2025 08:45
ORD0581,SKU_PHA_MASSAGER_049,2,3034,03-10-2025 08:45
ORD0582,SKU_PHA_STRETCH_050,1,828,19-09-2025 08:45
ORD0582,62316095,3,4671,28-09-2025 08:45
ORD0582,1982137274,3,2205,06-10-2025 08:45
ORD0583,059035342X,3,954,21-09-2025 08:45
ORD0583,307474275,2,2024,07-10-2025 08:45
ORD0584,140449132,2,3666,02-10-2025 08:45
ORD0584,61120081,3,3597,24-09-2025 08:45
ORD0585,553386794,2,2570,08-10-2025 08:45
ORD0585,544003411,1,419,09-10-2025 08:45
ORD0586,62316117,1,1557,28-09-2025 08:45
ORD0586,143127748,2,1402,19-09-2025 08:45
ORD0586,1594634025,2,2232,14-10-2025 08:45
ORD0586,038549081X,1,1819,29-09-2025 08:45
ORD0587,62457713,3,3345,29-09-2025 08:45
ORD0587,142437239,1,1415,17-09-2025 08:45
ORD0587,030788744X,2,2458,21-09-2025 08:45
ORD0588,62315005,1,1877,03-10-2025 08:45
ORD0588,596007120,2,2024,26-09-2025 08:45
ORD0588,262033844,3,1176,17-10-2025 08:45
ORD0588,132350882,1,782,01-10-2025 08:45
ORD0589,735211299,3,1242,02-10-2025 08:45
ORD0589,385472579,1,898,29-09-2025 08:45
ORD0589,60850523,3,4425,13-10-2025 08:45
ORD0590,143039954,3,843,27-09-2025 08:45
ORD0590,1501128035,3,3621,27-09-2025 08:45
ORD0590,525559477,1,311,29-09-2025 08:45
ORD0590,804139296,3,3612,17-10-2025 08:45
ORD0590,66620996,1,1607,24-09-2025 08:45
ORD0591,006245773X,3,2142,30-09-2025 08:45
ORD0591,451524934,2,2528,17-10-2025 08:45
ORD0591,316769487,3,4821,03-10-2025 08:45
ORD0592,671027034,3,1875,13-10-2025 08:45
ORD0592,1982157283,1,1242,05-10-2025 08:45
ORD0592,593230256,1,1597,14-10-2025 08:45
ORD0593,345803485,2,1428,14-10-2025 08:45
ORD0593,081298160X,2,2620,24-09-2025 08:45
ORD0594,590353403,3,3621,29-09-2025 08:45
ORD0594,143110438,2,1402,26-09-2025 08:45
ORD0594,307465357,3,1026,13-10-2025 08:45
ORD0594,140283331,2,2230,15-10-2025 08:45
ORD0594,62315008,2,3632,23-09-2025 08:45
ORD0595,307346617,1,404,04-10-2025 08:45
ORD0595,61992275,3,4197,09-10-2025 08:45
ORD0595,006256577X,1,468,29-09-2025 08:45
ORD0595,1250316774,3,1218,22-09-2025 08:45
ORD0596,62457715,3,3930,28-09-2025 08:45
ORD0596,307277674,3,1083,22-09-2025 08:45
ORD0596,385484518,1,1208,02-10-2025 08:45
ORD0597,1501173219,1,1420,11-10-2025 08:45
ORD0597,143130722,1,1204,13-10-2025 08:45
ORD0597,399590501,1,1793,13-10-2025 08:45
ORD0597,62316112,3,3894,13-10-2025 08:45
ORD0597,307719227,3,915,27-09-2025 08:45
ORD0598,143127550,1,910,17-09-2025 08:45
ORD0598,62315009,2,2194,08-10-2025 08:45
ORD0598,143126562,2,1954,21-09-2025 08:45
ORD0598,62316113,3,3849,16-10-2025 08:45
ORD0599,307463740,2,2416,14-10-2025 08:45
ORD0599,62871337,3,4920,12-10-2025 08:45
ORD0599,307273601,3,2244,19-09-2025 08:45
ORD0600,1501161933,2,1262,16-10-2025 08:45
ORD0600,140280197,3,4152,02-10-2025 08:45
ORD0600,1455586691,2,3190,25-09-2025 08:45
ORD0600,62316107,2,3638,12-10-2025 08:45
ORD0600,90711001-BEIGE,1,1964,17-10-2025 08:45
ORD0601,90711002-WHITE,3,1737,02-10-2025 08:45
ORD0601,90711003-BLACK,2,2244,08-10-2025 08:45
ORD0601,90711004-GREEN,3,933,16-10-2025 08:45
ORD0602,90711005-OAK,3,5679,07-10-2025 08:45
ORD0602,90711006-BLUE,1,425,18-09-2025 08:45
ORD0602,90711007-GRAY,3,5379,11-10-2025 08:45
ORD0603,90711008-WHITE,1,660,24-09-2025 08:45
ORD0603,90721001-BLACK,2,1956,10-10-2025 08:45
ORD0603,90721002-WHITE,2,2660,21-09-2025 08:45
ORD0604,90721003-BEIGE,1,414,07-10-2025 08:45
ORD0604,90721004-GREEN,3,1053,11-10-2025 08:45
ORD0604,90721005-WOOD,3,1485,10-10-2025 08:45
ORD0604,90721006-BLUE,3,2289,14-10-2025 08:45
ORD0604,90721007-WHITE,2,1248,21-09-2025 08:45
ORD0605,90721008-GRAY,1,1595,05-10-2025 08:45
ORD0605,90721009-BLACK,3,2406,05-10-2025 08:45
ORD0605,90721010-WOOD,3,5856,26-09-2025 08:45
ORD0606,90731001-WHITE,1,1756,15-10-2025 08:45
ORD0606,90731002-GRAY,2,1250,29-09-2025 08:45
ORD0606,90731003-BLACK,3,4893,17-10-2025 08:45
ORD0606,90731004-BEIGE,3,3990,22-09-2025 08:45
ORD0606,90731005-WOOD,1,1849,30-09-2025 08:45
ORD0607,90731006-BLUE,2,538,01-10-2025 08:45
ORD0607,90731007-WHITE,2,2342,22-09-2025 08:45
ORD0607,90731008-GREEN,1,781,14-10-2025 08:45
ORD0607,90731009-GRAY,2,3592,04-10-2025 08:45
ORD0608,90731010-BLACK,1,526,06-10-2025 08:45
ORD0608,90731011-WHITE,2,720,08-10-2025 08:45
ORD0608,90731012-BLACK,1,229,25-09-2025 08:45
ORD0608,90731013-GREEN,3,807,19-09-2025 08:45
ORD0608,90731014-WOOD,3,5268,25-09-2025 08:45
ORD0609,90731015-GRAY,3,2244,14-10-2025 08:45
ORD0609,90731016-WHITE,2,2806,07-10-2025 08:45
ORD0610,90731017-BLACK,3,5403,05-10-2025 08:45
ORD0610,90731018-BEIGE,3,2586,02-10-2025 08:45
ORD0610,90731019-WHITE,1,1116,27-09-2025 08:45
ORD0610,90731020-BLUE,3,1212,27-09-2025 08:45
ORD0611,90731021-WHITE,2,2706,18-09-2025 08:45
ORD0611,90731022-GRAY,2,1850,24-09-2025 08:45
ORD0611,90731023-BLACK,3,1875,07-10-2025 08:45
ORD0611,90731024-WOOD,3,2724,23-09-2025 08:45
ORD0611,90731025-BLUE,3,1179,08-10-2025 08:45
ORD0612,90731026-GREEN,2,2408,29-09-2025 08:45
ORD0612,90731027-BLACK,3,942,02-10-2025 08:45
ORD0612,90731028-WHITE,1,1833,15-10-2025 08:45
ORD0613,90731029-GRAY,3,3603,18-09-2025 08:45
ORD0613,90731030-BEIGE,1,1157,17-09-2025 08:45
ORD0613,90731031-WHITE,3,2265,14-10-2025 08:45
ORD0613,90731032-BLACK,1,774,17-09-2025 08:45
ORD0614,90731033-GREEN,3,1731,07-10-2025 08:45
ORD0614,90732001-500G,2,3798,01-10-2025 08:45
ORD0614,90732002-1KG,1,909,27-09-2025 08:45
ORD0615,90732003-200G,2,910,04-10-2025 08:45
ORD0615,90732004-500ML,1,1517,28-09-2025 08:45
ORD0615,90732005-1L,1,910,14-10-2025 08:45
ORD0616,90732006-250G,2,1228,20-09-2025 08:45
ORD0616,90732007-100G,3,1179,13-10-2025 08:45
ORD0616,90732008-500G,1,1796,23-09-2025 08:45
ORD0616,90732009-200G,2,3554,14-10-2025 08:45
ORD0617,90732010-150G,2,2630,24-09-2025 08:45
ORD0617,90732011-1KG,3,4596,17-10-2025 08:45
ORD0617,90732012-1KG,2,1746,23-09-2025 08:45
ORD0618,90732013-500G,1,1229,14-10-2025 08:45
ORD0618,90732014-200G,1,1345,17-09-2025 08:45
ORD0618,90732015-750ML,3,1365,03-10-2025 08:45
ORD0619,90732016-400G,1,978,07-10-2025 08:45
ORD0619,90732017-200G,3,5589,06-10-2025 08:45
ORD0619,90732018-500G,2,2620,22-09-2025 08:45
ORD0619,90732019-250G,2,3222,07-10-2025 08:45
ORD0619,90732020-300G,2,2244,09-10-2025 08:45
ORD0620,90732021-1KG,1,1204,14-10-2025 08:45
ORD0620,90732022-500G,3,1752,25-09-2025 08:45
ORD0620,90732023-1L,3,3687,24-09-2025 08:45
ORD0620,90732024-500G,3,1887,17-10-2025 08:45
ORD0620,90732025-200G,3,4137,07-10-2025 08:45
ORD0621,90732026-1KG,3,4104,15-10-2025 08:45
ORD0621,90732027-100G,3,2052,10-10-2025 08:45
ORD0621,90732028-500G,1,964,24-09-2025 08:45
ORD0621,90732029-750ML,2,3632,01-10-2025 08:45
ORD0621,90732030-500G,3,4920,15-10-2025 08:45
ORD0622,90732031-500G,3,3063,09-10-2025 08:45
ORD0622,90732032-200G,3,3471,18-09-2025 08:45
ORD0623,90732033-500ML,1,1951,15-10-2025 08:45
ORD0623,90732034-100G,3,1737,08-10-2025 08:45
ORD0623,90732035-400G,3,1053,17-09-2025 08:45
ORD0623,90732036-500G,3,5856,22-09-2025 08:45
ORD0623,90732037-250G,3,5403,22-09-2025 08:45
ORD0624,90732038-200G,2,1956,23-09-2025 08:45
ORD0624,90732039-750ML,1,314,10-10-2025 08:45
ORD0625,90732040-300G,3,1416,20-09-2025 08:45
ORD0625,90732041-1KG,2,1276,15-10-2025 08:45
ORD0625,90732042-500G,3,1485,10-10-2025 08:45
ORD0625,90732043-500G,3,3699,17-09-2025 08:45
ORD0626,90732044-200G,3,5484,07-10-2025 08:45
ORD0626,90732045-1L,3,5484,08-10-2025 08:45
ORD0626,90732046-200G,2,2140,24-09-2025 08:45
ORD0626,90732047-1KG,2,1880,13-10-2025 08:45
ORD0626,90732048-500G,1,393,10-10-2025 08:45
ORD0627,90732049-250G,1,1384,29-09-2025 08:45
ORD0627,90732050-300G,3,2322,26-09-2025 08:45
ORD0627,90733001-BLUE,2,2342,06-10-2025 08:45
ORD0627,90733002-A4,2,2364,24-09-2025 08:45
ORD0628,90733003-SET,3,2292,03-10-2025 08:45
ORD0628,90733004-BLACK,2,2582,20-09-2025 08:45
ORD0628,90733005-500,2,1818,15-10-2025 08:45
ORD0628,90733006-BLUE,2,2918,07-10-2025 08:45
ORD0628,90733007-WHITE,1,584,26-09-2025 08:45
ORD0629,90733008-METAL,1,684,21-09-2025 08:45
ORD0629,90733009-GLUE,1,1383,17-10-2025 08:45
ORD0630,90733010-RULER,3,5499,21-09-2025 08:45
ORD0630,90733011-BLUE,1,684,10-10-2025 08:45
ORD0630,90733012-A4,3,3699,03-10-2025 08:45
ORD0631,90733013-METAL,1,1122,02-10-2025 08:45
ORD0631,90733014-WHITE,2,1410,03-10-2025 08:45
ORD0632,90733015-SET,2,2582,02-10-2025 08:45
ORD0632,90733016-A4,3,636,14-10-2025 08:45
ORD0632,90733017-BLACK,3,3642,02-10-2025 08:45
ORD0632,90733018-METAL,1,342,09-10-2025 08:45
ORD0632,90733019-SET,1,305,19-09-2025 08:45
ORD0633,90733020-A4,1,1415,10-10-2025 08:45
ORD0633,90733021-BLACK,1,611,30-09-2025 08:45
ORD0634,90733022-A4,2,720,26-09-2025 08:45
ORD0634,90733023-WHITE,3,636,01-10-2025 08:45
ORD0635,90733024-BLUE,3,819,24-09-2025 08:45
ORD0635,90733025-BLACK,3,3471,01-10-2025 08:45
ORD0636,90733026-METAL,3,1416,14-10-2025 08:45
ORD0636,90733027-SET,1,1801,01-10-2025 08:45
ORD0636,90733028-BLUE,3,4377,11-10-2025 08:45
ORD0637,90733029-WHITE,3,738,26-09-2025 08:45
ORD0637,90733030-BLUE,1,1557,29-09-2025 08:45
ORD0638,90733031-BLUE,1,705,02-10-2025 08:45
ORD0638,90733032-BLACK,2,3698,03-10-2025 08:45
ORD0638,90733033-SET,2,2364,08-10-2025 08:45
ORD0639,90733034-WHITE,1,1201,07-10-2025 08:45
ORD0639,90733035-METAL,1,584,07-10-2025 08:45
ORD0640,90733036-SET,1,361,14-10-2025 08:45
ORD0640,90733037-WHITE,1,625,12-10-2025 08:45
ORD0640,90733038-BLUE,1,1329,28-09-2025 08:45
ORD0640,90733039-BLACK,1,468,09-10-2025 08:45
ORD0641,90733040-WHITE,2,3524,18-09-2025 08:45
ORD0641,90733041-BLUE,1,1828,20-09-2025 08:45
ORD0641,90733042-WHITE,2,478,21-09-2025 08:45
ORD0641,90733043-BLUE,1,1754,02-10-2025 08:45
ORD0641,90733044-METAL,1,684,27-09-2025 08:45
ORD0642,90733045-SET,3,2226,25-09-2025 08:45
ORD0642,90733046-BLACK,1,925,09-10-2025 08:45
ORD0642,90733047-BLUE,2,1816,29-09-2025 08:45
ORD0642,90733048-WHITE,2,1066,15-10-2025 08:45
ORD0643,90733049-BLACK,2,2690,26-09-2025 08:45
ORD0643,90733050-SET,1,257,21-09-2025 08:45
ORD0643,90734001-STEEL,1,1828,17-09-2025 08:45
ORD0644,90734002-SET,1,638,01-10-2025 08:45
ORD0644,90734003-STEEL,1,1061,09-10-2025 08:45
ORD0645,90734004-STEEL,2,3214,09-10-2025 08:45
ORD0645,90734005-STEEL,2,2042,25-09-2025 08:45
ORD0645,90734006-BLACK,1,406,15-10-2025 08:45
ORD0646,90734007-SET,2,3808,28-09-2025 08:45
ORD0646,90734008-STEEL,3,5121,29-09-2025 08:45
ORD0646,90734009-STEEL,1,1807,17-10-2025 08:45
ORD0646,90734010-BOX,3,1179,13-10-2025 08:45
ORD0647,90734011-STEEL,3,4593,16-10-2025 08:45
ORD0647,90734012-BLACK,2,458,20-09-2025 08:45
ORD0647,90734013-STEEL,1,305,11-10-2025 08:45
ORD0648,90734014-YELLOW,3,915,17-09-2025 08:45
ORD0648,90734015-STEEL,3,1377,16-10-2025 08:45
ORD0648,90734016-STEEL,3,1185,23-09-2025 08:45
ORD0649,90734017-STEEL,2,3062,16-10-2025 08:45
ORD0649,90734018-BLACK,2,628,29-09-2025 08:45
ORD0649,90734019-STEEL,3,1059,01-10-2025 08:45
ORD0650,90734020-STEEL,3,1599,04-10-2025 08:45
ORD0650,90734021-STEEL,1,1204,14-10-2025 08:45
ORD0650,90734022-STEEL,1,281,08-10-2025 08:45
ORD0650,90734023-STEEL,2,2766,18-09-2025 08:45
ORD0651,90734024-STEEL,2,2570,16-10-2025 08:45
ORD0651,90734025-STEEL,3,5388,15-10-2025 08:45
ORD0651,90734026-STEEL,3,5844,22-09-2025 08:45
ORD0652,90734027-STEEL,1,1384,21-09-2025 08:45
ORD0652,90734028-STEEL,3,5388,11-10-2025 08:45
ORD0652,90734029-STEEL,3,4833,11-10-2025 08:45
ORD0653,90734030-STEEL,3,3210,12-10-2025 08:45
ORD0653,90734031-STEEL,2,1168,04-10-2025 08:45
ORD0653,90734032-STEEL,3,1242,15-10-2025 08:45
ORD0654,90734033-BLACK,3,3057,17-10-2025 08:45
ORD0654,90734034-STEEL,3,3348,10-10-2025 08:45
ORD0654,90734035-STEEL,1,230,26-09-2025 08:45
ORD0654,90734036-BLUE,1,802,27-09-2025 08:45
ORD0655,90734037-BLACK,3,5229,01-10-2025 08:45
ORD0655,90734038-STEEL,1,660,23-09-2025 08:45
ORD0655,90734039-STEEL,2,860,08-10-2025 08:45
ORD0656,90734040-STEEL,2,3276,03-10-2025 08:45
ORD0656,90734041-STEEL,2,2414,12-10-2025 08:45
ORD0656,90734042-STEEL,2,1276,05-10-2025 08:45
ORD0656,90734043-BLACK,2,2084,30-09-2025 08:45
ORD0656,90734044-STEEL,3,1404,03-10-2025 08:45
ORD0657,90734045-STEEL,2,622,05-10-2025 08:45
ORD0657,90734046-STEEL,2,2566,21-09-2025 08:45
ORD0658,90734047-STEEL,1,714,20-09-2025 08:45
ORD0658,90734048-STEEL,1,1796,12-10-2025 08:45
ORD0658,90734049-STEEL,1,1951,18-09-2025 08:45
ORD0659,90734050-STEEL,1,1168,02-10-2025 08:45
ORD0659,SKU_LIP_001,3,5484,14-10-2025 08:45
ORD0659,SKU_EYE_001,2,3572,13-10-2025 08:45
ORD0659,SKU_SKIN_001,2,2692,12-10-2025 08:45
ORD0660,SKU_FOUND_001,2,1052,07-10-2025 08:45
ORD0660,SKU_HAIR_001,2,3656,03-10-2025 08:45
ORD0660,SKU_LIP_002,2,538,11-10-2025 08:45
ORD0660,SKU_EYE_002,3,2586,10-10-2025 08:45
ORD0660,SKU_SKIN_002,1,533,25-09-2025 08:45
ORD0661,SKU_SKIN_003,3,3366,13-10-2025 08:45
ORD0661,SKU_FOUND_002,3,933,28-09-2025 08:45
ORD0661,SKU_HAIR_002,1,1796,25-09-2025 08:45
ORD0661,SKU_HAIR_003,2,784,29-09-2025 08:45
ORD0661,SKU_SKIN_004,2,1158,20-09-2025 08:45
ORD0662,SKU_LIP_003,2,3064,10-10-2025 08:45
ORD0662,SKU_SKIN_005,3,5403,14-10-2025 08:45
ORD0663,SKU_EYE_003,3,2142,15-10-2025 08:45
ORD0663,SKU_SKIN_006,2,2782,22-09-2025 08:45
ORD0663,SKU_HAIR_004,2,2706,07-10-2025 08:45
ORD0663,SKU_SKIN_007,3,5853,23-09-2025 08:45
ORD0664,SKU_EYE_004,1,1849,13-10-2025 08:45
ORD0664,SKU_NAIL_001,2,2408,30-09-2025 08:45
ORD0664,SKU_SKIN_008,2,1320,17-09-2025 08:45
ORD0664,SKU_LIP_004,3,717,20-09-2025 08:45
ORD0664,SKU_SKIN_009,1,353,25-09-2025 08:45
ORD0665,SKU_EYE_005,2,3262,07-10-2025 08:45
ORD0665,SKU_SKIN_010,1,705,20-09-2025 08:45
ORD0665,SKU_HAIR_005,3,1053,24-09-2025 08:45
ORD0665,SKU_SKIN_011,1,978,13-10-2025 08:45
ORD0665,SKU_LIP_005,3,3726,05-10-2025 08:45
ORD0666,SKU_SKIN_012,2,2750,24-09-2025 08:45
ORD0666,SKU_PERF_001,3,4149,17-10-2025 08:45
ORD0667,SKU_SKIN_013,1,529,15-10-2025 08:45
ORD0667,SKU_EYE_006,1,828,16-10-2025 08:45
ORD0667,SKU_SKIN_014,3,5832,26-09-2025 08:45
ORD0667,SKU_HAIR_006,2,2408,10-10-2025 08:45
ORD0668,SKU_SKIN_015,3,2775,16-10-2025 08:45
ORD0668,SKU_SKIN_016,2,1012,12-10-2025 08:45
ORD0668,SKU_NAIL_002,2,1248,16-10-2025 08:45
ORD0669,SKU_SKIN_017,1,940,01-10-2025 08:45
ORD0669,SKU_SKIN_018,1,1899,22-09-2025 08:45
ORD0670,SKU_SKIN_019,2,3586,27-09-2025 08:45
ORD0670,SKU_SKIN_020,2,2336,21-09-2025 08:45
ORD0670,SKU_MAKE_001,3,2406,15-10-2025 08:45
ORD0670,SKU_SKIN_021,2,3726,16-10-2025 08:45
ORD0671,SKU_HAIR_007,2,3564,15-10-2025 08:45
ORD0671,SKU_NAIL_003,3,3381,16-10-2025 08:45
ORD0672,SKU_SKIN_022,2,2736,08-10-2025 08:45
ORD0672,SKU_SKIN_023,3,3624,17-10-2025 08:45
ORD0672,SKU_MAKE_002,2,1168,21-09-2025 08:45
ORD0673,SKU_HAIR_008,3,2784,21-09-2025 08:45
ORD0673,SKU_APP_TSHIRT_051,1,425,30-09-2025 08:45
ORD0673,SKU_APP_SHIRT_052,2,3902,17-10-2025 08:45
ORD0673,SKU_APP_JEANS_053,3,2859,17-09-2025 08:45
ORD0674,SKU_APP_KURTA_054,3,4377,02-10-2025 08:45
ORD0674,SKU_APP_DRESS_055,2,1276,27-09-2025 08:45
ORD0674,SKU_APP_HOODIE_056,2,3316,07-10-2025 08:45
ORD0675,SKU_APP_LEGGINGS_057,3,4425,21-09-2025 08:45
ORD0675,SKU_APP_JACKET_058,2,610,25-09-2025 08:45
ORD0676,SKU_APP_SAREE_059,1,705,25-09-2025 08:45
ORD0676,SKU_APP_SHORTS_060,3,2265,17-10-2025 08:45
ORD0677,SKU_APP_POLO_061,3,4593,05-10-2025 08:45
ORD0677,SKU_APP_CROPTOP_062,3,1242,14-10-2025 08:45
ORD0677,SKU_APP_CHINOS_063,3,1416,09-10-2025 08:45
ORD0677,SKU_APP_SKIRT_064,1,1199,04-10-2025 08:45
ORD0677,SKU_APP_SWEATER_065,2,2428,06-10-2025 08:45
ORD0678,SKU_APP_TANKTOP_066,2,2918,22-09-2025 08:45
ORD0678,SKU_APP_TRACKPANT_067,2,622,10-10-2025 08:45
ORD0679,SKU_APP_DUPATTA_068,3,717,17-10-2025 08:45
ORD0679,SKU_APP_BLAZER_069,2,628,10-10-2025 08:45
ORD0679,SKU_APP_PALAZZO_070,2,1302,26-09-2025 08:45
ORD0679,SKU_APP_CARDIGAN_071,1,229,17-09-2025 08:45
ORD0679,SKU_APP_JOGGER_072,2,1276,17-10-2025 08:45
ORD0680,SKU_APP_BLOUSE_073,3,3906,05-10-2025 08:45
ORD0680,SKU_APP_OVERALLS_074,1,393,17-09-2025 08:45
ORD0680,SKU_APP_PONCHO_075,1,1415,06-10-2025 08:45
ORD0680,SKU_APP_WAISTCOAT_076,3,4125,16-10-2025 08:45
ORD0681,SKU_APP_SHRUG_077,2,1302,23-09-2025 08:45
ORD0681,SKU_APP_THERMAL_078,3,1200,17-09-2025 08:45
ORD0681,SKU_APP_ROMPER_079,2,784,03-10-2025 08:45
ORD0681,SKU_APP_OVERCOAT_080,1,1739,12-10-2025 08:45
ORD0681,SKU_APP_VEST_081,1,1944,27-09-2025 08:45
ORD0682,SKU_APP_CAMISOLE_082,1,755,27-09-2025 08:45
ORD0682,SKU_APP_CAPRI_083,3,2142,18-09-2025 08:45
ORD0682,SKU_APP_ANARKALI_084,3,5499,20-09-2025 08:45
ORD0682,SKU_APP_PETTICOAT_085,2,2414,07-10-2025 08:45
ORD0682,SKU_APP_DHOTI_086,1,1517,13-10-2025 08:45
ORD0683,SKU_APP_LUNGI_087,2,1066,23-09-2025 08:45
ORD0683,SKU_APP_PARKA_088,3,2934,04-10-2025 08:45
ORD0683,SKU_APP_TUXEDO_089,1,713,26-09-2025 08:45
ORD0684,SKU_APP_JUMPSUIT_090,2,1248,25-09-2025 08:45
ORD0684,SKU_APP_PULLOVER_091,3,717,12-10-2025 08:45
ORD0684,SKU_APP_BURKHA_092,3,597,19-09-2025 08:45
ORD0684,SKU_APP_RAINCOAT_093,1,1893,07-10-2025 08:45
ORD0685,SKU_APP_BODYSUIT_094,1,1595,06-10-2025 08:45
ORD0685,SKU_APP_NIGHTSUIT_095,2,2736,14-10-2025 08:45
ORD0685,SKU_APP_BATHROBE_096,1,1384,06-10-2025 08:45
ORD0686,SKU_APP_HENLEY_097,2,726,03-10-2025 08:45
ORD0686,SKU_APP_KAFTAN_098,2,3276,20-09-2025 08:45
ORD0687,SKU_APP_GOWN_099,2,1820,26-09-2025 08:45
ORD0687,SKU_APP_WORKPANT_100,2,538,01-10-2025 08:45
ORD0688,SKU_ELEC_PHONE_101,1,1739,25-09-2025 08:45
ORD0688,SKU_ELEC_LAPTOP_102,1,951,06-10-2025 08:45
ORD0689,SKU_ELEC_EARBUDS_103,3,3036,24-09-2025 08:45
ORD0689,SKU_ELEC_TV_104,1,953,11-10-2025 08:45
ORD0689,SKU_ELEC_SMARTWATCH_105,3,5379,24-09-2025 08:45
ORD0689,SKU_ELEC_CAMERA_106,1,229,17-09-2025 08:45
ORD0690,SKU_ELEC_SPEAKER_107,2,3276,05-10-2025 08:45
ORD0690,SKU_ELEC_TABLET_108,2,2582,03-10-2025 08:45
ORD0690,SKU_ELEC_ROUTER_109,2,424,15-10-2025 08:45
ORD0691,SKU_ELEC_POWERBANK_110,1,1242,02-10-2025 08:45
ORD0691,SKU_ELEC_KEYBOARD_111,2,2758,11-10-2025 08:45
ORD0691,SKU_ELEC_MOUSE_112,1,230,16-10-2025 08:45
ORD0692,SKU_ELEC_MONITOR_113,3,2244,03-10-2025 08:45
ORD0692,SKU_ELEC_PRINTER_114,2,2364,18-09-2025 08:45
ORD0692,SKU_ELEC_HARDDRIVE_115,2,3524,24-09-2025 08:45
ORD0693,SKU_ELEC_SSD_116,3,4785,21-09-2025 08:45
ORD0693,SKU_ELEC_DRONE_117,2,3754,09-10-2025 08:45
ORD0693,SKU_ELEC_CONSOLE_118,3,2586,06-10-2025 08:45
ORD0693,SKU_ELEC_VR_119,1,269,17-10-2025 08:45
ORD0694,SKU_ELEC_PROJECTOR_120,1,1233,25-09-2025 08:45
ORD0694,SKU_ELEC_CABLE_121,3,5121,12-10-2025 08:45
ORD0694,SKU_ELEC_HEADPHONE_122,1,782,02-10-2025 08:45
ORD0694,SKU_ELEC_MIC_123,2,1302,09-10-2025 08:45
ORD0694,SKU_ELEC_CONTROLLER_124,1,529,29-09-2025 08:45
ORD0695,SKU_ELEC_DASHCAM_125,2,1428,28-09-2025 08:45
ORD0695,SKU_ELEC_TRIPOD_126,3,3471,15-10-2025 08:45
ORD0696,SKU_ELEC_FLASH_127,3,2727,08-10-2025 08:45
ORD0696,SKU_ELEC_SMARTBULB_128,3,3612,14-10-2025 08:45
ORD0696,SKU_ELEC_SMARTPLUG_129,1,951,15-10-2025 08:45
ORD0696,SKU_ELEC_AIRPURIFIER_130,1,1201,26-09-2025 08:45
ORD0697,SKU_ELEC_KINDLE_131,2,1248,01-10-2025 08:45
ORD0697,SKU_ELEC_DRAWINGTAB_132,1,1819,22-09-2025 08:45
ORD0697,SKU_ELEC_WEBCAM_133,1,1214,17-10-2025 08:45
ORD0697,SKU_ELEC_LENS_134,3,5856,04-10-2025 08:45
ORD0697,SKU_ELEC_GIMBAL_135,3,2889,30-09-2025 08:45
ORD0698,SKU_ELEC_SOUNDBAR_136,3,5166,22-09-2025 08:45
ORD0698,SKU_ELEC_DOORBELL_137,3,2346,27-09-2025 08:45
ORD0699,SKU_ELEC_THERMOSTAT_138,2,622,23-09-2025 08:45
ORD0699,SKU_ELEC_KETTLE_139,1,964,19-09-2025 08:45
ORD0699,SKU_ELEC_BLENDER_140,1,1399,17-10-2025 08:45
ORD0699,SKU_ELEC_SMARTLOCK_141,3,885,20-09-2025 08:45
ORD0700,SKU_ELEC_ACTIONCAM_142,3,3867,02-10-2025 08:45
ORD0700,SKU_ELEC_PORTABLESSD_143,3,5217,10-10-2025 08:45
ORD0700,SKU_ELEC_STREAMSTICK_144,1,963,20-09-2025 08:45
ORD0701,SKU_ELEC_SMARTSCALE_145,3,4818,30-09-2025 08:45
ORD0701,SKU_ELEC_BABYMONITOR_146,3,1872,17-09-2025 08:45
ORD0702,SKU_ELEC_CLICKER_147,3,807,09-10-2025 08:45
ORD0702,SKU_ELEC_DIGITALFRAME_148,3,2139,19-09-2025 08:45
ORD0702,SKU_ELEC_GAMINGCHAIR_149,3,636,30-09-2025 08:45
ORD0702,SKU_ELEC_DESKFAN_150,2,1368,10-10-2025 08:45
ORD0702,SKU_JEW_RING_151,2,1258,05-10-2025 08:45
ORD0703,SKU_JEW_NECKLACE_152,1,1204,28-09-2025 08:45
ORD0703,SKU_JEW_EARRING_153,1,1229,10-10-2025 08:45
ORD0704,SKU_JEW_BRACELET_154,3,4551,24-09-2025 08:45
ORD0704,SKU_JEW_ANKLET_155,2,808,07-10-2025 08:45
ORD0705,SKU_JEW_WATCH_156,1,1315,27-09-2025 08:45
ORD0705,SKU_JEW_SUNGLASSES_157,3,4791,28-09-2025 08:45
ORD0705,SKU_JEW_HANDBAG_158,1,1233,16-10-2025 08:45
ORD0706,SKU_JEW_BELT_159,2,812,29-09-2025 08:45
ORD0706,SKU_JEW_WALLET_160,1,638,24-09-2025 08:45
ORD0707,SKU_JEW_HAT_161,2,2416,15-10-2025 08:45
ORD0707,SKU_JEW_SCARF_162,2,684,05-10-2025 08:45
ORD0708,SKU_JEW_BROOCH_163,3,2289,06-10-2025 08:45
ORD0708,SKU_JEW_CHAIN_164,3,5286,23-09-2025 08:45
ORD0708,SKU_JEW_TOERING_165,3,4209,17-10-2025 08:45
ORD0708,SKU_JEW_BACKPACK_166,3,1089,16-10-2025 08:45
ORD0709,SKU_JEW_HAIRPIN_167,2,398,09-10-2025 08:45
ORD0709,SKU_JEW_CUFFLINK_168,1,230,26-09-2025 08:45
ORD0709,SKU_JEW_KEYCHAIN_169,1,714,15-10-2025 08:45
ORD0710,SKU_JEW_DUFFEL_170,3,5355,19-09-2025 08:45
ORD0710,SKU_JEW_PENDANT_171,2,812,30-09-2025 08:45
ORD0710,SKU_JEW_LOCKET_172,3,4197,27-09-2025 08:45
ORD0710,SKU_JEW_NOSEPIN_173,1,951,21-09-2025 08:45
ORD0710,SKU_JEW_BANGLES_174,2,3632,18-09-2025 08:45
ORD0711,SKU_JEW_TIARA_175,3,3036,20-09-2025 08:45
ORD0711,SKU_JEW_HAIRBAND_176,3,3063,11-10-2025 08:45
ORD0711,SKU_JEW_HAIRCLIP_177,1,714,19-09-2025 08:45
ORD0712,SKU_JEW_CARDHOLDER_178,1,684,17-10-2025 08:45
ORD0712,SKU_JEW_LUGGAGETAG_179,3,3111,24-09-2025 08:45
ORD0712,SKU_JEW_TRAVELWALLET_180,2,3064,01-10-2025 08:45
ORD0713,SKU_JEW_LAPELPIN_181,2,1320,30-09-2025 08:45
ORD0713,SKU_JEW_TIECLIP_182,2,2458,18-09-2025 08:45
ORD0713,SKU_JEW_ARMLET_183,1,199,29-09-2025 08:45
ORD0713,SKU_JEW_WAISTCHAIN_184,2,2314,15-10-2025 08:45
ORD0714,SKU_JEW_SCRUNCHIE_185,1,1459,23-09-2025 08:45
ORD0714,SKU_JEW_POTLIBAG_186,1,1037,25-09-2025 08:45
ORD0714,SKU_JEW_SUNGLASSCHAIN_187,1,459,05-10-2025 08:45
ORD0714,SKU_JEW_JEWELBOX_188,2,3726,25-09-2025 08:45
ORD0714,SKU_JEW_WATCHSTRAP_189,2,3564,29-09-2025 08:45
ORD0715,SKU_JEW_BEADBRACELET_190,1,624,21-09-2025 08:45
ORD0715,SKU_JEW_GEMRING_191,1,748,12-10-2025 08:45
ORD0715,SKU_JEW_JEWELROLL_192,3,2391,12-10-2025 08:45
ORD0715,SKU_JEW_CHARMKEY_193,3,942,18-09-2025 08:45
ORD0716,SKU_JEW_BROOCHSET_194,2,1954,27-09-2025 08:45
ORD0716,SKU_JEW_WAISTBELT_195,1,1021,09-10-2025 08:45
ORD0716,SKU_JEW_SOCKS_196,2,1484,01-10-2025 08:45
ORD0716,SKU_JEW_GLOVES_197,1,230,18-09-2025 08:45
ORD0717,SKU_JEW_UMBRELLA_198,2,684,11-10-2025 08:45
ORD0717,SKU_JEW_PHONECHARM_199,2,1368,10-10-2025 08:45
ORD0717,SKU_JEW_COINPURSE_200,2,3280,19-09-2025 08:45
ORD0717,SKU_PHA_PARACETAMOL_001,2,628,24-09-2025 08:45
ORD0717,SKU_PHA_IBUPROFEN_002,3,1518,17-10-2025 08:45
ORD0718,SKU_PHA_ANTACID_003,2,2566,14-10-2025 08:45
ORD0718,SKU_PHA_COUGH_004,1,1242,29-09-2025 08:45
ORD0718,SKU_PHA_VITC_005,1,1796,08-10-2025 08:45
ORD0718,SKU_PHA_MULTIVIT_006,1,257,24-09-2025 08:45
ORD0718,SKU_PHA_BANDAGE_007,1,1640,27-09-2025 08:45
ORD0719,SKU_PHA_SANITIZER_008,2,702,29-09-2025 08:45
ORD0719,SKU_PHA_THERMOMETER_009,1,529,28-09-2025 08:45
ORD0719,SKU_PHA_GLUCOSE_010,1,611,21-09-2025 08:45
ORD0719,SKU_PHA_B12_011,2,3828,08-10-2025 08:45
ORD0720,SKU_PHA_DIGENE_012,2,3276,27-09-2025 08:45
ORD0720,SKU_PHA_VITD_013,1,953,05-10-2025 08:45
ORD0720,SKU_PHA_GASRELIEF_014,2,2414,18-09-2025 08:45
ORD0720,SKU_PHA_ANTIFUNGAL_015,1,964,01-10-2025 08:45
ORD0720,SKU_PHA_ANTIBIOTIC_016,1,1797,17-09-2025 08:45
ORD0721,SKU_PHA_ALLERGY_017,2,812,28-09-2025 08:45
ORD0721,SKU_PHA_BETADINE_018,2,702,20-09-2025 08:45
ORD0721,SKU_PHA_INSULIN_019,1,764,16-10-2025 08:45
ORD0721,SKU_PHA_VITAMINC_020,3,4149,29-09-2025 08:45
ORD0722,SKU_PHA_CALCIUM_021,3,2775,24-09-2025 08:45
ORD0722,SKU_PHA_IRON_022,1,1807,29-09-2025 08:45
ORD0722,SKU_PHA_ZINC_023,2,3572,11-10-2025 08:45
ORD0723,SKU_PHA_ORAL_024,3,3126,08-10-2025 08:45
ORD0723,SKU_PHA_LOZENGE_025,3,2820,29-09-2025 08:45
ORD0723,SKU_PHA_ELECTROLYTE_026,2,722,17-10-2025 08:45
ORD0724,SKU_PHA_INHALER_027,3,2142,17-09-2025 08:45
ORD0724,SKU_PHA_OINTMENT_028,3,2283,19-09-2025 08:45
ORD0724,SKU_PHA_GLUCOMETER_029,2,3602,04-10-2025 08:45
ORD0724,SKU_PHA_BP_030,2,1880,04-10-2025 08:45
ORD0725,SKU_PHA_PAINSPRAY_031,3,3699,28-09-2025 08:45
ORD0725,SKU_PHA_COOLGEL_032,2,1724,03-10-2025 08:45
ORD0726,SKU_PHA_COLDTAB_033,1,363,01-10-2025 08:45
ORD0726,SKU_PHA_DIGESTIVE_034,2,2578,06-10-2025 08:45
ORD0727,SKU_PHA_PROBIOTIC_035,3,1209,26-09-2025 08:45
ORD0727,SKU_PHA_CALAMINE_036,2,1154,29-09-2025 08:45
ORD0727,SKU_PHA_LIVER_037,1,406,07-10-2025 08:45
ORD0727,SKU_PHA_STEAM_038,2,2416,04-10-2025 08:45
ORD0727,SKU_PHA_MASK_039,1,828,13-10-2025 08:45
ORD0728,SKU_PHA_VAPORUB_040,2,2342,27-09-2025 08:45
ORD0728,SKU_PHA_PROTEIN_041,2,2692,08-10-2025 08:45
ORD0728,SKU_PHA_VITAMINK2_042,1,1201,26-09-2025 08:45
ORD0729,SKU_PHA_MAGNESIUM_043,3,5358,02-10-2025 08:45
ORD0729,SKU_PHA_PROTEINBAR_044,3,1416,07-10-2025 08:45
ORD0729,SKU_PHA_COLLAGEN_045,3,5355,25-09-2025 08:45
ORD0729,SKU_PHA_BANDAGEKIT_046,2,3892,26-09-2025 08:45
ORD0729,SKU_PHA_HEATINGPAD_047,1,495,12-10-2025 08:45
ORD0730,SKU_PHA_PULSE_048,2,3570,26-09-2025 08:45
ORD0730,SKU_PHA_MASSAGER_049,2,918,29-09-2025 08:45
ORD0730,SKU_PHA_STRETCH_050,2,2918,15-10-2025 08:45
ORD0730,62316095,1,764,19-09-2025 08:45
ORD0731,1982137274,2,478,22-09-2025 08:45
ORD0731,059035342X,3,1578,20-09-2025 08:45
ORD0731,307474275,2,1820,19-09-2025 08:45
ORD0731,140449132,2,1368,15-10-2025 08:45
ORD0731,61120081,1,1182,03-10-2025 08:45
ORD0732,553386794,1,963,15-10-2025 08:45
ORD0732,544003411,1,1061,28-09-2025 08:45
ORD0732,62316117,3,771,30-09-2025 08:45
ORD0733,143127748,2,3214,09-10-2025 08:45
ORD0733,1594634025,2,2840,23-09-2025 08:45
ORD0733,038549081X,1,1796,08-10-2025 08:45
ORD0733,62457713,2,2830,05-10-2025 08:45
ORD0733,142437239,3,819,03-10-2025 08:45
ORD0734,030788744X,2,2336,10-10-2025 08:45
ORD0734,62315005,1,1383,21-09-2025 08:45
ORD0735,596007120,3,1257,24-09-2025 08:45
ORD0735,262033844,2,3928,21-09-2025 08:45
ORD0735,132350882,3,2115,07-10-2025 08:45
ORD0735,735211299,3,4425,11-10-2025 08:45
ORD0735,385472579,3,5589,04-10-2025 08:45
ORD0736,60850523,2,3698,15-10-2025 08:45
ORD0736,143039954,3,2724,21-09-2025 08:45
ORD0736,1501128035,2,1956,25-09-2025 08:45
ORD0736,525559477,2,460,06-10-2025 08:45
ORD0736,804139296,2,1258,19-09-2025 08:45
ORD0737,66620996,2,1066,10-10-2025 08:45
ORD0737,006245773X,1,701,14-10-2025 08:45
ORD0737,451524934,3,636,21-09-2025 08:45
ORD0737,316769487,2,3828,15-10-2025 08:45
ORD0738,671027034,3,3945,24-09-2025 08:45
ORD0738,1982157283,1,755,02-10-2025 08:45
ORD0738,593230256,3,1737,06-10-2025 08:45
ORD0738,345803485,2,2596,02-10-2025 08:45
ORD0738,081298160X,3,5853,23-09-2025 08:45
ORD0739,590353403,2,3614,23-09-2025 08:45
ORD0739,143110438,3,1518,25-09-2025 08:45
ORD0739,307465357,3,1365,05-10-2025 08:45
ORD0740,140283331,1,1459,16-10-2025 08:45
ORD0740,62315008,2,2408,11-10-2025 08:45
ORD0740,307346617,3,4593,09-10-2025 08:45
ORD0740,61992275,3,5268,10-10-2025 08:45
ORD0741,006256577X,1,246,26-09-2025 08:45
ORD0741,1250316774,3,636,19-09-2025 08:45
ORD0742,62457715,3,1485,25-09-2025 08:45
ORD0742,307277674,3,4524,30-09-2025 08:45
ORD0742,385484518,3,5379,29-09-2025 08:45
ORD0742,1501173219,1,684,21-09-2025 08:45
ORD0742,143130722,1,577,30-09-2025 08:45
ORD0743,399590501,3,954,06-10-2025 08:45
ORD0743,62316112,1,651,18-09-2025 08:45
ORD0743,307719227,3,5286,22-09-2025 08:45
ORD0744,143127550,3,1365,23-09-2025 08:45
ORD0744,62315009,1,1863,12-10-2025 08:45
ORD0744,143126562,1,1459,29-09-2025 08:45
ORD0745,62316113,3,738,17-09-2025 08:45
ORD0745,307463740,3,4596,06-10-2025 08:45
ORD0745,62871337,2,806,27-09-2025 08:45
ORD0745,307273601,3,2115,27-09-2025 08:45
ORD0745,1501161933,3,4785,14-10-2025 08:45
ORD0746,140280197,2,3892,21-09-2025 08:45
ORD0746,1455586691,1,592,29-09-2025 08:45
ORD0746,62316107,2,1562,29-09-2025 08:45
ORD0746,90711001-BEIGE,2,1250,16-10-2025 08:45
ORD0747,90711002-WHITE,3,3792,28-09-2025 08:45
ORD0747,90711003-BLACK,2,1816,03-10-2025 08:45
ORD0747,90711004-GREEN,1,963,25-09-2025 08:45
ORD0747,90711005-OAK,2,3896,14-10-2025 08:45
ORD0747,90711006-BLUE,2,538,11-10-2025 08:45
ORD0748,90711007-GRAY,3,5331,06-10-2025 08:45
ORD0748,90711008-WHITE,1,1508,17-09-2025 08:45
ORD0748,90721001-BLACK,2,1856,20-09-2025 08:45
ORD0748,90721002-WHITE,2,2364,19-09-2025 08:45
ORD0749,90721003-BEIGE,2,1222,04-10-2025 08:45
ORD0749,90721004-GREEN,1,1391,14-10-2025 08:45
ORD0749,90721005-WOOD,1,1115,10-10-2025 08:45
ORD0749,90721006-BLUE,3,2391,05-10-2025 08:45
ORD0749,90721007-WHITE,3,1737,21-09-2025 08:45
ORD0750,90721008-GRAY,1,414,15-10-2025 08:45
ORD0750,90721009-BLACK,1,1168,25-09-2025 08:45
ORD0750,90721010-WOOD,2,3888,30-09-2025 08:45
ORD0750,90731001-WHITE,1,425,23-09-2025 08:45
ORD0750,90731002-GRAY,1,908,22-09-2025 08:45
ORD0751,90731003-BLACK,2,1604,29-09-2025 08:45
ORD0751,90731004-BEIGE,2,3214,03-10-2025 08:45
ORD0751,90731005-WOOD,1,763,08-10-2025 08:45
ORD0752,90731006-BLUE,2,1820,24-09-2025 08:45
ORD0752,90731007-WHITE,3,2103,01-10-2025 08:45
ORD0752,90731008-GREEN,2,3444,08-10-2025 08:45
ORD0752,90731009-GRAY,1,1208,21-09-2025 08:45
ORD0753,90731010-BLACK,3,5358,30-09-2025 08:45
ORD0753,90731011-WHITE,1,1012,23-09-2025 08:45
ORD0753,90731012-BLACK,1,873,24-09-2025 08:45
ORD0754,90731013-GREEN,2,424,28-09-2025 08:45
ORD0754,90731014-WOOD,1,735,21-09-2025 08:45
ORD0754,90731015-GRAY,1,1399,04-10-2025 08:45
ORD0754,90731016-WHITE,3,1833,09-10-2025 08:45
ORD0754,90731017-BLACK,3,1587,28-09-2025 08:45
ORD0755,90731018-BEIGE,1,495,12-10-2025 08:45
ORD0755,90731019-WHITE,3,5229,25-09-2025 08:45
ORD0755,90731020-BLUE,2,1816,25-09-2025 08:45
ORD0755,90731021-WHITE,2,2566,23-09-2025 08:45
ORD0755,90731022-GRAY,2,1228,20-09-2025 08:45
ORD0756,90731023-BLACK,2,1604,17-10-2025 08:45
ORD0756,90731024-WOOD,3,3855,20-09-2025 08:45
ORD0756,90731025-BLUE,3,5457,21-09-2025 08:45
ORD0756,90731026-GREEN,3,3987,26-09-2025 08:45
ORD0756,90731027-BLACK,3,1179,17-10-2025 08:45
ORD0757,90731028-WHITE,3,5547,12-10-2025 08:45
ORD0757,90731029-GRAY,1,1207,07-10-2025 08:45
ORD0757,90731030-BEIGE,1,735,20-09-2025 08:45
ORD0758,90731031-WHITE,3,3291,27-09-2025 08:45
ORD0758,90731032-BLACK,1,212,05-10-2025 08:45
ORD0758,90731033-GREEN,2,1856,18-09-2025 08:45
ORD0758,90732001-500G,2,3592,20-09-2025 08:45
ORD0759,90732002-1KG,2,3892,19-09-2025 08:45
ORD0759,90732003-200G,2,3666,20-09-2025 08:45
ORD0760,90732004-500ML,3,738,12-10-2025 08:45
ORD0760,90732005-1L,2,1248,08-10-2025 08:45
ORD0761,90732006-250G,2,3786,03-10-2025 08:45
ORD0761,90732007-100G,2,2706,24-09-2025 08:45
ORD0761,90732008-500G,2,3698,09-10-2025 08:45
ORD0761,90732009-200G,3,1842,30-09-2025 08:45
ORD0762,90732010-150G,2,2176,12-10-2025 08:45
ORD0762,90732011-1KG,3,3291,16-10-2025 08:45
ORD0763,90732012-1KG,3,3546,21-09-2025 08:45
ORD0763,90732013-500G,1,1368,04-10-2025 08:45
ORD0763,90732014-200G,1,400,05-10-2025 08:45
ORD0764,90732015-750ML,3,1080,01-10-2025 08:45
ORD0764,90732016-400G,1,1019,05-10-2025 08:45
ORD0764,90732017-200G,1,1021,04-10-2025 08:45
ORD0764,90732018-500G,1,592,17-09-2025 08:45
ORD0765,90732019-250G,2,2458,30-09-2025 08:45
ORD0765,90732020-300G,3,1242,10-10-2025 08:45
ORD0766,90732021-1KG,1,311,17-09-2025 08:45
ORD0766,90732022-500G,2,1012,30-09-2025 08:45
ORD0767,90732023-1L,1,1168,22-09-2025 08:45
ORD0767,90732024-500G,3,2205,17-10-2025 08:45
ORD0767,90732025-200G,3,5229,20-09-2025 08:45
ORD0768,90732026-1KG,3,4833,25-09-2025 08:45
ORD0768,90732027-100G,3,1026,25-09-2025 08:45
ORD0768,90732028-500G,2,3726,17-10-2025 08:45
ORD0768,90732029-750ML,2,2364,30-09-2025 08:45
ORD0769,90732030-500G,1,629,04-10-2025 08:45
ORD0769,90732031-500G,2,1066,14-10-2025 08:45
ORD0770,90732032-200G,2,1526,01-10-2025 08:45
ORD0770,90732033-500ML,1,361,23-09-2025 08:45
ORD0771,90732034-100G,3,1200,15-10-2025 08:45
ORD0771,90732035-400G,2,2314,22-09-2025 08:45
ORD0772,90732036-500G,2,2782,28-09-2025 08:45
ORD0772,90732037-250G,3,3063,17-10-2025 08:45
ORD0772,90732038-200G,3,4551,06-10-2025 08:45
ORD0772,90732039-750ML,2,622,29-09-2025 08:45
ORD0772,90732040-300G,3,1185,21-09-2025 08:45
ORD0773,90732041-1KG,1,1743,30-09-2025 08:45
ORD0773,90732042-500G,2,1228,29-09-2025 08:45
ORD0773,90732043-500G,1,392,24-09-2025 08:45
ORD0773,90732044-200G,3,2142,26-09-2025 08:45
ORD0774,90732045-1L,3,3642,02-10-2025 08:45
ORD0774,90732046-200G,3,5268,03-10-2025 08:45
ORD0774,90732047-1KG,3,5901,19-09-2025 08:45
ORD0774,90732048-500G,3,942,30-09-2025 08:45
ORD0775,90732049-250G,1,1877,17-10-2025 08:45
ORD0775,90732050-300G,2,3064,15-10-2025 08:45
ORD0775,90733001-BLUE,1,1233,04-10-2025 08:45
ORD0776,90733002-A4,3,1377,20-09-2025 08:45
ORD0776,90733003-SET,2,2334,13-10-2025 08:45
ORD0776,90733004-BLACK,1,1754,13-10-2025 08:45
ORD0777,90733005-500,1,638,17-10-2025 08:45
ORD0777,90733006-BLUE,1,1315,30-09-2025 08:45
ORD0777,90733007-WHITE,3,4377,28-09-2025 08:45
ORD0777,90733008-METAL,3,5589,12-10-2025 08:45
ORD0778,90733009-GLUE,1,951,28-09-2025 08:45
ORD0778,90733010-RULER,2,3444,22-09-2025 08:45
ORD0778,90733011-BLUE,1,964,21-09-2025 08:45
ORD0779,90733012-A4,3,1776,03-10-2025 08:45
ORD0779,90733013-METAL,2,478,22-09-2025 08:45
ORD0780,90733014-WHITE,2,2798,08-10-2025 08:45
ORD0780,90733015-SET,1,533,30-09-2025 08:45
ORD0780,90733016-A4,2,1856,28-09-2025 08:45
ORD0781,90733017-BLACK,2,2736,09-10-2025 08:45
ORD0781,90733018-METAL,1,1207,26-09-2025 08:45
ORD0781,90733019-SET,1,1722,23-09-2025 08:45
ORD0782,90733020-A4,2,3212,22-09-2025 08:45
ORD0782,90733021-BLACK,3,771,19-09-2025 08:45
ORD0782,90733022-A4,1,763,08-10-2025 08:45
ORD0782,90733023-WHITE,3,2784,11-10-2025 08:45
ORD0782,90733024-BLUE,2,2024,22-09-2025 08:45
ORD0783,90733025-BLACK,1,1310,22-09-2025 08:45
ORD0783,90733026-METAL,3,2724,17-09-2025 08:45
ORD0783,90733027-SET,1,393,16-10-2025 08:45
ORD0783,90733028-BLUE,1,414,25-09-2025 08:45
ORD0784,90733029-WHITE,1,1833,12-10-2025 08:45
ORD0784,90733030-BLUE,2,2074,16-10-2025 08:45
ORD0784,90733031-BLUE,3,1953,03-10-2025 08:45
ORD0785,90733032-BLACK,2,1820,07-10-2025 08:45
ORD0785,90733033-SET,3,4377,06-10-2025 08:45
ORD0785,90733034-WHITE,3,1026,08-10-2025 08:45
ORD0785,90733035-METAL,3,1377,23-09-2025 08:45
ORD0785,90733036-SET,3,3264,18-09-2025 08:45
ORD0786,90733037-WHITE,2,1522,07-10-2025 08:45
ORD0786,90733038-BLUE,2,590,01-10-2025 08:45
ORD0786,90733039-BLACK,3,1059,15-10-2025 08:45
ORD0786,90733040-WHITE,2,2230,05-10-2025 08:45
ORD0787,90733041-BLUE,2,918,02-10-2025 08:45
ORD0787,90733042-WHITE,2,726,16-10-2025 08:45
ORD0787,90733043-BLUE,2,1724,30-09-2025 08:45
ORD0787,90733044-METAL,1,1171,17-10-2025 08:45
ORD0787,90733045-SET,3,3063,04-10-2025 08:45
ORD0788,90733046-BLACK,2,1302,02-10-2025 08:45
ORD0788,90733047-BLUE,3,3849,17-09-2025 08:45
ORD0788,90733048-WHITE,3,4125,13-10-2025 08:45
ORD0789,90733049-BLACK,1,1531,21-09-2025 08:45
ORD0789,90733050-SET,1,1964,09-10-2025 08:45
ORD0789,90734001-STEEL,3,5403,08-10-2025 08:45
ORD0789,90734002-SET,3,1776,16-10-2025 08:45
ORD0790,90734003-STEEL,3,690,23-09-2025 08:45
ORD0790,90734004-STEEL,2,3934,14-10-2025 08:45
ORD0790,90734005-STEEL,3,4149,08-10-2025 08:45
ORD0790,90734006-BLACK,1,1061,26-09-2025 08:45
ORD0790,90734007-SET,3,4377,16-10-2025 08:45
ORD0791,90734008-STEEL,3,5484,22-09-2025 08:45
ORD0791,90734009-STEEL,1,506,15-10-2025 08:45
ORD0791,90734010-BOX,1,1285,18-09-2025 08:45
ORD0792,90734011-STEEL,2,3486,18-09-2025 08:45
ORD0792,90734012-BLACK,3,2727,14-10-2025 08:45
ORD0792,90734013-STEEL,3,5892,13-10-2025 08:45
ORD0793,90734014-YELLOW,3,3930,28-09-2025 08:45
ORD0793,90734015-STEEL,1,624,20-09-2025 08:45
ORD0794,90734016-STEEL,2,702,04-10-2025 08:45
ORD0794,90734017-STEEL,2,2342,25-09-2025 08:45
ORD0794,90734018-BLACK,2,3478,08-10-2025 08:45
ORD0795,90734019-STEEL,2,800,05-10-2025 08:45
ORD0795,90734020-STEEL,1,1904,15-10-2025 08:45
ORD0795,90734021-STEEL,1,1233,17-10-2025 08:45
ORD0795,90734022-STEEL,3,2724,09-10-2025 08:45
ORD0795,90734023-STEEL,3,1365,19-09-2025 08:45
ORD0796,90734024-STEEL,2,1656,29-09-2025 08:45
ORD0796,90734025-STEEL,2,3554,25-09-2025 08:45
ORD0796,90734026-STEEL,2,636,06-10-2025 08:45
ORD0796,90734027-STEEL,3,3504,11-10-2025 08:45
ORD0796,90734028-STEEL,3,843,01-10-2025 08:45
ORD0797,90734029-STEEL,1,1264,16-10-2025 08:45
ORD0797,90734030-STEEL,1,1828,16-10-2025 08:45
ORD0797,90734031-STEEL,1,495,06-10-2025 08:45
ORD0797,90734032-STEEL,2,1184,14-10-2025 08:45
ORD0798,90734033-BLACK,2,424,21-09-2025 08:45
ORD0798,90734034-STEEL,3,4260,18-09-2025 08:45
ORD0799,90734035-STEEL,2,2692,26-09-2025 08:45
ORD0799,90734036-BLUE,1,964,01-10-2025 08:45
ORD0799,90734037-BLACK,1,273,27-09-2025 08:45
ORD0800,90734038-STEEL,1,684,22-09-2025 08:45
ORD0800,90734039-STEEL,2,2416,06-10-2025 08:45
ORD0800,90734040-STEEL,1,1611,01-10-2025 08:45
ORD0800,90734041-STEEL,3,3990,11-10-2025 08:45
ORD0800,90734042-STEEL,2,3632,27-09-2025 08:45
ORD0801,90734043-BLACK,2,3564,09-10-2025 08:45
ORD0801,90734044-STEEL,1,579,23-09-2025 08:45
ORD0801,90734045-STEEL,1,295,10-10-2025 08:45
ORD0802,90734046-STEEL,3,3264,04-10-2025 08:45
ORD0802,90734047-STEEL,1,705,22-09-2025 08:45
ORD0802,90734048-STEEL,1,1904,24-09-2025 08:45
ORD0802,90734049-STEEL,3,2139,05-10-2025 08:45
ORD0803,90734050-STEEL,1,1345,03-10-2025 08:45
ORD0803,SKU_LIP_001,3,1893,17-09-2025 08:45
ORD0803,SKU_EYE_001,3,2727,19-09-2025 08:45
ORD0803,SKU_SKIN_001,3,3603,21-09-2025 08:45
ORD0804,SKU_FOUND_001,1,1229,16-10-2025 08:45
ORD0804,SKU_HAIR_001,2,918,06-10-2025 08:45
ORD0804,SKU_LIP_002,2,2416,06-10-2025 08:45
ORD0804,SKU_EYE_002,3,3873,25-09-2025 08:45
ORD0805,SKU_SKIN_002,3,3111,27-09-2025 08:45
ORD0805,SKU_SKIN_003,1,684,01-10-2025 08:45
ORD0805,SKU_FOUND_002,2,3592,17-09-2025 08:45
ORD0805,SKU_HAIR_002,2,3698,11-10-2025 08:45
ORD0805,SKU_HAIR_003,3,2694,08-10-2025 08:45
ORD0806,SKU_SKIN_004,1,1531,13-10-2025 08:45
ORD0806,SKU_LIP_003,1,1157,01-10-2025 08:45
ORD0806,SKU_SKIN_005,3,5838,22-09-2025 08:45
ORD0806,SKU_EYE_003,3,1731,21-09-2025 08:45
ORD0807,SKU_SKIN_006,2,3114,01-10-2025 08:45
ORD0807,SKU_HAIR_004,3,2724,14-10-2025 08:45
ORD0807,SKU_SKIN_007,3,1275,26-09-2025 08:45
ORD0808,SKU_EYE_004,2,1066,19-09-2025 08:45
ORD0808,SKU_NAIL_001,1,1797,26-09-2025 08:45
ORD0808,SKU_SKIN_008,1,761,15-10-2025 08:45
ORD0808,SKU_LIP_004,3,3894,25-09-2025 08:45
ORD0809,SKU_SKIN_009,1,1012,10-10-2025 08:45
ORD0809,SKU_EYE_005,3,5484,25-09-2025 08:45
ORD0809,SKU_SKIN_010,1,713,15-10-2025 08:45
ORD0809,SKU_HAIR_005,3,5355,27-09-2025 08:45
ORD0809,SKU_SKIN_011,2,2918,06-10-2025 08:45
ORD0810,SKU_LIP_005,2,3902,11-10-2025 08:45
ORD0810,SKU_SKIN_012,3,1212,13-10-2025 08:45
ORD0810,SKU_PERF_001,1,1229,03-10-2025 08:45
ORD0810,SKU_SKIN_013,1,1229,17-09-2025 08:45
ORD0810,SKU_EYE_006,1,1353,16-10-2025 08:45
ORD0811,SKU_SKIN_014,1,351,23-09-2025 08:45
ORD0811,SKU_HAIR_006,1,425,15-10-2025 08:45
ORD0812,SKU_SKIN_015,1,257,24-09-2025 08:45
ORD0812,SKU_SKIN_016,2,2582,28-09-2025 08:45
ORD0812,SKU_NAIL_002,1,1756,10-10-2025 08:45
ORD0812,SKU_SKIN_017,2,1656,27-09-2025 08:45
ORD0813,SKU_SKIN_018,2,3214,05-10-2025 08:45
ORD0813,SKU_SKIN_019,1,351,24-09-2025 08:45
ORD0813,SKU_SKIN_020,1,940,27-09-2025 08:45
ORD0813,SKU_MAKE_001,1,748,15-10-2025 08:45
ORD0813,SKU_SKIN_021,1,1399,20-09-2025 08:45
ORD0814,SKU_HAIR_007,3,4722,21-09-2025 08:45
ORD0814,SKU_NAIL_003,3,5217,12-10-2025 08:45
ORD0814,SKU_SKIN_022,1,660,17-09-2025 08:45
ORD0814,SKU_SKIN_023,2,2176,17-09-2025 08:45
ORD0815,SKU_MAKE_002,3,2289,05-10-2025 08:45
ORD0815,SKU_HAIR_008,3,5121,04-10-2025 08:45
ORD0815,SKU_APP_TSHIRT_051,3,2205,20-09-2025 08:45
ORD0815,SKU_APP_SHIRT_052,3,4974,06-10-2025 08:45
ORD0816,SKU_APP_JEANS_053,3,1377,26-09-2025 08:45
ORD0816,SKU_APP_KURTA_054,3,4914,13-10-2025 08:45
ORD0816,SKU_APP_DRESS_055,1,404,01-10-2025 08:45
ORD0816,SKU_APP_HOODIE_056,3,942,11-10-2025 08:45
ORD0816,SKU_APP_LEGGINGS_057,3,3612,02-10-2025 08:45
ORD0817,SKU_APP_JACKET_058,2,1484,07-10-2025 08:45
ORD0817,SKU_APP_SAREE_059,3,2052,19-09-2025 08:45
ORD0818,SKU_APP_SHORTS_060,3,2289,14-10-2025 08:45
ORD0818,SKU_APP_POLO_061,2,2364,23-09-2025 08:45
ORD0819,SKU_APP_CROPTOP_062,3,843,24-09-2025 08:45
ORD0819,SKU_APP_CHINOS_063,3,4059,15-10-2025 08:45
ORD0819,SKU_APP_SKIRT_064,2,2918,22-09-2025 08:45
ORD0819,SKU_APP_SWEATER_065,1,802,02-10-2025 08:45
ORD0820,SKU_APP_TANKTOP_066,1,1828,20-09-2025 08:45
ORD0820,SKU_APP_TRACKPANT_067,1,406,17-09-2025 08:45
ORD0820,SKU_APP_DUPATTA_068,1,802,16-10-2025 08:45
ORD0821,SKU_APP_BLAZER_069,2,460,29-09-2025 08:45
ORD0821,SKU_APP_PALAZZO_070,3,2859,04-10-2025 08:45
ORD0821,SKU_APP_CARDIGAN_071,3,5403,20-09-2025 08:45
ORD0821,SKU_APP_JOGGER_072,2,1228,12-10-2025 08:45
ORD0822,SKU_APP_BLOUSE_073,1,1807,25-09-2025 08:45
ORD0822,SKU_APP_OVERALLS_074,3,4524,21-09-2025 08:45
ORD0822,SKU_APP_PONCHO_075,1,1330,17-10-2025 08:45
ORD0823,SKU_APP_WAISTCOAT_076,2,1258,28-09-2025 08:45
ORD0823,SKU_APP_SHRUG_077,3,3291,01-10-2025 08:45
ORD0823,SKU_APP_THERMAL_078,2,2100,13-10-2025 08:45
ORD0823,SKU_APP_ROMPER_079,3,4197,04-10-2025 08:45
ORD0823,SKU_APP_OVERCOAT_080,2,3524,18-09-2025 08:45
ORD0824,SKU_APP_VEST_081,3,3990,29-09-2025 08:45
ORD0824,SKU_APP_CAMISOLE_082,3,4425,27-09-2025 08:45
ORD0825,SKU_APP_CAPRI_083,2,1402,14-10-2025 08:45
ORD0825,SKU_APP_ANARKALI_084,2,460,15-10-2025 08:45
ORD0825,SKU_APP_PETTICOAT_085,3,3504,15-10-2025 08:45
ORD0826,SKU_APP_DHOTI_086,3,5499,22-09-2025 08:45
ORD0826,SKU_APP_LUNGI_087,3,5355,27-09-2025 08:45
ORD0827,SKU_APP_PARKA_088,3,4245,14-10-2025 08:45
ORD0827,SKU_APP_TUXEDO_089,3,4125,01-10-2025 08:45
ORD0828,SKU_APP_JUMPSUIT_090,2,2660,23-09-2025 08:45
ORD0828,SKU_APP_PULLOVER_091,1,1828,04-10-2025 08:45
ORD0829,SKU_APP_BURKHA_092,3,2724,17-10-2025 08:45
ORD0829,SKU_APP_RAINCOAT_093,2,2806,22-09-2025 08:45
ORD0829,SKU_APP_BODYSUIT_094,1,910,29-09-2025 08:45
ORD0829,SKU_APP_NIGHTSUIT_095,2,2768,27-09-2025 08:45
ORD0829,SKU_APP_BATHROBE_096,2,3638,01-10-2025 08:45
ORD0830,SKU_APP_HENLEY_097,1,1302,02-10-2025 08:45
ORD0830,SKU_APP_KAFTAN_098,3,1833,04-10-2025 08:45
ORD0830,SKU_APP_GOWN_099,2,610,13-10-2025 08:45
ORD0831,SKU_APP_WORKPANT_100,2,726,29-09-2025 08:45
ORD0831,SKU_ELEC_PHONE_101,1,951,07-10-2025 08:45
ORD0831,SKU_ELEC_LAPTOP_102,2,3276,27-09-2025 08:45
ORD0831,SKU_ELEC_EARBUDS_103,1,1785,17-10-2025 08:45
ORD0831,SKU_ELEC_TV_104,2,2840,04-10-2025 08:45
ORD0832,SKU_ELEC_SMARTWATCH_105,2,478,24-09-2025 08:45
ORD0832,SKU_ELEC_CAMERA_106,1,782,24-09-2025 08:45
ORD0832,SKU_ELEC_SPEAKER_107,2,3316,28-09-2025 08:45
ORD0833,SKU_ELEC_TABLET_108,3,2853,07-10-2025 08:45
ORD0833,SKU_ELEC_ROUTER_109,3,1053,12-10-2025 08:45
ORD0834,SKU_ELEC_POWERBANK_110,1,1459,01-10-2025 08:45
ORD0834,SKU_ELEC_KEYBOARD_111,2,2658,06-10-2025 08:45
ORD0834,SKU_ELEC_MOUSE_112,2,1724,02-10-2025 08:45
ORD0834,SKU_ELEC_MONITOR_113,2,2024,11-10-2025 08:45
ORD0835,SKU_ELEC_PRINTER_114,3,5403,23-09-2025 08:45
ORD0835,SKU_ELEC_HARDDRIVE_115,2,1818,22-09-2025 08:45
ORD0835,SKU_ELEC_SSD_116,1,414,17-09-2025 08:45
ORD0836,SKU_ELEC_DRONE_117,1,430,04-10-2025 08:45
ORD0836,SKU_ELEC_CONSOLE_118,2,3212,07-10-2025 08:45
ORD0836,SKU_ELEC_VR_119,2,3214,12-10-2025 08:45
ORD0836,SKU_ELEC_PROJECTOR_120,1,1904,30-09-2025 08:45
ORD0837,SKU_ELEC_CABLE_121,1,1640,29-09-2025 08:45
ORD0837,SKU_ELEC_HEADPHONE_122,2,1902,08-10-2025 08:45
ORD0837,SKU_ELEC_MIC_123,3,2052,15-10-2025 08:45
ORD0837,SKU_ELEC_CONTROLLER_124,3,1953,25-09-2025 08:45
ORD0837,SKU_ELEC_DASHCAM_125,2,3414,01-10-2025 08:45
ORD0838,SKU_ELEC_TRIPOD_126,3,1257,26-09-2025 08:45
ORD0838,SKU_ELEC_FLASH_127,3,2052,24-09-2025 08:45
ORD0839,SKU_ELEC_SMARTBULB_128,2,3902,10-10-2025 08:45
ORD0839,SKU_ELEC_SMARTPLUG_129,1,1964,20-09-2025 08:45
ORD0839,SKU_ELEC_AIRPURIFIER_130,3,4209,25-09-2025 08:45
ORD0840,SKU_ELEC_KINDLE_131,1,953,11-10-2025 08:45
ORD0840,SKU_ELEC_DRAWINGTAB_132,2,3614,14-10-2025 08:45
ORD0841,SKU_ELEC_WEBCAM_133,1,506,10-10-2025 08:45
ORD0841,SKU_ELEC_LENS_134,3,1587,20-09-2025 08:45
ORD0841,SKU_ELEC_GIMBAL_135,2,2042,10-10-2025 08:45
ORD0841,SKU_ELEC_SOUNDBAR_136,2,3554,16-10-2025 08:45
ORD0841,SKU_ELEC_DOORBELL_137,1,273,30-09-2025 08:45
ORD0842,SKU_ELEC_THERMOSTAT_138,3,1083,12-10-2025 08:45
ORD0842,SKU_ELEC_KETTLE_139,1,748,19-09-2025 08:45
ORD0843,SKU_ELEC_BLENDER_140,3,5499,05-10-2025 08:45
ORD0843,SKU_ELEC_SMARTLOCK_141,2,3614,18-09-2025 08:45
ORD0843,SKU_ELEC_ACTIONCAM_142,3,5856,22-09-2025 08:45
ORD0844,SKU_ELEC_PORTABLESSD_143,3,2103,17-10-2025 08:45
ORD0844,SKU_ELEC_STREAMSTICK_144,2,2840,16-10-2025 08:45
ORD0844,SKU_ELEC_SMARTSCALE_145,2,3444,09-10-2025 08:45
ORD0844,SKU_ELEC_BABYMONITOR_146,1,1116,02-10-2025 08:45
ORD0844,SKU_ELEC_CLICKER_147,1,361,11-10-2025 08:45
ORD0845,SKU_ELEC_DIGITALFRAME_148,3,2292,04-10-2025 08:45
ORD0845,SKU_ELEC_GAMINGCHAIR_149,1,1967,23-09-2025 08:45
ORD0845,SKU_ELEC_DESKFAN_150,3,3687,02-10-2025 08:45
ORD0846,SKU_JEW_RING_151,1,1532,24-09-2025 08:45
ORD0846,SKU_JEW_NECKLACE_152,1,1291,12-10-2025 08:45
ORD0846,SKU_JEW_EARRING_153,2,1058,10-10-2025 08:45
ORD0846,SKU_JEW_BRACELET_154,3,1212,25-09-2025 08:45
ORD0846,SKU_JEW_ANKLET_155,3,1752,19-09-2025 08:45
ORD0847,SKU_JEW_WATCH_156,3,5358,25-09-2025 08:45
ORD0847,SKU_JEW_SUNGLASSES_157,2,538,28-09-2025 08:45
ORD0848,SKU_JEW_HANDBAG_158,3,1209,06-10-2025 08:45
ORD0848,SKU_JEW_BELT_159,2,838,23-09-2025 08:45
ORD0849,SKU_JEW_WALLET_160,3,2892,03-10-2025 08:45
ORD0849,SKU_JEW_HAT_161,2,3486,19-09-2025 08:45
ORD0849,SKU_JEW_SCARF_162,1,230,17-10-2025 08:45
ORD0849,SKU_JEW_BROOCH_163,2,1820,08-10-2025 08:45
ORD0850,SKU_JEW_CHAIN_164,2,1526,28-09-2025 08:45
ORD0850,SKU_JEW_TOERING_165,1,1171,21-09-2025 08:45
ORD0850,SKU_JEW_BACKPACK_166,3,1377,12-10-2025 08:45
ORD0850,SKU_JEW_HAIRPIN_167,2,2254,13-10-2025 08:45
ORD0851,SKU_JEW_CUFFLINK_168,2,3904,03-10-2025 08:45
ORD0851,SKU_JEW_KEYCHAIN_169,2,722,18-09-2025 08:45
ORD0851,SKU_JEW_DUFFEL_170,1,1037,27-09-2025 08:45
ORD0852,SKU_JEW_PENDANT_171,1,964,12-10-2025 08:45
ORD0852,SKU_JEW_LOCKET_172,3,5697,18-09-2025 08:45
ORD0853,SKU_JEW_NOSEPIN_173,2,944,09-10-2025 08:45
ORD0853,SKU_JEW_BANGLES_174,2,1902,19-09-2025 08:45
ORD0854,SKU_JEW_TIARA_175,3,4149,03-10-2025 08:45
ORD0854,SKU_JEW_HAIRBAND_176,1,1291,16-10-2025 08:45
ORD0854,SKU_JEW_HAIRCLIP_177,2,2782,27-09-2025 08:45
ORD0854,SKU_JEW_CARDHOLDER_178,2,726,06-10-2025 08:45
ORD0854,SKU_JEW_LUGGAGETAG_179,3,3726,30-09-2025 08:45
ORD0855,SKU_JEW_TRAVELWALLET_180,1,1793,10-10-2025 08:45
ORD0855,SKU_JEW_LAPELPIN_181,3,4059,15-10-2025 08:45
ORD0855,SKU_JEW_TIECLIP_182,3,5421,25-09-2025 08:45
ORD0855,SKU_JEW_ARMLET_183,2,2466,18-09-2025 08:45
ORD0856,SKU_JEW_WAISTCHAIN_184,3,2346,22-09-2025 08:45
ORD0856,SKU_JEW_SCRUNCHIE_185,3,5679,23-09-2025 08:45
ORD0856,SKU_JEW_POTLIBAG_186,3,4722,01-10-2025 08:45
ORD0856,SKU_JEW_SUNGLASSCHAIN_187,2,1470,06-10-2025 08:45
ORD0856,SKU_JEW_JEWELBOX_188,3,3063,17-10-2025 08:45
ORD0857,SKU_JEW_WATCHSTRAP_189,3,5589,21-09-2025 08:45
ORD0857,SKU_JEW_BEADBRACELET_190,2,684,14-10-2025 08:45
ORD0858,SKU_JEW_GEMRING_191,3,1365,06-10-2025 08:45
ORD0858,SKU_JEW_JEWELROLL_192,3,1083,07-10-2025 08:45
ORD0858,SKU_JEW_CHARMKEY_193,3,1404,11-10-2025 08:45
ORD0858,SKU_JEW_BROOCHSET_194,3,4920,22-09-2025 08:45
ORD0859,SKU_JEW_WAISTBELT_195,3,5697,01-10-2025 08:45
ORD0859,SKU_JEW_SOCKS_196,1,755,08-10-2025 08:45
ORD0859,SKU_JEW_GLOVES_197,3,3036,17-10-2025 08:45
ORD0860,SKU_JEW_UMBRELLA_198,3,1587,16-10-2025 08:45
ORD0860,SKU_JEW_PHONECHARM_199,1,1946,18-09-2025 08:45
ORD0860,SKU_JEW_COINPURSE_200,1,1574,16-10-2025 08:45
ORD0860,SKU_PHA_PARACETAMOL_001,3,3183,21-09-2025 08:45
ORD0860,SKU_PHA_IBUPROFEN_002,2,2582,07-10-2025 08:45
ORD0861,SKU_PHA_ANTACID_003,3,3126,21-09-2025 08:45
ORD0861,SKU_PHA_COUGH_004,3,2730,13-10-2025 08:45
ORD0861,SKU_PHA_VITC_005,3,2853,30-09-2025 08:45
ORD0861,SKU_PHA_MULTIVIT_006,2,1656,04-10-2025 08:45
ORD0861,SKU_PHA_BANDAGE_007,1,1597,12-10-2025 08:45
ORD0862,SKU_PHA_SANITIZER_008,3,5484,06-10-2025 08:45
ORD0862,SKU_PHA_THERMOMETER_009,3,3945,04-10-2025 08:45
ORD0863,SKU_PHA_GLUCOSE_010,3,5403,10-10-2025 08:45
ORD0863,SKU_PHA_B12_011,3,5346,20-09-2025 08:45
ORD0863,SKU_PHA_DIGENE_012,3,2889,28-09-2025 08:45
ORD0863,SKU_PHA_VITD_013,2,3656,14-10-2025 08:45
ORD0864,SKU_PHA_GASRELIEF_014,3,1578,14-10-2025 08:45
ORD0864,SKU_PHA_ANTIFUNGAL_015,3,2724,18-09-2025 08:45
ORD0864,SKU_PHA_ANTIBIOTIC_016,3,2391,29-09-2025 08:45
ORD0864,SKU_PHA_ALLERGY_017,1,533,17-10-2025 08:45
ORD0865,SKU_PHA_BETADINE_018,2,806,25-09-2025 08:45
ORD0865,SKU_PHA_INSULIN_019,1,1157,14-10-2025 08:45
ORD0865,SKU_PHA_VITAMINC_020,1,763,20-09-2025 08:45
ORD0865,SKU_PHA_CALCIUM_021,2,3798,06-10-2025 08:45
ORD0865,SKU_PHA_IRON_022,1,230,10-10-2025 08:45
ORD0866,SKU_PHA_ZINC_023,1,430,23-09-2025 08:45
ORD0866,SKU_PHA_ORAL_024,1,763,14-10-2025 08:45
ORD0867,SKU_PHA_LOZENGE_025,3,4893,04-10-2025 08:45
ORD0867,SKU_PHA_ELECTROLYTE_026,2,3902,02-10-2025 08:45
ORD0867,SKU_PHA_INHALER_027,1,1375,30-09-2025 08:45
ORD0868,SKU_PHA_OINTMENT_028,1,1021,10-10-2025 08:45
ORD0868,SKU_PHA_GLUCOMETER_029,1,638,22-09-2025 08:45
ORD0868,SKU_PHA_BP_030,1,908,17-09-2025 08:45
ORD0868,SKU_PHA_PAINSPRAY_031,2,2566,21-09-2025 08:45
ORD0869,SKU_PHA_COOLGEL_032,3,1290,03-10-2025 08:45
ORD0869,SKU_PHA_COLDTAB_033,2,1562,17-09-2025 08:45
ORD0869,SKU_PHA_DIGESTIVE_034,3,3930,09-10-2025 08:45
ORD0869,SKU_PHA_PROBIOTIC_035,2,1248,14-10-2025 08:45
ORD0869,SKU_PHA_CALAMINE_036,2,2840,16-10-2025 08:45
ORD0870,SKU_PHA_LIVER_037,3,3546,03-10-2025 08:45
ORD0870,SKU_PHA_STEAM_038,2,1746,16-10-2025 08:45
ORD0870,SKU_PHA_MASK_039,2,2528,28-09-2025 08:45
ORD0871,SKU_PHA_VAPORUB_040,2,2736,23-09-2025 08:45
ORD0871,SKU_PHA_PROTEIN_041,3,2226,24-09-2025 08:45
ORD0871,SKU_PHA_VITAMINK2_042,2,1428,16-10-2025 08:45
ORD0872,SKU_PHA_MAGNESIUM_043,2,478,05-10-2025 08:45
ORD0872,SKU_PHA_PROTEINBAR_044,3,933,09-10-2025 08:45
ORD0872,SKU_PHA_COLLAGEN_045,1,1329,01-10-2025 08:45
ORD0873,SKU_PHA_BANDAGEKIT_046,1,526,15-10-2025 08:45
ORD0873,SKU_PHA_HEATINGPAD_047,2,3586,03-10-2025 08:45
ORD0873,SKU_PHA_PULSE_048,2,2840,24-09-2025 08:45
ORD0874,SKU_PHA_MASSAGER_049,2,1066,17-09-2025 08:45
ORD0874,SKU_PHA_STRETCH_050,2,3222,04-10-2025 08:45
ORD0875,62316095,1,353,09-10-2025 08:45
ORD0875,1982137274,1,802,26-09-2025 08:45
ORD0875,059035342X,3,5832,05-10-2025 08:45
ORD0876,307474275,3,3855,25-09-2025 08:45
ORD0876,140449132,2,1228,03-10-2025 08:45
ORD0876,61120081,3,1737,15-10-2025 08:45
ORD0876,553386794,2,3214,29-09-2025 08:45
ORD0877,544003411,2,1956,16-10-2025 08:45
ORD0877,62316117,2,2782,18-09-2025 08:45
ORD0877,143127748,1,295,17-10-2025 08:45
ORD0877,1594634025,3,2346,06-10-2025 08:45
ORD0878,038549081X,2,1428,21-09-2025 08:45
ORD0878,62457713,2,3934,11-10-2025 08:45
ORD0878,142437239,1,1403,10-10-2025 08:45
ORD0878,030788744X,3,5229,03-10-2025 08:45
ORD0878,62315005,3,3990,10-10-2025 08:45
ORD0879,596007120,3,3183,16-10-2025 08:45
ORD0879,262033844,3,2784,13-10-2025 08:45
ORD0879,132350882,3,5421,30-09-2025 08:45
ORD0879,735211299,2,2458,04-10-2025 08:45
ORD0880,385472579,2,2402,21-09-2025 08:45
ORD0880,60850523,1,1115,18-09-2025 08:45
ORD0880,143039954,3,4035,06-10-2025 08:45
ORD0880,1501128035,1,246,01-10-2025 08:45
ORD0881,525559477,2,3638,23-09-2025 08:45
ORD0881,804139296,3,4104,21-09-2025 08:45
ORD0881,66620996,1,353,28-09-2025 08:45
ORD0881,006245773X,1,1399,24-09-2025 08:45
ORD0882,451524934,3,2265,30-09-2025 08:45
ORD0882,316769487,3,933,01-10-2025 08:45
ORD0882,671027034,3,5484,08-10-2025 08:45
ORD0882,1982157283,3,4059,15-10-2025 08:45
ORD0882,593230256,3,2322,10-10-2025 08:45
ORD0883,345803485,1,1777,21-09-2025 08:45
ORD0883,081298160X,1,1330,06-10-2025 08:45
ORD0883,590353403,2,2736,16-10-2025 08:45
ORD0884,143110438,3,4209,17-09-2025 08:45
ORD0884,307465357,3,5484,26-09-2025 08:45
ORD0884,140283331,1,353,24-09-2025 08:45
ORD0884,62315008,1,230,09-10-2025 08:45
ORD0885,307346617,2,702,06-10-2025 08:45
ORD0885,61992275,2,3638,14-10-2025 08:45
ORD0885,006256577X,1,1021,30-09-2025 08:45
ORD0885,1250316774,1,212,18-09-2025 08:45
ORD0886,62457715,1,1863,11-10-2025 08:45
ORD0886,307277674,1,1944,10-10-2025 08:45
ORD0887,385484518,2,2042,17-10-2025 08:45
ORD0887,1501173219,2,2342,27-09-2025 08:45
ORD0888,143130722,1,1199,01-10-2025 08:45
ORD0888,399590501,2,786,03-10-2025 08:45
ORD0888,62316112,1,1229,14-10-2025 08:45
ORD0889,307719227,3,1587,14-10-2025 08:45
ORD0889,143127550,3,954,25-09-2025 08:45
ORD0890,62315009,2,838,09-10-2025 08:45
ORD0890,143126562,3,3210,15-10-2025 08:45
ORD0890,62316113,2,1470,22-09-2025 08:45
ORD0891,307463740,3,933,28-09-2025 08:45
ORD0891,62871337,2,860,27-09-2025 08:45
ORD0891,307273601,1,1863,20-09-2025 08:45
ORD0892,1501161933,1,1743,18-09-2025 08:45
ORD0892,140280197,3,3348,07-10-2025 08:45
ORD0892,1455586691,1,1756,27-09-2025 08:45
ORD0893,62316107,1,782,24-09-2025 08:45
ORD0893,90711001-BEIGE,2,3594,13-10-2025 08:45
ORD0894,90711002-WHITE,1,742,14-10-2025 08:45
ORD0894,90711003-BLACK,1,592,22-09-2025 08:45
ORD0894,90711004-GREEN,1,584,13-10-2025 08:45
ORD0894,90711005-OAK,1,629,04-10-2025 08:45
ORD0895,90711006-BLUE,1,1329,18-09-2025 08:45
ORD0895,90711007-GRAY,1,1315,27-09-2025 08:45
ORD0895,90711008-WHITE,2,2254,09-10-2025 08:45
ORD0895,90721001-BLACK,3,771,16-10-2025 08:45
ORD0896,90721002-WHITE,3,3867,13-10-2025 08:45
ORD0896,90721003-BEIGE,3,3291,11-10-2025 08:45
ORD0896,90721004-GREEN,2,636,11-10-2025 08:45
ORD0896,90721005-WOOD,2,918,12-10-2025 08:45
ORD0897,90721006-BLUE,3,4197,19-09-2025 08:45
ORD0897,90721007-WHITE,1,1199,01-10-2025 08:45
ORD0897,90721008-GRAY,1,774,30-09-2025 08:45
ORD0897,90721009-BLACK,1,1070,02-10-2025 08:45
ORD0897,90721010-WOOD,1,908,12-10-2025 08:45
ORD0898,90731001-WHITE,3,3126,29-09-2025 08:45
ORD0898,90731002-GRAY,3,2727,30-09-2025 08:45
ORD0898,90731003-BLACK,1,393,25-09-2025 08:45
ORD0899,90731004-BEIGE,1,828,15-10-2025 08:45
ORD0899,90731005-WOOD,3,2586,21-09-2025 08:45
ORD0900,90731006-BLUE,2,3896,16-10-2025 08:45
ORD0900,90731007-WHITE,3,5712,07-10-2025 08:45
ORD0900,90731008-GREEN,3,3036,22-09-2025 08:45
ORD0901,90731009-GRAY,3,5358,11-10-2025 08:45
ORD0901,90731010-BLACK,1,1517,14-10-2025 08:45
ORD0902,90731011-WHITE,1,1459,14-10-2025 08:45
ORD0902,90731012-BLACK,2,2466,17-10-2025 08:45
ORD0902,90731013-GREEN,1,1739,29-09-2025 08:45
ORD0902,90731014-WOOD,2,2566,22-09-2025 08:45
ORD0903,90731015-GRAY,1,1289,05-10-2025 08:45
ORD0903,90731016-WHITE,2,1548,19-09-2025 08:45
ORD0903,90731017-BLACK,3,3057,07-10-2025 08:45
ORD0903,90731018-BEIGE,2,3214,10-10-2025 08:45
ORD0904,90731019-WHITE,2,1184,21-09-2025 08:45
ORD0904,90731020-BLUE,3,2292,26-09-2025 08:45
ORD0904,90731021-WHITE,3,1485,03-10-2025 08:45
ORD0904,90731022-GRAY,1,400,07-10-2025 08:45
ORD0905,90731023-BLACK,1,403,06-10-2025 08:45
ORD0905,90731024-WOOD,2,610,24-09-2025 08:45
ORD0905,90731025-BLUE,1,455,27-09-2025 08:45
ORD0905,90731026-GREEN,3,2619,24-09-2025 08:45
ORD0906,90731027-BLACK,1,1756,04-10-2025 08:45
ORD0906,90731028-WHITE,3,1914,18-09-2025 08:45
ORD0906,90731029-GRAY,3,2289,15-10-2025 08:45
ORD0906,90731030-BEIGE,1,764,05-10-2025 08:45
ORD0906,90731031-WHITE,2,2458,09-10-2025 08:45
ORD0907,90731032-BLACK,2,3786,08-10-2025 08:45
ORD0907,90731033-GREEN,3,1980,17-10-2025 08:45
ORD0907,90732001-500G,3,717,23-09-2025 08:45
ORD0907,90732002-1KG,1,624,28-09-2025 08:45
ORD0908,90732003-200G,3,3699,18-09-2025 08:45
ORD0908,90732004-500ML,3,4596,14-10-2025 08:45
ORD0908,90732005-1L,2,3828,11-10-2025 08:45
ORD0909,90732006-250G,2,2604,04-10-2025 08:45
ORD0909,90732007-100G,3,1026,09-10-2025 08:45
ORD0909,90732008-500G,2,3512,15-10-2025 08:45
ORD0909,90732009-200G,1,1168,28-09-2025 08:45
ORD0909,90732010-150G,1,363,22-09-2025 08:45
ORD0910,90732011-1KG,2,684,30-09-2025 08:45
ORD0910,90732012-1KG,2,3034,21-09-2025 08:45
ORD0910,90732013-500G,1,1291,01-10-2025 08:45
ORD0911,90732014-200G,2,424,07-10-2025 08:45
ORD0911,90732015-750ML,3,4818,15-10-2025 08:45
ORD0912,90732016-400G,2,2458,02-10-2025 08:45
ORD0912,90732017-200G,3,5547,23-09-2025 08:45
ORD0912,90732018-500G,3,933,02-10-2025 08:45
ORD0913,90732019-250G,3,3063,25-09-2025 08:45
ORD0913,90732020-300G,3,3036,12-10-2025 08:45
ORD0913,90732021-1KG,2,3486,28-09-2025 08:45
ORD0914,90732022-500G,3,3987,24-09-2025 08:45
ORD0914,90732023-1L,3,5379,23-09-2025 08:45
ORD0914,90732024-500G,3,4974,14-10-2025 08:45
ORD0915,90732025-200G,1,1171,11-10-2025 08:45
ORD0915,90732026-1KG,3,5484,17-09-2025 08:45
ORD0915,90732027-100G,1,1459,05-10-2025 08:45
ORD0915,90732028-500G,3,4920,02-10-2025 08:45
ORD0916,90732029-750ML,3,3621,29-09-2025 08:45
ORD0916,90732030-500G,2,636,17-10-2025 08:45
ORD0916,90732031-500G,2,3614,02-10-2025 08:45
ORD0917,90732032-200G,2,2768,06-10-2025 08:45
ORD0917,90732033-500ML,2,3594,02-10-2025 08:45
ORD0917,90732034-100G,1,1229,15-10-2025 08:45
ORD0917,90732035-400G,3,5742,14-10-2025 08:45
ORD0918,90732036-500G,2,3928,02-10-2025 08:45
ORD0918,90732037-250G,1,1828,02-10-2025 08:45
ORD0919,90732038-200G,2,2402,18-09-2025 08:45
ORD0919,90732039-750ML,2,2658,14-10-2025 08:45
ORD0920,90732040-300G,3,1200,14-10-2025 08:45
ORD0920,90732041-1KG,2,2334,06-10-2025 08:45
ORD0920,90732042-500G,2,3586,07-10-2025 08:45
ORD0920,90732043-500G,2,1816,15-10-2025 08:45
ORD0920,90732044-200G,2,2458,27-09-2025 08:45
ORD0921,90732045-1L,1,684,24-09-2025 08:45
ORD0921,90732046-200G,1,631,23-09-2025 08:45
ORD0921,90732047-1KG,2,3602,03-10-2025 08:45
ORD0922,90732048-500G,1,1289,25-09-2025 08:45
ORD0922,90732049-250G,3,843,24-09-2025 08:45
ORD0922,90732050-300G,2,3892,28-09-2025 08:45
ORD0922,90733001-BLUE,3,3945,19-09-2025 08:45
ORD0922,90733002-A4,3,3057,21-09-2025 08:45
ORD0923,90733003-SET,3,3849,24-09-2025 08:45
ORD0923,90733004-BLACK,1,1384,04-10-2025 08:45
ORD0923,90733005-500,3,3504,27-09-2025 08:45
ORD0924,90733006-BLUE,3,3513,15-10-2025 08:45
ORD0924,90733007-WHITE,3,1842,16-10-2025 08:45
ORD0924,90733008-METAL,1,1952,27-09-2025 08:45
ORD0924,90733009-GLUE,1,1849,13-10-2025 08:45
ORD0925,90733010-RULER,3,1083,09-10-2025 08:45
ORD0925,90733011-BLUE,3,5448,03-10-2025 08:45
ORD0925,90733012-A4,2,1052,26-09-2025 08:45
ORD0925,90733013-METAL,1,592,07-10-2025 08:45
ORD0926,90733014-WHITE,3,3990,17-09-2025 08:45
ORD0926,90733015-SET,2,838,12-10-2025 08:45
ORD0926,90733016-A4,1,908,27-09-2025 08:45
ORD0926,90733017-BLACK,3,5484,04-10-2025 08:45
ORD0927,90733018-METAL,1,828,30-09-2025 08:45
ORD0927,90733019-SET,1,1115,15-10-2025 08:45
ORD0927,90733020-A4,3,1257,26-09-2025 08:45
ORD0927,90733021-BLACK,3,4974,06-10-2025 08:45
ORD0927,90733022-A4,3,3063,26-09-2025 08:45
ORD0928,90733023-WHITE,2,1818,30-09-2025 08:45
ORD0928,90733024-BLUE,1,495,24-09-2025 08:45
ORD0929,90733025-BLACK,3,1485,21-09-2025 08:45
ORD0929,90733026-METAL,3,3345,20-09-2025 08:45
ORD0929,90733027-SET,2,1302,15-10-2025 08:45
ORD0929,90733028-BLUE,2,3632,17-09-2025 08:45
ORD0930,90733029-WHITE,2,2176,25-09-2025 08:45
ORD0930,90733030-BLUE,1,455,30-09-2025 08:45
ORD0930,90733031-BLUE,1,281,12-10-2025 08:45
ORD0930,90733032-BLACK,1,1597,07-10-2025 08:45
ORD0930,90733033-SET,3,4038,06-10-2025 08:45
ORD0931,90733034-WHITE,1,1786,12-10-2025 08:45
ORD0931,90733035-METAL,2,2122,25-09-2025 08:45
ORD0932,90733036-SET,2,2768,29-09-2025 08:45
ORD0932,90733037-WHITE,1,1116,25-09-2025 08:45
ORD0933,90733038-BLUE,1,1828,25-09-2025 08:45
ORD0933,90733039-BLACK,3,3945,25-09-2025 08:45
ORD0933,90733040-WHITE,1,1214,06-10-2025 08:45
ORD0933,90733041-BLUE,1,1037,21-09-2025 08:45
ORD0933,90733042-WHITE,2,3214,04-10-2025 08:45
ORD0934,90733043-BLUE,2,936,28-09-2025 08:45
ORD0934,90733044-METAL,3,4914,17-10-2025 08:45
ORD0934,90733045-SET,2,1954,08-10-2025 08:45
ORD0934,90733046-BLACK,1,1019,17-10-2025 08:45
ORD0934,90733047-BLUE,3,4059,16-10-2025 08:45
ORD0935,90733048-WHITE,3,1518,02-10-2025 08:45
ORD0935,90733049-BLACK,1,1383,13-10-2025 08:45
ORD0935,90733050-SET,2,2398,10-10-2025 08:45
ORD0935,90734001-STEEL,3,2484,13-10-2025 08:45
ORD0935,90734002-SET,3,1485,02-10-2025 08:45
ORD0936,90734003-STEEL,2,1850,06-10-2025 08:45
ORD0936,90734004-STEEL,2,1902,15-10-2025 08:45
ORD0936,90734005-STEEL,2,1470,02-10-2025 08:45
ORD0936,90734006-BLACK,2,1484,10-10-2025 08:45
ORD0936,90734007-SET,2,1184,02-10-2025 08:45
ORD0937,90734008-STEEL,1,1391,20-09-2025 08:45
ORD0937,90734009-STEEL,2,3414,24-09-2025 08:45
ORD0937,90734010-BOX,2,2918,30-09-2025 08:45
ORD0937,90734011-STEEL,3,1578,15-10-2025 08:45
ORD0937,90734012-BLACK,2,1796,21-09-2025 08:45
ORD0938,90734013-STEEL,2,3222,27-09-2025 08:45
ORD0938,90734014-YELLOW,3,1485,02-10-2025 08:45
ORD0939,90734015-STEEL,3,5268,17-10-2025 08:45
ORD0939,90734016-STEEL,2,2690,27-09-2025 08:45
ORD0939,90734017-STEEL,3,3057,02-10-2025 08:45
ORD0939,90734018-BLACK,2,3016,27-09-2025 08:45
ORD0940,90734019-STEEL,2,3478,01-10-2025 08:45
ORD0940,90734020-STEEL,1,1229,02-10-2025 08:45
ORD0940,90734021-STEEL,2,1956,06-10-2025 08:45
ORD0940,90734022-STEEL,2,3892,05-10-2025 08:45
ORD0941,90734023-STEEL,3,4038,21-09-2025 08:45
ORD0941,90734024-STEEL,1,774,24-09-2025 08:45
ORD0942,90734025-STEEL,1,1298,20-09-2025 08:45
ORD0942,90734026-STEEL,1,1946,20-09-2025 08:45
ORD0943,90734027-STEEL,2,1902,07-10-2025 08:45
ORD0943,90734028-STEEL,3,2391,01-10-2025 08:45
ORD0943,90734029-STEEL,1,1797,09-10-2025 08:45
ORD0944,90734030-STEEL,3,843,28-09-2025 08:45
ORD0944,90734031-STEEL,3,1752,25-09-2025 08:45
ORD0944,90734032-STEEL,2,3316,23-09-2025 08:45
ORD0944,90734033-BLACK,3,1980,22-09-2025 08:45
ORD0944,90734034-STEEL,1,1050,10-10-2025 08:45
ORD0945,90734035-STEEL,1,1097,17-10-2025 08:45
ORD0945,90734036-BLUE,2,790,11-10-2025 08:45
ORD0945,90734037-BLACK,1,1330,12-10-2025 08:45
ORD0945,90734038-STEEL,3,2724,30-09-2025 08:45
ORD0945,90734039-STEEL,1,314,21-09-2025 08:45
ORD0946,90734040-STEEL,2,2414,21-09-2025 08:45
ORD0946,90734041-STEEL,2,590,23-09-2025 08:45
ORD0946,90734042-STEEL,3,2205,28-09-2025 08:45
ORD0947,90734043-BLACK,2,1368,27-09-2025 08:45
ORD0947,90734044-STEEL,1,1899,02-10-2025 08:45
ORD0947,90734045-STEEL,3,2931,26-09-2025 08:45
ORD0948,90734046-STEEL,3,3366,19-09-2025 08:45
ORD0948,90734047-STEEL,1,361,22-09-2025 08:45
ORD0948,90734048-STEEL,3,1587,03-10-2025 08:45
ORD0948,90734049-STEEL,1,684,19-09-2025 08:45
ORD0949,90734050-STEEL,1,977,17-09-2025 08:45
ORD0949,SKU_LIP_001,1,1475,18-09-2025 08:45
ORD0950,SKU_EYE_001,2,2042,07-10-2025 08:45
ORD0950,SKU_SKIN_001,2,424,29-09-2025 08:45
ORD0950,SKU_FOUND_001,1,239,16-10-2025 08:45
ORD0951,SKU_HAIR_001,2,2402,09-10-2025 08:45
ORD0951,SKU_LIP_002,1,1459,09-10-2025 08:45
ORD0951,SKU_EYE_002,2,2658,15-10-2025 08:45
ORD0951,SKU_SKIN_002,1,1796,14-10-2025 08:45
ORD0951,SKU_SKIN_003,1,1061,11-10-2025 08:45
ORD0952,SKU_FOUND_002,2,628,29-09-2025 08:45
ORD0952,SKU_HAIR_002,3,5331,09-10-2025 08:45
ORD0952,SKU_HAIR_003,1,611,12-10-2025 08:45
ORD0953,SKU_SKIN_004,2,3902,17-09-2025 08:45
ORD0953,SKU_LIP_003,3,5331,28-09-2025 08:45
ORD0954,SKU_SKIN_005,3,1365,27-09-2025 08:45
ORD0954,SKU_EYE_003,1,1797,05-10-2025 08:45
ORD0954,SKU_SKIN_006,3,2931,19-09-2025 08:45
ORD0955,SKU_HAIR_004,3,5268,12-10-2025 08:45
ORD0955,SKU_SKIN_007,1,1201,08-10-2025 08:45
ORD0955,SKU_EYE_004,3,1257,28-09-2025 08:45
ORD0955,SKU_NAIL_001,2,1526,28-09-2025 08:45
ORD0956,SKU_SKIN_008,1,1264,14-10-2025 08:45
ORD0956,SKU_LIP_004,3,3381,14-10-2025 08:45
ORD0956,SKU_SKIN_009,1,1828,20-09-2025 08:45
ORD0957,SKU_EYE_005,2,538,07-10-2025 08:45
ORD0957,SKU_SKIN_010,2,2084,30-09-2025 08:45
ORD0957,SKU_HAIR_005,2,786,28-09-2025 08:45
ORD0957,SKU_SKIN_011,3,1053,13-10-2025 08:45
ORD0958,SKU_LIP_005,3,2727,08-10-2025 08:45
ORD0958,SKU_SKIN_012,3,597,23-09-2025 08:45
ORD0958,SKU_PERF_001,2,1820,07-10-2025 08:45
ORD0958,SKU_SKIN_013,3,636,08-10-2025 08:45
ORD0958,SKU_EYE_006,3,3687,18-09-2025 08:45
ORD0959,SKU_SKIN_014,1,1291,08-10-2025 08:45
ORD0959,SKU_HAIR_006,2,1902,21-09-2025 08:45
ORD0959,SKU_SKIN_015,3,2619,27-09-2025 08:45
ORD0959,SKU_SKIN_016,2,2084,25-09-2025 08:45
ORD0960,SKU_NAIL_002,2,3016,17-10-2025 08:45
ORD0960,SKU_SKIN_017,1,1420,12-10-2025 08:45
ORD0961,SKU_SKIN_018,3,2853,20-09-2025 08:45
ORD0961,SKU_SKIN_019,1,925,26-09-2025 08:45
ORD0961,SKU_SKIN_020,2,1724,25-09-2025 08:45
ORD0961,SKU_MAKE_001,1,908,19-09-2025 08:45
ORD0962,SKU_SKIN_021,3,3291,05-10-2025 08:45
ORD0962,SKU_HAIR_007,3,3501,04-10-2025 08:45
ORD0963,SKU_NAIL_003,3,4059,08-10-2025 08:45
ORD0963,SKU_SKIN_022,1,404,23-09-2025 08:45
ORD0963,SKU_SKIN_023,3,1242,17-09-2025 08:45
ORD0964,SKU_MAKE_002,1,862,08-10-2025 08:45
ORD0964,SKU_HAIR_008,3,1953,14-10-2025 08:45
ORD0964,SKU_APP_TSHIRT_051,1,305,02-10-2025 08:45
ORD0964,SKU_APP_SHIRT_052,2,2042,29-09-2025 08:45
ORD0964,SKU_APP_JEANS_053,3,1059,13-10-2025 08:45
ORD0965,SKU_APP_KURTA_054,1,1722,28-09-2025 08:45
ORD0965,SKU_APP_DRESS_055,1,782,28-09-2025 08:45
ORD0965,SKU_APP_HOODIE_056,3,4377,11-10-2025 08:45
ORD0965,SKU_APP_LEGGINGS_057,1,1631,25-09-2025 08:45
ORD0965,SKU_APP_JACKET_058,2,2840,02-10-2025 08:45
ORD0966,SKU_APP_SAREE_059,2,3262,04-10-2025 08:45
ORD0966,SKU_APP_SHORTS_060,3,687,17-10-2025 08:45
ORD0966,SKU_APP_POLO_061,2,2798,26-09-2025 08:45
ORD0967,SKU_APP_CROPTOP_062,3,1059,27-09-2025 08:45
ORD0967,SKU_APP_CHINOS_063,1,1264,17-09-2025 08:45
ORD0967,SKU_APP_SKIRT_064,1,360,02-10-2025 08:45
ORD0967,SKU_APP_SWEATER_065,1,1384,27-09-2025 08:45
ORD0967,SKU_APP_TANKTOP_066,2,1656,10-10-2025 08:45
ORD0968,SKU_APP_TRACKPANT_067,2,1724,01-10-2025 08:45
ORD0968,SKU_APP_DUPATTA_068,2,2604,03-10-2025 08:45
ORD0969,SKU_APP_BLAZER_069,1,713,08-10-2025 08:45
ORD0969,SKU_APP_PALAZZO_070,1,353,02-10-2025 08:45
ORD0969,SKU_APP_CARDIGAN_071,2,1320,15-10-2025 08:45
ORD0970,SKU_APP_JOGGER_072,1,1828,17-10-2025 08:45
ORD0970,SKU_APP_BLOUSE_073,3,690,01-10-2025 08:45
ORD0970,SKU_APP_OVERALLS_074,2,3414,11-10-2025 08:45
ORD0970,SKU_APP_PONCHO_075,2,3564,17-10-2025 08:45
ORD0971,SKU_APP_WAISTCOAT_076,1,1459,30-09-2025 08:45
ORD0971,SKU_APP_SHRUG_077,1,430,23-09-2025 08:45
ORD0971,SKU_APP_THERMAL_078,2,1956,17-09-2025 08:45
ORD0971,SKU_APP_ROMPER_079,2,720,19-09-2025 08:45
ORD0971,SKU_APP_OVERCOAT_080,1,400,02-10-2025 08:45
ORD0972,SKU_APP_VEST_081,1,763,04-10-2025 08:45
ORD0972,SKU_APP_CAMISOLE_082,2,1510,08-10-2025 08:45
ORD0973,SKU_APP_CAPRI_083,2,684,17-09-2025 08:45
ORD0973,SKU_APP_ANARKALI_084,3,5499,17-10-2025 08:45
ORD0973,SKU_APP_PETTICOAT_085,1,425,05-10-2025 08:45
ORD0974,SKU_APP_DHOTI_086,2,784,30-09-2025 08:45
ORD0974,SKU_APP_LUNGI_087,2,2750,03-10-2025 08:45
ORD0974,SKU_APP_PARKA_088,3,5499,30-09-2025 08:45
ORD0974,SKU_APP_TUXEDO_089,2,3062,08-10-2025 08:45
ORD0975,SKU_APP_JUMPSUIT_090,3,3945,14-10-2025 08:45
ORD0975,SKU_APP_PULLOVER_091,3,4149,16-10-2025 08:45
ORD0976,SKU_APP_BURKHA_092,2,2230,23-09-2025 08:45
ORD0976,SKU_APP_RAINCOAT_093,2,1746,29-09-2025 08:45
ORD0976,SKU_APP_BODYSUIT_094,1,592,23-09-2025 08:45
ORD0976,SKU_APP_NIGHTSUIT_095,1,1302,17-09-2025 08:45
ORD0976,SKU_APP_BATHROBE_096,3,5379,18-09-2025 08:45
ORD0977,SKU_APP_HENLEY_097,3,3063,01-10-2025 08:45
ORD0977,SKU_APP_KAFTAN_098,3,2103,29-09-2025 08:45
ORD0977,SKU_APP_GOWN_099,1,1168,19-09-2025 08:45
ORD0977,SKU_APP_WORKPANT_100,1,1532,01-10-2025 08:45
ORD0977,SKU_ELEC_PHONE_101,2,398,04-10-2025 08:45
ORD0978,SKU_ELEC_LAPTOP_102,2,3656,07-10-2025 08:45
ORD0978,SKU_ELEC_EARBUDS_103,1,1204,16-10-2025 08:45
ORD0978,SKU_ELEC_TV_104,1,1375,18-09-2025 08:45
ORD0979,SKU_ELEC_SMARTWATCH_105,2,812,17-10-2025 08:45
ORD0979,SKU_ELEC_CAMERA_106,1,1574,17-09-2025 08:45
ORD0980,SKU_ELEC_SPEAKER_107,1,1904,08-10-2025 08:45
ORD0980,SKU_ELEC_TABLET_108,3,3867,20-09-2025 08:45
ORD0980,SKU_ELEC_ROUTER_109,3,1953,06-10-2025 08:45
ORD0981,SKU_ELEC_POWERBANK_110,2,1320,14-10-2025 08:45
ORD0981,SKU_ELEC_KEYBOARD_111,2,1368,09-10-2025 08:45
ORD0981,SKU_ELEC_MOUSE_112,2,2024,24-09-2025 08:45
ORD0981,SKU_ELEC_MONITOR_113,2,1902,23-09-2025 08:45
ORD0981,SKU_ELEC_PRINTER_114,3,3894,03-10-2025 08:45
ORD0982,SKU_ELEC_HARDDRIVE_115,2,2782,18-09-2025 08:45
ORD0982,SKU_ELEC_SSD_116,3,1887,05-10-2025 08:45
ORD0983,SKU_ELEC_DRONE_117,3,1404,26-09-2025 08:45
ORD0983,SKU_ELEC_CONSOLE_118,2,3508,05-10-2025 08:45
ORD0983,SKU_ELEC_VR_119,2,2758,03-10-2025 08:45
ORD0983,SKU_ELEC_PROJECTOR_120,2,2578,12-10-2025 08:45
ORD0983,SKU_ELEC_CABLE_121,2,3214,01-10-2025 08:45
ORD0984,SKU_ELEC_HEADPHONE_122,2,3632,02-10-2025 08:45
ORD0984,SKU_ELEC_MIC_123,1,1611,24-09-2025 08:45
ORD0985,SKU_ELEC_CONTROLLER_124,3,1275,29-09-2025 08:45
ORD0985,SKU_ELEC_DASHCAM_125,2,1248,22-09-2025 08:45
ORD0985,SKU_ELEC_TRIPOD_126,2,1562,15-10-2025 08:45
ORD0985,SKU_ELEC_FLASH_127,3,4893,14-10-2025 08:45
ORD0986,SKU_ELEC_SMARTBULB_128,2,3656,23-09-2025 08:45
ORD0986,SKU_ELEC_SMARTPLUG_129,3,687,05-10-2025 08:45
ORD0986,SKU_ELEC_AIRPURIFIER_130,2,2458,18-09-2025 08:45
ORD0986,SKU_ELEC_KINDLE_131,3,5853,11-10-2025 08:45
ORD0986,SKU_ELEC_DRAWINGTAB_132,1,1863,27-09-2025 08:45
ORD0987,SKU_ELEC_WEBCAM_133,2,1604,13-10-2025 08:45
ORD0987,SKU_ELEC_LENS_134,1,392,18-09-2025 08:45
ORD0988,SKU_ELEC_GIMBAL_135,2,3114,01-10-2025 08:45
ORD0988,SKU_ELEC_SOUNDBAR_136,2,2660,09-10-2025 08:45
ORD0988,SKU_ELEC_DOORBELL_137,1,314,09-10-2025 08:45
ORD0988,SKU_ELEC_THERMOSTAT_138,1,764,14-10-2025 08:45
ORD0988,SKU_ELEC_KETTLE_139,1,1375,29-09-2025 08:45
ORD0989,SKU_ELEC_BLENDER_140,3,4974,11-10-2025 08:45
ORD0989,SKU_ELEC_SMARTLOCK_141,1,1208,03-10-2025 08:45
ORD0989,SKU_ELEC_ACTIONCAM_142,1,1743,08-10-2025 08:45
ORD0989,SKU_ELEC_PORTABLESSD_143,1,755,30-09-2025 08:45
ORD0989,SKU_ELEC_STREAMSTICK_144,3,5499,05-10-2025 08:45
ORD0990,SKU_ELEC_SMARTSCALE_145,2,812,15-10-2025 08:45
ORD0990,SKU_ELEC_BABYMONITOR_146,2,2334,08-10-2025 08:45
ORD0990,SKU_ELEC_CLICKER_147,1,1204,14-10-2025 08:45
ORD0991,SKU_ELEC_DIGITALFRAME_148,2,2140,13-10-2025 08:45
ORD0991,SKU_ELEC_GAMINGCHAIR_149,3,4038,03-10-2025 08:45
ORD0991,SKU_ELEC_DESKFAN_150,2,1320,29-09-2025 08:45
ORD0991,SKU_JEW_RING_151,3,597,23-09-2025 08:45
ORD0992,SKU_JEW_NECKLACE_152,2,1052,14-10-2025 08:45
ORD0992,SKU_JEW_EARRING_153,1,406,17-09-2025 08:45
ORD0993,SKU_JEW_BRACELET_154,1,1595,01-10-2025 08:45
ORD0993,SKU_JEW_ANKLET_155,1,1208,17-09-2025 08:45
ORD0993,SKU_JEW_WATCH_156,1,910,04-10-2025 08:45
ORD0993,SKU_JEW_SUNGLASSES_157,1,281,15-10-2025 08:45
ORD0993,SKU_JEW_HANDBAG_158,2,2140,29-09-2025 08:45
ORD0994,SKU_JEW_BELT_159,1,1019,17-10-2025 08:45
ORD0994,SKU_JEW_WALLET_160,1,1658,06-10-2025 08:45
ORD0994,SKU_JEW_HAT_161,2,3524,30-09-2025 08:45
ORD0994,SKU_JEW_SCARF_162,3,2484,08-10-2025 08:45
ORD0994,SKU_JEW_BROOCH_163,1,459,26-09-2025 08:45
ORD0995,SKU_JEW_CHAIN_164,1,925,24-09-2025 08:45
ORD0995,SKU_JEW_TOERING_165,1,614,10-10-2025 08:45
ORD0995,SKU_JEW_BACKPACK_166,1,898,06-10-2025 08:45
ORD0995,SKU_JEW_HAIRPIN_167,1,281,18-09-2025 08:45
ORD0995,SKU_JEW_CUFFLINK_168,1,1242,07-10-2025 08:45
ORD0996,SKU_JEW_KEYCHAIN_169,1,403,19-09-2025 08:45
ORD0996,SKU_JEW_DUFFEL_170,3,3849,15-10-2025 08:45
ORD0996,SKU_JEW_PENDANT_171,2,3444,17-09-2025 08:45
ORD0997,SKU_JEW_LOCKET_172,1,506,17-09-2025 08:45
ORD0997,SKU_JEW_NOSEPIN_173,1,400,15-10-2025 08:45
ORD0997,SKU_JEW_BANGLES_174,3,5892,18-09-2025 08:45
ORD0997,SKU_JEW_TIARA_175,2,808,10-10-2025 08:45
ORD0997,SKU_JEW_HAIRBAND_176,1,1951,11-10-2025 08:45
ORD0998,SKU_JEW_HAIRCLIP_177,1,212,09-10-2025 08:45
ORD0998,SKU_JEW_CARDHOLDER_178,3,5844,11-10-2025 08:45
ORD0998,SKU_JEW_LUGGAGETAG_179,2,1856,18-09-2025 08:45
ORD0999,SKU_JEW_TRAVELWALLET_180,2,2024,07-10-2025 08:45
ORD0999,SKU_JEW_LAPELPIN_181,3,4038,02-10-2025 08:45
ORD0999,SKU_JEW_TIECLIP_182,1,1967,18-09-2025 08:45
ORD0999,SKU_JEW_ARMLET_183,1,1475,24-09-2025 08:45
ORD0999,SKU_JEW_WAISTCHAIN_184,1,1391,27-09-2025 08:45
ORD1000,SKU_JEW_SCRUNCHIE_185,3,885,19-09-2025 08:45
ORD1000,SKU_JEW_POTLIBAG_186,2,706,27-09-2025 08:45
ORD1000,SKU_JEW_SUNGLASSCHAIN_187,1,629,24-09-2025 08:45
,,,,
,,,,
,,,,
,,,,
,,,,
,,,,
,,,,
,,,,
,,,,
,,,,
,,,,
,,,,
,,,,
,,,,
,,,,
,,,,
,,,,
,,,,
,,,,
,,,,
,,,,
,,,,
,,,,
,,,,
,,,,
,,,,
,,,,
,,,,
,,,,
,,,,
,,,,
,,,,
,,,,
,,,,
,,,,
,,,,
,,,,
,,,,
,,,,
,,,,
,,,,
,,,,
,,,,
,,,,
,,,,
,,,,
,,,,
,,,,
,,,,
,,,,
,,,,
,,,,
,,,,
,,,,
,,,,
,,,,
,,,,
,,,,
,,,,
,,,,
,,,,
,,,,
,,,,
