sku_id,warehouse_id,stock_quantity,reserved_quantity,Timestamp
62316095,WH_002,467,99,30-09-2026 14:21
1982137274,WH_007,107,18,24-07-2026 12:45
059035342X,WH_004,795,228,08-10-2026 11:22
307474275,WH_009,975,118,13-09-2026 07:14
140449132,WH_010,555,11,23-11-2026 15:47
61120081,WH_002,440,51,10-03-2026 11:43
553386794,WH_003,604,85,10-07-2026 05:55
544003411,WH_002,217,17,04-03-2026 06:00
62316117,WH_008,137,25,26-11-2026 18:24
143127748,WH_009,167,19,14-01-2026 10:21
1594634025,WH_006,158,35,07-01-2026 14:15
038549081X,WH_003,420,123,25-02-2026 02:27
62457713,WH_009,355,0,09-10-2026 03:01
142437239,WH_007,678,181,29-07-2026 06:20
030788744X,WH_004,571,116,19-12-2026 03:29
62315005,WH_003,595,74,01-07-2026 08:13
596007120,WH_006,3,0,24-08-2026 19:43
262033844,WH_001,488,89,19-12-2026 09:07
132350882,WH_004,0,0,05-06-2026 05:16
735211299,WH_005,795,153,13-08-2026 17:51
385472579,WH_001,978,221,25-01-2026 17:10
60850523,WH_007,326,75,25-11-2026 00:56
143039954,WH_007,599,36,10-05-2026 22:56
1501128035,WH_010,216,28,14-10-2026 17:35
525559477,WH_006,800,2,23-10-2026 09:45
804139296,WH_008,0,0,08-11-2026 22:25
66620996,WH_001,139,5,07-03-2026 04:05
006245773X,WH_003,834,208,13-05-2026 20:04
451524934,WH_006,248,73,04-09-2026 22:17
316769487,WH_009,799,94,24-01-2026 23:36
671027034,WH_008,0,0,29-10-2026 22:04
1982157283,WH_010,945,275,26-10-2026 00:39
593230256,WH_005,723,153,22-12-2026 03:03
345803485,WH_001,5,0,04-06-2026 18:58
081298160X,WH_008,2,0,05-08-2026 01:46
590353403,WH_001,16,1,27-03-2026 14:09
143110438,WH_007,3,1,23-06-2026 16:50
307465357,WH_003,332,35,28-11-2026 09:44
140283331,WH_003,650,120,10-08-2026 07:51
62315008,WH_001,527,20,24-09-2026 08:11
307346617,WH_009,3,0,15-01-2026 05:59
61992275,WH_002,222,63,05-01-2026 10:17
006256577X,WH_007,0,0,04-06-2026 23:23
1250316774,WH_009,0,0,31-07-2026 02:58
62457715,WH_003,0,0,21-09-2026 23:36
307277674,WH_010,275,4,25-08-2026 04:00
385484518,WH_003,5,1,09-03-2026 05:27
1501173219,WH_008,4,1,06-10-2026 18:34
143130722,WH_007,16,3,22-07-2026 16:14
399590501,WH_003,949,55,13-04-2026 03:26
62316112,WH_008,459,83,25-04-2026 03:53
307719227,WH_006,293,66,11-01-2026 01:39
143127550,WH_004,748,102,06-05-2026 18:24
62315009,WH_002,427,3,16-12-2026 00:13
143126562,WH_007,569,85,28-12-2026 11:37
62316113,WH_005,0,0,19-03-2026 09:36
307463740,WH_007,777,197,13-10-2026 20:05
62871337,WH_009,907,196,25-01-2026 11:12
307273601,WH_003,844,3,17-12-2026 16:19
1501161933,WH_001,869,83,14-05-2026 22:17
140280197,WH_002,87,4,27-07-2026 02:23
1455586691,WH_008,992,287,22-05-2026 20:56
62316107,WH_008,171,15,31-07-2026 13:16
140449266,WH_007,0,0,05-01-2026 05:59
679783275,WH_008,0,0,15-02-2026 05:09
307743657,WH_003,686,53,05-09-2026 15:53
61122415,WH_002,164,3,03-09-2026 20:06
142437247,WH_003,0,0,03-06-2026 09:24
553213119,WH_009,4,0,21-06-2026 21:13
60853983,WH_009,993,73,14-07-2026 13:34
131103627,WH_001,1,1,14-02-2026 18:32
1491957660,WH_008,5,0,05-10-2026 17:36
141182803,WH_007,0,0,26-02-2026 13:34
60935467,WH_002,859,53,04-09-2026 16:39
307387892,WH_009,720,69,22-10-2026 08:26
140449334,WH_002,466,133,12-08-2026 02:35
812981606,WH_003,290,50,05-08-2026 21:03
679734529,WH_009,50,7,11-06-2026 23:03
307476463,WH_005,4,1,20-05-2026 16:56
62315001,WH_010,2,1,08-08-2026 02:41
553573404,WH_007,52,0,02-12-2026 10:59
62315002,WH_008,767,174,08-02-2026 02:01
1451673319,WH_005,0,0,11-09-2026 16:05
261103573,WH_007,588,166,25-02-2026 23:56
140449273,WH_003,416,5,16-05-2026 10:20
307949486,WH_002,5,0,30-05-2026 21:33
62457716,WH_010,889,171,06-01-2026 06:30
140449198,WH_009,884,87,29-11-2026 16:13
679410430,WH_010,873,15,09-03-2026 02:04
140449181,WH_009,519,154,12-03-2026 21:05
307278449,WH_007,519,154,08-06-2026 14:15
1591846445,WH_006,848,132,12-11-2026 02:26
385545969,WH_001,915,243,08-05-2026 08:38
62316114,WH_010,230,65,07-03-2026 21:41
143127745,WH_008,774,88,19-06-2026 01:55
807014295,WH_005,488,85,24-04-2026 06:26
525536291,WH_001,402,12,12-03-2026 17:42
140449204,WH_010,974,18,15-09-2026 22:36
307271037,WH_010,768,158,02-12-2026 02:29
90711001-BEIGE,WH_002,483,22,13-05-2026 12:56
90711002-WHITE,WH_001,233,65,21-10-2026 20:00
90711003-BLACK,WH_007,4,0,01-02-2026 13:59
90711004-GREEN,WH_003,977,127,19-10-2026 19:57
90711005-OAK,WH_001,2,0,28-08-2026 14:30
90711006-BLUE,WH_009,999,284,10-06-2026 01:56
90711007-GRAY,WH_007,2,0,05-02-2026 22:26
90711008-WHITE,WH_003,0,0,10-06-2026 01:25
90721001-BLACK,WH_004,5,0,07-08-2026 07:51
90721002-WHITE,WH_004,0,0,03-09-2026 21:13
90721003-BEIGE,WH_010,267,29,19-05-2026 15:46
90721004-GREEN,WH_007,324,83,13-10-2026 09:38
90721005-WOOD,WH_004,0,0,26-06-2026 13:35
90721006-BLUE,WH_003,858,212,19-04-2026 06:02
90721007-WHITE,WH_003,559,122,12-03-2026 14:49
90721008-GRAY,WH_004,5,0,12-12-2026 06:28
90721009-BLACK,WH_010,436,69,13-04-2026 06:25
90721010-WOOD,WH_001,490,74,03-11-2026 22:17
90731001-WHITE,WH_001,710,125,15-12-2026 04:12
90731002-GRAY,WH_007,1,0,13-08-2026 15:04
90731003-BLACK,WH_008,505,57,11-01-2026 04:49
90731004-BEIGE,WH_003,89,2,04-02-2026 13:50
90731005-WOOD,WH_007,2,1,14-06-2026 04:58
90731006-BLUE,WH_005,5,1,11-07-2026 03:07
90731007-WHITE,WH_010,4,1,24-03-2026 05:47
90731008-GREEN,WH_008,5,1,15-05-2026 19:27
90731009-GRAY,WH_010,221,10,06-05-2026 22:20
90731010-BLACK,WH_005,0,0,09-02-2026 15:38
90731011-WHITE,WH_004,407,82,16-05-2026 22:25
90731012-BLACK,WH_005,889,219,07-11-2026 00:10
90731013-GREEN,WH_010,1,1,26-02-2026 16:17
90731014-WOOD,WH_009,266,31,29-04-2026 10:25
90731015-GRAY,WH_006,465,73,05-04-2026 00:23
90731016-WHITE,WH_008,27,5,08-08-2026 18:56
90731017-BLACK,WH_004,0,0,01-08-2026 05:03
90731018-BEIGE,WH_008,401,71,21-10-2026 09:46
90731019-WHITE,WH_010,0,0,15-07-2026 00:35
90731020-BLUE,WH_007,270,50,15-12-2026 04:27
90731021-WHITE,WH_009,290,14,24-02-2026 18:34
90731022-GRAY,WH_001,468,78,18-01-2026 23:39
90731023-BLACK,WH_005,866,2,14-04-2026 14:12
90731024-WOOD,WH_001,1,1,02-08-2026 11:15
90731025-BLUE,WH_008,727,153,06-07-2026 02:17
90731026-GREEN,WH_003,5,1,18-12-2026 12:02
90731027-BLACK,WH_009,88,19,17-05-2026 03:03
90731028-WHITE,WH_003,319,42,29-04-2026 22:41
90731029-GRAY,WH_003,1,0,01-10-2026 11:36
90731030-BEIGE,WH_003,534,108,10-10-2026 07:38
90731031-WHITE,WH_003,931,12,08-03-2026 06:36
90731032-BLACK,WH_003,199,10,31-10-2026 02:41
90731033-GREEN,WH_004,559,156,01-10-2026 17:36
90741001-WHITE,WH_002,4,1,17-06-2026 02:50
90741002-BLACK,WH_007,581,86,29-01-2026 20:44
90741003-GRAY,WH_002,558,114,15-06-2026 11:19
90741004-BEIGE,WH_007,0,0,05-10-2026 15:25
90741005-WOOD,WH_002,949,28,20-06-2026 23:57
90741006-BLUE,WH_007,35,7,15-11-2026 11:17
90741007-WHITE,WH_003,0,0,27-07-2026 11:13
90741008-GREEN,WH_007,875,226,06-03-2026 09:21
90741009-BLACK,WH_006,2,1,10-07-2026 12:26
90741010-WHITE,WH_010,0,0,19-12-2026 11:03
90741011-BEIGE,WH_007,225,24,28-12-2026 13:02
90741012-GRAY,WH_002,2,1,26-01-2026 10:36
90741013-WOOD,WH_002,0,0,29-04-2026 11:21
90741014-BLUE,WH_008,715,68,16-11-2026 06:43
90741015-BLACK,WH_004,820,66,29-08-2026 21:42
90741016-WHITE,WH_002,1,1,30-12-2026 09:06
90741017-GREEN,WH_008,3,0,02-01-2026 19:16
90741018-GRAY,WH_001,3,1,03-01-2026 07:41
90741019-BEIGE,WH_008,209,56,28-04-2026 07:58
90741020-WOOD,WH_003,82,21,07-06-2026 19:52
90751001-BLACK,WH_005,900,246,19-12-2026 23:47
90751002-WHITE,WH_009,208,14,18-01-2026 14:58
90751003-GRAY,WH_005,841,91,01-10-2026 00:46
90751004-BEIGE,WH_005,661,85,25-03-2026 12:07
90751005-BLUE,WH_006,3,1,14-06-2026 21:41
90751006-WOOD,WH_010,1,1,07-09-2026 19:13
90751007-BLACK,WH_007,1,1,02-06-2026 20:42
90751008-WHITE,WH_006,792,212,27-05-2026 06:51
90751009-GREEN,WH_006,561,11,12-04-2026 11:10
90751010-BLUE,WH_009,193,17,27-08-2026 04:41
90751011-WHITE,WH_005,434,97,13-01-2026 10:00
90751012-BLACK,WH_003,604,130,20-11-2026 01:17
90751013-BEIGE,WH_006,946,203,24-12-2026 06:40
90751014-GREEN,WH_008,2,1,17-03-2026 11:00
90751015-WOOD,WH_007,4,0,22-03-2026 14:10
90751016-BLUE,WH_005,934,198,14-01-2026 20:17
90751017-GRAY,WH_002,946,45,23-02-2026 02:27
90751018-BLACK,WH_006,297,23,18-04-2026 16:24
90751019-WHITE,WH_008,2,1,01-08-2026 01:12
90751020-BEIGE,WH_001,3,1,20-03-2026 19:25
90751021-GREEN,WH_007,857,30,09-06-2026 14:14
90751022-BLUE,WH_005,1,0,15-11-2026 05:20
90751023-WOOD,WH_003,3,1,01-10-2026 13:57
90751024-GRAY,WH_003,5,1,09-08-2026 07:06
90751025-BEIGE,WH_009,2,0,03-12-2026 23:09
90751026-WHITE,WH_004,648,30,28-01-2026 06:25
90751027-BLACK,WH_006,4,1,30-01-2026 05:38
90751028-BROWN,WH_003,32,0,15-07-2026 07:30
90732001-500G,WH_007,543,25,11-07-2026 09:23
90732002-1KG,WH_007,129,30,05-06-2026 06:58
90732003-200G,WH_001,0,0,06-02-2026 07:59
90732004-500ML,WH_004,325,53,03-10-2026 13:51
90732005-1L,WH_004,1,1,28-10-2026 06:15
90732006-250G,WH_006,1,1,24-01-2026 06:07
90732007-100G,WH_008,0,0,29-07-2026 03:46
90732008-500G,WH_002,243,27,18-11-2026 05:21
90732009-200G,WH_004,0,0,26-11-2026 20:28
90732010-150G,WH_008,520,31,15-10-2026 20:47
90732011-1KG,WH_005,103,4,16-02-2026 21:37
90732012-1KG,WH_001,72,17,24-07-2026 02:34
90732013-500G,WH_006,81,19,26-12-2026 08:17
90732014-200G,WH_002,0,0,07-01-2026 23:14
90732015-750ML,WH_004,2,1,09-08-2026 23:29
90732016-400G,WH_009,909,161,27-05-2026 09:53
90732017-200G,WH_005,326,42,05-09-2026 05:03
90732018-500G,WH_010,635,87,26-08-2026 06:00
90732019-250G,WH_002,298,83,01-12-2026 13:35
90732020-300G,WH_007,727,43,18-03-2026 06:21
90732021-1KG,WH_004,28,7,05-07-2026 00:10
90732022-500G,WH_003,753,153,04-12-2026 00:38
90732023-1L,WH_004,104,23,05-09-2026 00:37
90732024-500G,WH_001,831,196,21-08-2026 10:36
90732025-200G,WH_008,736,91,12-03-2026 16:55
90732026-1KG,WH_005,123,16,30-05-2026 03:53
90732027-100G,WH_003,948,156,27-10-2026 11:16
90732028-500G,WH_008,375,18,10-03-2026 22:25
90732029-750ML,WH_005,851,55,29-09-2026 14:32
90732030-500G,WH_010,649,130,25-09-2026 07:44
90732031-500G,WH_004,3,1,01-11-2026 16:36
90732032-200G,WH_001,178,50,06-04-2026 15:41
90732033-500ML,WH_009,83,12,31-12-2026 07:15
90732034-100G,WH_010,291,52,16-09-2026 10:04
90732035-400G,WH_007,107,0,30-07-2026 10:05
90732036-500G,WH_010,302,22,24-06-2026 12:04
90732037-250G,WH_006,379,46,14-08-2026 13:41
90732038-200G,WH_004,1,1,18-10-2026 21:10
90732039-750ML,WH_008,315,59,04-07-2026 07:57
90732040-300G,WH_004,60,3,02-01-2026 01:30
90732041-1KG,WH_009,0,0,14-04-2026 02:40
90732042-500G,WH_001,401,71,06-07-2026 11:29
90732043-500G,WH_003,5,1,22-04-2026 03:07
90732044-200G,WH_001,120,25,13-03-2026 15:48
90732045-1L,WH_006,3,0,29-12-2026 15:59
90732046-200G,WH_001,0,0,30-08-2026 01:15
90732047-1KG,WH_001,3,0,14-10-2026 15:45
90732048-500G,WH_002,164,42,25-12-2026 21:44
90732049-250G,WH_006,948,211,18-03-2026 05:33
90732050-300G,WH_002,740,52,26-11-2026 09:04
90732051-2KG,WH_006,848,27,16-06-2026 14:39
90732052-5KG,WH_002,979,84,17-02-2026 20:00
90732053-100G,WH_003,739,111,18-05-2026 23:54
90732054-2L,WH_006,249,16,11-08-2026 08:12
90732055-500ML,WH_007,148,34,05-06-2026 20:36
90732056-100G,WH_005,4,0,02-11-2026 10:51
90732057-200G,WH_004,696,136,01-05-2026 08:38
90732058-2KG,WH_006,3,1,09-08-2026 01:11
90732059-500G,WH_010,755,138,26-06-2026 15:41
90732060-300G,WH_009,305,82,30-01-2026 18:43
90732101-750G,WH_006,5,0,04-05-2026 09:44
90732102-2KG,WH_003,530,9,30-12-2026 06:49
90732103-250G,WH_004,1,0,21-08-2026 22:06
90732104-750G,WH_002,35,2,22-11-2026 11:14
90732105-500G,WH_004,1,0,21-10-2026 08:46
90732106-750ML,WH_006,0,0,18-07-2026 00:31
90732107-200G,WH_001,874,90,29-06-2026 21:17
90732108-500ML,WH_010,815,128,16-06-2026 21:29
90732109-100G,WH_005,3,1,07-11-2026 20:40
90732110-300G,WH_009,5,0,19-01-2026 13:04
90732111-1KG,WH_009,879,224,19-12-2026 20:57
90732112-1L,WH_005,677,140,20-03-2026 07:24
90732113-250G,WH_003,414,84,16-05-2026 07:28
90732114-500G,WH_010,72,12,07-04-2026 09:25
90732115-150G,WH_001,0,0,09-02-2026 07:53
90732116-400G,WH_004,465,99,14-05-2026 04:29
90732117-1KG,WH_006,399,20,15-06-2026 16:27
90732118-300ML,WH_009,5,0,05-01-2026 01:13
90732119-1L,WH_010,285,11,05-10-2026 00:51
90732120-400G,WH_005,184,52,16-10-2026 09:47
90732121-2KG,WH_009,4,0,18-06-2026 22:11
90732122-750G,WH_001,448,26,23-04-2026 20:33
90732123-300G,WH_002,819,228,04-11-2026 11:28
90732124-1KG,WH_002,3,0,14-01-2026 15:36
90732125-200G,WH_003,628,2,03-07-2026 18:48
90732126-500ML,WH_003,2,1,21-03-2026 22:45
90732127-600G,WH_003,678,184,01-10-2026 01:44
90732128-300G,WH_001,206,5,09-08-2026 11:00
90732129-500G,WH_002,618,58,06-04-2026 09:55
90732130-1KG,WH_006,358,38,20-08-2026 14:41
90732131-250G,WH_006,3,1,26-07-2026 21:51
90732132-200G,WH_008,276,56,25-11-2026 10:30
90732133-500G,WH_001,849,139,07-01-2026 16:38
90732134-1KG,WH_009,623,29,01-06-2026 02:23
90732135-500ML,WH_005,255,23,19-11-2026 04:55
90732136-750G,WH_004,201,59,23-03-2026 06:21
90732137-400G,WH_002,412,80,10-02-2026 05:47
90732138-250G,WH_010,37,7,18-12-2026 02:26
90732139-300G,WH_002,670,136,19-08-2026 16:44
90733001-BLUE,WH_008,192,28,11-10-2026 08:06
90733002-A4,WH_004,62,16,16-01-2026 18:42
90733003-SET,WH_005,639,116,01-12-2026 09:54
90733004-BLACK,WH_007,152,26,23-08-2026 04:15
90733005-500,WH_001,951,244,02-11-2026 11:52
90733006-BLUE,WH_008,739,198,08-01-2026 13:35
90733007-WHITE,WH_005,528,122,19-11-2026 13:35
90733008-METAL,WH_006,3,0,05-07-2026 19:42
90733009-GLUE,WH_006,0,0,25-05-2026 19:56
90733010-RULER,WH_001,561,146,02-12-2026 10:16
90733011-BLUE,WH_004,141,20,06-01-2026 21:05
90733012-A4,WH_006,86,21,21-12-2026 04:41
90733013-METAL,WH_008,0,0,20-07-2026 13:06
90733014-WHITE,WH_005,435,0,27-08-2026 19:46
90733015-SET,WH_009,2,1,27-04-2026 19:30
90733016-A4,WH_002,620,32,01-07-2026 00:37
90733017-BLACK,WH_010,832,206,19-03-2026 01:12
90733018-METAL,WH_004,123,15,23-04-2026 07:53
90733019-SET,WH_001,53,0,17-01-2026 03:01
90733020-A4,WH_009,596,162,25-07-2026 06:03
90733021-BLACK,WH_003,943,19,03-09-2026 00:47
90733022-A4,WH_008,855,194,28-05-2026 04:54
90733023-WHITE,WH_001,939,26,28-02-2026 20:53
90733024-BLUE,WH_006,1,1,20-09-2026 10:42
90733025-BLACK,WH_008,171,15,12-03-2026 17:35
90733026-METAL,WH_002,987,175,14-02-2026 08:18
90733027-SET,WH_005,4,0,09-03-2026 20:34
90733028-BLUE,WH_006,111,6,24-08-2026 11:35
90733029-WHITE,WH_001,2,1,06-03-2026 22:35
90733030-BLUE,WH_005,396,102,13-05-2026 21:10
90733031-BLUE,WH_009,570,80,01-11-2026 01:45
90733032-BLACK,WH_002,5,1,16-11-2026 22:55
90733033-SET,WH_004,471,109,04-11-2026 14:29
90733034-WHITE,WH_001,414,31,29-01-2026 01:17
90733035-METAL,WH_008,0,0,30-01-2026 13:36
90733036-SET,WH_004,64,2,20-09-2026 16:07
90733037-WHITE,WH_009,854,12,18-06-2026 08:55
90733038-BLUE,WH_008,0,0,20-02-2026 22:17
90733039-BLACK,WH_007,273,32,04-01-2026 14:44
90733040-WHITE,WH_009,611,116,10-07-2026 13:56
90733041-BLUE,WH_004,69,20,16-01-2026 23:26
90733042-WHITE,WH_006,778,129,06-11-2026 00:54
90733043-BLUE,WH_005,238,47,18-12-2026 09:10
90733044-METAL,WH_006,79,14,30-08-2026 14:02
90733045-SET,WH_008,800,77,30-04-2026 03:44
90733046-BLACK,WH_009,665,74,29-07-2026 15:17
90733047-BLUE,WH_003,180,44,23-04-2026 04:25
90733048-WHITE,WH_007,964,145,05-09-2026 01:23
90733049-BLACK,WH_004,964,181,24-07-2026 17:15
90733050-SET,WH_005,129,7,14-07-2026 06:59
90733051-BLUE,WH_001,5,0,28-10-2026 13:27
90733052-A5,WH_009,81,18,08-08-2026 23:58
90733053-SET,WH_008,210,30,11-08-2026 00:31
90733054-BLACK,WH_010,477,140,16-02-2026 15:00
90733055-1000,WH_009,1,1,25-03-2026 19:06
90733056-RED,WH_004,106,4,17-12-2026 22:01
90733057-WHITE,WH_005,427,41,23-08-2026 00:38
90733058-METAL,WH_010,234,21,29-06-2026 01:35
90733059-GLUE,WH_004,3,1,20-06-2026 21:07
90733060-RULER,WH_007,970,222,08-03-2026 12:50
90733061-BLACK,WH_005,0,0,24-04-2026 11:36
90733062-YELLOW,WH_007,3,1,07-02-2026 17:21
90733063-METAL,WH_007,3,1,01-01-2026 12:02
90733064-WHITE,WH_007,575,33,20-02-2026 05:45
90733065-SET,WH_008,0,0,20-12-2026 03:58
90733066-BROWN,WH_007,760,91,07-01-2026 13:25
90733067-BLUE,WH_001,826,101,14-09-2026 23:19
90733068-METAL,WH_004,79,19,19-01-2026 08:16
90733069-SET,WH_008,4,1,02-01-2026 20:41
90733070-A4,WH_007,3,0,18-01-2026 07:27
90733071-BLACK,WH_003,0,0,28-10-2026 06:04
90733072-A4,WH_007,25,2,25-10-2026 14:50
90733073-WHITE,WH_004,3,1,22-01-2026 19:16
90733074-SET,WH_002,716,35,29-03-2026 07:31
90733075-BLACK,WH_002,511,11,03-05-2026 15:09
90733076-METAL,WH_001,1,0,15-07-2026 15:34
90733077-SET,WH_008,441,114,01-11-2026 01:34
90733078-BLUE,WH_002,19,0,30-12-2026 20:47
90733079-WHITE,WH_006,530,23,04-08-2026 10:18
90733080-BLUE,WH_003,395,117,17-11-2026 20:52
90733081-BLUE,WH_004,1,0,17-07-2026 00:43
90733082-A4,WH_006,687,33,14-10-2026 17:23
90733083-SET,WH_009,5,0,28-09-2026 12:28
90733084-BLACK,WH_008,806,57,09-01-2026 09:09
90733085-5000,WH_002,611,171,07-08-2026 20:43
90733086-GREEN,WH_004,4,0,20-04-2026 15:46
90733087-WHITE,WH_007,647,41,09-12-2026 23:31
90733088-METAL,WH_009,766,115,07-06-2026 05:54
90733089-GLUE,WH_002,0,0,27-05-2026 01:55
90733090-RULER,WH_003,213,63,18-10-2026 23:44
90733091-BLUE,WH_008,241,18,25-04-2026 03:43
90733092-YELLOW,WH_008,840,246,06-07-2026 00:29
90733093-METAL,WH_006,652,0,01-07-2026 00:19
90733094-WHITE,WH_004,655,152,18-02-2026 09:42
90733095-SET,WH_009,221,15,22-01-2026 23:19
90733096-BROWN,WH_003,0,0,11-09-2026 14:44
90733097-BLACK,WH_007,0,0,31-05-2026 20:43
90733098-METAL,WH_002,1,0,11-11-2026 16:32
90734001-STEEL,WH_010,1,0,01-05-2026 13:28
90734002-SET,WH_004,0,0,13-11-2026 03:34
90734003-STEEL,WH_007,3,1,10-09-2026 00:34
90734004-STEEL,WH_006,3,1,29-08-2026 19:43
90734005-STEEL,WH_007,5,0,07-03-2026 21:39
90734006-BLACK,WH_003,409,28,14-09-2026 10:30
90734007-SET,WH_003,0,0,24-08-2026 18:44
90734008-STEEL,WH_009,140,35,18-11-2026 11:20
90734009-STEEL,WH_008,757,209,29-08-2026 02:04
90734010-BOX,WH_002,776,6,06-03-2026 09:48
90734011-STEEL,WH_005,5,1,01-04-2026 00:39
90734012-BLACK,WH_004,734,113,07-10-2026 08:13
90734013-STEEL,WH_004,445,44,12-04-2026 23:06
90734014-YELLOW,WH_010,3,0,25-01-2026 08:38
90734015-STEEL,WH_005,225,14,23-01-2026 20:22
90734016-STEEL,WH_006,991,24,08-07-2026 02:06
90734017-STEEL,WH_008,26,0,11-05-2026 13:29
90734018-BLACK,WH_008,557,30,13-05-2026 05:32
90734019-STEEL,WH_008,3,1,22-02-2026 11:02
90734020-STEEL,WH_010,1,1,16-10-2026 14:21
90734021-STEEL,WH_009,211,52,07-06-2026 14:19
90734022-STEEL,WH_002,325,5,01-03-2026 09:39
90734023-STEEL,WH_010,133,31,17-10-2026 11:25
90734024-STEEL,WH_002,73,17,16-01-2026 11:37
90734025-STEEL,WH_010,365,31,23-07-2026 03:43
90734026-STEEL,WH_007,286,65,23-12-2026 20:33
90734027-STEEL,WH_004,500,132,24-08-2026 22:44
90734028-STEEL,WH_008,667,136,09-10-2026 04:18
90734029-STEEL,WH_010,3,0,01-02-2026 14:01
90734030-STEEL,WH_009,35,6,07-10-2026 06:35
90734031-STEEL,WH_003,390,21,31-12-2026 19:05
90734032-STEEL,WH_003,420,94,12-06-2026 04:41
90734033-BLACK,WH_001,580,67,04-11-2026 21:24
90734034-STEEL,WH_006,272,11,15-05-2026 06:36
90734035-STEEL,WH_009,970,72,18-11-2026 16:11
90734036-BLUE,WH_003,491,98,29-08-2026 02:53
90734037-BLACK,WH_004,160,32,26-04-2026 00:58
90734038-STEEL,WH_006,467,105,20-09-2026 08:21
90734039-STEEL,WH_004,655,121,10-08-2026 13:43
90734040-STEEL,WH_002,794,215,07-08-2026 23:42
90734041-STEEL,WH_002,802,34,09-07-2026 07:45
90734042-STEEL,WH_007,403,45,07-11-2026 23:25
90734043-BLACK,WH_004,984,122,23-06-2026 04:06
90734044-STEEL,WH_005,99,2,17-01-2026 16:50
90734045-STEEL,WH_006,5,0,07-05-2026 08:41
90734046-STEEL,WH_004,2,1,29-05-2026 06:50
90734047-STEEL,WH_004,821,164,22-12-2026 09:42
90734048-STEEL,WH_007,151,12,21-03-2026 08:37
90734049-STEEL,WH_001,1,1,16-08-2026 23:57
90734050-STEEL,WH_002,464,35,31-05-2026 19:15
90734051-STEEL,WH_006,366,48,28-11-2026 16:05
90734052-STEEL,WH_010,1,0,25-07-2026 14:32
90734053-STEEL,WH_009,69,8,30-11-2026 11:44
90734054-STEEL,WH_009,327,12,16-08-2026 13:48
90734055-STEEL,WH_009,2,1,20-05-2026 22:25
90734056-STEEL,WH_001,499,47,30-06-2026 15:08
90734057-STEEL,WH_010,223,60,19-10-2026 02:52
90734058-STEEL,WH_001,481,1,08-06-2026 13:09
90734059-STEEL,WH_001,866,164,06-03-2026 18:23
90734060-STEEL,WH_010,3,0,18-08-2026 12:28
90734061-STEEL,WH_001,4,0,06-12-2026 14:55
90734062-STEEL,WH_008,0,0,05-09-2026 08:10
90734063-STEEL,WH_002,517,15,13-01-2026 10:25
90734064-STEEL,WH_003,54,2,26-06-2026 22:55
90734065-STEEL,WH_001,98,14,28-02-2026 19:27
90734066-STEEL,WH_007,3,1,15-03-2026 20:13
90734067-STEEL,WH_001,238,53,15-09-2026 18:19
90734068-STEEL,WH_004,2,1,19-09-2026 11:35
90734069-STEEL,WH_002,369,64,22-08-2026 00:28
90734070-STEEL,WH_001,0,0,22-04-2026 09:45
90734071-STEEL,WH_004,534,127,31-01-2026 16:09
90734072-STEEL,WH_005,531,74,18-03-2026 04:09
90734073-STEEL,WH_003,877,250,27-07-2026 03:16
90734074-STEEL,WH_002,5,1,13-07-2026 17:34
90734075-STEEL,WH_009,507,12,21-12-2026 00:00
90734076-STEEL,WH_005,356,19,25-08-2026 16:33
90734077-STEEL,WH_007,664,47,21-08-2026 02:46
90734078-STEEL,WH_003,67,16,28-04-2026 13:18
90734079-STEEL,WH_006,626,173,11-09-2026 06:47
90734080-STEEL,WH_008,4,1,27-09-2026 07:07
90734081-STEEL,WH_009,327,64,23-08-2026 05:13
90734082-STEEL,WH_004,911,228,15-07-2026 07:09
90734083-STEEL,WH_003,4,1,25-11-2026 08:25
90734084-STEEL,WH_004,111,32,23-12-2026 12:18
90734085-STEEL,WH_009,378,2,11-12-2026 06:29
90734086-STEEL,WH_008,677,165,17-05-2026 18:11
90734087-STEEL,WH_003,339,36,30-08-2026 16:12
90734088-STEEL,WH_002,669,191,03-11-2026 17:44
90734089-STEEL,WH_003,77,22,29-03-2026 11:17
90734090-STEEL,WH_002,3,1,14-02-2026 11:34
90734091-STEEL,WH_008,1,0,24-06-2026 00:38
90734092-STEEL,WH_007,970,241,24-03-2026 03:50
90734093-STEEL,WH_002,354,70,16-03-2026 12:58
90734094-STEEL,WH_003,452,114,10-02-2026 09:35
90734095-STEEL,WH_010,872,69,05-03-2026 21:33
90734096-STEEL,WH_008,4,0,22-06-2026 08:12
90734097-STEEL,WH_006,183,17,08-09-2026 04:21
90734098-STEEL,WH_001,671,74,27-01-2026 20:33
90734099-STEEL,WH_004,0,0,04-06-2026 11:51
90734100-STEEL,WH_008,611,46,16-06-2026 18:19
SKU_LIP_001,WH_007,50,2,29-01-2026 12:09
SKU_EYE_001,WH_005,123,20,19-01-2026 05:15
SKU_SKIN_001,WH_007,817,72,08-01-2026 19:31
SKU_FOUND_001,WH_007,2,1,12-10-2026 23:51
SKU_HAIR_001,WH_002,126,23,22-02-2026 17:03
SKU_LIP_002,WH_001,870,69,07-08-2026 02:17
SKU_EYE_002,WH_001,0,0,08-06-2026 05:12
SKU_SKIN_002,WH_009,2,0,01-10-2026 11:41
SKU_SKIN_003,WH_002,781,90,29-10-2026 16:55
SKU_FOUND_002,WH_005,383,16,13-01-2026 14:39
SKU_HAIR_002,WH_007,0,0,20-12-2026 17:59
SKU_HAIR_003,WH_007,547,149,20-01-2026 07:39
SKU_SKIN_004,WH_010,837,169,09-05-2026 17:27
SKU_LIP_003,WH_004,739,162,07-11-2026 19:29
SKU_SKIN_005,WH_005,954,211,20-10-2026 22:38
SKU_EYE_003,WH_007,5,0,20-08-2026 06:00
SKU_SKIN_006,WH_004,14,1,26-11-2026 17:27
SKU_HAIR_004,WH_002,1,1,21-06-2026 00:04
SKU_SKIN_007,WH_004,940,250,30-08-2026 12:57
SKU_EYE_004,WH_005,599,13,30-03-2026 12:53
SKU_NAIL_001,WH_002,4,1,22-03-2026 15:45
SKU_SKIN_008,WH_002,805,64,29-07-2026 21:58
SKU_LIP_004,WH_004,4,0,17-12-2026 09:15
SKU_SKIN_009,WH_007,0,0,27-10-2026 17:38
SKU_EYE_005,WH_009,648,71,06-07-2026 22:55
SKU_SKIN_010,WH_001,109,1,08-03-2026 07:06
SKU_HAIR_005,WH_009,638,161,26-06-2026 14:38
SKU_SKIN_011,WH_003,428,20,15-10-2026 01:13
SKU_LIP_005,WH_005,0,0,20-03-2026 19:49
SKU_SKIN_012,WH_003,173,31,08-12-2026 02:35
SKU_PERF_001,WH_003,591,75,23-03-2026 21:07
SKU_SKIN_013,WH_003,0,0,24-06-2026 11:24
SKU_EYE_006,WH_001,433,42,23-12-2026 14:12
SKU_SKIN_014,WH_003,568,77,02-01-2026 21:30
SKU_HAIR_006,WH_006,630,107,24-11-2026 14:04
SKU_SKIN_015,WH_008,261,17,03-04-2026 18:13
SKU_SKIN_016,WH_004,519,12,23-10-2026 17:44
SKU_NAIL_002,WH_001,3,1,16-03-2026 18:47
SKU_SKIN_017,WH_006,333,44,14-05-2026 16:37
SKU_SKIN_018,WH_004,3,1,05-12-2026 18:58
SKU_SKIN_019,WH_002,644,53,08-04-2026 12:26
SKU_SKIN_020,WH_007,5,1,06-08-2026 14:03
SKU_MAKE_001,WH_007,634,115,21-06-2026 00:35
SKU_SKIN_021,WH_003,993,175,08-04-2026 10:31
SKU_HAIR_007,WH_002,3,1,21-03-2026 08:59
SKU_NAIL_003,WH_008,107,3,12-03-2026 09:55
SKU_SKIN_022,WH_002,836,11,27-11-2026 03:42
SKU_SKIN_023,WH_007,1,0,28-01-2026 06:42
SKU_MAKE_002,WH_010,4,0,18-06-2026 17:34
SKU_HAIR_008,WH_001,43,5,02-03-2026 14:19
SKU_LIP_101,WH_007,909,187,04-05-2026 11:20
SKU_LIP_102,WH_005,446,20,03-10-2026 22:51
SKU_LIP_103,WH_009,2,1,14-11-2026 19:42
SKU_LIP_104,WH_003,555,141,07-08-2026 14:25
SKU_SERUM_101,WH_006,0,0,23-07-2026 03:13
SKU_SERUM_102,WH_003,232,37,21-08-2026 12:47
SKU_SERUM_103,WH_002,4,1,01-02-2026 07:30
SKU_FW_101,WH_002,458,115,18-07-2026 14:55
SKU_FW_102,WH_010,2,0,15-11-2026 11:30
SKU_MOIST_101,WH_007,58,12,14-07-2026 11:57
SKU_LIP_401,WH_001,0,0,22-06-2026 09:36
SKU_LIP_402,WH_009,172,37,11-10-2026 07:37
SKU_LIP_403,WH_005,925,124,15-12-2026 06:19
SKU_LIP_404,WH_010,976,14,08-04-2026 00:35
SKU_LIP_405,WH_004,1,1,26-06-2026 04:52
SKU_LIP_406,WH_008,621,156,27-10-2026 00:38
SKU_LIP_407,WH_002,652,114,22-02-2026 00:31
SKU_LIP_408,WH_005,412,76,09-05-2026 20:35
SKU_LIP_409,WH_008,463,73,04-05-2026 19:00
SKU_LIP_410,WH_003,715,210,15-10-2026 20:55
SKU_SERUM_401,WH_002,110,6,01-06-2026 02:32
SKU_SERUM_402,WH_001,518,131,10-08-2026 13:02
SKU_SERUM_403,WH_003,395,94,01-06-2026 12:10
SKU_SERUM_404,WH_005,4,1,11-03-2026 20:05
SKU_SERUM_405,WH_010,904,215,21-01-2026 18:27
SKU_SERUM_406,WH_008,933,50,24-12-2026 08:14
SKU_SERUM_407,WH_010,687,27,20-01-2026 10:28
SKU_SERUM_408,WH_009,953,135,04-11-2026 03:35
SKU_SERUM_409,WH_006,3,0,05-10-2026 06:50
SKU_SERUM_410,WH_003,43,1,05-10-2026 17:49
SKU_MOIST_401,WH_003,2,1,03-07-2026 13:11
SKU_MOIST_402,WH_007,726,215,07-02-2026 23:33
SKU_MOIST_403,WH_003,5,1,09-08-2026 18:04
SKU_MOIST_404,WH_008,640,105,23-09-2026 07:31
SKU_MOIST_405,WH_001,942,71,29-07-2026 08:27
SKU_MOIST_406,WH_009,124,8,29-04-2026 14:39
SKU_MOIST_407,WH_009,309,18,02-08-2026 04:41
SKU_MOIST_408,WH_009,404,77,15-05-2026 05:32
SKU_MOIST_409,WH_004,610,42,01-01-2026 03:47
SKU_MOIST_410,WH_008,0,0,26-07-2026 16:10
SKU_FOUND_501,WH_007,938,51,04-05-2026 04:14
SKU_COMP_502,WH_009,566,158,13-06-2026 21:04
SKU_EYE_503,WH_007,3,0,05-02-2026 20:26
SKU_EYE_504,WH_003,907,22,09-03-2026 01:06
SKU_EYE_505,WH_001,385,62,22-08-2026 10:45
SKU_SKIN_506,WH_008,0,0,01-06-2026 04:59
SKU_SKIN_507,WH_009,720,29,07-02-2026 21:32
SKU_HAIR_508,WH_003,264,0,24-03-2026 13:58
SKU_PERF_509,WH_005,236,37,02-07-2026 19:52
SKU_BODY_510,WH_006,251,15,15-08-2026 02:45
SKU_EYE_601,WH_003,936,86,27-10-2026 22:06
SKU_NAIL_602,WH_005,80,1,09-07-2026 15:01
SKU_SKIN_603,WH_008,679,118,21-06-2026 02:49
SKU_SKIN_604,WH_004,418,111,25-09-2026 14:44
SKU_SKIN_605,WH_008,207,54,21-04-2026 05:05
SKU_HAIR_606,WH_001,0,0,28-08-2026 17:27
SKU_HAIR_607,WH_001,621,2,04-09-2026 06:12
SKU_SKIN_608,WH_002,3,0,26-08-2026 14:37
SKU_BODY_609,WH_006,943,139,23-05-2026 09:28
SKU_BODY_610,WH_008,565,134,19-11-2026 19:57
SKU_SKIN_611,WH_004,209,41,16-08-2026 06:10
SKU_SKIN_612,WH_002,1,0,09-11-2026 10:11
SKU_MAKE_613,WH_003,4,1,23-07-2026 00:55
SKU_MAKE_614,WH_009,724,120,31-03-2026 02:09
SKU_SKIN_615,WH_010,0,0,29-10-2026 18:31
SKU_APP_TSHIRT_051,WH_005,747,62,30-10-2026 08:37
SKU_APP_SHIRT_052,WH_005,349,60,27-08-2026 23:52
SKU_APP_JEANS_053,WH_001,296,26,06-02-2026 05:57
SKU_APP_KURTA_054,WH_008,758,120,21-11-2026 15:38
SKU_APP_DRESS_055,WH_008,53,3,08-05-2026 13:58
SKU_APP_HOODIE_056,WH_005,529,64,05-04-2026 04:06
SKU_APP_LEGGINGS_057,WH_009,510,30,20-10-2026 23:29
SKU_APP_JACKET_058,WH_009,5,1,24-09-2026 07:35
SKU_APP_SAREE_059,WH_004,759,220,13-02-2026 19:17
SKU_APP_SHORTS_060,WH_009,696,118,27-06-2026 02:48
SKU_APP_POLO_061,WH_010,439,97,22-11-2026 06:42
SKU_APP_CROPTOP_062,WH_005,682,24,28-06-2026 09:51
SKU_APP_CHINOS_063,WH_010,631,167,05-04-2026 10:24
SKU_APP_SKIRT_064,WH_007,727,155,30-09-2026 07:50
SKU_APP_SWEATER_065,WH_002,995,124,31-08-2026 10:54
SKU_APP_TANKTOP_066,WH_004,762,148,08-04-2026 03:31
SKU_APP_TRACKPANT_067,WH_007,739,113,11-07-2026 09:48
SKU_APP_DUPATTA_068,WH_008,3,1,05-04-2026 10:07
SKU_APP_BLAZER_069,WH_001,598,70,25-12-2026 12:10
SKU_APP_PALAZZO_070,WH_001,360,102,08-11-2026 23:57
SKU_APP_CARDIGAN_071,WH_003,0,0,18-11-2026 15:37
SKU_APP_JOGGER_072,WH_007,840,199,24-04-2026 02:53
SKU_APP_BLOUSE_073,WH_010,190,16,24-07-2026 16:14
SKU_APP_OVERALLS_074,WH_006,0,0,15-11-2026 00:14
SKU_APP_PONCHO_075,WH_001,2,0,18-07-2026 22:20
SKU_APP_WAISTCOAT_076,WH_001,4,1,08-06-2026 08:26
SKU_APP_SHRUG_077,WH_008,1,1,31-10-2026 05:49
SKU_APP_THERMAL_078,WH_004,136,19,17-04-2026 12:00
SKU_APP_ROMPER_079,WH_006,213,8,06-05-2026 21:16
SKU_APP_OVERCOAT_080,WH_002,1,1,21-09-2026 23:57
SKU_APP_VEST_081,WH_007,255,15,01-06-2026 17:54
SKU_APP_CAMISOLE_082,WH_009,3,1,22-06-2026 17:40
SKU_APP_CAPRI_083,WH_003,405,46,25-06-2026 06:29
SKU_APP_ANARKALI_084,WH_006,3,1,25-04-2026 15:52
SKU_APP_PETTICOAT_085,WH_007,269,35,19-12-2026 04:45
SKU_APP_DHOTI_086,WH_003,879,147,27-01-2026 10:06
SKU_APP_LUNGI_087,WH_008,931,105,04-12-2026 06:28
SKU_APP_PARKA_088,WH_006,633,178,26-05-2026 10:48
SKU_APP_TUXEDO_089,WH_008,191,38,07-12-2026 15:09
SKU_APP_JUMPSUIT_090,WH_005,489,129,02-01-2026 05:11
SKU_APP_PULLOVER_091,WH_003,0,0,21-08-2026 19:36
SKU_APP_BURKHA_092,WH_005,4,0,22-02-2026 15:40
SKU_APP_RAINCOAT_093,WH_005,449,77,11-11-2026 03:06
SKU_APP_BODYSUIT_094,WH_002,656,26,30-08-2026 09:17
SKU_APP_NIGHTSUIT_095,WH_005,124,27,10-01-2026 12:52
SKU_APP_BATHROBE_096,WH_008,383,44,18-12-2026 02:41
SKU_APP_HENLEY_097,WH_003,0,0,09-07-2026 11:17
SKU_APP_KAFTAN_098,WH_002,779,105,23-07-2026 23:15
SKU_APP_GOWN_099,WH_003,169,21,20-02-2026 21:08
SKU_APP_WORKPANT_100,WH_005,416,18,10-01-2026 07:14
SKU_APP_TSHIRT_101,WH_009,726,52,08-07-2026 00:27
SKU_APP_TSHIRT_102,WH_006,446,81,21-07-2026 02:18
SKU_APP_TSHIRT_103,WH_002,908,67,24-05-2026 17:40
SKU_APP_TSHIRT_104,WH_002,2,1,11-06-2026 04:49
SKU_APP_TSHIRT_105,WH_005,0,0,24-01-2026 08:32
SKU_APP_SHIRT_106,WH_005,502,55,10-02-2026 11:54
SKU_APP_SHIRT_107,WH_001,2,1,06-02-2026 03:41
SKU_APP_SHIRT_108,WH_003,127,4,15-11-2026 01:29
SKU_APP_SHIRT_109,WH_005,214,25,08-02-2026 13:56
SKU_APP_SHIRT_110,WH_010,90,13,27-04-2026 22:05
SKU_APP_JEANS_201,WH_009,293,86,08-07-2026 23:41
SKU_APP_JEANS_202,WH_008,0,0,06-02-2026 15:15
SKU_APP_JEANS_203,WH_006,426,126,05-12-2026 13:05
SKU_APP_JEANS_204,WH_003,2,0,01-09-2026 10:50
SKU_APP_JEANS_205,WH_006,0,0,03-06-2026 12:37
SKU_APP_DRESS_206,WH_008,5,1,16-06-2026 16:33
SKU_APP_DRESS_207,WH_010,161,38,02-04-2026 19:40
SKU_APP_DRESS_208,WH_007,78,14,23-10-2026 13:57
SKU_APP_DRESS_209,WH_010,206,57,10-04-2026 18:56
SKU_APP_DRESS_210,WH_005,0,0,17-01-2026 06:53
SKU_APP_KURTA_301,WH_004,312,64,30-10-2026 23:08
SKU_APP_KURTA_302,WH_010,5,1,30-10-2026 00:11
SKU_APP_KURTA_303,WH_006,0,0,02-05-2026 01:36
SKU_APP_KURTA_304,WH_003,508,3,07-01-2026 20:41
SKU_APP_KURTA_305,WH_001,335,60,10-05-2026 06:20
SKU_APP_DRESS_306,WH_006,611,48,26-11-2026 12:46
SKU_APP_DRESS_307,WH_008,183,51,19-09-2026 18:16
SKU_APP_DRESS_308,WH_003,745,14,05-05-2026 15:55
SKU_APP_DRESS_309,WH_006,962,99,31-03-2026 21:15
SKU_APP_DRESS_310,WH_007,786,94,10-11-2026 20:43
SKU_APP_KURTA_301,WH_009,4,0,30-04-2026 11:51
SKU_APP_KURTA_302,WH_007,73,17,14-11-2026 01:45
SKU_APP_KURTA_303,WH_005,886,221,19-08-2026 10:17
SKU_APP_KURTA_304,WH_005,158,40,29-03-2026 08:59
SKU_APP_KURTA_305,WH_010,0,0,14-03-2026 20:38
SKU_APP_DRESS_306,WH_006,3,1,27-02-2026 03:58
SKU_APP_DRESS_307,WH_010,799,45,14-11-2026 07:21
SKU_APP_DRESS_308,WH_002,926,212,03-07-2026 03:36
SKU_APP_DRESS_309,WH_010,447,37,02-09-2026 03:57
SKU_APP_DRESS_310,WH_004,557,85,16-07-2026 21:50
SKU_APP_HOODIE_311,WH_009,0,0,06-09-2026 23:45
SKU_APP_HOODIE_312,WH_001,830,204,21-04-2026 03:51
SKU_APP_HOODIE_313,WH_005,426,10,28-09-2026 09:48
SKU_APP_HOODIE_314,WH_008,874,142,09-10-2026 12:24
SKU_APP_HOODIE_315,WH_001,1,0,20-09-2026 10:56
SKU_APP_JACKET_316,WH_007,2,0,16-06-2026 07:33
SKU_APP_JACKET_317,WH_006,3,1,27-09-2026 05:28
SKU_APP_JACKET_318,WH_004,344,45,05-07-2026 15:31
SKU_APP_JACKET_319,WH_001,167,8,30-03-2026 06:20
SKU_APP_JACKET_320,WH_001,511,75,25-06-2026 04:38
SKU_APP_LEGG_321,WH_006,0,0,12-05-2026 23:32
SKU_APP_SAREE_322,WH_010,278,5,22-10-2026 10:54
SKU_APP_SHORTS_323,WH_010,914,94,15-05-2026 17:36
SKU_APP_POLO_324,WH_002,0,0,24-02-2026 02:17
SKU_APP_TOP_325,WH_007,708,201,30-01-2026 20:12
SKU_ELEC_PHONE_101,WH_006,518,141,20-07-2026 21:41
SKU_ELEC_LAPTOP_102,WH_010,4,0,26-12-2026 12:33
SKU_ELEC_EARBUDS_103,WH_009,0,0,12-03-2026 15:25
SKU_ELEC_TV_104,WH_002,416,94,25-12-2026 19:40
SKU_ELEC_SMARTWATCH_105,WH_008,536,134,24-09-2026 14:56
SKU_ELEC_CAMERA_106,WH_006,184,17,10-12-2026 07:04
SKU_ELEC_SPEAKER_107,WH_006,367,88,07-10-2026 09:43
SKU_ELEC_TABLET_108,WH_002,0,0,11-08-2026 00:37
SKU_ELEC_ROUTER_109,WH_006,385,84,26-06-2026 07:16
SKU_ELEC_POWERBANK_110,WH_008,0,0,26-06-2026 21:04
SKU_ELEC_KEYBOARD_111,WH_008,220,27,16-04-2026 04:50
SKU_ELEC_MOUSE_112,WH_010,0,0,14-08-2026 02:48
SKU_ELEC_MONITOR_113,WH_003,5,0,13-03-2026 14:37
SKU_ELEC_PRINTER_114,WH_010,949,58,30-10-2026 03:21
SKU_ELEC_HARDDRIVE_115,WH_005,4,0,27-02-2026 05:44
SKU_ELEC_SSD_116,WH_010,116,31,24-10-2026 22:40
SKU_ELEC_DRONE_117,WH_006,298,80,09-03-2026 19:03
SKU_ELEC_CONSOLE_118,WH_009,265,18,22-03-2026 19:54
SKU_ELEC_VR_119,WH_001,971,147,11-11-2026 23:18
SKU_ELEC_PROJECTOR_120,WH_003,0,0,30-11-2026 21:11
SKU_ELEC_CABLE_121,WH_003,187,56,14-08-2026 14:58
SKU_ELEC_HEADPHONE_122,WH_002,0,0,05-11-2026 22:11
SKU_ELEC_MIC_123,WH_006,971,205,21-01-2026 17:03
SKU_ELEC_CONTROLLER_124,WH_010,5,1,10-08-2026 06:16
SKU_ELEC_DASHCAM_125,WH_010,413,5,03-08-2026 12:21
SKU_ELEC_TRIPOD_126,WH_009,276,8,31-10-2026 01:13
SKU_ELEC_FLASH_127,WH_007,137,24,24-02-2026 12:48
SKU_ELEC_SMARTBULB_128,WH_010,313,93,22-05-2026 05:43
SKU_ELEC_SMARTPLUG_129,WH_001,302,18,14-06-2026 02:11
SKU_ELEC_AIRPURIFIER_130,WH_007,533,6,09-06-2026 09:44
SKU_ELEC_KINDLE_131,WH_005,5,1,24-07-2026 01:56
SKU_ELEC_DRAWINGTAB_132,WH_004,194,34,03-12-2026 07:49
SKU_ELEC_WEBCAM_133,WH_010,3,1,15-08-2026 22:00
SKU_ELEC_LENS_134,WH_002,622,23,21-06-2026 14:18
SKU_ELEC_GIMBAL_135,WH_004,382,55,15-09-2026 19:38
SKU_ELEC_SOUNDBAR_136,WH_008,5,0,23-09-2026 10:24
SKU_ELEC_DOORBELL_137,WH_010,0,0,05-01-2026 00:41
SKU_ELEC_THERMOSTAT_138,WH_005,0,0,10-10-2026 20:06
SKU_ELEC_KETTLE_139,WH_004,5,1,07-11-2026 22:40
SKU_ELEC_BLENDER_140,WH_009,2,0,13-01-2026 13:03
SKU_ELEC_SMARTLOCK_141,WH_009,12,3,14-09-2026 18:46
SKU_ELEC_ACTIONCAM_142,WH_004,424,1,01-08-2026 14:49
SKU_ELEC_PORTABLESSD_143,WH_008,851,58,21-03-2026 14:21
SKU_ELEC_STREAMSTICK_144,WH_007,3,0,31-10-2026 06:24
SKU_ELEC_SMARTSCALE_145,WH_010,367,55,15-07-2026 20:30
SKU_ELEC_BABYMONITOR_146,WH_007,561,20,08-02-2026 13:47
SKU_ELEC_CLICKER_147,WH_005,925,43,27-01-2026 14:09
SKU_ELEC_DIGITALFRAME_148,WH_005,5,0,08-11-2026 07:46
SKU_ELEC_GAMINGCHAIR_149,WH_003,5,1,26-11-2026 20:17
SKU_ELEC_DESKFAN_150,WH_007,0,0,25-04-2026 07:13
SKU_LAP_601,WH_006,548,30,12-03-2026 22:46
SKU_LAP_602,WH_009,2,1,06-01-2026 13:25
SKU_LAP_603,WH_002,224,38,29-03-2026 01:50
SKU_LAP_604,WH_009,729,138,03-04-2026 11:14
SKU_LAP_605,WH_008,927,265,06-09-2026 03:01
SKU_LAP_606,WH_002,428,104,20-11-2026 05:59
SKU_LAP_607,WH_010,294,64,18-05-2026 00:40
SKU_LAP_608,WH_002,545,33,24-08-2026 09:29
SKU_LAP_609,WH_006,386,83,10-12-2026 14:28
SKU_LAP_610,WH_004,351,3,23-02-2026 17:43
SKU_EAR_510,WH_004,1,0,11-01-2026 19:06
SKU_WATCH_511,WH_001,717,116,11-07-2026 13:53
SKU_WATCH_512,WH_005,310,74,26-06-2026 23:43
SKU_WATCH_513,WH_008,103,12,06-06-2026 17:48
SKU_WATCH_514,WH_007,233,59,14-10-2026 08:23
SKU_WATCH_515,WH_008,390,53,12-06-2026 22:05
SKU_WATCH_511,WH_001,2,0,24-11-2026 07:07
SKU_WATCH_512,WH_006,126,5,23-05-2026 18:18
SKU_WATCH_513,WH_001,976,165,01-09-2026 11:22
SKU_WATCH_514,WH_001,328,2,25-09-2026 04:17
SKU_WATCH_515,WH_006,990,190,16-07-2026 07:45
SKU_TV_516,WH_001,373,37,05-08-2026 03:55
SKU_TV_517,WH_001,976,272,02-12-2026 14:57
SKU_TV_518,WH_009,0,0,30-09-2026 11:42
SKU_TV_519,WH_003,897,170,28-09-2026 19:40
SKU_TV_520,WH_008,984,176,31-03-2026 10:18
SKU_EAR_506,WH_006,650,8,14-03-2026 22:13
SKU_EAR_507,WH_010,814,154,28-10-2026 08:26
SKU_EAR_508,WH_005,919,196,13-11-2026 17:28
SKU_EAR_509,WH_008,800,69,23-09-2026 18:45
SKU_EAR_510,WH_008,62,11,08-08-2026 11:22
SKU_PHONE_501,WH_009,89,1,25-09-2026 18:28
SKU_PHONE_502,WH_008,0,0,25-08-2026 22:02
SKU_PHONE_503,WH_010,0,0,31-08-2026 02:10
SKU_PHONE_504,WH_003,594,63,24-08-2026 03:21
SKU_PHONE_505,WH_004,538,130,07-12-2026 21:45
SKU_EAR_506,WH_001,180,29,24-11-2026 09:31
SKU_EAR_507,WH_004,146,28,29-08-2026 08:25
SKU_EAR_508,WH_004,27,2,20-06-2026 07:24
SKU_EAR_509,WH_006,163,32,14-02-2026 17:30
SKU_EAR_510,WH_007,900,175,28-10-2026 13:57
SKU_WATCH_511,WH_010,416,95,23-06-2026 09:27
SKU_WATCH_512,WH_002,168,31,18-01-2026 23:16
SKU_WATCH_513,WH_005,937,62,27-10-2026 21:29
SKU_WATCH_514,WH_002,469,77,15-02-2026 15:08
SKU_WATCH_515,WH_002,178,39,02-09-2026 02:40
SKU_TV_516,WH_009,113,5,04-07-2026 03:16
SKU_TV_517,WH_008,588,76,29-06-2026 07:03
SKU_TV_518,WH_006,957,4,02-10-2026 12:31
SKU_TV_519,WH_001,956,267,14-01-2026 16:34
SKU_TV_520,WH_005,1,1,23-11-2026 07:20
SKU_TAB_1001,WH_008,184,8,30-10-2026 04:40
SKU_TAB_1002,WH_006,41,9,09-12-2026 06:56
SKU_TAB_1003,WH_010,0,0,29-11-2026 00:03
SKU_TAB_1004,WH_005,595,62,12-09-2026 17:43
SKU_TAB_1005,WH_009,168,43,09-05-2026 05:09
SKU_SPK_1006,WH_003,152,17,28-05-2026 11:19
SKU_SPK_1007,WH_007,4,0,20-01-2026 13:53
SKU_SPK_1008,WH_005,457,62,02-01-2026 01:08
SKU_SPK_1009,WH_008,0,0,03-05-2026 15:49
SKU_SPK_1010,WH_001,1,1,12-11-2026 11:25
SKU_HEAD_1011,WH_010,271,75,30-10-2026 01:25
SKU_HEAD_1012,WH_009,878,47,16-03-2026 18:44
SKU_HEAD_1013,WH_006,160,0,20-06-2026 17:06
SKU_HEAD_1014,WH_006,603,11,18-08-2026 09:22
SKU_HEAD_1015,WH_003,429,116,21-11-2026 23:51
SKU_CAM_1016,WH_006,972,273,28-11-2026 23:33
SKU_CAM_1017,WH_009,0,0,01-07-2026 10:57
SKU_CAM_1018,WH_010,0,0,10-02-2026 11:15
SKU_CAM_1019,WH_010,0,0,15-12-2026 07:04
SKU_CAM_1020,WH_009,3,0,18-08-2026 07:58
SKU_PB_1021,WH_010,311,12,13-12-2026 11:29
SKU_PB_1022,WH_007,2,0,20-05-2026 18:35
SKU_PB_1023,WH_008,47,7,11-06-2026 21:22
SKU_PB_1024,WH_002,0,0,10-02-2026 14:57
SKU_PB_1025,WH_008,613,96,11-11-2026 11:20
SKU_USB_1201,WH_009,0,0,11-07-2026 07:12
SKU_USB_1202,WH_002,2,0,20-02-2026 05:26
SKU_HDD_1203,WH_009,399,114,26-12-2026 06:02
SKU_HDD_1204,WH_001,420,87,16-10-2026 04:58
SKU_SSD_1205,WH_004,443,123,04-11-2026 19:06
SKU_MON_1206,WH_008,0,0,05-06-2026 20:32
SKU_MON_1207,WH_004,311,42,06-08-2026 05:10
SKU_MON_1208,WH_008,0,0,09-05-2026 14:19
SKU_MON_1209,WH_010,723,213,23-08-2026 19:36
SKU_MON_1210,WH_002,734,21,10-06-2026 10:01
SKU_KEY_1211,WH_006,289,14,21-10-2026 12:56
SKU_KEY_1212,WH_009,183,40,01-07-2026 12:35
SKU_KEY_1213,WH_003,0,0,16-01-2026 19:23
SKU_KEY_1214,WH_003,1,0,17-11-2026 03:42
SKU_KEY_1215,WH_003,729,105,17-08-2026 06:13
SKU_MOU_1216,WH_002,521,114,02-07-2026 23:10
SKU_MOU_1217,WH_001,386,15,06-09-2026 10:47
SKU_PRN_1218,WH_007,533,75,29-09-2026 17:20
SKU_AC_1219,WH_003,567,61,13-04-2026 20:28
SKU_FRG_1220,WH_007,1,0,30-11-2026 04:50
SKU_FRG_1316,WH_004,2,1,04-12-2026 07:45
SKU_FRG_1317,WH_001,988,160,18-06-2026 03:35
SKU_WM_1318,WH_009,690,49,06-03-2026 03:12
SKU_WM_1319,WH_004,342,18,02-03-2026 16:25
SKU_WM_1320,WH_008,186,0,31-01-2026 16:52
SKU_AC_1311,WH_005,0,0,14-07-2026 23:02
SKU_AC_1312,WH_005,2,0,30-12-2026 05:08
SKU_AC_1313,WH_001,916,260,20-05-2026 07:24
SKU_AC_1314,WH_003,282,9,18-12-2026 11:40
SKU_AC_1315,WH_008,3,1,18-11-2026 18:12
SKU_PRN_1306,WH_001,440,57,22-04-2026 23:00
SKU_PRN_1307,WH_004,4,1,06-05-2026 08:39
SKU_PRN_1308,WH_010,427,88,01-02-2026 20:20
SKU_PRN_1309,WH_010,0,0,24-08-2026 17:52
SKU_PRN_1310,WH_005,322,22,06-03-2026 23:34
SKU_MOU_1301,WH_009,996,15,08-07-2026 05:28
SKU_MOU_1302,WH_008,477,102,09-06-2026 08:06
SKU_MOU_1303,WH_002,972,90,11-04-2026 02:38
SKU_MOU_1304,WH_010,986,123,07-01-2026 22:15
SKU_MOU_1305,WH_010,2,0,25-04-2026 06:53
SKU_JEW_RING_151,WH_004,98,15,08-06-2026 20:59
SKU_JEW_NECKLACE_152,WH_002,662,137,22-04-2026 13:17
SKU_JEW_EARRING_153,WH_002,374,97,19-07-2026 05:01
SKU_JEW_BRACELET_154,WH_003,383,95,11-11-2026 10:18
SKU_JEW_ANKLET_155,WH_005,721,86,01-11-2026 19:53
SKU_JEW_WATCH_156,WH_004,407,68,23-06-2026 19:10
SKU_JEW_SUNGLASSES_157,WH_010,150,39,15-07-2026 12:37
SKU_JEW_HANDBAG_158,WH_001,3,1,16-05-2026 16:06
SKU_JEW_BELT_159,WH_005,976,191,29-07-2026 20:47
SKU_JEW_WALLET_160,WH_001,455,38,14-02-2026 13:15
SKU_JEW_HAT_161,WH_006,0,0,21-11-2026 17:18
SKU_JEW_SCARF_162,WH_010,654,92,01-10-2026 07:06
SKU_JEW_BROOCH_163,WH_003,297,44,05-01-2026 05:20
SKU_JEW_CHAIN_164,WH_001,986,130,18-09-2026 16:38
SKU_JEW_TOERING_165,WH_003,1,1,08-07-2026 01:45
SKU_JEW_BACKPACK_166,WH_007,167,25,20-11-2026 06:27
SKU_JEW_HAIRPIN_167,WH_002,241,28,06-04-2026 13:00
SKU_JEW_CUFFLINK_168,WH_001,4,0,16-10-2026 01:43
SKU_JEW_KEYCHAIN_169,WH_001,507,23,26-10-2026 15:25
SKU_JEW_DUFFEL_170,WH_003,95,1,28-10-2026 06:24
SKU_JEW_PENDANT_171,WH_003,0,0,21-05-2026 01:48
SKU_JEW_LOCKET_172,WH_006,739,68,26-08-2026 22:01
SKU_JEW_NOSEPIN_173,WH_007,207,1,21-05-2026 18:43
SKU_JEW_BANGLES_174,WH_009,1,1,11-09-2026 08:44
SKU_JEW_TIARA_175,WH_006,3,1,31-07-2026 17:16
SKU_JEW_HAIRBAND_176,WH_002,937,45,08-01-2026 08:29
SKU_JEW_HAIRCLIP_177,WH_007,131,21,11-05-2026 12:43
SKU_JEW_CARDHOLDER_178,WH_009,3,1,04-07-2026 01:03
SKU_JEW_LUGGAGETAG_179,WH_005,118,22,10-03-2026 23:25
SKU_JEW_TRAVELWALLET_180,WH_009,457,79,06-07-2026 20:42
SKU_JEW_LAPELPIN_181,WH_004,971,178,14-07-2026 23:52
SKU_JEW_TIECLIP_182,WH_004,640,47,24-03-2026 14:01
SKU_JEW_ARMLET_183,WH_008,868,171,19-05-2026 03:53
SKU_JEW_WAISTCHAIN_184,WH_006,1,1,06-06-2026 17:18
SKU_JEW_SCRUNCHIE_185,WH_007,5,0,27-11-2026 23:29
SKU_JEW_POTLIBAG_186,WH_007,78,17,29-09-2026 10:25
SKU_JEW_SUNGLASSCHAIN_187,WH_001,683,192,27-07-2026 03:35
SKU_JEW_JEWELBOX_188,WH_008,937,6,15-09-2026 00:16
SKU_JEW_WATCHSTRAP_189,WH_004,4,0,13-01-2026 04:45
SKU_JEW_BEADBRACELET_190,WH_003,467,10,11-09-2026 11:53
SKU_JEW_GEMRING_191,WH_007,0,0,07-12-2026 20:50
SKU_JEW_JEWELROLL_192,WH_010,983,85,16-01-2026 01:48
SKU_JEW_CHARMKEY_193,WH_002,730,73,16-03-2026 16:30
SKU_JEW_BROOCHSET_194,WH_002,908,0,16-11-2026 03:55
SKU_JEW_WAISTBELT_195,WH_003,974,42,25-01-2026 03:12
SKU_JEW_SOCKS_196,WH_001,897,261,29-06-2026 12:16
SKU_JEW_GLOVES_197,WH_003,950,251,27-01-2026 09:59
SKU_JEW_UMBRELLA_198,WH_005,349,64,25-06-2026 01:56
SKU_JEW_PHONECHARM_199,WH_007,0,0,18-08-2026 15:22
SKU_BRACE_201,WH_004,91,6,04-03-2026 06:48
SKU_BRACE_202,WH_008,293,22,07-04-2026 05:53
SKU_BRACE_203,WH_008,751,26,07-05-2026 18:58
SKU_BRACE_204,WH_008,490,121,19-10-2026 11:41
SKU_BRACE_205,WH_007,727,98,30-05-2026 12:56
SKU_WATCH_206,WH_005,39,10,13-02-2026 05:37
SKU_WATCH_207,WH_003,486,142,16-12-2026 22:03
SKU_WATCH_208,WH_009,220,19,02-06-2026 14:59
SKU_WATCH_209,WH_007,722,89,24-08-2026 18:17
SKU_WATCH_210,WH_008,284,75,06-06-2026 15:25
SKU_BAG_211,WH_003,482,73,03-05-2026 00:14
SKU_BAG_212,WH_006,0,0,06-03-2026 17:35
SKU_BAG_213,WH_009,252,3,15-08-2026 12:56
SKU_BAG_214,WH_007,881,90,06-07-2026 02:23
SKU_BAG_215,WH_001,51,12,10-11-2026 05:04
SKU_WAL_216,WH_010,320,61,30-07-2026 07:26
SKU_WAL_217,WH_001,4,1,02-09-2026 21:52
SKU_WAL_218,WH_002,913,136,11-12-2026 03:00
SKU_WAL_219,WH_008,414,80,17-04-2026 07:59
SKU_WAL_220,WH_007,0,0,21-04-2026 09:09
SKU_RING_101,WH_005,0,0,05-08-2026 21:39
SKU_RING_102,WH_005,422,67,11-07-2026 02:07
SKU_RING_103,WH_002,750,133,08-12-2026 13:37
SKU_RING_104,WH_010,594,150,24-02-2026 20:56
SKU_RING_105,WH_006,4,0,17-06-2026 21:04
SKU_NECK_106,WH_009,641,99,13-10-2026 18:41
SKU_NECK_107,WH_003,0,0,19-05-2026 12:34
SKU_NECK_108,WH_003,42,8,26-12-2026 18:27
SKU_NECK_109,WH_001,2,0,01-07-2026 11:14
SKU_NECK_110,WH_001,1,1,29-06-2026 12:31
SKU_EAR_111,WH_009,550,75,20-09-2026 18:48
SKU_EAR_112,WH_001,896,165,06-04-2026 17:33
SKU_EAR_113,WH_002,849,38,06-04-2026 00:58
SKU_EAR_114,WH_006,311,81,16-05-2026 10:16
SKU_EAR_115,WH_008,493,124,07-08-2026 02:31
SKU_ANK_301,WH_009,1,0,24-04-2026 20:40
SKU_ANK_302,WH_002,218,50,16-06-2026 22:01
SKU_ANK_303,WH_008,308,84,14-06-2026 18:40
SKU_ANK_304,WH_007,525,151,11-02-2026 06:51
SKU_ANK_305,WH_007,1,0,31-03-2026 21:05
SKU_HAIR_306,WH_002,1,0,11-04-2026 05:56
SKU_HAIR_307,WH_004,937,79,11-12-2026 09:43
SKU_HAIR_308,WH_001,880,80,19-09-2026 10:46
SKU_HAIR_309,WH_007,195,12,27-11-2026 15:55
SKU_HAIR_310,WH_002,2,0,10-07-2026 20:09
SKU_SUN_311,WH_003,0,0,29-08-2026 08:44
SKU_SUN_312,WH_007,628,156,26-12-2026 06:13
SKU_SUN_313,WH_005,325,68,15-11-2026 16:24
SKU_SUN_314,WH_007,642,45,22-01-2026 06:36
SKU_SUN_315,WH_005,480,126,13-06-2026 17:10
SKU_PHA_PARACETAMOL_001,WH_002,420,25,02-11-2026 07:58
SKU_PHA_IBUPROFEN_002,WH_002,823,172,26-10-2026 18:55
SKU_PHA_ANTACID_003,WH_004,732,135,12-11-2026 15:02
SKU_PHA_COUGH_004,WH_005,0,0,30-04-2026 19:00
SKU_PHA_VITC_005,WH_006,0,0,05-03-2026 09:05
SKU_PHA_MULTIVIT_006,WH_003,2,0,18-10-2026 13:14
SKU_PHA_BANDAGE_007,WH_001,302,27,25-01-2026 19:15
SKU_PHA_SANITIZER_008,WH_004,5,1,18-09-2026 00:46
SKU_PHA_THERMOMETER_009,WH_010,469,53,22-07-2026 14:13
SKU_PHA_GLUCOSE_010,WH_003,719,207,21-08-2026 13:11
SKU_PHA_B12_011,WH_003,533,81,03-02-2026 08:06
SKU_PHA_DIGENE_012,WH_003,131,3,05-07-2026 09:22
SKU_PHA_VITD_013,WH_007,178,4,13-01-2026 04:21
SKU_PHA_GASRELIEF_014,WH_002,0,0,08-02-2026 17:27
SKU_PHA_ANTIFUNGAL_015,WH_009,0,0,24-07-2026 13:22
SKU_PHA_ANTIBIOTIC_016,WH_009,206,28,19-12-2026 16:33
SKU_PHA_ALLERGY_017,WH_006,653,4,27-01-2026 06:21
SKU_PHA_BETADINE_018,WH_010,677,202,22-12-2026 11:03
SKU_PHA_INSULIN_019,WH_010,5,1,26-11-2026 07:24
SKU_PHA_VITAMINC_020,WH_007,0,0,22-01-2026 18:14
SKU_PHA_CALCIUM_021,WH_003,0,0,21-04-2026 13:43
SKU_PHA_IRON_022,WH_005,0,0,05-08-2026 12:11
SKU_PHA_ZINC_023,WH_005,992,172,22-05-2026 04:50
SKU_PHA_ORAL_024,WH_005,884,4,11-03-2026 13:22
SKU_PHA_LOZENGE_025,WH_004,892,224,18-01-2026 07:41
SKU_PHA_ELECTROLYTE_026,WH_004,534,8,03-06-2026 13:15
SKU_PHA_INHALER_027,WH_002,190,18,12-10-2026 00:03
SKU_PHA_OINTMENT_028,WH_002,249,41,29-11-2026 08:21
SKU_PHA_GLUCOMETER_029,WH_010,2,1,24-05-2026 00:46
SKU_PHA_BP_030,WH_005,283,23,24-06-2026 17:44
SKU_PHA_PAINSPRAY_031,WH_003,4,1,07-11-2026 09:15
SKU_PHA_COOLGEL_032,WH_009,3,1,11-01-2026 19:23
SKU_PHA_COLDTAB_033,WH_006,5,1,17-04-2026 06:07
SKU_PHA_DIGESTIVE_034,WH_005,197,27,04-03-2026 16:07
SKU_PHA_PROBIOTIC_035,WH_002,4,1,28-05-2026 15:07
SKU_PHA_CALAMINE_036,WH_003,386,49,16-09-2026 06:42
SKU_PHA_LIVER_037,WH_008,898,227,04-04-2026 15:02
SKU_PHA_STEAM_038,WH_009,721,55,06-03-2026 17:55
SKU_PHA_MASK_039,WH_004,808,122,16-07-2026 06:36
SKU_PHA_VAPORUB_040,WH_007,647,70,19-10-2026 06:17
SKU_PHA_PROTEIN_041,WH_004,2,0,24-11-2026 05:24
SKU_PHA_VITAMINK2_042,WH_009,958,199,02-01-2026 08:33
SKU_PHA_MAGNESIUM_043,WH_009,2,0,31-03-2026 17:49
SKU_PHA_PROTEINBAR_044,WH_010,741,155,08-11-2026 05:53
SKU_PHA_COLLAGEN_045,WH_007,916,19,01-12-2026 21:42
SKU_PHA_BANDAGEKIT_046,WH_001,783,196,27-07-2026 07:17
SKU_PHA_HEATINGPAD_047,WH_005,219,52,04-07-2026 14:28
SKU_PHA_PULSE_048,WH_005,3,0,15-07-2026 13:55
SKU_PHA_MASSAGER_049,WH_002,3,1,16-06-2026 20:39
SKU_PHA_STRETCH_050,WH_008,734,203,14-08-2026 03:14
SKU_PHA_PARACETAMOL_101,WH_008,951,207,31-07-2026 10:39
SKU_PHA_ASPIRIN_102,WH_003,984,227,18-11-2026 05:01
SKU_PHA_CETIRIZINE_103,WH_001,0,0,13-07-2026 20:18
SKU_PHA_PANTOP_104,WH_008,0,0,22-01-2026 16:32
SKU_PHA_METFORMIN_105,WH_003,568,98,05-10-2026 09:36
SKU_PHA_OMEGA_106,WH_009,0,0,11-02-2026 03:26
SKU_PHA_BIOTIN_107,WH_004,4,1,23-10-2026 23:43
SKU_PHA_ASHWAGANDHA_108,WH_009,71,13,30-08-2026 12:44
SKU_PHA_GINSENG_109,WH_010,0,0,30-08-2026 18:13
SKU_PHA_CURCUMIN_110,WH_005,4,0,22-03-2026 19:01
SKU_PHA_WEIGHT_111,WH_003,474,140,13-03-2026 22:15
SKU_PHA_NEBULIZER_112,WH_010,114,26,25-07-2026 11:24
SKU_PHA_FITNESS_113,WH_002,470,61,11-03-2026 10:32
SKU_PHA_MASSAGER_114,WH_004,2,1,24-03-2026 11:55
SKU_PHA_HEART_115,WH_005,346,81,25-03-2026 03:10
SKU_PHA_ORAL_REHYD_301,WH_002,943,18,15-01-2026 08:10
SKU_PHA_PROBIOTIC_302,WH_002,592,87,01-06-2026 02:59
SKU_PHA_ANTACID_303,WH_006,0,0,21-08-2026 03:38
SKU_PHA_COUGHLOZ_304,WH_004,612,147,27-07-2026 17:37
SKU_PHA_INSULIN_305,WH_007,676,5,12-09-2026 22:36
SKU_PHA_BP_MONITOR_306,WH_001,12,1,22-09-2026 18:11
SKU_PHA_GLUCO_307,WH_003,5,0,04-09-2026 17:29
SKU_PHA_PULSE_308,WH_005,522,120,15-05-2026 12:41
SKU_PHA_PROTEIN_309,WH_006,251,73,09-02-2026 14:47
SKU_PHA_ELECTROLYTE_310,WH_001,2,1,13-02-2026 09:47
SKU_LIP_301,WH_006,1,1,20-05-2026 01:59
SKU_LIP_302,WH_001,93,3,15-01-2026 06:49
SKU_LIP_303,WH_006,833,68,15-06-2026 10:15
SKU_LIP_304,WH_009,789,136,09-08-2026 14:41
SKU_LIP_305,WH_006,718,141,23-03-2026 16:11
SKU_TAB_401,WH_007,0,0,15-02-2026 14:14
SKU_TAB_402,WH_009,686,182,09-07-2026 04:33
SKU_TAB_403,WH_002,989,85,07-08-2026 05:57
SKU_TAB_404,WH_001,3,1,03-06-2026 15:35
SKU_MOU_401,WH_006,214,61,07-10-2026 00:39
SKU_MOU_402,WH_010,147,44,10-03-2026 04:15
SKU_MOU_403,WH_003,946,98,30-08-2026 12:39
SKU_SERUM_401,WH_003,821,20,09-10-2026 16:47
SKU_SERUM_402,WH_005,768,95,17-08-2026 08:57
SKU_SERUM_403,WH_002,137,15,19-06-2026 01:50
SKU_SERUM_404,WH_007,1,0,09-03-2026 02:41
SKU_SERUM_405,WH_004,137,1,16-11-2026 17:53
SKU_MOIST_406,WH_010,310,22,24-07-2026 10:35
SKU_MOIST_407,WH_001,96,28,03-08-2026 16:03
SKU_MOIST_408,WH_005,116,31,27-12-2026 10:09
SKU_MOIST_409,WH_006,60,11,12-05-2026 00:29
SKU_MOIST_410,WH_006,509,17,24-10-2026 07:27
SKU_WATCH_411,WH_006,944,64,18-06-2026 23:44
SKU_WATCH_412,WH_010,168,29,20-12-2026 00:26
SKU_WATCH_413,WH_006,46,9,04-12-2026 13:51
SKU_WATCH_414,WH_002,569,131,31-07-2026 21:32
SKU_WATCH_415,WH_004,416,124,19-05-2026 01:58
SKU_BAG_416,WH_006,0,0,08-03-2026 22:06
SKU_BAG_417,WH_001,564,20,26-10-2026 07:10
SKU_BAG_418,WH_008,621,118,29-12-2026 16:23
SKU_BAG_419,WH_009,952,216,28-11-2026 05:17
SKU_BAG_420,WH_003,878,137,08-02-2026 06:47
SKU_TAB_421,WH_009,898,250,15-04-2026 18:18
SKU_TAB_422,WH_005,345,79,29-11-2026 12:56
SKU_TAB_423,WH_010,565,118,18-12-2026 19:56
SKU_TAB_424,WH_007,677,91,15-07-2026 03:45
SKU_TAB_425,WH_008,446,85,01-08-2026 01:07
SKU_MIN_SERUM_501,WH_003,0,0,06-03-2026 14:17
SKU_MIN_SERUM_502,WH_003,4,0,06-02-2026 13:48
SKU_MIN_SERUM_503,WH_010,416,29,19-02-2026 16:34
SKU_MIN_SERUM_504,WH_003,1,0,25-02-2026 20:13
SKU_MIN_MOIST_505,WH_006,1,0,26-02-2026 00:06
SKU_MIN_MOIST_506,WH_007,264,78,19-05-2026 07:39
SKU_MIN_TONER_507,WH_003,964,250,18-10-2026 02:06
SKU_MIN_FW_508,WH_010,421,110,09-05-2026 01:32
SKU_MIN_SUN_509,WH_004,943,271,16-04-2026 02:09
SKU_CB_701,WH_005,20,4,29-04-2026 02:31
SKU_CB_702,WH_008,82,4,15-07-2026 03:54
SKU_CB_703,WH_002,0,0,19-06-2026 04:04
SKU_HB_704,WH_010,5,1,31-01-2026 19:05
SKU_HB_705,WH_006,551,32,14-07-2026 23:24
SKU_HB_706,WH_001,364,23,26-09-2026 06:08
SKU_AN_707,WH_006,182,46,26-02-2026 05:24
SKU_AN_708,WH_007,194,11,02-11-2026 15:09
SKU_TF_709,WH_006,287,9,12-04-2026 03:43
SKU_TF_710,WH_008,0,0,08-10-2026 19:32
SKU_CH_711,WH_009,557,148,05-10-2026 07:48
SKU_DHC_713,WH_006,920,73,12-07-2026 02:03
SKU_OPI_714,WH_005,148,6,28-01-2026 17:36
SKU_NYX_715,WH_002,40,10,20-03-2026 13:31
SKU_LU_716,WH_007,860,55,08-10-2026 20:10
SKU_VL_717,WH_009,304,5,13-05-2026 21:59
SKU_AS_801,WH_008,1000,277,18-06-2026 21:15
SKU_AS_802,WH_001,156,10,01-08-2026 20:04
SKU_VH_803,WH_004,320,8,21-12-2026 14:03
SKU_VH_804,WH_010,586,57,28-06-2026 01:31
SKU_GD_805,WH_005,0,0,14-07-2026 20:22
SKU_GD_806,WH_001,3,1,08-04-2026 11:27
SKU_AU_807,WH_005,0,0,10-05-2026 22:59
SKU_AU_808,WH_001,2,1,23-03-2026 17:14
SKU_CO_809,WH_006,570,80,14-06-2026 00:29
SKU_CO_810,WH_001,5,1,26-04-2026 07:34
SKU_BQ_901,WH_008,480,137,29-01-2026 12:00
SKU_BQ_902,WH_008,1,1,13-02-2026 20:37
SKU_WA_903,WH_006,0,0,15-09-2026 20:19
SKU_WA_904,WH_008,0,0,01-01-2026 09:25
SKU_RO_905,WH_009,99,14,30-04-2026 00:56
SKU_RO_906,WH_003,831,90,10-02-2026 15:16
SKU_NX_907,WH_002,1,1,15-04-2026 00:05
SKU_NX_908,WH_008,0,0,22-03-2026 22:14
SKU_KS_909,WH_003,60,9,04-06-2026 08:14
SKU_KS_910,WH_006,703,25,15-06-2026 14:34
SKU_AM_901,WH_003,0,0,23-04-2026 11:21
SKU_AM_902,WH_008,5,1,02-01-2026 01:52
SKU_AM_903,WH_005,1,0,17-06-2026 15:43
SKU_BS_904,WH_002,5,1,16-09-2026 00:57
SKU_BS_905,WH_004,946,65,09-11-2026 15:09
SKU_BS_906,WH_001,962,204,18-06-2026 19:05
SKU_MB_907,WH_009,825,125,24-08-2026 10:21
SKU_MB_908,WH_009,4,1,21-08-2026 09:56
SKU_MB_909,WH_008,915,74,19-10-2026 04:53
SKU_DA_901,WH_010,711,166,20-08-2026 02:27
SKU_DA_902,WH_007,855,192,31-07-2026 08:15
SKU_EN_903,WH_001,4,0,29-12-2026 04:32
SKU_EN_904,WH_010,0,0,11-05-2026 03:42
SKU_SS_905,WH_005,433,20,09-06-2026 15:36
SKU_SS_906,WH_010,414,83,02-05-2026 22:03
SKU_FU_907,WH_005,509,152,29-01-2026 13:24
SKU_FU_908,WH_009,384,67,27-08-2026 04:58
SKU_LP_901,WH_008,933,274,30-07-2026 10:20
SKU_LP_902,WH_010,4,1,08-12-2026 23:59
SKU_LP_903,WH_002,0,0,27-06-2026 16:13
SKU_LP_904,WH_003,0,0,25-02-2026 03:37
SKU_LP_905,WH_005,0,0,09-10-2026 05:55
SKU_FC_906,WH_004,120,15,20-11-2026 21:26
SKU_FC_907,WH_002,635,173,14-12-2026 17:52
SKU_FC_908,WH_008,999,6,05-06-2026 17:07
SKU_FC_909,WH_006,921,92,14-07-2026 14:31
SKU_FC_910,WH_008,978,218,06-01-2026 01:46
SKU_ET_911,WH_001,4,0,08-11-2026 03:26
SKU_ET_912,WH_001,4,0,02-09-2026 17:32
SKU_ET_913,WH_005,0,0,07-08-2026 09:42
SKU_ET_914,WH_008,373,13,13-04-2026 19:03
SKU_ET_915,WH_008,6,1,17-03-2026 10:29
SKU_ST_916,WH_003,632,143,07-05-2026 22:45
SKU_ST_917,WH_003,778,38,17-12-2026 10:38
SKU_ST_918,WH_007,901,15,12-07-2026 03:31
SKU_ST_919,WH_009,0,0,13-07-2026 00:36
SKU_ST_920,WH_001,432,100,18-12-2026 09:10
SKU_MIC_1001,WH_003,888,29,18-09-2026 23:29
SKU_LIGHT_1002,WH_005,4,1,26-01-2026 22:22
SKU_STAND_1003,WH_007,667,147,02-12-2026 15:54
SKU_GP_1004,WH_004,91,6,10-12-2026 07:08
SKU_GP_1005,WH_002,5,0,11-04-2026 23:11
SKU_INH_1001,WH_007,335,75,22-09-2026 03:50
SKU_INH_1002,WH_009,625,31,03-01-2026 08:21
SKU_INH_1003,WH_001,114,20,11-01-2026 23:10
SKU_INH_1004,WH_006,483,142,22-09-2026 17:53
SKU_INH_1005,WH_004,563,73,14-12-2026 23:28
SKU_NEB_1006,WH_003,441,30,20-03-2026 17:12
SKU_NEB_1007,WH_004,159,41,05-06-2026 09:23
SKU_NEB_1008,WH_001,680,121,28-12-2026 16:06
SKU_NEB_1009,WH_005,5,0,26-03-2026 22:04
SKU_NEB_1010,WH_010,5,0,08-03-2026 10:14
SKU_HP_1011,WH_001,1000,24,18-10-2026 01:47
SKU_HP_1012,WH_008,558,51,23-08-2026 04:31
SKU_HP_1013,WH_006,3,0,29-12-2026 23:23
SKU_HP_1014,WH_006,0,0,02-09-2026 04:57
SKU_HP_1015,WH_005,815,109,30-03-2026 13:57
SKU_JOG_1001,WH_003,872,124,03-05-2026 19:42
SKU_JOG_1002,WH_004,296,48,29-05-2026 21:55
SKU_JOG_1003,WH_002,683,191,02-08-2026 12:34
SKU_JOG_1004,WH_009,0,0,14-02-2026 22:25
SKU_KAF_1005,WH_010,4,1,01-12-2026 17:05
SKU_KAF_1006,WH_008,0,0,18-09-2026 10:42
SKU_KAF_1007,WH_008,1,1,22-11-2026 07:07
SKU_KAF_1008,WH_007,599,142,10-11-2026 06:14
SKU_NS_1009,WH_007,0,0,01-01-2026 18:15
SKU_NS_1010,WH_008,395,43,21-04-2026 03:58
SKU_NS_1011,WH_008,924,175,11-12-2026 12:29
SKU_NS_1012,WH_005,597,37,24-12-2026 12:45
SKU_000001,WH_003,682,5,20-10-2026 12:39
SKU_000002,WH_006,0,0,25-02-2026 09:20
SKU_000003,WH_006,838,24,01-11-2026 06:09
SKU_000004,WH_004,235,56,18-10-2026 10:16
SKU_000005,WH_004,4,1,08-09-2026 03:55
SKU_000006,WH_008,1,1,05-08-2026 04:13
SKU_000007,WH_004,28,8,08-10-2026 12:34
SKU_000008,WH_003,269,38,04-04-2026 19:35
SKU_000009,WH_001,137,34,21-07-2026 22:00
SKU_000010,WH_008,885,71,20-03-2026 08:52
SKU_000011,WH_001,0,0,24-01-2026 12:32
SKU_000012,WH_010,519,39,27-07-2026 07:47
SKU_000013,WH_004,695,93,06-06-2026 14:16
SKU_000014,WH_001,1,1,17-02-2026 14:26
SKU_000015,WH_010,5,1,04-01-2026 23:53
SKU_000016,WH_008,1,1,07-07-2026 06:30
SKU_000017,WH_001,373,94,18-11-2026 16:34
SKU_000018,WH_010,271,65,06-02-2026 19:32
SKU_000019,WH_007,0,0,18-08-2026 22:51
SKU_000020,WH_001,792,87,19-11-2026 00:15
SKU_000021,WH_003,615,7,26-05-2026 15:12
SKU_000022,WH_002,527,131,11-05-2026 14:47
SKU_000023,WH_002,624,37,21-02-2026 03:10
SKU_000024,WH_008,264,15,01-09-2026 11:14
SKU_000025,WH_002,782,190,04-05-2026 18:15
SKU_000026,WH_010,973,197,19-09-2026 01:07
SKU_000027,WH_007,508,85,28-07-2026 05:30
SKU_000028,WH_005,393,11,07-06-2026 06:01
SKU_000029,WH_005,1,1,14-06-2026 19:51
SKU_000030,WH_006,5,1,03-09-2026 21:11
SKU_000031,WH_007,0,0,16-01-2026 18:54
SKU_000032,WH_002,620,96,02-03-2026 00:48
SKU_000033,WH_008,218,58,20-11-2026 11:59
SKU_000034,WH_007,672,85,09-11-2026 06:46
SKU_000035,WH_009,4,0,03-10-2026 06:50
SKU_000036,WH_009,963,241,06-10-2026 18:41
SKU_000037,WH_003,616,182,16-03-2026 12:11
SKU_000038,WH_006,1,0,23-03-2026 10:38
SKU_000039,WH_001,622,53,19-03-2026 08:53
SKU_000040,WH_005,1,1,21-01-2026 21:06
SKU_000041,WH_006,2,1,19-10-2026 01:44
SKU_000042,WH_004,5,1,16-09-2026 16:04
SKU_000043,WH_003,572,115,12-09-2026 11:09
SKU_000044,WH_001,0,0,10-08-2026 13:32
SKU_000045,WH_006,533,103,07-03-2026 12:58
SKU_000046,WH_009,635,153,18-03-2026 20:45
SKU_000047,WH_009,592,17,19-10-2026 05:32
SKU_000048,WH_001,953,129,05-08-2026 23:08
SKU_000049,WH_006,624,105,26-11-2026 12:33
SKU_000050,WH_009,113,12,19-04-2026 19:23
SKU_000051,WH_009,1,0,27-02-2026 14:35
SKU_000052,WH_010,3,1,02-04-2026 10:07
SKU_000053,WH_003,832,131,28-02-2026 06:00
SKU_000054,WH_007,795,144,23-09-2026 22:41
SKU_000055,WH_005,603,169,22-02-2026 11:58
SKU_000056,WH_006,880,256,24-07-2026 13:52
SKU_000057,WH_003,620,52,17-06-2026 13:00
SKU_000058,WH_001,45,11,27-04-2026 18:33
SKU_000059,WH_002,434,48,08-10-2026 06:48
SKU_000060,WH_004,390,32,02-11-2026 22:01
SKU_000061,WH_004,2,1,25-10-2026 07:48
SKU_000062,WH_007,967,253,15-02-2026 14:10
SKU_000063,WH_002,0,0,28-05-2026 23:37
SKU_000064,WH_006,645,128,15-06-2026 15:01
SKU_000065,WH_006,772,65,01-01-2026 20:04
SKU_000066,WH_004,836,240,26-02-2026 16:09
SKU_000067,WH_008,802,234,01-09-2026 09:51
SKU_000068,WH_008,1,0,28-10-2026 05:48
SKU_000069,WH_001,0,0,09-06-2026 02:28
SKU_000070,WH_009,1,1,25-06-2026 10:36
SKU_000071,WH_009,68,9,04-04-2026 17:37
SKU_000072,WH_008,570,113,24-11-2026 03:27
SKU_000073,WH_008,489,88,28-08-2026 02:08
SKU_000074,WH_005,898,116,16-11-2026 00:25
SKU_000075,WH_005,634,18,10-03-2026 08:45
SKU_000076,WH_004,980,235,09-03-2026 22:26
SKU_000077,WH_008,646,17,03-11-2026 00:17
SKU_000078,WH_004,2,0,16-04-2026 04:32
SKU_000079,WH_010,674,25,21-12-2026 06:31
SKU_000080,WH_008,760,134,17-09-2026 13:36
SKU_000081,WH_005,525,32,27-09-2026 11:03
SKU_000082,WH_008,1,1,10-02-2026 21:27
SKU_000083,WH_001,225,1,13-03-2026 00:13
SKU_000084,WH_003,879,211,18-03-2026 00:09
SKU_000085,WH_001,265,15,31-07-2026 13:18
SKU_000086,WH_004,433,47,25-03-2026 21:04
SKU_000087,WH_006,423,34,28-07-2026 13:30
SKU_000088,WH_008,4,0,26-02-2026 07:38
SKU_000089,WH_009,0,0,11-03-2026 20:25
SKU_000090,WH_003,814,146,22-01-2026 20:29
SKU_000091,WH_007,472,117,18-10-2026 18:28
SKU_000092,WH_003,1,1,07-09-2026 18:53
SKU_000093,WH_005,962,41,16-08-2026 07:23
SKU_000094,WH_001,821,235,24-03-2026 14:58
SKU_000095,WH_009,937,44,12-02-2026 12:16
SKU_000096,WH_004,0,0,17-12-2026 23:46
SKU_000097,WH_009,889,75,22-11-2026 00:55
SKU_000098,WH_005,752,116,02-04-2026 17:58
SKU_000099,WH_005,1,1,25-03-2026 05:17
SKU_000100,WH_003,947,256,28-09-2026 11:21
SKU_000101,WH_002,519,14,30-05-2026 12:41
SKU_000102,WH_003,5,0,10-02-2026 11:27
SKU_000103,WH_004,12,0,19-10-2026 13:45
SKU_000104,WH_007,381,45,12-02-2026 12:54
SKU_000105,WH_009,710,17,28-07-2026 18:04
SKU_000106,WH_001,3,1,30-09-2026 17:57
SKU_000107,WH_001,542,49,24-05-2026 18:04
SKU_000108,WH_001,2,0,28-07-2026 08:50
SKU_000109,WH_002,1,0,27-09-2026 03:06
SKU_000110,WH_004,639,156,08-06-2026 17:40
SKU_000111,WH_001,649,158,07-02-2026 02:35
SKU_000112,WH_007,1,1,18-11-2026 06:44
SKU_000113,WH_004,293,3,13-01-2026 03:52
SKU_000114,WH_003,260,37,09-01-2026 11:27
SKU_000115,WH_003,0,0,03-12-2026 09:57
SKU_000116,WH_004,335,25,14-05-2026 11:05
SKU_000117,WH_008,647,129,07-01-2026 20:34
SKU_000118,WH_001,5,1,18-07-2026 06:47
SKU_000119,WH_003,3,0,12-06-2026 13:04
SKU_000120,WH_006,185,50,02-07-2026 10:46
SKU_000121,WH_010,682,35,18-05-2026 05:15
SKU_000122,WH_006,90,18,18-06-2026 22:15
SKU_000123,WH_002,3,1,17-04-2026 12:22
SKU_000124,WH_001,134,16,30-11-2026 00:13
SKU_000125,WH_005,176,29,11-05-2026 18:43
SKU_000126,WH_009,414,50,30-11-2026 06:09
SKU_000127,WH_002,0,0,23-04-2026 07:39
SKU_000128,WH_007,421,99,11-05-2026 05:59
SKU_000129,WH_009,572,44,13-10-2026 04:18
SKU_000130,WH_010,265,74,30-05-2026 18:31
SKU_000131,WH_003,569,41,25-08-2026 14:01
SKU_000132,WH_005,1,0,28-06-2026 04:43
SKU_000133,WH_002,770,219,30-06-2026 18:01
SKU_000134,WH_007,149,27,13-09-2026 00:41
SKU_000135,WH_003,904,20,09-03-2026 20:24
SKU_000136,WH_008,5,1,19-12-2026 06:51
SKU_000137,WH_006,413,29,23-07-2026 15:24
SKU_000138,WH_006,0,0,12-02-2026 04:23
SKU_000139,WH_010,80,21,10-09-2026 10:05
SKU_000140,WH_002,5,0,24-07-2026 07:19
SKU_000141,WH_010,358,85,01-02-2026 14:26
SKU_000142,WH_006,2,1,18-09-2026 04:47
SKU_000143,WH_004,2,1,08-04-2026 19:54
SKU_000144,WH_001,3,0,27-01-2026 19:52
SKU_000145,WH_006,195,25,07-12-2026 20:09
SKU_000146,WH_002,424,100,20-09-2026 22:48
SKU_000147,WH_008,1,1,18-04-2026 16:05
SKU_000148,WH_002,81,3,04-01-2026 05:50
SKU_000149,WH_008,734,0,01-02-2026 21:51
SKU_000150,WH_005,394,8,08-09-2026 11:29
SKU_000151,WH_002,658,45,27-01-2026 07:20
SKU_000152,WH_008,101,23,14-01-2026 22:26
SKU_000153,WH_005,681,16,01-03-2026 19:12
SKU_000154,WH_010,650,63,30-01-2026 15:05
SKU_000155,WH_004,0,0,29-03-2026 07:42
SKU_000156,WH_002,2,1,25-01-2026 01:24
SKU_000157,WH_002,3,0,24-11-2026 08:19
SKU_000158,WH_007,607,175,05-04-2026 15:30
SKU_000159,WH_005,364,35,21-12-2026 07:56
SKU_000160,WH_009,432,111,26-08-2026 06:27
SKU_000161,WH_004,0,0,09-01-2026 17:04
SKU_000162,WH_005,5,1,15-12-2026 12:48
SKU_000163,WH_005,236,68,28-07-2026 09:16
SKU_000164,WH_004,747,127,20-08-2026 06:15
SKU_000165,WH_009,2,1,07-02-2026 09:17
SKU_000166,WH_005,0,0,28-02-2026 19:12
SKU_000167,WH_007,536,108,19-09-2026 05:49
SKU_000168,WH_006,645,165,07-10-2026 18:52
SKU_000169,WH_008,72,3,14-02-2026 13:56
SKU_000170,WH_006,0,0,15-05-2026 16:03
SKU_000171,WH_007,922,266,06-07-2026 06:58
SKU_000172,WH_005,243,40,13-03-2026 06:28
SKU_000173,WH_004,5,0,29-07-2026 23:32
SKU_000174,WH_004,0,0,30-11-2026 19:39
SKU_000175,WH_009,916,115,08-09-2026 17:16
SKU_000176,WH_002,955,255,27-07-2026 23:17
SKU_000177,WH_005,0,0,21-07-2026 16:32
SKU_000178,WH_003,519,129,21-10-2026 16:10
SKU_000179,WH_004,312,23,20-12-2026 10:49
SKU_000180,WH_006,534,44,01-10-2026 14:27
SKU_000181,WH_004,0,0,31-10-2026 16:58
SKU_000182,WH_008,0,0,19-02-2026 06:42
SKU_000183,WH_010,1,0,12-10-2026 08:19
SKU_000184,WH_009,691,180,26-09-2026 00:21
SKU_000185,WH_006,98,20,21-04-2026 23:52
SKU_000186,WH_002,275,14,17-05-2026 05:29
SKU_000187,WH_005,803,153,09-10-2026 20:23
SKU_000188,WH_009,1,0,26-07-2026 02:28
SKU_000189,WH_008,266,68,17-02-2026 04:41
SKU_000190,WH_003,990,187,21-12-2026 00:45
SKU_000191,WH_007,660,115,17-02-2026 13:32
SKU_000192,WH_004,391,88,28-01-2026 18:58
SKU_000193,WH_003,787,135,12-04-2026 22:27
SKU_000194,WH_001,32,8,11-11-2026 16:04
SKU_000195,WH_002,385,66,08-04-2026 13:24
SKU_000196,WH_010,122,19,09-01-2026 01:45
SKU_000197,WH_003,834,84,24-01-2026 11:59
SKU_000198,WH_003,107,20,13-07-2026 20:11
SKU_000199,WH_008,2,1,03-10-2026 12:26
SKU_000200,WH_004,386,82,10-11-2026 13:52
SKU_000201,WH_003,49,8,17-03-2026 06:34
SKU_000202,WH_005,567,105,07-07-2026 00:00
SKU_000203,WH_001,846,106,24-09-2026 08:58
SKU_000204,WH_006,790,72,09-07-2026 23:09
SKU_000205,WH_004,54,15,17-06-2026 14:13
SKU_000206,WH_008,588,93,03-06-2026 10:41
SKU_000207,WH_004,705,164,08-04-2026 19:09
SKU_000208,WH_004,470,129,29-12-2026 15:55
SKU_000209,WH_002,3,0,10-06-2026 11:02
SKU_000210,WH_008,491,80,25-01-2026 23:27
SKU_000211,WH_003,4,0,29-10-2026 21:07
SKU_000212,WH_009,322,57,09-07-2026 03:06
SKU_000213,WH_001,898,28,15-10-2026 04:49
SKU_000214,WH_001,162,4,25-12-2026 18:38
SKU_000215,WH_009,443,66,24-11-2026 04:18
SKU_000216,WH_008,0,0,25-08-2026 23:10
SKU_000217,WH_008,1,0,17-12-2026 08:06
SKU_000218,WH_007,305,89,17-10-2026 05:21
SKU_000219,WH_005,207,62,08-01-2026 19:42
SKU_000220,WH_001,563,138,11-04-2026 15:24
SKU_000221,WH_010,440,0,30-06-2026 23:22
SKU_000222,WH_006,2,1,15-05-2026 15:40
SKU_000223,WH_003,966,22,03-08-2026 09:21
SKU_000224,WH_002,581,128,24-06-2026 09:43
SKU_000225,WH_007,863,249,11-07-2026 12:22
SKU_000226,WH_004,0,0,12-05-2026 17:10
SKU_000227,WH_007,936,252,31-08-2026 11:52
SKU_000228,WH_003,998,223,15-09-2026 03:51
SKU_000229,WH_009,61,15,05-11-2026 06:30
SKU_000230,WH_006,353,24,19-01-2026 14:04
SKU_000231,WH_004,618,119,09-06-2026 23:56
SKU_000232,WH_008,564,90,04-08-2026 02:01
SKU_000233,WH_001,1,0,15-05-2026 07:43
SKU_000234,WH_003,262,32,29-10-2026 02:19
SKU_000235,WH_002,748,80,27-08-2026 16:35
SKU_000236,WH_003,878,224,07-07-2026 11:26
SKU_000237,WH_002,3,0,21-06-2026 02:57
SKU_000238,WH_002,468,93,25-10-2026 19:02
SKU_000239,WH_008,937,97,22-01-2026 02:46
SKU_000240,WH_009,5,1,11-11-2026 15:20
SKU_000241,WH_004,0,0,11-01-2026 17:54
SKU_000242,WH_002,1,1,20-10-2026 17:40
SKU_000243,WH_009,391,32,29-12-2026 04:23
SKU_000244,WH_005,0,0,24-07-2026 16:08
SKU_000245,WH_010,4,1,19-10-2026 04:22
SKU_000246,WH_010,1,1,27-04-2026 11:43
SKU_000247,WH_005,5,0,04-07-2026 06:10
SKU_000248,WH_006,858,47,24-05-2026 02:50
SKU_000249,WH_005,460,76,17-01-2026 16:16
SKU_000250,WH_008,886,16,30-03-2026 21:49
SKU_000251,WH_008,391,114,28-07-2026 00:35
SKU_000252,WH_009,1,1,01-01-2026 17:07
SKU_000253,WH_001,3,0,17-10-2026 03:19
SKU_000254,WH_008,1,0,11-04-2026 21:40
SKU_000255,WH_003,992,42,06-10-2026 07:30
SKU_000256,WH_007,1,1,17-07-2026 15:03
SKU_000257,WH_003,654,56,09-04-2026 14:04
SKU_000258,WH_004,551,27,26-08-2026 23:14
SKU_000259,WH_006,165,30,11-12-2026 02:52
SKU_000260,WH_007,58,14,13-04-2026 16:31
SKU_000261,WH_007,342,22,13-10-2026 23:12
SKU_000262,WH_009,448,131,02-03-2026 22:02
SKU_000263,WH_004,540,99,18-02-2026 20:30
SKU_000264,WH_007,562,154,03-05-2026 11:20
SKU_000265,WH_008,302,81,18-11-2026 13:50
SKU_000266,WH_010,1,0,22-11-2026 00:45
SKU_000267,WH_003,0,0,15-08-2026 20:09
SKU_000268,WH_003,2,0,12-10-2026 12:56
SKU_000269,WH_006,0,0,11-02-2026 01:34
SKU_000270,WH_008,163,23,26-08-2026 11:43
SKU_000271,WH_001,809,135,30-04-2026 06:43
SKU_000272,WH_002,171,16,11-01-2026 16:38
SKU_000273,WH_008,213,62,11-03-2026 20:42
SKU_000274,WH_005,496,18,31-12-2026 17:47
SKU_000275,WH_008,5,1,30-01-2026 15:21
SKU_000276,WH_004,113,28,07-09-2026 03:37
SKU_000277,WH_008,264,60,26-06-2026 04:02
SKU_000278,WH_003,568,81,20-04-2026 08:41
SKU_000279,WH_009,5,0,23-07-2026 09:12
SKU_000280,WH_003,5,1,19-04-2026 13:24
SKU_000281,WH_009,354,45,31-07-2026 02:43
SKU_000282,WH_004,5,0,24-05-2026 00:49
SKU_000283,WH_002,988,3,23-12-2026 15:16
SKU_000284,WH_009,236,37,30-06-2026 21:34
SKU_000285,WH_010,36,9,03-04-2026 01:44
SKU_000286,WH_003,223,66,04-01-2026 15:21
SKU_000287,WH_001,711,40,01-09-2026 20:07
SKU_000288,WH_010,781,37,09-03-2026 23:07
SKU_000289,WH_009,846,251,15-12-2026 05:47
SKU_000290,WH_008,0,0,10-06-2026 22:26
SKU_000291,WH_001,3,1,13-10-2026 23:36
SKU_000292,WH_003,151,15,23-03-2026 02:34
SKU_000293,WH_009,224,7,09-11-2026 08:08
SKU_000294,WH_001,0,0,10-02-2026 13:36
SKU_000295,WH_010,0,0,24-08-2026 23:06
SKU_000296,WH_009,207,48,30-05-2026 15:07
SKU_000297,WH_004,1,0,25-02-2026 09:13
SKU_000298,WH_008,256,60,07-10-2026 11:32
SKU_000299,WH_002,4,1,01-05-2026 12:44
SKU_000300,WH_004,5,0,22-12-2026 08:20
SKU_000301,WH_010,265,60,09-02-2026 21:27
SKU_000302,WH_009,827,37,29-01-2026 18:38
SKU_000303,WH_003,520,54,11-07-2026 23:52
SKU_000304,WH_001,279,30,21-10-2026 06:41
SKU_000305,WH_009,0,0,18-07-2026 23:57
SKU_000306,WH_010,213,23,12-10-2026 05:05
SKU_000307,WH_003,3,0,01-12-2026 11:21
SKU_000308,WH_001,5,0,04-03-2026 10:34
SKU_000309,WH_003,959,151,16-02-2026 23:37
SKU_000310,WH_010,649,110,28-09-2026 05:03
SKU_000311,WH_001,666,26,27-12-2026 11:58
SKU_000312,WH_006,44,6,10-08-2026 15:39
SKU_000313,WH_005,858,26,01-05-2026 19:41
SKU_000314,WH_007,902,167,02-07-2026 23:41
SKU_000315,WH_001,0,0,29-12-2026 15:22
SKU_000316,WH_003,528,16,09-10-2026 20:56
SKU_000317,WH_003,0,0,01-02-2026 02:06
SKU_000318,WH_005,956,134,30-01-2026 23:56
SKU_000319,WH_004,704,67,24-06-2026 23:40
SKU_000320,WH_002,819,51,30-01-2026 01:06
SKU_000321,WH_002,1,1,30-12-2026 13:30
SKU_000322,WH_005,11,0,17-07-2026 00:58
SKU_000323,WH_008,410,81,12-01-2026 19:11
SKU_000324,WH_001,310,83,29-09-2026 00:00
SKU_000325,WH_007,160,29,14-08-2026 00:48
SKU_000326,WH_010,0,0,29-11-2026 22:37
SKU_000327,WH_007,3,0,27-10-2026 22:22
SKU_000328,WH_009,470,5,14-01-2026 22:02
SKU_000329,WH_003,892,206,29-03-2026 07:36
SKU_000330,WH_002,789,225,27-10-2026 14:47
SKU_000331,WH_007,1,1,28-08-2026 11:35
SKU_000332,WH_005,767,134,28-10-2026 21:09
SKU_000333,WH_006,415,36,23-08-2026 22:51
SKU_000334,WH_002,2,0,12-01-2026 16:25
SKU_000335,WH_008,501,75,25-12-2026 08:18
SKU_000336,WH_009,727,32,28-09-2026 11:13
SKU_000337,WH_001,530,116,06-03-2026 05:20
SKU_000338,WH_005,648,1,07-04-2026 23:55
SKU_000339,WH_010,695,181,29-06-2026 10:40
SKU_000340,WH_002,0,0,25-12-2026 01:17
SKU_000341,WH_009,5,1,20-08-2026 20:02
SKU_000342,WH_006,791,33,25-05-2026 15:52
SKU_000343,WH_006,25,2,18-06-2026 04:52
SKU_000344,WH_003,2,0,10-11-2026 00:55
SKU_000345,WH_003,424,60,19-01-2026 22:02
SKU_000346,WH_002,378,67,09-02-2026 15:07
SKU_000347,WH_010,5,1,20-09-2026 09:50
SKU_000348,WH_009,3,0,08-07-2026 23:27
SKU_000349,WH_005,606,48,19-01-2026 06:03
SKU_000350,WH_007,640,148,04-07-2026 11:41
SKU_000351,WH_001,310,21,14-06-2026 15:07
SKU_000352,WH_004,993,38,19-01-2026 04:42
SKU_000353,WH_003,0,0,21-10-2026 00:29
SKU_000354,WH_005,777,51,01-04-2026 14:47
SKU_000355,WH_003,25,0,16-03-2026 20:16
SKU_000356,WH_008,544,76,07-03-2026 20:59
SKU_000357,WH_009,602,3,08-02-2026 07:55
SKU_000358,WH_003,2,1,09-02-2026 18:28
SKU_000359,WH_004,5,1,23-12-2026 17:20
SKU_000360,WH_005,720,23,12-09-2026 21:58
SKU_000361,WH_003,939,61,29-07-2026 10:36
SKU_000362,WH_007,45,4,29-08-2026 20:47
SKU_000363,WH_008,820,31,31-07-2026 04:05
SKU_000364,WH_003,2,0,26-02-2026 01:34
SKU_000365,WH_005,500,90,25-04-2026 05:14
SKU_000366,WH_001,79,23,07-05-2026 18:16
SKU_000367,WH_006,688,100,29-10-2026 14:19
SKU_000368,WH_006,91,27,13-11-2026 16:48
SKU_000369,WH_001,890,73,15-11-2026 11:58
SKU_000370,WH_009,390,102,22-10-2026 22:47
SKU_000371,WH_006,441,67,05-06-2026 02:48
SKU_000372,WH_002,39,6,27-01-2026 09:22
SKU_000373,WH_005,5,0,29-04-2026 20:25
SKU_000374,WH_010,0,0,08-10-2026 23:35
SKU_000375,WH_003,968,86,17-12-2026 09:59
SKU_000376,WH_009,0,0,08-08-2026 05:54
SKU_000377,WH_003,2,0,28-04-2026 01:12
SKU_000378,WH_001,505,20,18-03-2026 17:35
SKU_000379,WH_009,4,1,25-09-2026 07:38
SKU_000380,WH_002,712,195,16-10-2026 11:25
SKU_000381,WH_005,2,1,12-12-2026 03:24
SKU_000382,WH_010,272,81,19-06-2026 19:21
SKU_000383,WH_008,156,21,07-09-2026 12:03
SKU_000384,WH_005,279,36,18-01-2026 13:04
SKU_000385,WH_002,94,13,12-05-2026 10:13
SKU_000386,WH_005,510,15,07-06-2026 07:43
SKU_000387,WH_005,172,41,23-09-2026 09:02
SKU_000388,WH_008,436,114,02-03-2026 10:20
SKU_000389,WH_007,0,0,12-06-2026 21:37
SKU_000390,WH_008,891,236,03-06-2026 21:51
SKU_000391,WH_004,598,106,20-10-2026 03:52
SKU_000392,WH_005,2,0,09-06-2026 05:26
SKU_000393,WH_009,1,1,06-08-2026 02:55
SKU_000394,WH_004,862,143,10-01-2026 05:20
SKU_000395,WH_004,314,76,22-06-2026 13:29
SKU_000396,WH_006,5,1,28-04-2026 03:02
SKU_000397,WH_007,720,192,08-09-2026 19:02
SKU_000398,WH_008,302,16,03-05-2026 13:37
SKU_000399,WH_010,2,0,22-09-2026 21:59
SKU_000400,WH_002,746,177,11-12-2026 11:12
SKU_000401,WH_008,226,27,01-05-2026 16:11
SKU_000402,WH_010,624,70,19-04-2026 04:30
SKU_000403,WH_010,137,12,14-06-2026 02:27
SKU_000404,WH_010,168,15,24-07-2026 20:38
SKU_000405,WH_004,867,104,19-07-2026 22:26
SKU_000406,WH_010,2,0,22-01-2026 14:11
SKU_000407,WH_002,4,1,08-12-2026 20:01
SKU_000408,WH_003,638,79,20-05-2026 02:22
SKU_000409,WH_010,376,3,26-11-2026 00:20
SKU_000410,WH_004,32,0,17-10-2026 00:28
SKU_000411,WH_005,547,57,02-04-2026 18:33
SKU_000412,WH_003,4,0,10-01-2026 16:54
SKU_000413,WH_004,3,1,18-03-2026 19:04
SKU_000414,WH_003,903,94,01-04-2026 08:03
SKU_000415,WH_004,857,95,07-02-2026 06:58
SKU_000416,WH_003,263,50,01-02-2026 15:56
SKU_000417,WH_005,551,115,29-10-2026 22:37
SKU_000418,WH_008,814,65,24-05-2026 01:45
SKU_000419,WH_001,1,0,17-01-2026 23:51
SKU_000420,WH_002,255,69,11-03-2026 14:28
SKU_000421,WH_010,793,65,25-08-2026 09:26
SKU_000422,WH_006,0,0,25-12-2026 10:11
SKU_000423,WH_002,536,17,23-08-2026 10:05
SKU_000424,WH_009,898,177,21-05-2026 00:30
SKU_000425,WH_004,30,0,17-12-2026 07:43
SKU_000426,WH_006,0,0,27-04-2026 00:57
SKU_000427,WH_010,289,19,15-10-2026 08:34
SKU_000428,WH_008,559,117,06-12-2026 09:49
SKU_000429,WH_005,301,6,31-12-2026 16:49
SKU_000430,WH_010,134,9,25-11-2026 22:32
SKU_000431,WH_003,111,25,11-03-2026 12:46
SKU_000432,WH_007,0,0,02-04-2026 12:46
SKU_000433,WH_006,391,109,20-10-2026 06:37
SKU_000434,WH_004,5,0,06-11-2026 13:43
SKU_000435,WH_009,3,0,19-01-2026 19:32
SKU_000436,WH_009,721,192,24-11-2026 07:47
SKU_000437,WH_009,2,0,24-06-2026 23:19
SKU_000438,WH_009,411,77,29-11-2026 03:42
SKU_000439,WH_010,64,3,26-11-2026 14:56
SKU_000440,WH_007,70,21,11-05-2026 15:31
SKU_000441,WH_007,4,0,22-12-2026 11:11
SKU_000442,WH_005,300,7,06-04-2026 05:10
SKU_000443,WH_009,484,43,14-06-2026 23:13
SKU_000444,WH_005,692,79,22-08-2026 22:18
SKU_000445,WH_006,0,0,02-08-2026 05:42
SKU_000446,WH_009,49,3,24-12-2026 17:48
SKU_000447,WH_007,0,0,28-12-2026 20:46
SKU_000448,WH_002,871,19,25-08-2026 20:20
SKU_000449,WH_009,945,89,23-01-2026 16:53
SKU_000450,WH_003,248,29,29-11-2026 17:15
SKU_000451,WH_009,2,0,19-11-2026 23:44
SKU_000452,WH_007,142,15,03-06-2026 11:44
SKU_000453,WH_007,6,0,03-03-2026 12:43
SKU_000454,WH_002,945,64,06-01-2026 00:31
SKU_000455,WH_005,58,1,19-09-2026 09:48
SKU_000456,WH_010,608,41,16-09-2026 01:53
SKU_000457,WH_009,846,166,16-10-2026 01:44
SKU_000458,WH_002,1,1,23-07-2026 08:14
SKU_000459,WH_006,0,0,12-09-2026 20:04
SKU_000460,WH_007,140,12,01-09-2026 23:39
SKU_000461,WH_008,220,5,16-12-2026 11:05
SKU_000462,WH_003,256,25,21-02-2026 19:14
SKU_000463,WH_003,1,0,18-02-2026 05:24
SKU_000464,WH_010,5,0,05-09-2026 10:44
SKU_000465,WH_001,1,1,02-12-2026 05:14
SKU_000466,WH_009,517,86,20-04-2026 17:24
SKU_000467,WH_004,82,18,05-10-2026 12:18
SKU_000468,WH_001,5,0,16-12-2026 13:32
SKU_000469,WH_003,5,1,04-09-2026 18:46
SKU_000470,WH_009,442,39,30-05-2026 19:27
SKU_000471,WH_006,787,53,30-08-2026 12:13
SKU_000472,WH_007,240,5,18-11-2026 06:38
SKU_000473,WH_002,177,13,09-07-2026 08:22
SKU_000474,WH_004,3,0,11-07-2026 12:19
SKU_000475,WH_001,138,2,14-10-2026 08:03
SKU_000476,WH_006,566,58,17-02-2026 08:33
SKU_000477,WH_008,0,0,16-01-2026 06:29
SKU_000478,WH_009,796,21,06-07-2026 02:46
SKU_000479,WH_007,713,96,11-09-2026 07:31
SKU_000480,WH_002,245,13,14-10-2026 07:36
SKU_000481,WH_003,823,151,06-11-2026 16:21
SKU_000482,WH_010,709,77,23-09-2026 19:41
SKU_000483,WH_006,868,32,31-08-2026 10:35
SKU_000484,WH_008,480,127,12-01-2026 11:00
SKU_000485,WH_003,805,158,03-03-2026 10:09
SKU_000486,WH_008,0,0,27-09-2026 10:07
SKU_000487,WH_001,2,0,21-12-2026 11:24
SKU_000488,WH_008,4,0,11-10-2026 20:23
SKU_000489,WH_008,29,6,24-08-2026 20:03
SKU_000490,WH_006,0,0,09-07-2026 19:09
SKU_000491,WH_002,845,220,11-09-2026 04:31
SKU_000492,WH_002,514,33,10-01-2026 10:16
SKU_000493,WH_010,0,0,01-07-2026 03:25
SKU_000494,WH_010,26,4,09-12-2026 19:18
SKU_000495,WH_007,3,1,23-07-2026 12:03
SKU_000496,WH_006,571,85,16-08-2026 13:54
SKU_000497,WH_009,145,36,12-05-2026 08:46
SKU_000498,WH_001,274,80,01-11-2026 05:31
SKU_000499,WH_002,536,4,17-08-2026 04:24
SKU_000500,WH_008,3,1,19-02-2026 13:35
SKU_000501,WH_002,173,29,16-09-2026 03:36
SKU_000502,WH_010,5,0,30-10-2026 15:34
SKU_000503,WH_003,974,215,23-09-2026 18:04
SKU_000504,WH_002,449,128,06-04-2026 20:16
SKU_000505,WH_002,1,1,12-03-2026 17:02
SKU_000506,WH_006,4,0,14-10-2026 18:28
SKU_000507,WH_002,4,0,14-03-2026 01:52
SKU_000508,WH_006,101,10,09-08-2026 14:40
SKU_000509,WH_001,23,0,01-10-2026 18:09
SKU_000510,WH_009,983,214,11-03-2026 22:08
SKU_000511,WH_008,2,1,21-05-2026 06:11
SKU_000512,WH_010,857,210,02-12-2026 03:19
SKU_000513,WH_005,735,16,03-09-2026 07:56
SKU_000514,WH_001,761,135,26-11-2026 18:30
SKU_000515,WH_004,459,14,28-06-2026 05:05
SKU_000516,WH_002,285,57,31-07-2026 19:59
SKU_000517,WH_009,332,17,20-03-2026 08:42
SKU_000518,WH_003,269,54,28-07-2026 08:25
SKU_000519,WH_007,4,1,14-09-2026 01:59
SKU_000520,WH_004,0,0,02-03-2026 09:01
SKU_000521,WH_002,387,60,08-08-2026 07:38
SKU_000522,WH_006,22,1,09-07-2026 23:08
SKU_000523,WH_003,925,255,15-07-2026 23:34
SKU_000524,WH_003,175,36,15-11-2026 00:58
SKU_000525,WH_008,408,45,09-01-2026 19:39
SKU_000526,WH_009,5,0,21-08-2026 09:27
SKU_000527,WH_005,722,196,08-10-2026 15:58
SKU_000528,WH_006,613,126,06-03-2026 04:07
SKU_000529,WH_010,3,0,24-11-2026 19:09
SKU_000530,WH_004,4,1,23-07-2026 09:55
SKU_000531,WH_002,718,75,18-06-2026 01:34
SKU_000532,WH_009,5,0,13-05-2026 01:27
SKU_000533,WH_009,145,20,10-08-2026 23:55
SKU_000534,WH_002,557,35,19-07-2026 16:27
SKU_000535,WH_009,895,108,20-03-2026 20:55
SKU_000536,WH_001,955,265,24-01-2026 01:12
SKU_000537,WH_010,850,151,13-01-2026 16:33
SKU_000538,WH_005,807,152,07-03-2026 21:03
SKU_000539,WH_008,172,35,15-02-2026 12:22
SKU_000540,WH_002,807,186,19-05-2026 23:32
SKU_000541,WH_004,161,40,09-11-2026 14:25
SKU_000542,WH_003,401,76,04-03-2026 05:36
SKU_000543,WH_007,961,8,18-05-2026 17:35
SKU_000544,WH_007,683,122,24-02-2026 17:50
SKU_000545,WH_002,12,3,20-02-2026 16:45
SKU_000546,WH_004,1,0,19-06-2026 21:58
SKU_000547,WH_002,321,91,24-09-2026 08:37
SKU_000548,WH_005,303,76,27-11-2026 11:10
SKU_000549,WH_004,653,63,10-03-2026 13:05
SKU_000550,WH_007,392,30,29-06-2026 19:48
SKU_000551,WH_003,0,0,19-04-2026 04:07
SKU_000552,WH_007,414,13,11-11-2026 20:02
SKU_000553,WH_010,891,6,13-06-2026 16:08
SKU_000554,WH_007,2,1,05-01-2026 19:26
SKU_000555,WH_008,844,174,09-04-2026 16:59
SKU_000556,WH_010,282,31,21-11-2026 23:43
SKU_000557,WH_005,0,0,11-10-2026 15:41
SKU_000558,WH_006,40,10,21-08-2026 22:36
SKU_000559,WH_005,446,48,28-03-2026 08:53
SKU_000560,WH_001,12,1,31-12-2026 18:40
SKU_000561,WH_006,2,1,08-03-2026 01:48
SKU_000562,WH_010,877,74,03-07-2026 22:32
SKU_000563,WH_005,850,133,09-05-2026 19:09
SKU_000564,WH_003,831,232,19-08-2026 16:12
SKU_000565,WH_005,176,40,14-12-2026 02:00
SKU_000566,WH_003,301,58,11-11-2026 18:39
SKU_000567,WH_007,161,14,04-04-2026 06:25
SKU_000568,WH_001,0,0,16-03-2026 16:08
SKU_000569,WH_007,371,91,24-05-2026 09:06
SKU_000570,WH_008,12,0,22-03-2026 00:06
SKU_000571,WH_004,4,1,30-09-2026 17:49
SKU_000572,WH_009,663,150,02-06-2026 13:45
SKU_000573,WH_006,125,2,17-07-2026 15:54
SKU_000574,WH_007,904,6,24-11-2026 06:58
SKU_000575,WH_010,185,7,25-03-2026 07:00
SKU_000576,WH_002,745,18,24-08-2026 14:53
SKU_000577,WH_004,0,0,18-12-2026 03:00
SKU_000578,WH_003,832,214,03-08-2026 20:47
SKU_000579,WH_009,1,0,29-03-2026 23:41
SKU_000580,WH_001,1,0,02-01-2026 16:06
SKU_000581,WH_008,308,16,28-01-2026 06:12
SKU_000582,WH_009,0,0,15-02-2026 08:57
SKU_000583,WH_005,213,53,12-08-2026 03:24
SKU_000584,WH_001,412,81,14-12-2026 06:20
SKU_000585,WH_003,139,33,19-05-2026 02:59
SKU_000586,WH_004,724,194,23-09-2026 11:29
SKU_000587,WH_008,898,139,23-03-2026 11:34
SKU_000588,WH_003,732,186,29-01-2026 00:46
SKU_000589,WH_009,0,0,20-11-2026 23:08
SKU_000590,WH_007,1,0,22-11-2026 19:08
SKU_000591,WH_007,265,64,10-06-2026 18:30
SKU_000592,WH_004,938,221,27-10-2026 23:53
SKU_000593,WH_008,528,127,24-06-2026 19:37
SKU_000594,WH_008,226,44,09-05-2026 11:48
SKU_000595,WH_010,409,0,20-03-2026 02:36
SKU_000596,WH_005,3,1,01-01-2026 04:23
SKU_000597,WH_010,689,57,30-11-2026 14:53
SKU_000598,WH_008,508,38,16-08-2026 09:39
SKU_000599,WH_004,531,116,22-05-2026 15:50
SKU_000600,WH_001,0,0,05-11-2026 03:23
SKU_000601,WH_005,946,226,23-10-2026 16:18
SKU_000602,WH_010,617,110,08-07-2026 12:24
SKU_000603,WH_006,0,0,18-12-2026 18:40
SKU_000604,WH_005,648,69,02-04-2026 17:41
SKU_000605,WH_005,836,46,30-09-2026 23:12
SKU_000606,WH_001,7,2,10-07-2026 09:19
SKU_000607,WH_005,934,194,19-08-2026 00:13
SKU_000608,WH_008,575,25,16-05-2026 20:49
SKU_000609,WH_006,0,0,18-01-2026 14:03
SKU_000610,WH_003,594,123,20-01-2026 07:13
SKU_000611,WH_003,591,120,19-06-2026 02:36
SKU_000612,WH_001,0,0,06-11-2026 05:45
SKU_000613,WH_004,259,48,23-09-2026 12:09
SKU_000614,WH_001,0,0,18-11-2026 19:51
SKU_000615,WH_001,320,56,17-09-2026 18:23
SKU_000616,WH_009,0,0,30-04-2026 17:47
SKU_000617,WH_004,729,57,02-06-2026 16:21
SKU_000618,WH_006,257,71,01-07-2026 05:28
SKU_000619,WH_008,0,0,27-12-2026 02:36
SKU_000620,WH_004,875,165,11-10-2026 03:25
SKU_000621,WH_005,216,22,11-07-2026 16:33
SKU_000622,WH_005,792,194,25-10-2026 07:14
SKU_000623,WH_010,267,75,29-07-2026 07:43
SKU_000624,WH_003,819,227,05-08-2026 18:11
SKU_000625,WH_005,436,96,18-10-2026 20:08
SKU_000626,WH_002,0,0,16-11-2026 03:05
SKU_000627,WH_007,397,91,31-12-2026 15:32
SKU_000628,WH_009,5,1,14-10-2026 01:11
SKU_000629,WH_004,270,31,11-08-2026 07:21
SKU_000630,WH_006,774,141,22-09-2026 16:52
SKU_000631,WH_003,726,55,01-01-2026 19:20
SKU_000632,WH_004,233,9,12-10-2026 22:41
SKU_000633,WH_009,768,112,24-08-2026 21:52
SKU_000634,WH_001,759,151,02-02-2026 09:08
SKU_000635,WH_004,868,7,23-11-2026 05:17
SKU_000636,WH_006,501,55,17-06-2026 07:34
SKU_000637,WH_008,475,57,16-02-2026 02:50
SKU_000638,WH_010,39,11,23-08-2026 08:54
SKU_000639,WH_008,367,79,17-03-2026 22:38
SKU_000640,WH_007,288,0,07-06-2026 21:15
SKU_000641,WH_001,638,151,17-01-2026 09:49
SKU_000642,WH_004,850,158,30-12-2026 11:49
SKU_000643,WH_010,4,1,02-04-2026 04:07
SKU_000644,WH_010,904,109,14-04-2026 05:23
SKU_000645,WH_003,682,194,14-12-2026 13:41
SKU_000646,WH_004,819,94,02-10-2026 03:02
SKU_000647,WH_004,817,40,13-09-2026 11:03
SKU_000648,WH_006,636,171,27-03-2026 06:40
SKU_000649,WH_002,232,64,22-03-2026 13:42
SKU_000650,WH_004,409,51,10-06-2026 12:07
SKU_000651,WH_006,5,0,22-08-2026 21:10
SKU_000652,WH_001,355,41,29-04-2026 03:49
SKU_000653,WH_005,0,0,03-08-2026 18:46
SKU_000654,WH_004,865,18,14-01-2026 07:56
SKU_000655,WH_008,250,50,23-08-2026 22:03
SKU_000656,WH_003,840,114,21-05-2026 16:29
SKU_000657,WH_001,826,200,03-02-2026 06:49
SKU_000658,WH_009,164,35,14-06-2026 13:43
SKU_000659,WH_004,0,0,22-12-2026 07:14
SKU_000660,WH_005,3,1,21-10-2026 13:02
SKU_000661,WH_004,944,109,05-03-2026 21:41
SKU_000662,WH_008,5,0,06-07-2026 03:32
SKU_000663,WH_005,0,0,15-04-2026 16:28
SKU_000664,WH_007,952,35,03-11-2026 13:54
SKU_000665,WH_001,855,103,04-03-2026 00:37
SKU_000666,WH_003,2,0,19-09-2026 15:58
SKU_000667,WH_009,955,119,22-08-2026 21:01
SKU_000668,WH_001,0,0,17-02-2026 11:26
SKU_000669,WH_002,285,24,13-01-2026 09:00
SKU_000670,WH_009,357,39,31-07-2026 04:49
SKU_000671,WH_006,4,0,17-05-2026 02:27
SKU_000672,WH_008,296,32,07-05-2026 01:32
SKU_000673,WH_003,3,0,04-10-2026 07:04
SKU_000674,WH_005,0,0,02-07-2026 04:56
SKU_000675,WH_003,665,151,23-05-2026 11:46
SKU_000676,WH_007,468,42,17-09-2026 10:43
SKU_000677,WH_008,416,18,16-09-2026 12:48
SKU_000678,WH_001,198,59,31-07-2026 13:56
SKU_000679,WH_005,619,14,24-03-2026 18:20
SKU_000680,WH_006,741,120,08-12-2026 22:35
SKU_000681,WH_008,1,1,03-12-2026 11:54
SKU_000682,WH_003,563,89,11-06-2026 10:00
SKU_000683,WH_005,356,45,07-07-2026 12:10
SKU_000684,WH_007,597,157,11-12-2026 00:51
SKU_000685,WH_005,879,45,04-06-2026 05:03
SKU_000686,WH_010,0,0,09-06-2026 23:47
SKU_000687,WH_010,661,80,30-10-2026 11:16
SKU_000688,WH_001,5,1,28-12-2026 13:55
SKU_000689,WH_002,0,0,11-05-2026 06:48
SKU_000690,WH_006,726,71,05-06-2026 00:53
SKU_000691,WH_001,459,87,14-09-2026 00:14
SKU_000692,WH_007,5,1,16-01-2026 04:41
SKU_000693,WH_003,0,0,18-07-2026 12:48
SKU_000694,WH_003,342,88,01-09-2026 10:05
SKU_000695,WH_006,1,0,09-01-2026 13:37
SKU_000696,WH_002,4,0,16-02-2026 10:03
SKU_000697,WH_008,1,1,25-08-2026 01:45
SKU_000698,WH_010,65,13,04-10-2026 12:30
SKU_000699,WH_002,663,34,17-04-2026 13:39
SKU_000700,WH_004,603,159,28-10-2026 08:05
SKU_000701,WH_001,465,90,28-10-2026 22:14
SKU_000702,WH_001,4,0,28-11-2026 19:23
SKU_000703,WH_004,150,17,14-01-2026 11:04
SKU_000704,WH_001,724,120,01-09-2026 08:50
SKU_000705,WH_001,153,10,20-01-2026 15:51
SKU_000706,WH_009,4,1,22-04-2026 18:32
SKU_000707,WH_001,4,0,03-03-2026 05:53
SKU_000708,WH_008,0,0,18-01-2026 03:42
SKU_000709,WH_007,717,73,14-05-2026 18:44
SKU_000710,WH_008,1,1,07-06-2026 19:52
SKU_000711,WH_002,701,128,29-03-2026 04:27
SKU_000712,WH_003,569,119,04-05-2026 18:46
SKU_000713,WH_009,862,27,22-10-2026 11:55
SKU_000714,WH_005,456,7,15-07-2026 09:35
SKU_000715,WH_008,166,19,09-03-2026 00:12
SKU_000716,WH_008,0,0,14-04-2026 04:14
SKU_000717,WH_009,549,152,31-01-2026 18:17
SKU_000718,WH_010,819,127,01-08-2026 05:23
SKU_000719,WH_010,465,69,20-02-2026 02:55
SKU_000720,WH_010,3,1,10-03-2026 19:07
SKU_000721,WH_001,0,0,09-06-2026 03:06
SKU_000722,WH_006,4,0,10-04-2026 04:25
SKU_000723,WH_008,0,0,12-07-2026 14:02
SKU_000724,WH_008,0,0,12-01-2026 18:34
SKU_000725,WH_002,281,73,05-12-2026 18:17
SKU_000726,WH_003,417,95,25-12-2026 10:43
SKU_000727,WH_009,945,1,13-04-2026 10:26
SKU_000728,WH_004,0,0,28-06-2026 14:42
SKU_000729,WH_009,756,161,29-01-2026 15:52
SKU_000730,WH_005,2,1,04-02-2026 08:53
SKU_000731,WH_004,499,32,16-07-2026 12:54
SKU_000732,WH_009,864,99,02-07-2026 20:28
SKU_000733,WH_009,749,120,16-08-2026 16:50
SKU_000734,WH_003,572,51,28-10-2026 10:50
SKU_000735,WH_009,162,24,27-08-2026 17:05
SKU_000736,WH_008,4,0,17-10-2026 05:41
SKU_000737,WH_005,997,9,02-05-2026 19:40
SKU_000738,WH_003,655,166,15-03-2026 14:08
SKU_000739,WH_007,478,39,24-02-2026 08:48
SKU_000740,WH_007,286,19,27-05-2026 06:17
SKU_000741,WH_006,548,126,27-11-2026 20:24
SKU_000742,WH_006,266,13,09-05-2026 03:52
SKU_000743,WH_001,567,41,13-12-2026 17:58
SKU_000744,WH_007,101,15,14-05-2026 19:42
SKU_000745,WH_001,853,86,11-08-2026 04:10
SKU_000746,WH_004,178,30,28-12-2026 08:51
SKU_000747,WH_003,3,1,14-06-2026 02:32
SKU_000748,WH_004,529,149,09-04-2026 20:25
SKU_000749,WH_001,3,1,11-12-2026 15:20
SKU_000750,WH_002,104,11,01-11-2026 07:00
SKU_000751,WH_005,57,9,26-04-2026 04:28
SKU_000752,WH_001,942,79,01-07-2026 19:30
SKU_000753,WH_006,930,269,03-11-2026 20:34
SKU_000754,WH_002,1,0,22-04-2026 09:56
SKU_000755,WH_002,504,122,03-08-2026 05:46
SKU_000756,WH_001,699,151,19-04-2026 23:38
SKU_000757,WH_004,650,139,18-03-2026 00:30
SKU_000758,WH_003,213,46,13-11-2026 05:40
SKU_000759,WH_007,535,8,30-05-2026 13:30
SKU_000760,WH_003,1,0,26-06-2026 01:28
SKU_000761,WH_006,99,9,20-07-2026 23:20
SKU_000762,WH_005,994,225,27-07-2026 06:13
SKU_000763,WH_009,449,89,18-02-2026 19:06
SKU_000764,WH_001,695,23,05-09-2026 09:08
SKU_000765,WH_002,393,26,05-10-2026 01:27
SKU_000766,WH_007,311,65,16-04-2026 01:02
SKU_000767,WH_005,480,60,18-01-2026 10:19
SKU_000768,WH_004,3,1,06-08-2026 01:24
SKU_000769,WH_008,416,94,11-09-2026 12:53
SKU_000770,WH_010,209,59,01-07-2026 00:59
SKU_000771,WH_009,0,0,06-01-2026 08:59
SKU_000772,WH_002,66,16,01-10-2026 21:22
SKU_000773,WH_009,116,12,10-07-2026 10:21
SKU_000774,WH_006,339,71,28-12-2026 10:57
SKU_000775,WH_010,27,6,28-01-2026 13:08
SKU_000776,WH_003,3,0,31-12-2026 15:58
SKU_000777,WH_008,451,4,24-12-2026 17:51
SKU_000778,WH_003,650,127,28-11-2026 12:02
SKU_000779,WH_004,722,143,14-04-2026 09:47
SKU_000780,WH_010,516,20,29-10-2026 23:53
SKU_000781,WH_002,481,21,20-08-2026 18:56
SKU_000782,WH_003,404,10,17-03-2026 13:26
SKU_000783,WH_008,0,0,26-06-2026 23:16
SKU_000784,WH_007,118,3,12-06-2026 05:11
SKU_000785,WH_006,665,132,10-05-2026 20:03
SKU_000786,WH_004,4,0,14-10-2026 02:47
SKU_000787,WH_003,179,1,02-03-2026 11:58
SKU_000788,WH_004,951,119,11-12-2026 16:13
SKU_000789,WH_006,85,25,01-06-2026 04:28
SKU_000790,WH_010,350,98,02-09-2026 18:02
SKU_000791,WH_004,0,0,25-11-2026 08:06
SKU_000792,WH_005,5,1,22-07-2026 04:38
SKU_000793,WH_001,598,13,01-06-2026 14:17
SKU_000794,WH_004,606,147,21-09-2026 01:37
SKU_000795,WH_003,295,56,20-10-2026 00:45
SKU_000796,WH_005,440,18,11-01-2026 09:33
SKU_000797,WH_006,185,51,08-08-2026 19:03
SKU_000798,WH_005,359,43,16-03-2026 23:28
SKU_000799,WH_007,725,18,27-07-2026 18:21
SKU_000800,WH_003,0,0,11-12-2026 16:51
SKU_000801,WH_005,612,9,20-12-2026 22:01
SKU_000802,WH_004,66,7,03-01-2026 10:46
SKU_000803,WH_008,5,1,05-06-2026 01:38
SKU_000804,WH_007,287,14,08-08-2026 02:54
SKU_000805,WH_004,0,0,29-04-2026 15:53
SKU_000806,WH_010,641,28,18-01-2026 11:21
SKU_000807,WH_001,0,0,06-05-2026 07:04
SKU_000808,WH_010,0,0,01-03-2026 04:41
SKU_000809,WH_009,0,0,21-06-2026 20:17
SKU_000810,WH_010,678,129,05-03-2026 19:15
SKU_000811,WH_010,316,37,12-06-2026 08:04
SKU_000812,WH_010,355,74,18-08-2026 04:18
SKU_000813,WH_003,3,1,09-04-2026 10:05
SKU_000814,WH_007,603,178,07-11-2026 00:26
SKU_000815,WH_001,918,103,08-09-2026 01:43
SKU_000816,WH_001,0,0,17-06-2026 21:53
SKU_000817,WH_002,320,54,11-12-2026 18:22
SKU_000818,WH_002,867,57,03-06-2026 13:07
SKU_000819,WH_007,965,202,24-09-2026 03:15
SKU_000820,WH_003,0,0,02-06-2026 19:40
SKU_000821,WH_007,350,101,12-05-2026 15:43
SKU_000822,WH_004,0,0,25-05-2026 02:51
SKU_000823,WH_002,0,0,05-08-2026 20:10
SKU_000824,WH_009,624,59,20-05-2026 16:30
SKU_000825,WH_010,5,0,28-10-2026 22:01
SKU_000826,WH_004,560,160,25-06-2026 12:14
SKU_000827,WH_003,160,2,22-09-2026 18:57
SKU_000828,WH_003,350,17,11-12-2026 00:19
SKU_000829,WH_003,948,59,27-02-2026 14:30
SKU_000830,WH_008,5,1,02-09-2026 15:33
SKU_000831,WH_002,4,0,19-07-2026 10:53
SKU_000832,WH_003,4,1,21-03-2026 03:24
SKU_000833,WH_005,724,182,19-02-2026 08:27
SKU_000834,WH_008,470,91,28-03-2026 06:50
SKU_000835,WH_005,0,0,20-11-2026 03:06
SKU_000836,WH_003,711,205,25-07-2026 15:56
SKU_000837,WH_001,4,0,10-01-2026 19:41
SKU_000838,WH_001,56,4,04-07-2026 11:29
SKU_000839,WH_006,1,0,27-06-2026 15:00
SKU_000840,WH_007,696,194,13-06-2026 21:54
SKU_000841,WH_007,291,2,22-10-2026 18:14
SKU_000842,WH_002,528,129,31-03-2026 08:27
SKU_000843,WH_004,783,218,30-01-2026 00:23
SKU_000844,WH_006,311,22,01-10-2026 15:01
SKU_000845,WH_001,77,18,22-07-2026 15:12
SKU_000846,WH_007,499,137,29-01-2026 04:20
SKU_000847,WH_002,625,35,17-08-2026 11:09
SKU_000848,WH_003,462,17,11-08-2026 16:07
SKU_000849,WH_010,0,0,11-11-2026 00:20
SKU_000850,WH_010,187,37,26-08-2026 15:36
SKU_000851,WH_005,0,0,26-08-2026 18:16
SKU_000852,WH_002,2,0,24-12-2026 08:56
SKU_000853,WH_008,913,58,13-09-2026 18:36
SKU_000854,WH_005,826,57,05-02-2026 21:00
SKU_000855,WH_010,957,235,23-06-2026 01:40
SKU_000856,WH_005,238,68,01-09-2026 06:11
SKU_000857,WH_006,532,86,21-08-2026 01:13
SKU_000858,WH_005,2,1,10-02-2026 14:51
SKU_000859,WH_007,878,22,15-05-2026 04:51
SKU_000860,WH_001,2,0,16-02-2026 18:54
SKU_000861,WH_005,458,97,07-10-2026 13:32
SKU_000862,WH_005,2,1,17-01-2026 22:15
SKU_000863,WH_001,612,28,09-02-2026 18:12
SKU_000864,WH_009,2,1,21-04-2026 04:16
SKU_000865,WH_007,731,87,09-10-2026 19:09
SKU_000866,WH_002,3,0,12-09-2026 19:23
SKU_000867,WH_008,421,41,09-06-2026 22:26
SKU_000868,WH_006,130,28,01-01-2026 00:32
SKU_000869,WH_005,2,1,16-03-2026 16:19
SKU_000870,WH_009,797,116,15-03-2026 15:30
SKU_000871,WH_008,2,0,18-10-2026 01:19
SKU_000872,WH_009,815,127,21-08-2026 16:38
SKU_000873,WH_008,42,12,21-02-2026 21:26
SKU_000874,WH_006,534,38,21-04-2026 10:41
SKU_000875,WH_006,475,93,04-05-2026 14:34
SKU_000876,WH_004,446,125,08-03-2026 13:15
SKU_000877,WH_001,373,49,08-02-2026 13:23
SKU_000878,WH_010,845,102,23-08-2026 03:24
SKU_000879,WH_001,813,66,13-05-2026 00:00
SKU_000880,WH_003,0,0,04-09-2026 20:11
SKU_000881,WH_006,424,111,25-07-2026 11:53
SKU_000882,WH_008,590,131,06-06-2026 08:37
SKU_000883,WH_006,813,28,18-10-2026 13:14
SKU_000884,WH_004,138,2,08-05-2026 14:10
SKU_000885,WH_006,352,7,15-01-2026 21:14
SKU_000886,WH_007,178,20,23-10-2026 16:50
SKU_000887,WH_001,182,52,16-05-2026 18:37
SKU_000888,WH_010,412,80,30-04-2026 12:56
SKU_000889,WH_005,490,25,13-10-2026 21:38
SKU_000890,WH_005,3,0,23-12-2026 22:03
SKU_000891,WH_001,961,46,01-06-2026 14:02
SKU_000892,WH_001,834,66,16-03-2026 07:40
SKU_000893,WH_001,585,157,30-08-2026 08:31
SKU_000894,WH_002,4,1,08-05-2026 21:35
SKU_000895,WH_009,293,2,24-09-2026 22:25
SKU_000896,WH_005,316,32,02-06-2026 23:55
SKU_000897,WH_005,167,10,22-08-2026 17:06
SKU_000898,WH_004,773,158,01-02-2026 23:42
SKU_000899,WH_008,1,0,31-05-2026 17:35
SKU_000900,WH_006,73,20,25-09-2026 20:18
SKU_000901,WH_001,654,151,29-04-2026 01:28
SKU_000902,WH_010,643,125,23-05-2026 16:09
SKU_000903,WH_002,134,13,29-04-2026 11:09
SKU_000904,WH_001,978,155,26-10-2026 15:16
SKU_000905,WH_009,116,18,27-05-2026 02:19
SKU_000906,WH_002,4,0,08-07-2026 01:37
SKU_000907,WH_006,0,0,27-01-2026 08:03
SKU_000908,WH_002,957,151,15-01-2026 06:35
SKU_000909,WH_006,626,13,11-04-2026 02:27
SKU_000910,WH_008,718,135,04-01-2026 11:22
SKU_000911,WH_003,535,107,01-04-2026 06:34
SKU_000912,WH_003,305,51,09-03-2026 21:48
SKU_000913,WH_001,210,21,14-04-2026 05:24
SKU_000914,WH_005,386,79,17-11-2026 09:02
SKU_000915,WH_007,402,55,18-09-2026 12:12
SKU_000916,WH_006,3,0,05-01-2026 00:56
SKU_000917,WH_009,3,0,26-07-2026 09:07
SKU_000918,WH_008,954,29,19-05-2026 15:19
SKU_000919,WH_009,994,195,22-07-2026 00:19
SKU_000920,WH_010,0,0,20-01-2026 15:10
SKU_000921,WH_007,364,66,17-11-2026 09:49
SKU_000922,WH_009,618,73,22-09-2026 14:29
SKU_000923,WH_005,0,0,04-09-2026 05:09
SKU_000924,WH_001,756,175,09-03-2026 04:01
SKU_000925,WH_009,124,4,19-08-2026 22:53
SKU_000926,WH_008,5,1,01-05-2026 13:20
SKU_000927,WH_002,444,102,11-02-2026 06:57
SKU_000928,WH_009,5,0,06-12-2026 18:12
SKU_000929,WH_002,946,21,30-06-2026 18:13
SKU_000930,WH_001,293,68,17-04-2026 06:05
SKU_000931,WH_010,865,9,17-12-2026 12:18
SKU_000932,WH_001,4,0,14-02-2026 15:00
SKU_000933,WH_004,2,1,29-12-2026 13:57
SKU_000934,WH_008,3,0,08-09-2026 02:21
SKU_000935,WH_008,283,5,12-09-2026 17:04
SKU_000936,WH_003,641,24,05-02-2026 19:42
SKU_000937,WH_001,462,115,06-02-2026 21:51
SKU_000938,WH_010,0,0,10-08-2026 09:52
SKU_000939,WH_008,348,56,15-12-2026 14:46
SKU_000940,WH_008,134,26,12-08-2026 04:46
SKU_000941,WH_006,596,55,11-07-2026 10:49
SKU_000942,WH_006,437,46,19-10-2026 07:03
SKU_000943,WH_009,763,101,07-06-2026 08:00
SKU_000944,WH_001,736,204,08-09-2026 20:02
SKU_000945,WH_006,984,223,09-03-2026 15:30
SKU_000946,WH_008,642,129,16-09-2026 06:01
SKU_000947,WH_008,977,285,08-11-2026 21:41
SKU_000948,WH_005,2,1,18-07-2026 15:30
SKU_000949,WH_010,73,5,29-11-2026 01:15
SKU_000950,WH_004,0,0,12-06-2026 17:15
SKU_000951,WH_005,232,31,31-05-2026 17:42
SKU_000952,WH_010,902,115,14-06-2026 06:44
SKU_000953,WH_010,481,111,31-01-2026 14:26
SKU_000954,WH_005,145,3,20-03-2026 16:38
SKU_000955,WH_003,360,54,23-12-2026 19:27
SKU_000956,WH_003,514,17,04-04-2026 00:11
SKU_000957,WH_004,732,145,23-12-2026 02:55
SKU_000958,WH_003,852,48,14-12-2026 06:08
SKU_000959,WH_008,4,1,22-03-2026 17:48
SKU_000960,WH_008,413,11,16-09-2026 19:25
SKU_000961,WH_002,985,155,13-10-2026 12:07
SKU_000962,WH_004,539,51,30-03-2026 19:41
SKU_000963,WH_007,410,113,01-02-2026 01:09
SKU_000964,WH_008,171,50,27-11-2026 04:29
SKU_000965,WH_005,479,90,05-08-2026 07:25
SKU_000966,WH_003,244,42,31-07-2026 00:43
SKU_000967,WH_005,37,10,07-01-2026 06:35
SKU_000968,WH_007,53,15,26-07-2026 02:58
SKU_000969,WH_002,1,1,20-05-2026 12:43
SKU_000970,WH_007,719,104,26-04-2026 23:18
SKU_000971,WH_002,761,175,14-02-2026 06:29
SKU_000972,WH_009,1,1,25-05-2026 12:13
SKU_000973,WH_002,1,0,01-03-2026 02:42
SKU_000974,WH_003,375,59,22-05-2026 09:21
SKU_000975,WH_007,278,76,23-06-2026 01:04
SKU_000976,WH_010,744,35,01-03-2026 20:26
SKU_000977,WH_001,0,0,19-03-2026 17:33
SKU_000978,WH_003,630,29,15-04-2026 16:48
SKU_000979,WH_006,914,122,17-05-2026 15:55
SKU_000980,WH_008,811,152,12-02-2026 08:45
SKU_000981,WH_004,722,93,02-09-2026 17:43
SKU_000982,WH_008,241,14,15-06-2026 20:05
SKU_000983,WH_001,0,0,07-02-2026 07:51
SKU_000984,WH_007,530,46,17-12-2026 09:23
SKU_000985,WH_008,117,20,06-09-2026 18:11
SKU_000986,WH_010,891,258,02-08-2026 10:24
SKU_000987,WH_009,532,156,27-11-2026 19:43
SKU_000988,WH_004,78,19,18-05-2026 10:01
SKU_000989,WH_005,3,1,24-07-2026 13:45
SKU_000990,WH_001,2,1,15-06-2026 23:57
SKU_000991,WH_005,642,123,04-04-2026 08:27
SKU_000992,WH_004,372,104,05-09-2026 13:41
SKU_000993,WH_007,3,0,04-05-2026 02:10
SKU_000994,WH_007,0,0,03-07-2026 06:09
SKU_000995,WH_001,436,95,19-04-2026 01:25
SKU_000996,WH_002,926,26,28-07-2026 14:43
SKU_000997,WH_001,0,0,12-12-2026 21:19
SKU_000998,WH_002,462,80,11-11-2026 16:07
SKU_000999,WH_010,5,1,26-04-2026 08:30
SKU_001000,WH_008,968,191,07-05-2026 22:55
SKU_001001,WH_002,2,0,07-07-2026 06:51
SKU_001002,WH_007,142,15,27-01-2026 04:39
SKU_001003,WH_008,0,0,20-01-2026 09:02
SKU_001004,WH_008,688,105,13-02-2026 19:08
SKU_001005,WH_001,0,0,06-08-2026 10:14
SKU_001006,WH_002,433,9,30-03-2026 20:38
SKU_001007,WH_008,670,21,22-08-2026 10:32
SKU_001008,WH_009,299,61,16-08-2026 08:41
SKU_001009,WH_006,0,0,19-05-2026 20:40
SKU_001010,WH_005,629,149,28-09-2026 11:33
SKU_001011,WH_003,247,54,14-08-2026 20:48
SKU_001012,WH_008,802,226,20-09-2026 16:14
SKU_001013,WH_001,0,0,28-05-2026 01:20
SKU_001014,WH_001,366,95,14-11-2026 23:01
SKU_001015,WH_010,81,11,24-11-2026 12:11
SKU_001016,WH_009,293,28,13-10-2026 22:45
SKU_001017,WH_010,3,0,09-12-2026 13:41
SKU_001018,WH_004,642,137,13-03-2026 23:46
SKU_001019,WH_005,902,267,17-07-2026 23:07
SKU_001020,WH_007,751,77,23-09-2026 02:22
SKU_001021,WH_001,861,25,11-01-2026 01:19
SKU_001022,WH_009,4,1,23-03-2026 06:48
SKU_001023,WH_008,369,98,20-12-2026 20:53
SKU_001024,WH_004,4,1,23-09-2026 17:02
SKU_001025,WH_001,100,22,03-04-2026 17:12
SKU_001026,WH_008,397,118,22-08-2026 13:32
SKU_001027,WH_001,3,1,10-04-2026 16:02
SKU_001028,WH_001,2,0,08-02-2026 16:46
SKU_001029,WH_005,511,5,09-12-2026 23:50
SKU_001030,WH_010,933,225,22-03-2026 14:55
SKU_001031,WH_008,555,126,19-02-2026 04:03
SKU_001032,WH_004,244,10,21-03-2026 05:41
SKU_001033,WH_001,634,168,30-05-2026 02:56
SKU_001034,WH_003,86,9,22-04-2026 15:33
SKU_001035,WH_008,306,58,08-08-2026 21:13
SKU_001036,WH_006,260,43,06-12-2026 08:55
SKU_001037,WH_001,405,94,19-06-2026 00:16
SKU_001038,WH_008,0,0,30-03-2026 07:34
SKU_001039,WH_001,250,68,21-04-2026 13:19
SKU_001040,WH_006,496,72,06-03-2026 12:32
SKU_001041,WH_002,504,9,22-04-2026 07:14
SKU_001042,WH_005,239,65,21-02-2026 06:13
SKU_001043,WH_001,3,1,18-11-2026 12:30
SKU_001044,WH_009,1,0,09-07-2026 09:34
SKU_001045,WH_001,2,0,05-08-2026 12:17
SKU_001046,WH_006,664,107,28-10-2026 21:15
SKU_001047,WH_005,484,143,21-02-2026 18:24
SKU_001048,WH_001,197,38,07-05-2026 07:03
SKU_001049,WH_010,1,0,18-11-2026 03:11
SKU_001050,WH_003,199,5,27-04-2026 13:23
SKU_001051,WH_001,407,105,12-10-2026 09:07
SKU_001052,WH_010,3,0,15-03-2026 08:56
SKU_001053,WH_004,91,21,03-07-2026 03:48
SKU_001054,WH_001,54,6,15-07-2026 12:28
SKU_001055,WH_010,0,0,04-09-2026 14:03
SKU_001056,WH_003,629,57,15-02-2026 09:50
SKU_001057,WH_009,0,0,30-05-2026 11:41
SKU_001058,WH_003,429,84,19-12-2026 04:14
SKU_001059,WH_007,0,0,27-01-2026 10:19
SKU_001060,WH_004,862,75,13-02-2026 16:04
SKU_001061,WH_010,93,10,09-04-2026 11:02
SKU_001062,WH_005,979,291,06-01-2026 07:19
SKU_001063,WH_009,72,10,29-07-2026 00:28
SKU_001064,WH_008,120,33,28-12-2026 17:16
SKU_001065,WH_009,856,219,03-11-2026 18:31
SKU_001066,WH_010,888,237,25-10-2026 10:46
SKU_001067,WH_003,75,11,01-04-2026 21:55
SKU_001068,WH_001,268,68,09-11-2026 02:07
SKU_001069,WH_005,730,204,25-04-2026 18:06
SKU_001070,WH_001,5,1,04-06-2026 00:03
SKU_001071,WH_005,603,9,21-04-2026 01:14
SKU_001072,WH_010,2,0,29-10-2026 18:28
SKU_001073,WH_007,724,65,14-04-2026 19:32
SKU_001074,WH_003,735,188,31-07-2026 05:49
SKU_001075,WH_005,5,0,24-09-2026 06:43
SKU_001076,WH_002,762,83,17-06-2026 03:55
SKU_001077,WH_001,737,142,05-09-2026 14:12
SKU_001078,WH_001,2,1,11-02-2026 22:26
SKU_001079,WH_002,440,99,11-12-2026 05:43
SKU_001080,WH_010,2,1,14-05-2026 09:38
SKU_001081,WH_010,611,15,06-07-2026 18:40
SKU_001082,WH_003,156,46,10-11-2026 22:19
SKU_001083,WH_006,552,121,23-12-2026 05:31
SKU_001084,WH_008,15,0,28-12-2026 00:46
SKU_001085,WH_006,0,0,25-04-2026 12:48
SKU_001086,WH_006,106,4,11-11-2026 20:52
SKU_001087,WH_008,213,14,11-01-2026 11:28
SKU_001088,WH_009,1,1,29-04-2026 14:21
SKU_001089,WH_006,573,26,01-09-2026 00:40
SKU_001090,WH_010,430,17,11-03-2026 17:49
SKU_001091,WH_009,740,130,13-07-2026 05:48
SKU_001092,WH_005,732,28,30-01-2026 02:23
SKU_001093,WH_003,308,55,07-07-2026 03:35
SKU_001094,WH_003,230,33,06-02-2026 18:08
SKU_001095,WH_010,712,78,09-07-2026 22:16
SKU_001096,WH_002,589,130,12-10-2026 21:18
SKU_001097,WH_005,753,15,27-03-2026 23:43
SKU_001098,WH_008,643,88,10-08-2026 21:34
SKU_001099,WH_004,454,118,01-10-2026 13:46
SKU_001100,WH_005,3,1,19-05-2026 15:08
SKU_001101,WH_006,72,17,14-07-2026 20:38
SKU_001102,WH_002,251,48,06-11-2026 15:56
SKU_001103,WH_009,5,0,12-10-2026 13:04
SKU_001104,WH_008,137,35,03-03-2026 22:16
SKU_001105,WH_001,216,59,14-10-2026 19:14
SKU_001106,WH_010,610,163,10-09-2026 05:44
SKU_001107,WH_007,3,1,03-07-2026 10:52
SKU_001108,WH_010,260,22,24-10-2026 08:50
SKU_001109,WH_005,297,72,09-07-2026 22:19
SKU_001110,WH_010,420,12,27-03-2026 02:24
SKU_001111,WH_001,350,32,08-01-2026 08:21
SKU_001112,WH_004,190,36,09-12-2026 15:36
SKU_001113,WH_009,784,36,09-01-2026 05:19
SKU_001114,WH_005,266,13,27-06-2026 12:56
SKU_001115,WH_001,230,12,21-07-2026 23:31
SKU_001116,WH_007,79,17,22-12-2026 03:51
SKU_001117,WH_010,708,83,01-07-2026 10:22
SKU_001118,WH_002,0,0,19-05-2026 11:30
SKU_001119,WH_004,0,0,20-01-2026 22:46
SKU_001120,WH_004,2,0,25-03-2026 06:01
SKU_001121,WH_002,0,0,23-09-2026 19:59
SKU_001122,WH_004,732,2,24-05-2026 06:30
SKU_001123,WH_008,252,42,20-05-2026 04:42
SKU_001124,WH_001,3,1,19-04-2026 17:21
SKU_001125,WH_003,894,121,25-12-2026 09:17
SKU_001126,WH_004,5,0,04-05-2026 20:26
SKU_001127,WH_009,478,140,08-09-2026 05:36
SKU_001128,WH_004,5,1,05-11-2026 06:09
SKU_001129,WH_001,739,186,13-11-2026 17:05
SKU_001130,WH_004,4,0,20-03-2026 21:11
SKU_001131,WH_002,2,0,17-04-2026 02:01
SKU_001132,WH_007,2,0,10-01-2026 05:52
SKU_001133,WH_007,452,106,16-08-2026 12:30
SKU_001134,WH_007,431,4,02-11-2026 09:50
SKU_001135,WH_002,330,46,15-01-2026 16:38
SKU_001136,WH_001,928,110,05-10-2026 17:27
SKU_001137,WH_006,42,2,02-02-2026 18:38
SKU_001138,WH_004,964,128,09-01-2026 11:00
SKU_001139,WH_006,5,1,13-12-2026 17:35
SKU_001140,WH_002,3,0,12-12-2026 15:06
SKU_001141,WH_002,279,42,08-03-2026 18:30
SKU_001142,WH_008,297,50,18-11-2026 06:33
SKU_001143,WH_008,3,1,21-07-2026 04:54
SKU_001144,WH_004,152,2,15-04-2026 21:57
SKU_001145,WH_005,88,14,29-07-2026 14:13
SKU_001146,WH_005,374,14,24-11-2026 22:14
SKU_001147,WH_003,910,268,14-08-2026 15:11
SKU_001148,WH_004,921,49,06-04-2026 20:21
SKU_001149,WH_008,586,83,10-05-2026 06:06
SKU_001150,WH_008,2,1,01-03-2026 11:30
SKU_001151,WH_006,5,0,22-06-2026 02:19
SKU_001152,WH_006,5,1,12-09-2026 19:50
SKU_001153,WH_002,5,0,15-06-2026 08:47
SKU_001154,WH_008,227,29,03-05-2026 08:34
SKU_001155,WH_009,2,0,14-11-2026 05:20
SKU_001156,WH_003,367,7,19-07-2026 13:34
SKU_001157,WH_006,242,61,13-08-2026 18:34
SKU_001158,WH_009,2,0,31-01-2026 15:13
SKU_001159,WH_008,0,0,21-12-2026 18:32
SKU_001160,WH_002,756,120,08-02-2026 06:20
SKU_001161,WH_005,0,0,05-10-2026 23:32
SKU_001162,WH_002,942,256,08-07-2026 12:57
SKU_001163,WH_007,339,70,23-01-2026 21:09
SKU_001164,WH_009,0,0,31-05-2026 00:23
SKU_001165,WH_010,2,0,29-09-2026 10:13
SKU_001166,WH_003,822,2,07-08-2026 16:22
SKU_001167,WH_001,734,205,24-09-2026 04:50
SKU_001168,WH_002,2,1,08-05-2026 17:42
SKU_001169,WH_004,527,87,05-10-2026 14:12
SKU_001170,WH_005,5,1,15-10-2026 00:37
SKU_001171,WH_008,648,168,05-04-2026 02:31
SKU_001172,WH_003,2,0,27-08-2026 03:36
SKU_001173,WH_007,511,148,23-05-2026 10:50
SKU_001174,WH_004,731,159,24-10-2026 16:43
SKU_001175,WH_001,645,121,24-08-2026 01:47
SKU_001176,WH_004,900,84,05-06-2026 11:17
SKU_001177,WH_001,871,181,27-02-2026 11:32
SKU_001178,WH_004,411,49,07-10-2026 08:30
SKU_001179,WH_009,2,1,13-07-2026 06:45
SKU_001180,WH_003,710,52,02-11-2026 14:34
SKU_001181,WH_010,846,213,15-10-2026 07:49
SKU_001182,WH_005,1,0,08-01-2026 08:11
SKU_001183,WH_006,542,112,26-05-2026 23:14
SKU_001184,WH_008,939,58,08-07-2026 03:28
SKU_001185,WH_004,687,74,13-01-2026 14:35
SKU_001186,WH_006,635,113,22-03-2026 09:38
SKU_001187,WH_001,935,32,23-07-2026 12:49
SKU_001188,WH_007,379,37,07-07-2026 17:47
SKU_001189,WH_001,612,25,01-01-2026 19:47
SKU_001190,WH_007,624,32,12-04-2026 08:44
SKU_001191,WH_010,757,205,17-04-2026 11:49
SKU_001192,WH_001,895,83,10-02-2026 22:57
SKU_001193,WH_005,578,8,21-09-2026 02:45
SKU_001194,WH_004,628,35,09-06-2026 18:18
SKU_001195,WH_002,0,0,29-06-2026 01:15
SKU_001196,WH_005,3,1,04-10-2026 20:15
SKU_001197,WH_006,456,39,16-06-2026 10:34
SKU_001198,WH_001,2,0,24-06-2026 03:36
SKU_001199,WH_006,476,23,24-02-2026 13:23
SKU_001200,WH_008,512,145,09-11-2026 15:43
SKU_001201,WH_008,5,0,02-02-2026 14:38
SKU_001202,WH_008,640,144,12-09-2026 22:19
SKU_001203,WH_009,500,8,13-10-2026 05:34
SKU_001204,WH_005,0,0,02-01-2026 04:38
SKU_001205,WH_003,285,35,21-03-2026 14:34
SKU_001206,WH_002,770,9,09-08-2026 08:48
SKU_001207,WH_006,282,63,14-02-2026 19:04
SKU_001208,WH_001,723,177,18-08-2026 03:02
SKU_001209,WH_008,626,44,28-08-2026 18:31
SKU_001210,WH_009,785,142,27-08-2026 02:49
SKU_001211,WH_010,0,0,10-01-2026 10:54
SKU_001212,WH_008,350,22,24-11-2026 20:40
SKU_001213,WH_008,111,16,23-06-2026 17:24
SKU_001214,WH_009,921,213,12-02-2026 12:24
SKU_001215,WH_001,497,132,17-09-2026 05:25
SKU_001216,WH_008,0,0,11-10-2026 01:10
SKU_001217,WH_005,5,1,23-01-2026 17:39
SKU_001218,WH_005,787,112,09-04-2026 02:24
SKU_001219,WH_003,0,0,20-01-2026 16:02
SKU_001220,WH_006,172,5,24-03-2026 22:51
SKU_001221,WH_010,109,32,07-05-2026 02:54
SKU_001222,WH_010,3,1,13-12-2026 20:40
SKU_001223,WH_010,710,196,05-12-2026 18:33
SKU_001224,WH_003,62,0,17-11-2026 13:21
SKU_001225,WH_002,902,170,11-05-2026 18:53
SKU_001226,WH_007,918,19,31-08-2026 08:06
SKU_001227,WH_005,5,0,12-12-2026 00:09
SKU_001228,WH_002,522,121,13-10-2026 14:48
SKU_001229,WH_008,682,41,05-01-2026 06:55
SKU_001230,WH_008,1,1,23-05-2026 06:50
SKU_001231,WH_002,242,53,30-04-2026 08:21
SKU_001232,WH_008,234,42,15-07-2026 09:09
SKU_001233,WH_001,123,34,21-09-2026 02:38
SKU_001234,WH_002,0,0,25-11-2026 13:50
SKU_001235,WH_004,344,58,14-09-2026 03:21
SKU_001236,WH_006,845,156,17-09-2026 16:58
SKU_001237,WH_002,769,225,02-11-2026 15:07
SKU_001238,WH_010,345,79,09-03-2026 17:21
SKU_001239,WH_002,554,63,27-04-2026 02:29
SKU_001240,WH_001,0,0,03-10-2026 14:09
SKU_001241,WH_004,951,170,21-09-2026 15:44
SKU_001242,WH_004,202,31,19-09-2026 22:17
SKU_001243,WH_010,512,121,09-02-2026 04:41
SKU_001244,WH_002,340,53,09-03-2026 20:10
SKU_001245,WH_005,237,4,13-12-2026 04:00
SKU_001246,WH_009,0,0,31-03-2026 17:02
SKU_001247,WH_010,3,0,21-04-2026 11:13
SKU_001248,WH_005,9,0,04-09-2026 07:03
SKU_001249,WH_003,762,208,22-09-2026 15:14
SKU_001250,WH_005,0,0,16-03-2026 23:52
SKU_001251,WH_007,3,1,25-06-2026 19:03
SKU_001252,WH_002,33,1,28-08-2026 07:30
SKU_001253,WH_003,685,75,15-04-2026 05:06
SKU_001254,WH_005,990,188,10-01-2026 18:08
SKU_001255,WH_003,3,0,13-07-2026 03:29
SKU_001256,WH_001,4,0,23-03-2026 12:32
SKU_001257,WH_005,1,0,05-04-2026 22:33
SKU_001258,WH_001,336,18,04-09-2026 16:05
SKU_001259,WH_001,227,66,25-02-2026 02:50
SKU_001260,WH_010,2,0,08-01-2026 17:45
SKU_001261,WH_008,4,1,25-03-2026 07:13
SKU_001262,WH_007,505,46,26-07-2026 15:07
SKU_001263,WH_006,344,25,07-10-2026 23:58
SKU_001264,WH_009,649,32,24-09-2026 12:40
SKU_001265,WH_002,849,37,03-10-2026 23:17
SKU_001266,WH_002,749,42,13-04-2026 10:08
SKU_001267,WH_002,260,17,05-09-2026 22:55
SKU_001268,WH_004,342,35,22-10-2026 16:12
SKU_001269,WH_003,460,114,24-03-2026 10:32
SKU_001270,WH_010,3,1,04-12-2026 04:24
SKU_001271,WH_002,916,116,12-07-2026 16:56
SKU_001272,WH_008,2,1,05-06-2026 00:35
SKU_001273,WH_009,678,48,17-07-2026 22:49
SKU_001274,WH_001,5,0,20-07-2026 07:59
SKU_001275,WH_005,50,11,29-06-2026 18:17
SKU_001276,WH_008,935,181,14-09-2026 08:03
SKU_001277,WH_007,115,30,18-05-2026 16:04
SKU_001278,WH_009,548,146,14-03-2026 03:14
SKU_001279,WH_001,881,197,25-03-2026 14:03
SKU_001280,WH_004,907,263,28-01-2026 16:26
SKU_001281,WH_004,2,0,20-05-2026 10:32
SKU_001282,WH_001,460,1,06-09-2026 07:38
SKU_001283,WH_004,156,41,28-07-2026 10:07
SKU_001284,WH_006,634,77,30-06-2026 21:46
SKU_001285,WH_001,435,23,09-01-2026 10:04
SKU_001286,WH_007,2,1,15-06-2026 02:42
SKU_001287,WH_001,0,0,05-10-2026 05:45
SKU_001288,WH_005,783,58,24-02-2026 00:25
SKU_001289,WH_010,658,34,09-05-2026 20:16
SKU_001290,WH_001,935,214,02-01-2026 00:47
SKU_001291,WH_004,3,0,31-05-2026 17:35
SKU_001292,WH_009,985,64,20-02-2026 21:43
SKU_001293,WH_006,0,0,04-03-2026 02:21
SKU_001294,WH_008,5,0,06-06-2026 12:03
SKU_001295,WH_004,108,26,03-06-2026 17:16
SKU_001296,WH_007,2,1,12-01-2026 22:24
SKU_001297,WH_004,2,1,29-06-2026 05:26
SKU_001298,WH_002,742,75,17-05-2026 05:39
SKU_001299,WH_004,1,0,11-01-2026 01:08
SKU_001300,WH_002,270,13,25-04-2026 00:15
SKU_001301,WH_006,659,5,01-02-2026 04:54
SKU_001302,WH_003,787,142,25-06-2026 11:20
SKU_001303,WH_007,4,0,26-04-2026 22:38
SKU_001304,WH_006,3,1,30-01-2026 18:23
SKU_001305,WH_009,3,0,17-09-2026 18:42
SKU_001306,WH_004,0,0,24-08-2026 14:16
SKU_001307,WH_001,0,0,04-09-2026 23:39
SKU_001308,WH_001,849,192,23-09-2026 04:13
SKU_001309,WH_010,836,221,26-12-2026 21:51
SKU_001310,WH_007,716,135,12-02-2026 16:18
SKU_001311,WH_008,859,61,19-01-2026 00:26
SKU_001312,WH_010,567,9,14-07-2026 07:22
SKU_001313,WH_009,194,23,27-03-2026 12:14
SKU_001314,WH_007,625,184,17-10-2026 08:54
SKU_001315,WH_006,3,1,22-11-2026 08:33
SKU_001316,WH_002,664,7,21-04-2026 07:06
SKU_001317,WH_002,114,0,26-03-2026 22:44
SKU_001318,WH_002,981,126,19-05-2026 10:36
SKU_001319,WH_007,756,192,04-05-2026 12:02
SKU_001320,WH_004,636,90,16-02-2026 23:46
SKU_001321,WH_004,981,196,07-12-2026 01:04
SKU_001322,WH_004,767,108,09-06-2026 10:33
SKU_001323,WH_003,711,4,19-04-2026 18:57
SKU_001324,WH_007,109,19,24-03-2026 05:50
SKU_001325,WH_010,758,177,20-08-2026 03:40
SKU_001326,WH_010,80,5,22-07-2026 15:43
SKU_001327,WH_009,416,54,26-06-2026 05:47
SKU_001328,WH_010,4,0,09-02-2026 10:27
SKU_001329,WH_003,117,17,14-12-2026 08:28
SKU_001330,WH_005,723,122,09-06-2026 20:49
SKU_001331,WH_004,0,0,10-02-2026 21:14
SKU_001332,WH_001,3,1,10-01-2026 10:03
SKU_001333,WH_005,486,43,21-05-2026 15:39
SKU_001334,WH_008,2,1,20-04-2026 16:09
SKU_001335,WH_006,923,259,12-09-2026 22:32
SKU_001336,WH_010,442,83,28-04-2026 02:05
SKU_001337,WH_004,5,1,05-01-2026 22:52
SKU_001338,WH_008,427,5,02-07-2026 15:42
SKU_001339,WH_009,587,68,15-06-2026 23:24
SKU_001340,WH_005,911,136,10-11-2026 00:19
SKU_001341,WH_010,597,14,30-10-2026 00:13
SKU_001342,WH_010,265,79,10-11-2026 05:24
SKU_001343,WH_004,616,152,16-10-2026 21:13
SKU_001344,WH_006,842,66,23-04-2026 11:45
SKU_001345,WH_009,548,90,02-02-2026 07:17
SKU_001346,WH_001,349,98,23-10-2026 03:01
SKU_001347,WH_005,929,97,28-07-2026 00:59
SKU_001348,WH_003,486,99,23-01-2026 23:42
SKU_001349,WH_002,0,0,29-10-2026 10:50
SKU_001350,WH_007,3,0,21-08-2026 05:28
SKU_001351,WH_002,3,1,06-06-2026 18:30
SKU_001352,WH_002,954,19,17-08-2026 22:13
SKU_001353,WH_008,123,35,17-08-2026 07:13
SKU_001354,WH_007,802,10,27-06-2026 18:59
SKU_001355,WH_003,109,10,25-08-2026 01:01
SKU_001356,WH_007,115,32,01-02-2026 19:11
SKU_001357,WH_007,270,8,05-12-2026 21:10
SKU_001358,WH_003,590,154,18-06-2026 09:29
SKU_001359,WH_008,2,0,20-10-2026 08:04
SKU_001360,WH_005,314,5,28-02-2026 12:32
SKU_001361,WH_005,514,71,11-02-2026 12:31
SKU_001362,WH_004,882,108,21-07-2026 14:29
SKU_001363,WH_010,945,210,21-03-2026 23:09
SKU_001364,WH_008,286,1,24-11-2026 02:25
SKU_001365,WH_001,652,176,30-01-2026 07:10
SKU_001366,WH_009,640,66,27-06-2026 00:01
SKU_001367,WH_002,725,139,02-09-2026 14:15
SKU_001368,WH_009,1,1,01-07-2026 22:31
SKU_001369,WH_007,573,118,18-11-2026 19:04
SKU_001370,WH_008,924,234,28-12-2026 08:28
SKU_001371,WH_009,221,55,24-01-2026 22:10
SKU_001372,WH_002,451,30,16-10-2026 11:02
SKU_001373,WH_003,903,144,22-08-2026 14:53
SKU_001374,WH_010,801,105,02-01-2026 16:07
SKU_001375,WH_005,182,29,22-08-2026 01:27
SKU_001376,WH_005,472,32,18-07-2026 04:13
SKU_001377,WH_005,5,0,21-06-2026 12:06
SKU_001378,WH_003,202,38,17-11-2026 22:12
SKU_001379,WH_004,2,0,21-03-2026 03:58
SKU_001380,WH_010,921,97,29-01-2026 05:02
SKU_001381,WH_010,458,62,19-02-2026 19:23
SKU_001382,WH_005,0,0,30-09-2026 13:00
SKU_001383,WH_002,749,56,06-04-2026 10:26
SKU_001384,WH_008,0,0,14-04-2026 03:00
SKU_001385,WH_003,3,0,15-12-2026 16:00
SKU_001386,WH_008,42,12,03-09-2026 10:21
SKU_001387,WH_002,3,0,05-12-2026 03:51
SKU_001388,WH_010,505,89,07-09-2026 16:04
SKU_001389,WH_004,595,76,19-06-2026 08:33
SKU_001390,WH_007,688,193,14-09-2026 19:29
SKU_001391,WH_004,506,142,06-09-2026 07:34
SKU_001392,WH_004,176,42,17-11-2026 02:04
SKU_001393,WH_001,942,193,15-04-2026 10:15
SKU_001394,WH_004,948,16,19-10-2026 14:53
SKU_001395,WH_009,504,2,13-01-2026 00:09
SKU_001396,WH_004,0,0,08-11-2026 04:33
SKU_001397,WH_008,489,132,19-03-2026 21:58
SKU_001398,WH_005,388,49,20-09-2026 02:13
SKU_001399,WH_001,476,31,09-02-2026 23:07
SKU_001400,WH_003,2,0,15-08-2026 07:43
SKU_001401,WH_004,439,98,11-12-2026 04:29
SKU_001402,WH_010,701,124,23-07-2026 11:57
SKU_001403,WH_009,2,0,14-09-2026 13:53
SKU_001404,WH_005,743,152,06-11-2026 03:32
SKU_001405,WH_001,577,173,02-12-2026 01:08
SKU_001406,WH_003,3,1,26-02-2026 22:58
SKU_001407,WH_007,680,145,15-10-2026 10:23
SKU_001408,WH_010,0,0,12-11-2026 09:54
SKU_001409,WH_009,214,44,18-11-2026 00:33
SKU_001410,WH_001,405,99,06-05-2026 12:50
SKU_001411,WH_009,4,0,03-04-2026 13:09
SKU_001412,WH_009,302,51,02-01-2026 05:01
SKU_001413,WH_002,2,1,13-07-2026 18:33
SKU_001414,WH_003,87,18,17-04-2026 20:10
SKU_001415,WH_002,276,15,29-09-2026 10:43
SKU_001416,WH_008,680,29,17-03-2026 14:14
SKU_001417,WH_008,0,0,10-06-2026 14:19
SKU_001418,WH_004,764,125,17-04-2026 15:26
SKU_001419,WH_001,0,0,09-04-2026 09:09
SKU_001420,WH_010,186,4,16-05-2026 21:37
SKU_001421,WH_008,989,234,12-04-2026 11:38
SKU_001422,WH_007,884,9,26-08-2026 10:44
SKU_001423,WH_003,3,0,18-06-2026 19:38
SKU_001424,WH_005,592,169,09-09-2026 07:50
SKU_001425,WH_010,246,27,23-09-2026 12:34
SKU_001426,WH_004,683,193,06-11-2026 05:46
SKU_001427,WH_005,235,31,24-02-2026 22:37
SKU_001428,WH_001,658,125,09-08-2026 08:12
SKU_001429,WH_002,577,138,03-06-2026 14:24
SKU_001430,WH_005,2,1,05-10-2026 19:20
SKU_001431,WH_005,482,111,07-02-2026 15:54
SKU_001432,WH_001,27,6,14-04-2026 03:52
SKU_001433,WH_001,661,12,19-04-2026 14:16
SKU_001434,WH_006,836,169,19-11-2026 21:42
SKU_001435,WH_009,731,116,03-11-2026 12:54
SKU_001436,WH_010,259,62,29-04-2026 14:13
SKU_001437,WH_004,800,16,09-01-2026 23:30
SKU_001438,WH_002,596,149,20-05-2026 17:51
SKU_001439,WH_005,2,0,13-03-2026 16:35
SKU_001440,WH_005,137,5,16-09-2026 02:34
SKU_001441,WH_010,237,14,02-11-2026 00:44
SKU_001442,WH_008,2,0,11-05-2026 13:20
SKU_001443,WH_004,398,48,03-10-2026 14:56
SKU_001444,WH_009,2,0,31-03-2026 14:41
SKU_001445,WH_005,732,70,19-04-2026 06:58
SKU_001446,WH_008,472,112,26-01-2026 14:20
SKU_001447,WH_007,849,53,27-02-2026 12:02
SKU_001448,WH_007,343,27,12-12-2026 21:45
SKU_001449,WH_010,364,31,23-02-2026 09:43
SKU_001450,WH_002,12,2,05-02-2026 04:36
SKU_001451,WH_005,3,0,16-05-2026 18:28
SKU_001452,WH_005,907,162,04-10-2026 16:11
SKU_001453,WH_007,907,179,22-08-2026 14:18
SKU_001454,WH_008,54,1,23-02-2026 02:16
SKU_001455,WH_007,5,0,10-01-2026 19:25
SKU_001456,WH_006,273,57,08-12-2026 20:22
SKU_001457,WH_006,480,117,09-09-2026 10:55
SKU_001458,WH_004,459,52,19-02-2026 18:56
SKU_001459,WH_009,2,0,12-04-2026 02:28
SKU_001460,WH_003,1,1,22-04-2026 15:30
SKU_001461,WH_004,677,131,27-03-2026 01:31
SKU_001462,WH_004,551,0,19-01-2026 22:57
SKU_001463,WH_008,545,72,03-01-2026 04:39
SKU_001464,WH_008,613,136,12-01-2026 00:11
SKU_001465,WH_004,1,1,09-02-2026 15:56
SKU_001466,WH_008,556,56,30-12-2026 04:02
SKU_001467,WH_004,784,114,29-01-2026 14:20
SKU_001468,WH_008,683,63,04-01-2026 08:53
SKU_001469,WH_004,2,0,25-03-2026 09:14
SKU_001470,WH_010,676,3,07-03-2026 17:10
SKU_001471,WH_005,618,176,19-09-2026 09:38
SKU_001472,WH_008,442,109,24-03-2026 08:07
SKU_001473,WH_006,402,17,16-12-2026 10:48
SKU_001474,WH_004,341,17,02-11-2026 17:46
SKU_001475,WH_001,661,161,21-10-2026 09:52
SKU_001476,WH_005,556,43,08-11-2026 09:29
SKU_001477,WH_007,3,1,09-04-2026 04:04
SKU_001478,WH_002,894,95,01-07-2026 19:43
SKU_001479,WH_008,697,183,14-10-2026 03:46
SKU_001480,WH_005,736,155,13-03-2026 22:52
SKU_001481,WH_007,248,69,14-11-2026 11:09
SKU_001482,WH_007,552,60,14-08-2026 16:28
SKU_001483,WH_002,898,43,03-07-2026 22:57
SKU_001484,WH_009,807,159,08-12-2026 14:19
SKU_001485,WH_008,560,78,02-11-2026 23:42
SKU_001486,WH_002,456,66,25-04-2026 15:18
SKU_001487,WH_004,846,136,06-08-2026 12:05
SKU_001488,WH_006,4,1,28-09-2026 09:19
SKU_001489,WH_003,143,24,12-06-2026 18:37
SKU_001490,WH_007,530,136,17-12-2026 07:02
SKU_001491,WH_002,512,121,03-08-2026 11:42
SKU_001492,WH_009,475,118,26-11-2026 14:41
SKU_001493,WH_010,0,0,08-08-2026 06:02
SKU_001494,WH_009,0,0,06-02-2026 19:47
SKU_001495,WH_002,338,5,20-04-2026 17:34
SKU_001496,WH_009,322,70,04-09-2026 19:49
SKU_001497,WH_007,961,272,31-03-2026 01:43
SKU_001498,WH_005,969,239,18-09-2026 06:18
SKU_001499,WH_010,74,13,21-11-2026 04:02
SKU_001500,WH_009,0,0,18-06-2026 04:11
SKU_001501,WH_009,432,88,19-02-2026 18:35
SKU_001502,WH_007,716,70,14-12-2026 18:05
SKU_001503,WH_002,0,0,28-02-2026 21:46
SKU_001504,WH_008,48,8,14-12-2026 15:12
SKU_001505,WH_001,170,46,01-07-2026 06:50
SKU_001506,WH_007,669,178,26-09-2026 03:33
SKU_001507,WH_002,355,59,02-01-2026 23:56
SKU_001508,WH_003,4,0,22-04-2026 13:18
SKU_001509,WH_009,997,282,08-01-2026 12:28
SKU_001510,WH_002,788,233,23-10-2026 20:05
SKU_001511,WH_005,488,92,17-09-2026 14:00
SKU_001512,WH_006,1,0,25-07-2026 20:09
SKU_001513,WH_002,1,0,27-01-2026 09:29
SKU_001514,WH_005,1,1,30-09-2026 08:06
SKU_001515,WH_007,934,49,11-04-2026 16:45
SKU_001516,WH_009,749,202,14-02-2026 13:54
SKU_001517,WH_009,175,6,09-09-2026 08:20
SKU_001518,WH_005,778,141,01-04-2026 10:06
SKU_001519,WH_004,256,73,24-10-2026 22:47
SKU_001520,WH_002,2,0,07-05-2026 00:29
SKU_001521,WH_001,65,13,16-06-2026 18:11
SKU_001522,WH_010,3,1,16-03-2026 03:59
SKU_001523,WH_004,218,26,01-02-2026 21:00
SKU_001524,WH_010,517,60,21-07-2026 04:17
SKU_001525,WH_005,621,57,11-02-2026 13:15
SKU_001526,WH_001,2,1,30-07-2026 19:30
SKU_001527,WH_002,179,29,13-03-2026 13:36
SKU_001528,WH_008,518,111,11-03-2026 01:33
SKU_001529,WH_010,933,5,02-02-2026 21:17
SKU_001530,WH_001,128,30,06-06-2026 02:42
SKU_001531,WH_010,824,47,03-04-2026 03:50
SKU_001532,WH_007,461,35,19-06-2026 17:19
SKU_001533,WH_004,397,82,20-09-2026 23:43
SKU_001534,WH_003,343,29,24-11-2026 14:05
SKU_001535,WH_010,4,0,18-11-2026 15:27
SKU_001536,WH_001,173,9,11-04-2026 20:49
SKU_001537,WH_007,374,56,03-08-2026 08:26
SKU_001538,WH_005,643,142,12-12-2026 07:56
SKU_001539,WH_009,0,0,27-01-2026 23:38
SKU_001540,WH_006,351,57,08-09-2026 08:26
SKU_001541,WH_003,768,15,28-01-2026 10:41
SKU_001542,WH_006,702,164,17-02-2026 09:48
SKU_001543,WH_003,950,239,16-01-2026 12:49
SKU_001544,WH_005,751,121,14-03-2026 16:50
SKU_001545,WH_005,43,6,20-07-2026 06:10
SKU_001546,WH_007,25,2,11-12-2026 08:17
SKU_001547,WH_002,563,62,01-08-2026 11:06
SKU_001548,WH_010,888,226,06-01-2026 22:35
SKU_001549,WH_009,425,105,05-07-2026 20:39
SKU_001550,WH_009,338,78,08-06-2026 18:51
SKU_001551,WH_005,0,0,29-11-2026 07:55
SKU_001552,WH_002,184,16,18-01-2026 14:02
SKU_001553,WH_008,1,0,05-03-2026 07:30
SKU_001554,WH_007,241,48,20-07-2026 10:24
SKU_001555,WH_007,368,75,05-03-2026 13:28
SKU_001556,WH_003,590,136,24-05-2026 12:01
SKU_001557,WH_008,632,2,15-11-2026 02:11
SKU_001558,WH_008,501,77,04-02-2026 22:37
SKU_001559,WH_009,321,31,06-09-2026 11:20
SKU_001560,WH_003,464,8,30-06-2026 09:26
SKU_001561,WH_003,192,13,18-04-2026 19:51
SKU_001562,WH_005,889,30,19-08-2026 08:12
SKU_001563,WH_007,463,98,22-05-2026 03:27
SKU_001564,WH_003,5,0,01-01-2026 06:42
SKU_001565,WH_005,572,22,19-07-2026 03:03
SKU_001566,WH_005,0,0,07-05-2026 16:56
SKU_001567,WH_001,684,71,10-11-2026 08:44
SKU_001568,WH_003,226,30,08-08-2026 18:54
SKU_001569,WH_003,2,0,15-01-2026 22:46
SKU_001570,WH_003,597,56,06-01-2026 00:38
SKU_001571,WH_009,387,113,30-01-2026 10:34
SKU_001572,WH_008,161,19,16-07-2026 05:19
SKU_001573,WH_009,652,74,20-01-2026 12:10
SKU_001574,WH_005,645,21,06-08-2026 15:01
SKU_001575,WH_005,3,1,28-12-2026 06:25
SKU_001576,WH_010,5,1,24-01-2026 07:57
SKU_001577,WH_010,772,58,01-06-2026 08:46
SKU_001578,WH_002,272,18,28-05-2026 08:27
SKU_001579,WH_004,5,0,23-10-2026 01:56
SKU_001580,WH_002,559,10,15-03-2026 10:24
SKU_001581,WH_002,193,15,29-12-2026 12:27
SKU_001582,WH_004,848,123,17-08-2026 09:28
SKU_001583,WH_005,845,196,03-02-2026 23:58
SKU_001584,WH_009,0,0,29-11-2026 04:26
SKU_001585,WH_007,746,7,27-05-2026 22:25
SKU_001586,WH_009,171,49,01-06-2026 06:44
SKU_001587,WH_010,247,51,27-01-2026 05:28
SKU_001588,WH_008,4,1,22-09-2026 02:27
SKU_001589,WH_010,28,7,16-12-2026 01:37
SKU_001590,WH_002,685,110,03-02-2026 06:54
SKU_001591,WH_003,1,0,13-11-2026 19:54
SKU_001592,WH_007,400,87,04-04-2026 08:29
SKU_001593,WH_008,231,49,20-04-2026 21:52
SKU_001594,WH_002,924,67,18-02-2026 12:03
SKU_001595,WH_002,827,16,12-02-2026 08:43
SKU_001596,WH_009,462,93,03-09-2026 21:27
SKU_001597,WH_002,2,1,28-03-2026 13:31
SKU_001598,WH_001,2,0,18-10-2026 05:07
SKU_001599,WH_006,572,89,29-03-2026 16:32
SKU_001600,WH_001,323,96,03-04-2026 12:56
SKU_001601,WH_002,1,1,11-12-2026 04:23
SKU_001602,WH_003,747,74,11-01-2026 07:58
SKU_001603,WH_010,125,22,23-02-2026 15:39
SKU_001604,WH_002,969,286,13-08-2026 09:40
SKU_001605,WH_010,18,0,18-06-2026 09:55
SKU_001606,WH_005,554,130,22-11-2026 03:29
SKU_001607,WH_005,0,0,03-11-2026 22:33
SKU_001608,WH_001,411,0,27-11-2026 16:06
SKU_001609,WH_006,15,3,12-06-2026 03:11
SKU_001610,WH_007,4,0,29-10-2026 23:49
SKU_001611,WH_001,176,18,16-10-2026 05:13
SKU_001612,WH_004,2,1,24-11-2026 15:56
SKU_001613,WH_003,181,3,29-06-2026 08:04
SKU_001614,WH_001,946,211,14-08-2026 03:52
SKU_001615,WH_007,913,118,17-07-2026 14:24
SKU_001616,WH_007,463,62,17-07-2026 16:25
SKU_001617,WH_001,0,0,11-06-2026 15:45
SKU_001618,WH_006,937,199,10-05-2026 11:10
SKU_001619,WH_004,0,0,08-03-2026 09:44
SKU_001620,WH_007,672,115,01-07-2026 12:52
SKU_001621,WH_002,3,0,18-09-2026 08:42
SKU_001622,WH_006,0,0,03-09-2026 11:15
SKU_001623,WH_003,94,5,16-03-2026 06:12
SKU_001624,WH_001,205,46,03-02-2026 13:47
SKU_001625,WH_003,319,51,24-02-2026 22:57
SKU_001626,WH_001,395,106,17-03-2026 05:40
SKU_001627,WH_007,2,0,25-05-2026 23:44
SKU_001628,WH_002,885,264,03-06-2026 11:44
SKU_001629,WH_001,5,1,18-09-2026 21:32
SKU_001630,WH_001,688,2,13-11-2026 18:09
SKU_001631,WH_002,0,0,21-05-2026 18:07
SKU_001632,WH_009,918,27,15-09-2026 17:46
SKU_001633,WH_003,851,81,23-11-2026 02:36
SKU_001634,WH_003,4,1,02-03-2026 06:08
SKU_001635,WH_008,587,169,02-11-2026 23:31
SKU_001636,WH_002,804,8,15-07-2026 16:44
SKU_001637,WH_005,682,57,05-05-2026 07:53
SKU_001638,WH_001,774,113,08-07-2026 04:21
SKU_001639,WH_006,1,0,19-03-2026 04:16
SKU_001640,WH_009,5,1,12-10-2026 17:14
SKU_001641,WH_003,20,5,15-10-2026 21:33
SKU_001642,WH_008,596,21,21-10-2026 13:06
SKU_001643,WH_009,956,232,29-05-2026 12:37
SKU_001644,WH_010,0,0,31-01-2026 22:23
SKU_001645,WH_008,5,1,01-12-2026 06:28
SKU_001646,WH_008,226,24,22-09-2026 12:57
SKU_001647,WH_001,2,1,13-12-2026 01:54
SKU_001648,WH_001,1,0,23-09-2026 09:28
SKU_001649,WH_007,267,32,15-12-2026 18:42
SKU_001650,WH_003,627,42,05-09-2026 19:40
SKU_001651,WH_003,547,50,07-02-2026 04:32
SKU_001652,WH_009,155,30,01-02-2026 12:00
SKU_001653,WH_009,4,1,20-06-2026 04:37
SKU_001654,WH_010,1,1,08-06-2026 04:44
SKU_001655,WH_008,862,105,14-12-2026 23:34
SKU_001656,WH_006,451,76,20-03-2026 09:28
SKU_001657,WH_003,366,102,06-11-2026 15:30
SKU_001658,WH_006,174,47,02-08-2026 06:53
SKU_001659,WH_003,960,235,29-04-2026 09:48
SKU_001660,WH_003,911,6,23-05-2026 08:41
SKU_001661,WH_001,780,80,28-11-2026 20:36
SKU_001662,WH_005,0,0,26-11-2026 00:34
SKU_001663,WH_003,710,100,03-01-2026 07:18
SKU_001664,WH_001,300,18,20-07-2026 15:16
SKU_001665,WH_005,0,0,09-10-2026 05:03
SKU_001666,WH_009,473,68,19-10-2026 23:02
SKU_001667,WH_006,101,23,15-01-2026 19:48
SKU_001668,WH_010,0,0,12-08-2026 09:06
SKU_001669,WH_009,643,192,21-01-2026 21:31
SKU_001670,WH_005,451,57,14-12-2026 13:54
SKU_001671,WH_009,2,0,20-09-2026 13:18
SKU_001672,WH_001,925,151,12-05-2026 10:55
SKU_001673,WH_006,755,36,15-03-2026 23:20
SKU_001674,WH_001,902,160,06-06-2026 10:53
SKU_001675,WH_007,637,190,27-04-2026 09:24
SKU_001676,WH_005,985,235,23-11-2026 17:34
SKU_001677,WH_004,793,3,21-07-2026 01:03
SKU_001678,WH_001,916,255,05-01-2026 16:26
SKU_001679,WH_007,92,24,15-08-2026 19:13
SKU_001680,WH_009,2,1,07-12-2026 18:31
SKU_001681,WH_009,182,26,22-03-2026 01:18
SKU_001682,WH_009,355,67,31-05-2026 00:09
SKU_001683,WH_005,529,158,01-11-2026 04:49
SKU_001684,WH_005,486,36,20-07-2026 11:09
SKU_001685,WH_003,3,0,17-02-2026 02:32
SKU_001686,WH_005,968,254,17-07-2026 23:08
SKU_001687,WH_004,0,0,05-03-2026 10:59
SKU_001688,WH_004,470,104,03-01-2026 01:22
SKU_001689,WH_003,990,208,05-10-2026 19:21
SKU_001690,WH_009,40,6,10-10-2026 14:27
SKU_001691,WH_005,3,0,22-11-2026 14:19
SKU_001692,WH_007,1,0,15-05-2026 20:59
SKU_001693,WH_006,92,27,24-07-2026 08:51
SKU_001694,WH_010,0,0,16-04-2026 05:32
SKU_001695,WH_007,514,93,03-02-2026 14:55
SKU_001696,WH_006,2,0,09-09-2026 13:18
SKU_001697,WH_001,0,0,11-07-2026 18:58
SKU_001698,WH_005,654,3,06-04-2026 12:13
SKU_001699,WH_010,0,0,02-07-2026 20:35
SKU_001700,WH_001,0,0,10-11-2026 17:16
SKU_001701,WH_006,653,10,14-02-2026 18:16
SKU_001702,WH_007,13,0,20-03-2026 03:02
SKU_001703,WH_003,611,87,16-03-2026 05:45
SKU_001704,WH_008,273,79,07-04-2026 23:25
SKU_001705,WH_007,5,0,23-11-2026 18:32
SKU_001706,WH_008,5,0,20-04-2026 23:25
SKU_001707,WH_007,945,125,23-10-2026 00:35
SKU_001708,WH_009,773,43,07-11-2026 20:21
SKU_001709,WH_009,0,0,31-12-2026 02:40
SKU_001710,WH_002,0,0,05-08-2026 04:08
SKU_001711,WH_004,111,27,31-10-2026 17:51
SKU_001712,WH_004,34,5,28-06-2026 17:29
SKU_001713,WH_001,958,217,25-02-2026 05:21
SKU_001714,WH_007,473,122,08-02-2026 21:39
SKU_001715,WH_007,22,0,29-12-2026 19:29
SKU_001716,WH_003,60,15,12-09-2026 13:54
SKU_001717,WH_010,209,41,11-09-2026 07:55
SKU_001718,WH_004,570,1,29-06-2026 10:02
SKU_001719,WH_002,278,57,02-06-2026 13:36
SKU_001720,WH_010,509,29,01-03-2026 10:40
SKU_001721,WH_004,321,66,21-11-2026 08:28
SKU_001722,WH_010,899,86,08-08-2026 00:27
SKU_001723,WH_010,4,1,11-03-2026 06:17
SKU_001724,WH_008,780,28,10-03-2026 04:27
SKU_001725,WH_001,552,143,29-10-2026 02:35
SKU_001726,WH_006,449,111,08-05-2026 05:05
SKU_001727,WH_003,900,226,07-12-2026 05:49
SKU_001728,WH_001,831,227,29-08-2026 11:48
SKU_001729,WH_010,2,0,25-04-2026 02:34
SKU_001730,WH_009,138,29,23-11-2026 14:24
SKU_001731,WH_007,377,42,08-08-2026 11:33
SKU_001732,WH_005,67,5,09-10-2026 22:38
SKU_001733,WH_004,972,82,10-01-2026 18:46
SKU_001734,WH_001,4,1,30-09-2026 12:43
SKU_001735,WH_004,282,20,30-11-2026 12:12
SKU_001736,WH_007,393,24,16-08-2026 09:26
SKU_001737,WH_007,614,146,20-12-2026 10:13
SKU_001738,WH_003,3,1,21-08-2026 13:00
SKU_001739,WH_001,985,124,22-02-2026 18:21
SKU_001740,WH_010,375,90,03-10-2026 09:13
SKU_001741,WH_003,838,28,25-03-2026 08:51
SKU_001742,WH_005,209,26,20-11-2026 17:59
SKU_001743,WH_004,898,45,24-08-2026 17:26
SKU_001744,WH_006,519,68,23-06-2026 21:54
SKU_001745,WH_009,0,0,22-06-2026 23:42
SKU_001746,WH_006,884,238,31-03-2026 04:36
SKU_001747,WH_006,2,0,15-09-2026 06:15
SKU_001748,WH_007,655,87,21-10-2026 00:01
SKU_001749,WH_003,306,59,29-06-2026 06:07
SKU_001750,WH_001,412,37,18-02-2026 02:07
SKU_001751,WH_007,697,175,18-09-2026 03:52
SKU_001752,WH_008,243,38,29-01-2026 05:40
SKU_001753,WH_007,993,168,30-07-2026 22:50
SKU_001754,WH_003,507,73,03-11-2026 23:37
SKU_001755,WH_009,0,0,01-05-2026 11:55
SKU_001756,WH_002,6,0,02-08-2026 07:01
SKU_001757,WH_001,471,5,03-02-2026 22:41
SKU_001758,WH_008,57,0,15-06-2026 06:29
SKU_001759,WH_002,99,14,29-07-2026 17:24
SKU_001760,WH_006,0,0,04-08-2026 12:57
SKU_001761,WH_003,292,46,09-12-2026 09:30
SKU_001762,WH_002,42,3,15-07-2026 18:54
SKU_001763,WH_008,1,0,13-12-2026 17:40
SKU_001764,WH_007,2,1,07-01-2026 15:53
SKU_001765,WH_010,638,80,01-04-2026 13:34
SKU_001766,WH_010,497,61,02-11-2026 13:24
SKU_001767,WH_003,4,1,24-09-2026 23:57
SKU_001768,WH_001,997,206,04-01-2026 14:02
SKU_001769,WH_003,676,122,12-07-2026 05:21
SKU_001770,WH_010,632,30,12-09-2026 14:30
SKU_001771,WH_002,824,210,17-01-2026 07:11
SKU_001772,WH_010,107,17,13-11-2026 10:46
SKU_001773,WH_006,107,2,09-06-2026 11:44
SKU_001774,WH_004,562,127,08-04-2026 14:10
SKU_001775,WH_009,16,3,12-06-2026 03:41
SKU_001776,WH_007,1,0,03-09-2026 21:20
SKU_001777,WH_008,4,0,10-09-2026 17:58
SKU_001778,WH_009,846,82,31-01-2026 22:55
SKU_001779,WH_007,511,10,05-01-2026 19:54
SKU_001780,WH_002,0,0,02-02-2026 06:15
SKU_001781,WH_006,696,168,27-12-2026 13:40
SKU_001782,WH_009,351,49,22-09-2026 04:09
SKU_001783,WH_003,701,54,20-04-2026 14:29
SKU_001784,WH_007,640,87,08-07-2026 07:32
SKU_001785,WH_007,562,121,21-03-2026 07:19
SKU_001786,WH_001,391,102,13-08-2026 06:26
SKU_001787,WH_010,1,0,30-06-2026 08:12
SKU_001788,WH_006,5,0,21-10-2026 01:29
SKU_001789,WH_002,998,267,12-03-2026 01:26
SKU_001790,WH_009,3,1,20-08-2026 16:02
SKU_001791,WH_003,0,0,30-06-2026 06:38
SKU_001792,WH_007,575,75,19-07-2026 13:46
SKU_001793,WH_006,786,77,22-04-2026 11:25
SKU_001794,WH_005,5,1,02-12-2026 06:48
SKU_001795,WH_010,573,168,23-01-2026 11:28
SKU_001796,WH_003,386,106,31-01-2026 10:13
SKU_001797,WH_003,341,90,24-09-2026 17:26
SKU_001798,WH_006,228,17,19-04-2026 06:33
SKU_001799,WH_006,980,95,28-10-2026 17:38
SKU_001800,WH_006,531,27,08-04-2026 15:22
SKU_001801,WH_009,552,24,27-08-2026 19:50
SKU_001802,WH_009,4,0,28-09-2026 22:57
SKU_001803,WH_003,0,0,08-11-2026 05:46
SKU_001804,WH_003,790,159,30-06-2026 17:23
SKU_001805,WH_005,552,136,20-03-2026 05:25
SKU_001806,WH_001,423,41,31-07-2026 21:07
SKU_001807,WH_005,617,1,02-04-2026 19:25
SKU_001808,WH_006,746,9,13-01-2026 02:22
SKU_001809,WH_007,59,7,02-07-2026 02:01
SKU_001810,WH_009,338,77,08-08-2026 15:04
SKU_001811,WH_010,4,1,08-06-2026 12:45
SKU_001812,WH_005,992,65,07-04-2026 09:40
SKU_001813,WH_003,0,0,08-05-2026 16:48
SKU_001814,WH_010,4,0,26-06-2026 21:28
SKU_001815,WH_001,153,14,29-09-2026 10:57
SKU_001816,WH_003,337,49,03-06-2026 01:53
SKU_001817,WH_008,183,21,23-08-2026 12:20
SKU_001818,WH_007,751,158,29-11-2026 23:30
SKU_001819,WH_003,4,0,05-11-2026 08:14
SKU_001820,WH_002,575,21,19-07-2026 05:44
SKU_001821,WH_005,279,66,10-01-2026 04:25
SKU_001822,WH_008,802,77,25-02-2026 15:34
SKU_001823,WH_009,561,77,03-05-2026 03:58
SKU_001824,WH_010,485,42,21-07-2026 09:17
SKU_001825,WH_002,352,105,19-12-2026 22:27
SKU_001826,WH_010,510,100,29-01-2026 09:42
SKU_001827,WH_009,4,1,07-09-2026 09:25
SKU_001828,WH_006,4,1,04-06-2026 19:10
SKU_001829,WH_004,851,73,28-09-2026 23:48
SKU_001830,WH_006,225,47,27-06-2026 11:10
SKU_001831,WH_008,411,78,11-02-2026 11:51
SKU_001832,WH_001,0,0,11-10-2026 00:53
SKU_001833,WH_001,3,0,29-06-2026 14:20
SKU_001834,WH_008,708,95,19-11-2026 19:22
SKU_001835,WH_006,0,0,15-07-2026 22:19
SKU_001836,WH_010,792,150,06-10-2026 22:03
SKU_001837,WH_007,752,151,11-10-2026 05:04
SKU_001838,WH_001,4,0,24-10-2026 13:48
SKU_001839,WH_005,23,4,29-08-2026 16:24
SKU_001840,WH_002,409,71,07-07-2026 09:54
SKU_001841,WH_003,1,1,25-11-2026 01:23
SKU_001842,WH_009,799,154,27-04-2026 19:20
SKU_001843,WH_006,541,66,31-03-2026 08:22
SKU_001844,WH_001,383,40,28-12-2026 16:29
SKU_001845,WH_007,210,24,25-08-2026 20:36
SKU_001846,WH_002,960,107,27-08-2026 06:38
SKU_001847,WH_002,277,66,29-10-2026 12:58
SKU_001848,WH_005,199,15,30-11-2026 00:54
SKU_001849,WH_006,1,1,14-04-2026 16:50
SKU_001850,WH_009,1,1,04-07-2026 22:18
SKU_001851,WH_005,498,136,01-09-2026 17:42
SKU_001852,WH_007,4,0,30-04-2026 03:30
SKU_001853,WH_002,437,99,23-04-2026 07:49
SKU_001854,WH_003,1,1,03-06-2026 05:47
SKU_001855,WH_010,3,1,12-03-2026 09:23
SKU_001856,WH_007,134,4,03-04-2026 11:56
SKU_001857,WH_009,891,178,13-06-2026 01:32
SKU_001858,WH_002,0,0,31-01-2026 11:23
SKU_001859,WH_009,4,0,25-10-2026 11:44
SKU_001860,WH_009,40,11,23-07-2026 15:36
SKU_001861,WH_008,642,164,06-04-2026 02:51
SKU_001862,WH_008,0,0,23-12-2026 21:41
SKU_001863,WH_001,704,211,03-12-2026 08:32
SKU_001864,WH_009,105,12,18-04-2026 05:39
SKU_001865,WH_009,131,20,15-08-2026 02:16
SKU_001866,WH_006,874,33,30-11-2026 05:09
SKU_001867,WH_008,4,1,20-10-2026 02:05
SKU_001868,WH_003,356,103,15-01-2026 21:13
SKU_001869,WH_008,3,1,13-04-2026 12:11
SKU_001870,WH_009,541,87,22-09-2026 20:54
SKU_001871,WH_007,3,0,25-08-2026 08:03
SKU_001872,WH_004,105,28,11-12-2026 03:43
SKU_001873,WH_008,5,0,07-04-2026 10:48
SKU_001874,WH_002,2,0,12-07-2026 03:13
SKU_001875,WH_004,4,0,16-01-2026 16:34
SKU_001876,WH_008,900,93,15-03-2026 08:55
SKU_001877,WH_009,525,116,01-05-2026 06:25
SKU_001878,WH_002,0,0,28-12-2026 19:53
SKU_001879,WH_009,778,122,17-12-2026 22:35
SKU_001880,WH_006,938,38,16-08-2026 23:31
SKU_001881,WH_004,391,89,04-10-2026 22:02
SKU_001882,WH_006,38,5,10-09-2026 15:11
SKU_001883,WH_010,0,0,30-06-2026 08:52
SKU_001884,WH_006,30,2,18-02-2026 08:07
SKU_001885,WH_004,508,120,21-01-2026 08:58
SKU_001886,WH_003,1,0,19-10-2026 06:56
SKU_001887,WH_010,2,1,11-11-2026 16:56
SKU_001888,WH_007,4,1,06-06-2026 11:56
SKU_001889,WH_005,578,65,17-05-2026 15:58
SKU_001890,WH_004,727,104,11-08-2026 06:03
SKU_001891,WH_001,1,0,08-05-2026 13:37
SKU_001892,WH_001,677,67,28-12-2026 02:44
SKU_001893,WH_006,565,103,11-02-2026 12:19
SKU_001894,WH_010,804,53,28-07-2026 18:38
SKU_001895,WH_004,0,0,06-01-2026 02:47
SKU_001896,WH_005,2,0,04-08-2026 20:52
SKU_001897,WH_004,690,177,05-09-2026 12:59
SKU_001898,WH_006,0,0,20-04-2026 13:27
SKU_001899,WH_007,735,69,01-06-2026 07:52
SKU_001900,WH_002,213,8,05-06-2026 10:34
SKU_001901,WH_010,583,160,30-03-2026 04:27
SKU_001902,WH_002,2,1,12-06-2026 09:40
SKU_001903,WH_003,239,36,14-12-2026 03:52
SKU_001904,WH_010,699,76,26-03-2026 21:48
SKU_001905,WH_002,887,223,07-11-2026 18:10
SKU_001906,WH_007,67,14,09-03-2026 01:10
SKU_001907,WH_010,178,43,29-09-2026 05:00
SKU_001908,WH_009,230,29,12-12-2026 20:08
SKU_001909,WH_006,4,1,05-12-2026 17:57
SKU_001910,WH_003,835,88,07-07-2026 20:02
SKU_001911,WH_002,135,0,19-02-2026 10:23
SKU_001912,WH_005,0,0,22-09-2026 16:22
SKU_001913,WH_010,283,20,12-01-2026 12:21
SKU_001914,WH_005,2,1,04-05-2026 11:54
SKU_001915,WH_010,207,55,23-07-2026 16:43
SKU_001916,WH_001,946,181,07-12-2026 18:52
SKU_001917,WH_002,713,147,11-04-2026 22:14
SKU_001918,WH_002,5,1,25-08-2026 18:56
SKU_001919,WH_005,589,12,15-06-2026 09:47
SKU_001920,WH_009,5,0,01-04-2026 03:15
SKU_001921,WH_005,732,12,06-12-2026 12:04
SKU_001922,WH_009,717,100,06-09-2026 06:24
SKU_001923,WH_008,0,0,04-05-2026 00:58
SKU_001924,WH_002,200,43,26-11-2026 15:37
SKU_001925,WH_002,5,0,11-11-2026 22:41
SKU_001926,WH_009,4,1,30-05-2026 17:56
SKU_001927,WH_005,887,117,18-12-2026 07:01
SKU_001928,WH_005,858,71,23-08-2026 01:59
SKU_001929,WH_002,575,101,16-11-2026 03:02
SKU_001930,WH_009,0,0,05-12-2026 18:09
SKU_001931,WH_001,5,1,26-02-2026 05:33
SKU_001932,WH_002,384,107,09-04-2026 01:19
SKU_001933,WH_006,556,52,16-07-2026 09:08
SKU_001934,WH_001,686,45,23-09-2026 19:04
SKU_001935,WH_009,262,68,07-07-2026 18:59
SKU_001936,WH_001,127,35,03-10-2026 08:11
SKU_001937,WH_002,2,1,02-10-2026 22:39
SKU_001938,WH_003,430,114,29-05-2026 07:12
SKU_001939,WH_002,365,2,12-07-2026 20:39
SKU_001940,WH_004,4,0,20-05-2026 12:48
SKU_001941,WH_001,5,0,18-12-2026 04:25
SKU_001942,WH_004,82,3,14-12-2026 02:29
SKU_001943,WH_005,173,48,02-07-2026 04:52
SKU_001944,WH_008,768,219,01-08-2026 22:55
SKU_001945,WH_001,648,11,16-02-2026 10:58
SKU_001946,WH_006,577,125,06-01-2026 21:31
SKU_001947,WH_007,165,0,25-06-2026 21:37
SKU_001948,WH_002,0,0,08-12-2026 19:51
SKU_001949,WH_001,962,41,26-09-2026 18:35
SKU_001950,WH_001,120,32,09-03-2026 12:44
SKU_001951,WH_002,955,240,05-12-2026 20:52
SKU_001952,WH_007,262,46,29-08-2026 00:03
SKU_001953,WH_004,245,25,13-09-2026 05:51
SKU_001954,WH_004,112,11,02-02-2026 17:36
SKU_001955,WH_004,138,0,21-01-2026 04:34
SKU_001956,WH_005,456,47,07-02-2026 22:34
SKU_001957,WH_009,508,111,18-01-2026 17:21
SKU_001958,WH_006,910,150,29-11-2026 16:33
SKU_001959,WH_007,503,109,18-02-2026 23:18
SKU_001960,WH_004,0,0,12-08-2026 22:04
SKU_001961,WH_010,0,0,06-07-2026 23:51
SKU_001962,WH_006,466,16,27-09-2026 15:46
SKU_001963,WH_001,367,67,24-07-2026 10:15
SKU_001964,WH_009,504,45,04-01-2026 02:15
SKU_001965,WH_009,4,0,13-01-2026 20:09
SKU_001966,WH_007,3,1,02-12-2026 03:44
SKU_001967,WH_001,899,258,20-02-2026 05:00
SKU_001968,WH_001,870,164,13-11-2026 16:03
SKU_001969,WH_007,103,16,29-08-2026 04:53
SKU_001970,WH_007,202,47,15-02-2026 14:31
SKU_001971,WH_001,652,88,05-07-2026 13:42
SKU_001972,WH_005,0,0,21-10-2026 10:38
SKU_001973,WH_009,327,39,13-07-2026 17:38
SKU_001974,WH_007,802,148,01-10-2026 12:04
SKU_001975,WH_007,2,0,07-06-2026 01:24
SKU_001976,WH_009,5,1,27-06-2026 23:08
SKU_001977,WH_006,903,122,22-12-2026 16:48
SKU_001978,WH_007,182,44,27-12-2026 22:38
SKU_001979,WH_004,522,117,15-11-2026 00:08
SKU_001980,WH_009,247,39,20-08-2026 17:16
SKU_001981,WH_004,3,0,03-06-2026 17:38
SKU_001982,WH_001,0,0,05-07-2026 16:49
SKU_001983,WH_003,924,1,17-10-2026 09:36
SKU_001984,WH_006,69,10,23-05-2026 02:14
SKU_001985,WH_004,345,12,14-01-2026 19:47
SKU_001986,WH_005,616,112,06-02-2026 05:42
SKU_001987,WH_010,881,7,23-07-2026 18:50
SKU_001988,WH_007,0,0,18-12-2026 08:52
SKU_001989,WH_010,0,0,23-07-2026 04:14
SKU_001990,WH_006,148,28,19-07-2026 11:00
SKU_001991,WH_007,591,114,04-06-2026 16:33
SKU_001992,WH_009,757,71,22-07-2026 06:23
SKU_001993,WH_003,4,1,05-08-2026 09:59
SKU_001994,WH_003,708,61,29-07-2026 00:53
SKU_001995,WH_008,71,12,18-11-2026 01:34
SKU_001996,WH_006,0,0,26-11-2026 18:14
SKU_001997,WH_006,389,80,04-07-2026 22:00
SKU_001998,WH_008,458,91,01-08-2026 15:04
SKU_001999,WH_004,926,277,09-04-2026 00:53
SKU_002000,WH_005,324,2,01-02-2026 13:31
SKU_002001,WH_009,359,26,05-02-2026 05:43
SKU_002002,WH_010,395,24,26-08-2026 05:48
SKU_002003,WH_010,4,0,09-09-2026 16:21
SKU_002004,WH_005,995,193,29-04-2026 23:19
SKU_002005,WH_001,771,208,10-02-2026 15:15
SKU_002006,WH_009,651,10,09-09-2026 22:21
SKU_002007,WH_004,574,172,16-09-2026 19:26
SKU_002008,WH_007,4,0,17-06-2026 16:02
SKU_002009,WH_002,2,1,23-06-2026 08:44
SKU_002010,WH_002,268,49,14-05-2026 17:18
SKU_002011,WH_004,5,0,23-02-2026 18:21
SKU_002012,WH_003,5,1,01-07-2026 18:30
SKU_002013,WH_003,0,0,22-03-2026 08:41
SKU_002014,WH_005,275,22,27-03-2026 19:38
SKU_002015,WH_003,1,1,05-05-2026 22:44
SKU_002016,WH_002,166,37,17-09-2026 06:57
SKU_002017,WH_008,0,0,02-06-2026 17:50
SKU_002018,WH_005,348,66,27-11-2026 07:56
SKU_002019,WH_005,950,21,02-03-2026 08:27
SKU_002020,WH_007,1,1,13-09-2026 06:56
SKU_002021,WH_010,216,34,25-02-2026 04:07
SKU_002022,WH_004,841,136,14-10-2026 04:48
SKU_002023,WH_004,54,3,25-01-2026 02:53
SKU_002024,WH_001,884,147,21-06-2026 19:21
SKU_002025,WH_006,446,124,30-06-2026 00:47
SKU_002026,WH_002,291,33,08-05-2026 13:45
SKU_002027,WH_008,886,237,31-05-2026 04:55
SKU_002028,WH_008,888,161,18-06-2026 08:38
SKU_002029,WH_001,0,0,01-09-2026 17:16
SKU_002030,WH_005,4,0,06-09-2026 23:39
SKU_002031,WH_001,4,1,04-02-2026 01:00
SKU_002032,WH_002,758,9,10-08-2026 03:54
SKU_002033,WH_001,762,138,18-03-2026 14:02
SKU_002034,WH_004,341,45,21-10-2026 05:31
SKU_002035,WH_010,99,28,28-08-2026 03:28
SKU_002036,WH_008,5,1,29-01-2026 15:55
SKU_002037,WH_001,766,220,20-10-2026 11:57
SKU_002038,WH_010,276,63,12-04-2026 12:31
SKU_002039,WH_005,905,187,16-09-2026 11:13
SKU_002040,WH_010,5,0,30-09-2026 16:47
SKU_002041,WH_005,771,150,05-12-2026 01:27
SKU_002042,WH_006,741,116,06-09-2026 01:18
SKU_002043,WH_008,5,0,09-03-2026 08:00
SKU_002044,WH_002,598,74,17-01-2026 20:42
SKU_002045,WH_010,384,22,15-02-2026 17:49
SKU_002046,WH_007,365,41,10-05-2026 12:58
SKU_002047,WH_005,932,213,02-02-2026 18:44
SKU_002048,WH_005,226,54,03-11-2026 14:53
SKU_002049,WH_007,960,211,09-05-2026 20:24
SKU_002050,WH_006,51,15,08-10-2026 18:41
SKU_002051,WH_009,2,0,16-11-2026 08:43
SKU_002052,WH_007,462,111,14-07-2026 01:37
SKU_002053,WH_008,804,137,05-12-2026 13:11
SKU_002054,WH_010,520,36,03-05-2026 11:04
SKU_002055,WH_008,3,1,06-11-2026 00:07
SKU_002056,WH_004,1,0,10-05-2026 14:59
SKU_002057,WH_009,5,0,21-07-2026 21:08
SKU_002058,WH_006,638,32,31-12-2026 09:34
SKU_002059,WH_006,728,23,20-05-2026 09:20
SKU_002060,WH_001,700,49,17-03-2026 03:57
SKU_002061,WH_004,236,65,22-01-2026 05:29
SKU_002062,WH_010,5,1,16-04-2026 07:16
SKU_002063,WH_005,307,89,17-11-2026 07:00
SKU_002064,WH_010,874,88,04-05-2026 21:54
SKU_002065,WH_010,692,20,15-10-2026 00:45
SKU_002066,WH_006,726,54,26-04-2026 12:38
SKU_002067,WH_003,728,151,23-11-2026 08:31
SKU_002068,WH_001,972,96,18-07-2026 21:55
SKU_002069,WH_010,0,0,01-07-2026 07:08
SKU_002070,WH_004,402,71,13-06-2026 18:06
SKU_002071,WH_002,606,73,15-08-2026 22:32
SKU_002072,WH_006,5,0,26-11-2026 12:34
SKU_002073,WH_010,0,0,19-09-2026 20:28
SKU_002074,WH_008,4,1,29-11-2026 17:01
SKU_002075,WH_007,81,8,05-02-2026 16:37
SKU_002076,WH_004,3,1,22-09-2026 01:37
SKU_002077,WH_009,886,97,16-08-2026 15:09
SKU_002078,WH_003,2,0,13-12-2026 08:12
SKU_002079,WH_003,2,1,25-09-2026 03:07
SKU_002080,WH_008,685,16,24-02-2026 07:46
SKU_002081,WH_009,898,22,24-08-2026 00:25
SKU_002082,WH_001,434,100,02-09-2026 14:14
SKU_002083,WH_002,277,15,20-11-2026 13:00
SKU_002084,WH_005,667,122,27-12-2026 11:52
SKU_002085,WH_001,897,193,13-10-2026 01:57
SKU_002086,WH_001,4,1,12-11-2026 23:53
SKU_002087,WH_009,82,19,19-01-2026 19:33
SKU_002088,WH_006,525,145,27-02-2026 11:48
SKU_002089,WH_005,709,53,15-10-2026 17:33
SKU_002090,WH_004,3,0,16-09-2026 10:55
SKU_002091,WH_007,170,33,16-08-2026 17:42
SKU_002092,WH_004,133,38,28-06-2026 23:33
SKU_002093,WH_009,356,96,31-01-2026 12:45
SKU_002094,WH_004,327,11,15-09-2026 00:07
SKU_002095,WH_007,0,0,29-04-2026 20:16
SKU_002096,WH_006,300,46,12-02-2026 22:38
SKU_002097,WH_007,868,14,06-11-2026 13:51
SKU_002098,WH_004,0,0,06-09-2026 09:31
SKU_002099,WH_009,887,241,23-08-2026 01:02
SKU_002100,WH_001,463,60,16-07-2026 01:33
SKU_002101,WH_009,2,1,02-10-2026 11:11
SKU_002102,WH_006,3,1,20-08-2026 15:35
SKU_002103,WH_001,903,54,03-07-2026 02:52
SKU_002104,WH_009,254,1,30-01-2026 08:32
SKU_002105,WH_003,5,1,28-11-2026 04:10
SKU_002106,WH_010,5,0,31-12-2026 06:21
SKU_002107,WH_010,75,16,23-10-2026 19:50
SKU_002108,WH_002,524,153,17-11-2026 21:55
SKU_002109,WH_003,419,42,02-07-2026 05:48
SKU_002110,WH_002,706,15,26-06-2026 14:32
SKU_002111,WH_002,876,235,08-09-2026 03:04
SKU_002112,WH_006,214,1,30-10-2026 09:52
SKU_002113,WH_009,2,0,30-07-2026 01:21
SKU_002114,WH_004,127,31,24-07-2026 13:43
SKU_002115,WH_008,542,110,20-10-2026 21:26
SKU_002116,WH_004,932,116,20-12-2026 06:23
SKU_002117,WH_001,562,67,28-06-2026 22:44
SKU_002118,WH_006,987,142,29-10-2026 05:31
SKU_002119,WH_009,109,0,14-07-2026 09:32
SKU_002120,WH_009,763,211,10-12-2026 04:08
SKU_002121,WH_003,254,24,19-11-2026 10:10
SKU_002122,WH_004,579,85,14-07-2026 19:37
SKU_002123,WH_003,4,0,30-06-2026 03:36
SKU_002124,WH_006,543,77,09-07-2026 19:32
SKU_002125,WH_009,0,0,27-12-2026 02:42
SKU_002126,WH_006,318,25,20-11-2026 10:35
SKU_002127,WH_006,1,1,16-03-2026 18:47
SKU_002128,WH_005,650,106,06-07-2026 03:00
SKU_002129,WH_007,706,120,01-05-2026 02:26
SKU_002130,WH_008,286,52,16-07-2026 03:02
SKU_002131,WH_006,363,46,19-12-2026 16:33
SKU_002132,WH_007,5,0,05-06-2026 18:37
SKU_002133,WH_004,321,3,09-07-2026 01:22
SKU_002134,WH_009,2,0,12-03-2026 14:30
SKU_002135,WH_002,531,93,06-01-2026 13:59
SKU_002136,WH_003,687,157,07-11-2026 02:03
SKU_002137,WH_002,247,21,22-10-2026 02:20
SKU_002138,WH_002,209,2,09-03-2026 07:36
SKU_002139,WH_004,4,1,31-10-2026 00:06
SKU_002140,WH_004,1,1,08-10-2026 12:04
SKU_002141,WH_001,196,50,12-09-2026 21:23
SKU_002142,WH_001,277,36,20-11-2026 21:53
SKU_002143,WH_004,418,104,11-04-2026 20:31
SKU_002144,WH_009,2,0,20-06-2026 11:33
SKU_002145,WH_002,4,0,30-11-2026 22:31
SKU_002146,WH_007,639,176,27-07-2026 18:21
SKU_002147,WH_001,894,160,15-04-2026 17:40
SKU_002148,WH_004,918,156,18-08-2026 15:18
SKU_002149,WH_005,5,1,29-09-2026 06:57
SKU_002150,WH_009,391,105,12-07-2026 11:02
SKU_002151,WH_001,604,148,14-11-2026 22:10
SKU_002152,WH_006,324,76,12-02-2026 07:41
SKU_002153,WH_005,0,0,14-03-2026 13:10
SKU_002154,WH_003,199,56,20-02-2026 21:20
SKU_002155,WH_002,957,284,08-12-2026 14:22
SKU_002156,WH_004,4,1,27-02-2026 03:35
SKU_002157,WH_009,207,27,14-06-2026 19:09
SKU_002158,WH_002,757,210,22-05-2026 00:42
SKU_002159,WH_001,4,0,18-07-2026 14:45
SKU_002160,WH_004,3,1,11-03-2026 04:14
SKU_002161,WH_007,28,6,24-02-2026 13:30
SKU_002162,WH_006,1,0,08-02-2026 05:12
SKU_002163,WH_004,148,1,21-09-2026 12:12
SKU_002164,WH_005,780,167,07-10-2026 11:56
SKU_002165,WH_004,504,1,30-12-2026 23:57
SKU_002166,WH_009,431,24,28-06-2026 20:50
SKU_002167,WH_001,947,92,25-11-2026 23:13
SKU_002168,WH_008,82,0,23-08-2026 23:47
SKU_002169,WH_001,46,11,03-08-2026 02:14
SKU_002170,WH_010,321,11,30-01-2026 00:19
SKU_002171,WH_001,990,289,07-03-2026 02:53
SKU_002172,WH_010,460,48,16-06-2026 10:51
SKU_002173,WH_001,519,51,29-10-2026 22:50
SKU_002174,WH_005,0,0,01-12-2026 05:14
SKU_002175,WH_007,70,1,29-04-2026 13:29
SKU_002176,WH_003,1,1,28-03-2026 01:38
SKU_002177,WH_007,753,70,15-02-2026 00:51
SKU_002178,WH_001,91,0,13-05-2026 17:14
SKU_002179,WH_002,0,0,16-08-2026 14:50
SKU_002180,WH_007,2,0,15-05-2026 02:56
SKU_002181,WH_007,721,42,22-07-2026 14:46
SKU_002182,WH_005,5,0,27-03-2026 03:50
SKU_002183,WH_003,908,90,19-09-2026 21:14
SKU_002184,WH_008,282,62,08-10-2026 14:44
SKU_002185,WH_006,1,1,01-04-2026 02:14
SKU_002186,WH_004,614,166,29-10-2026 12:55
SKU_002187,WH_002,451,37,21-04-2026 12:49
SKU_002188,WH_003,778,228,13-11-2026 08:44
SKU_002189,WH_004,697,44,29-06-2026 08:23
SKU_002190,WH_003,125,20,07-03-2026 18:54
SKU_002191,WH_002,907,67,03-09-2026 02:05
SKU_002192,WH_002,671,152,24-08-2026 11:53
SKU_002193,WH_001,662,104,28-11-2026 06:35
SKU_002194,WH_007,5,1,31-03-2026 17:53
SKU_002195,WH_003,563,5,15-12-2026 00:08
SKU_002196,WH_009,72,11,21-05-2026 18:34
SKU_002197,WH_003,545,39,22-03-2026 19:50
SKU_002198,WH_008,4,1,09-07-2026 00:32
SKU_002199,WH_009,529,139,05-01-2026 15:38
SKU_002200,WH_007,955,29,02-11-2026 20:32
SKU_002201,WH_007,958,17,31-10-2026 23:38
SKU_002202,WH_001,420,34,25-06-2026 08:21
SKU_002203,WH_005,479,103,14-04-2026 06:10
SKU_002204,WH_008,4,1,20-09-2026 07:22
SKU_002205,WH_004,826,168,08-03-2026 22:27
SKU_002206,WH_006,5,0,02-03-2026 03:54
SKU_002207,WH_009,1,0,26-02-2026 21:30
SKU_002208,WH_001,332,17,24-06-2026 15:25
SKU_002209,WH_010,3,0,06-04-2026 17:14
SKU_002210,WH_006,431,129,27-06-2026 09:39
SKU_002211,WH_008,2,1,13-09-2026 01:45
SKU_002212,WH_009,84,2,06-10-2026 04:44
SKU_002213,WH_001,662,89,17-02-2026 22:22
SKU_002214,WH_004,414,20,27-06-2026 05:08
SKU_002215,WH_003,320,93,20-11-2026 09:53
SKU_002216,WH_006,351,49,26-12-2026 12:51
SKU_002217,WH_007,2,0,09-02-2026 14:10
SKU_002218,WH_010,2,1,07-10-2026 03:33
SKU_002219,WH_006,4,1,22-06-2026 02:49
SKU_002220,WH_006,4,1,09-08-2026 02:10
SKU_002221,WH_005,40,2,20-10-2026 17:59
SKU_002222,WH_001,310,23,28-09-2026 18:27
SKU_002223,WH_001,18,1,29-01-2026 22:14
SKU_002224,WH_001,533,153,15-12-2026 09:16
SKU_002225,WH_005,807,154,27-07-2026 08:29
SKU_002226,WH_001,560,157,18-11-2026 04:19
SKU_002227,WH_005,599,148,24-05-2026 14:37
SKU_002228,WH_001,503,91,25-09-2026 23:07
SKU_002229,WH_008,1,1,27-02-2026 01:59
SKU_002230,WH_004,0,0,30-08-2026 21:34
SKU_002231,WH_008,805,235,22-03-2026 13:22
SKU_002232,WH_003,584,55,08-09-2026 18:58
SKU_002233,WH_006,697,114,30-07-2026 22:47
SKU_002234,WH_002,662,115,13-02-2026 01:45
SKU_002235,WH_008,826,165,10-08-2026 05:16
SKU_002236,WH_006,621,107,04-11-2026 09:16
SKU_002237,WH_004,989,151,16-02-2026 07:10
SKU_002238,WH_009,32,1,25-06-2026 20:41
SKU_002239,WH_001,111,1,10-02-2026 02:03
SKU_002240,WH_001,464,50,18-07-2026 16:40
SKU_002241,WH_008,4,0,08-11-2026 18:56
SKU_002242,WH_006,315,89,07-06-2026 14:50
SKU_002243,WH_006,903,204,03-06-2026 17:43
SKU_002244,WH_007,251,63,13-03-2026 14:40
SKU_002245,WH_005,949,106,07-05-2026 23:11
SKU_002246,WH_008,208,59,13-08-2026 09:31
SKU_002247,WH_003,5,0,02-05-2026 10:04
SKU_002248,WH_008,218,36,04-03-2026 04:14
SKU_002249,WH_004,563,71,06-02-2026 00:28
SKU_002250,WH_001,156,0,07-10-2026 06:12
SKU_002251,WH_005,61,6,07-07-2026 06:29
SKU_002252,WH_002,4,1,06-03-2026 08:32
SKU_002253,WH_006,939,85,17-03-2026 05:45
SKU_002254,WH_001,526,50,19-02-2026 15:46
SKU_002255,WH_005,475,126,17-01-2026 17:52
SKU_002256,WH_007,986,204,03-05-2026 22:58
SKU_002257,WH_006,339,99,15-09-2026 06:36
SKU_002258,WH_001,811,161,23-01-2026 14:39
SKU_002259,WH_002,129,33,02-02-2026 12:48
SKU_002260,WH_004,423,10,11-02-2026 11:11
SKU_002261,WH_003,847,158,24-02-2026 00:55
SKU_002262,WH_006,220,11,07-04-2026 02:33
SKU_002263,WH_003,246,10,02-03-2026 10:43
SKU_002264,WH_001,1,1,11-12-2026 14:21
SKU_002265,WH_010,791,28,16-06-2026 12:34
SKU_002266,WH_001,966,8,11-10-2026 12:40
SKU_002267,WH_005,5,0,24-03-2026 18:21
SKU_002268,WH_010,1,0,25-09-2026 14:41
SKU_002269,WH_001,0,0,12-04-2026 12:17
SKU_002270,WH_006,0,0,11-04-2026 08:08
SKU_002271,WH_008,4,0,12-01-2026 01:23
SKU_002272,WH_006,198,14,18-07-2026 20:25
SKU_002273,WH_003,139,32,08-01-2026 06:42
SKU_002274,WH_003,826,23,16-08-2026 03:04
SKU_002275,WH_007,968,226,03-06-2026 14:55
SKU_002276,WH_002,96,7,23-08-2026 22:39
SKU_002277,WH_001,1,0,24-06-2026 16:27
SKU_002278,WH_007,985,64,18-04-2026 02:24
SKU_002279,WH_002,5,0,04-11-2026 08:44
SKU_002280,WH_002,5,1,21-03-2026 21:32
SKU_002281,WH_004,585,38,14-01-2026 02:45
SKU_002282,WH_006,955,117,08-07-2026 07:52
SKU_002283,WH_010,914,95,18-07-2026 13:39
SKU_002284,WH_003,370,89,19-07-2026 09:25
SKU_002285,WH_004,894,170,02-10-2026 21:35
SKU_002286,WH_007,2,1,29-01-2026 18:04
SKU_002287,WH_008,4,1,16-08-2026 06:40
SKU_002288,WH_006,252,38,05-05-2026 03:11
SKU_002289,WH_005,756,61,15-02-2026 02:02
SKU_002290,WH_002,714,185,23-11-2026 12:19
SKU_002291,WH_009,2,1,10-06-2026 04:35
SKU_002292,WH_001,0,0,19-02-2026 05:37
SKU_002293,WH_003,932,146,03-10-2026 05:43
SKU_002294,WH_009,625,8,05-05-2026 19:01
SKU_002295,WH_004,3,0,01-11-2026 00:15
SKU_002296,WH_007,302,87,23-04-2026 13:36
SKU_002297,WH_007,4,0,24-12-2026 21:19
SKU_002298,WH_003,965,57,10-02-2026 19:43
SKU_002299,WH_010,546,141,06-05-2026 19:38
SKU_002300,WH_005,317,21,20-12-2026 04:36
SKU_002301,WH_009,809,124,01-02-2026 23:50
SKU_002302,WH_006,825,241,15-06-2026 02:28
SKU_002303,WH_003,178,8,25-08-2026 08:09
SKU_002304,WH_006,533,65,28-09-2026 11:25
SKU_002305,WH_002,439,84,17-11-2026 11:38
SKU_002306,WH_008,2,0,21-06-2026 12:18
SKU_002307,WH_005,732,206,19-06-2026 13:16
SKU_002308,WH_007,631,172,28-01-2026 02:01
SKU_002309,WH_006,5,1,24-01-2026 18:13
SKU_002310,WH_004,2,0,23-11-2026 19:14
SKU_002311,WH_005,955,44,18-06-2026 00:08
SKU_002312,WH_003,787,177,03-08-2026 15:05
SKU_002313,WH_003,692,37,01-09-2026 14:49
SKU_002314,WH_009,142,12,25-08-2026 18:13
SKU_002315,WH_007,445,75,26-09-2026 06:47
SKU_002316,WH_005,0,0,28-08-2026 10:31
SKU_002317,WH_006,737,180,12-07-2026 20:33
SKU_002318,WH_006,273,4,06-07-2026 03:24
SKU_002319,WH_006,14,2,25-02-2026 04:01
SKU_002320,WH_007,2,0,20-09-2026 06:25
SKU_002321,WH_009,578,94,22-04-2026 04:31
SKU_002322,WH_010,442,22,28-08-2026 21:47
SKU_002323,WH_001,491,15,10-12-2026 23:01
SKU_002324,WH_003,1,1,03-03-2026 08:37
SKU_002325,WH_003,996,241,19-02-2026 21:05
SKU_002326,WH_004,868,160,19-12-2026 16:53
SKU_002327,WH_002,882,194,20-10-2026 18:31
SKU_002328,WH_001,970,212,10-12-2026 14:12
SKU_002329,WH_008,491,30,05-12-2026 07:02
SKU_002330,WH_004,739,118,27-11-2026 06:36
SKU_002331,WH_005,214,42,01-04-2026 18:24
SKU_002332,WH_004,960,165,22-06-2026 09:24
SKU_002333,WH_006,18,2,27-04-2026 16:26
SKU_002334,WH_010,18,2,06-11-2026 15:44
SKU_002335,WH_008,0,0,19-06-2026 02:27
SKU_002336,WH_010,201,28,03-06-2026 03:47
SKU_002337,WH_010,108,10,10-08-2026 07:59
SKU_002338,WH_006,77,18,10-08-2026 05:02
SKU_002339,WH_008,22,1,04-04-2026 00:08
SKU_002340,WH_005,379,6,28-06-2026 13:12
SKU_002341,WH_006,170,46,31-03-2026 06:30
SKU_002342,WH_009,4,0,02-10-2026 12:21
SKU_002343,WH_003,571,67,20-02-2026 19:19
SKU_002344,WH_001,190,7,07-01-2026 09:12
SKU_002345,WH_006,71,8,20-06-2026 12:06
SKU_002346,WH_007,11,3,24-02-2026 13:58
SKU_002347,WH_004,39,7,09-02-2026 16:04
SKU_002348,WH_008,798,116,13-02-2026 20:06
SKU_002349,WH_009,954,197,04-07-2026 22:06
SKU_002350,WH_004,227,44,14-10-2026 11:49
SKU_002351,WH_009,0,0,20-04-2026 04:01
SKU_002352,WH_004,525,149,26-07-2026 15:09
SKU_002353,WH_010,390,115,22-12-2026 23:28
SKU_002354,WH_005,932,137,03-07-2026 15:38
SKU_002355,WH_010,600,180,01-10-2026 15:02
SKU_002356,WH_009,460,67,29-11-2026 10:18
SKU_002357,WH_009,13,1,07-03-2026 10:34
SKU_002358,WH_009,252,2,03-06-2026 09:38
SKU_002359,WH_009,739,185,03-10-2026 05:55
SKU_002360,WH_010,734,149,03-03-2026 18:27
SKU_002361,WH_008,5,1,18-09-2026 07:20
SKU_002362,WH_007,3,0,01-10-2026 22:31
SKU_002363,WH_001,794,175,08-09-2026 18:31
SKU_002364,WH_009,0,0,21-08-2026 18:33
SKU_002365,WH_002,0,0,13-01-2026 12:22
SKU_002366,WH_003,3,1,07-01-2026 18:16
SKU_002367,WH_001,943,31,15-09-2026 01:40
SKU_002368,WH_002,301,45,15-03-2026 03:25
SKU_002369,WH_001,942,154,01-12-2026 00:12
SKU_002370,WH_005,5,0,25-08-2026 11:42
SKU_002371,WH_007,0,0,08-05-2026 05:48
SKU_002372,WH_009,309,74,11-11-2026 18:54
SKU_002373,WH_001,0,0,27-04-2026 10:34
SKU_002374,WH_008,1,0,04-09-2026 14:59
SKU_002375,WH_006,859,123,08-09-2026 04:00
SKU_002376,WH_001,43,9,06-07-2026 05:54
SKU_002377,WH_001,5,0,13-03-2026 17:52
SKU_002378,WH_004,140,29,18-06-2026 20:17
SKU_002379,WH_002,788,40,06-12-2026 15:05
SKU_002380,WH_004,3,0,21-04-2026 22:12
SKU_002381,WH_008,554,25,27-08-2026 10:51
SKU_002382,WH_010,387,28,05-02-2026 15:07
SKU_002383,WH_001,112,13,02-04-2026 20:19
SKU_002384,WH_001,0,0,23-01-2026 01:54
SKU_002385,WH_007,548,111,20-01-2026 09:08
SKU_002386,WH_004,94,13,17-01-2026 16:15
SKU_002387,WH_004,496,43,13-03-2026 18:16
SKU_002388,WH_004,1,0,15-02-2026 16:46
SKU_002389,WH_005,837,168,13-11-2026 01:46
SKU_002390,WH_007,2,1,07-08-2026 07:10
SKU_002391,WH_006,644,114,14-05-2026 01:59
SKU_002392,WH_008,255,45,11-02-2026 08:14
SKU_002393,WH_001,930,52,12-12-2026 15:56
SKU_002394,WH_004,2,0,18-06-2026 14:42
SKU_002395,WH_004,157,25,30-03-2026 06:42
SKU_002396,WH_008,0,0,13-05-2026 08:59
SKU_002397,WH_004,913,214,04-09-2026 15:47
SKU_002398,WH_006,434,17,19-01-2026 02:08
SKU_002399,WH_006,441,16,13-03-2026 16:49
SKU_002400,WH_004,325,35,11-04-2026 08:13
SKU_002401,WH_003,366,14,12-01-2026 10:56
SKU_002402,WH_001,812,20,05-09-2026 07:29
SKU_002403,WH_001,739,21,25-03-2026 21:28
SKU_002404,WH_005,295,72,19-09-2026 22:34
SKU_002405,WH_008,179,44,11-10-2026 00:14
SKU_002406,WH_009,796,218,20-01-2026 12:22
SKU_002407,WH_004,3,1,17-06-2026 11:27
SKU_002408,WH_005,901,251,04-01-2026 00:51
SKU_002409,WH_007,989,13,14-07-2026 00:44
SKU_002410,WH_009,196,4,26-10-2026 13:12
SKU_002411,WH_010,109,17,28-03-2026 22:36
SKU_002412,WH_004,644,39,18-04-2026 21:55
SKU_002413,WH_008,556,5,01-02-2026 10:32
SKU_002414,WH_007,0,0,08-06-2026 07:40
SKU_002415,WH_002,271,10,24-08-2026 04:38
SKU_002416,WH_008,0,0,05-11-2026 15:42
SKU_002417,WH_008,0,0,24-05-2026 01:08
SKU_002418,WH_001,135,15,21-12-2026 12:30
SKU_002419,WH_005,2,1,20-02-2026 16:34
SKU_002420,WH_005,966,123,14-10-2026 03:42
SKU_002421,WH_001,135,20,21-11-2026 03:53
SKU_002422,WH_003,0,0,27-02-2026 22:08
SKU_002423,WH_008,1,1,15-05-2026 09:35
SKU_002424,WH_005,120,22,01-08-2026 16:34
SKU_002425,WH_001,244,33,01-04-2026 22:21
SKU_002426,WH_002,741,62,26-05-2026 03:07
SKU_002427,WH_005,201,9,20-07-2026 04:10
SKU_002428,WH_006,482,61,26-03-2026 21:20
SKU_002429,WH_004,992,86,11-06-2026 23:59
SKU_002430,WH_009,5,0,13-07-2026 01:46
SKU_002431,WH_008,183,44,27-11-2026 17:03
SKU_002432,WH_005,0,0,01-04-2026 12:54
SKU_002433,WH_001,3,0,09-02-2026 16:08
SKU_002434,WH_004,232,54,08-11-2026 21:28
SKU_002435,WH_008,144,12,28-04-2026 12:17
SKU_002436,WH_003,4,1,21-04-2026 12:33
SKU_002437,WH_005,5,1,03-10-2026 15:41
SKU_002438,WH_001,95,12,23-02-2026 20:21
SKU_002439,WH_008,500,100,10-10-2026 17:48
SKU_002440,WH_008,477,34,17-12-2026 12:00
SKU_002441,WH_010,699,182,04-01-2026 08:08
SKU_002442,WH_008,448,10,15-03-2026 13:17
SKU_002443,WH_002,5,1,14-08-2026 03:52
SKU_002444,WH_008,3,1,03-12-2026 04:27
SKU_002445,WH_002,937,171,17-08-2026 14:15
SKU_002446,WH_006,0,0,20-10-2026 15:15
SKU_002447,WH_005,17,1,13-09-2026 22:27
SKU_002448,WH_004,3,1,21-08-2026 22:27
SKU_002449,WH_003,146,33,25-04-2026 16:54
SKU_002450,WH_005,0,0,01-09-2026 03:20
SKU_002451,WH_008,358,69,22-02-2026 10:26
SKU_002452,WH_007,288,46,22-01-2026 00:00
SKU_002453,WH_010,0,0,11-12-2026 02:16
SKU_002454,WH_008,79,12,29-01-2026 13:12
SKU_002455,WH_001,912,156,03-11-2026 23:03
SKU_002456,WH_003,370,51,15-10-2026 12:42
SKU_002457,WH_007,345,88,09-07-2026 18:28
SKU_002458,WH_005,146,38,14-12-2026 12:52
SKU_002459,WH_001,48,11,29-03-2026 01:21
SKU_002460,WH_009,5,1,25-07-2026 20:54
SKU_002461,WH_004,734,203,23-02-2026 09:50
SKU_002462,WH_010,633,19,14-09-2026 18:39
SKU_002463,WH_003,548,6,25-04-2026 14:27
SKU_002464,WH_007,153,29,27-07-2026 04:56
SKU_002465,WH_008,748,70,03-05-2026 18:38
SKU_002466,WH_005,1,1,16-08-2026 13:52
SKU_002467,WH_004,3,0,16-02-2026 10:01
SKU_002468,WH_001,512,31,15-05-2026 16:27
SKU_002469,WH_009,534,105,02-06-2026 03:54
SKU_002470,WH_007,255,52,29-12-2026 08:56
SKU_002471,WH_008,216,11,29-12-2026 00:38
SKU_002472,WH_002,3,0,12-04-2026 04:18
SKU_002473,WH_001,0,0,18-09-2026 18:56
SKU_002474,WH_005,4,1,15-04-2026 11:31
SKU_002475,WH_007,4,0,25-01-2026 08:18
SKU_002476,WH_001,531,89,24-07-2026 01:28
SKU_002477,WH_003,399,119,03-01-2026 06:13
SKU_002478,WH_004,796,233,03-08-2026 06:53
SKU_002479,WH_008,804,73,02-07-2026 23:25
SKU_002480,WH_003,3,0,14-12-2026 18:18
SKU_002481,WH_005,9,1,04-09-2026 14:26
SKU_002482,WH_006,611,100,28-03-2026 09:12
SKU_002483,WH_006,4,0,15-10-2026 22:27
SKU_002484,WH_009,1,0,27-08-2026 04:22
SKU_002485,WH_006,209,16,15-09-2026 08:27
SKU_002486,WH_006,239,63,12-08-2026 12:51
SKU_002487,WH_004,498,56,25-08-2026 16:30
SKU_002488,WH_010,874,114,04-02-2026 16:06
SKU_002489,WH_002,2,1,13-10-2026 09:02
SKU_002490,WH_009,77,18,19-03-2026 15:06
SKU_002491,WH_002,0,0,12-08-2026 20:11
SKU_002492,WH_009,627,16,27-05-2026 23:02
SKU_002493,WH_006,2,0,21-05-2026 11:00
SKU_002494,WH_010,484,24,11-05-2026 01:26
SKU_002495,WH_010,998,80,21-06-2026 23:59
SKU_002496,WH_010,5,1,13-11-2026 03:06
SKU_002497,WH_003,93,14,25-08-2026 06:33
SKU_002498,WH_009,0,0,11-06-2026 07:32
SKU_002499,WH_005,843,229,10-07-2026 01:43
SKU_002500,WH_004,0,0,20-08-2026 23:47
SKU_002501,WH_002,690,166,25-05-2026 08:28
SKU_002502,WH_009,0,0,20-09-2026 09:28
SKU_002503,WH_009,765,100,14-01-2026 02:09
SKU_002504,WH_009,253,11,12-04-2026 18:15
SKU_002505,WH_001,912,161,18-01-2026 13:30
SKU_002506,WH_003,261,45,16-09-2026 12:36
SKU_002507,WH_008,4,1,15-02-2026 01:37
SKU_002508,WH_007,1,1,10-09-2026 00:22
SKU_002509,WH_001,603,162,05-07-2026 00:19
SKU_002510,WH_008,68,8,12-05-2026 19:50
SKU_002511,WH_003,141,33,26-04-2026 11:48
SKU_002512,WH_006,488,82,27-01-2026 10:50
SKU_002513,WH_006,73,7,01-10-2026 14:35
SKU_002514,WH_001,546,142,29-11-2026 14:53
SKU_002515,WH_008,458,128,02-11-2026 23:25
SKU_002516,WH_008,465,20,17-05-2026 15:09
SKU_002517,WH_005,353,34,02-02-2026 20:52
SKU_002518,WH_002,445,84,08-04-2026 22:25
SKU_002519,WH_002,338,101,27-08-2026 16:25
SKU_002520,WH_003,404,54,01-12-2026 22:14
SKU_002521,WH_003,1,1,02-07-2026 12:57
SKU_002522,WH_010,201,58,17-12-2026 22:18
SKU_002523,WH_004,69,14,24-03-2026 18:18
SKU_002524,WH_007,596,116,08-07-2026 11:57
SKU_002525,WH_006,27,3,14-03-2026 14:23
SKU_002526,WH_001,227,54,05-02-2026 02:39
SKU_002527,WH_005,5,0,12-11-2026 20:46
SKU_002528,WH_002,547,118,17-08-2026 05:54
SKU_002529,WH_001,436,105,02-02-2026 04:19
SKU_002530,WH_010,259,48,17-03-2026 19:29
SKU_002531,WH_007,965,171,06-04-2026 14:53
SKU_002532,WH_008,3,1,13-07-2026 09:14
SKU_002533,WH_010,883,97,20-09-2026 06:39
SKU_002534,WH_001,985,257,21-08-2026 12:25
SKU_002535,WH_008,388,114,02-11-2026 12:32
SKU_002536,WH_010,806,199,17-11-2026 11:59
SKU_002537,WH_002,433,13,24-07-2026 20:43
SKU_002538,WH_007,270,30,03-05-2026 00:06
SKU_002539,WH_005,171,13,01-12-2026 02:29
SKU_002540,WH_003,433,78,14-05-2026 22:21
SKU_002541,WH_006,372,29,08-10-2026 12:38
SKU_002542,WH_006,3,0,11-10-2026 08:38
SKU_002543,WH_008,0,0,09-12-2026 04:57
SKU_002544,WH_004,994,182,16-07-2026 00:04
SKU_002545,WH_001,889,254,08-04-2026 08:26
SKU_002546,WH_008,637,34,29-12-2026 18:47
SKU_002547,WH_004,807,160,05-02-2026 05:17
SKU_002548,WH_003,0,0,09-01-2026 12:45
SKU_002549,WH_009,501,134,03-07-2026 06:59
SKU_002550,WH_008,1,0,04-02-2026 06:35
SKU_002551,WH_003,0,0,07-11-2026 03:18
SKU_002552,WH_006,5,0,19-03-2026 18:37
SKU_002553,WH_009,639,53,19-11-2026 17:33
SKU_002554,WH_003,0,0,02-12-2026 02:33
SKU_002555,WH_008,559,39,02-01-2026 18:05
SKU_002556,WH_001,934,244,20-05-2026 06:52
SKU_002557,WH_004,255,61,21-11-2026 13:40
SKU_002558,WH_010,602,5,24-01-2026 16:36
SKU_002559,WH_001,22,1,15-06-2026 12:51
SKU_002560,WH_008,849,212,29-05-2026 02:36
SKU_002561,WH_010,821,100,22-01-2026 19:58
SKU_002562,WH_003,489,117,10-06-2026 02:26
SKU_002563,WH_002,0,0,26-12-2026 05:48
SKU_002564,WH_008,906,89,27-08-2026 02:50
SKU_002565,WH_005,290,47,17-03-2026 20:36
SKU_002566,WH_009,1,1,30-09-2026 23:40
SKU_002567,WH_006,0,0,26-11-2026 05:23
SKU_002568,WH_009,281,45,09-03-2026 15:46
SKU_002569,WH_003,619,14,26-03-2026 17:05
SKU_002570,WH_008,479,98,15-03-2026 03:41
SKU_002571,WH_004,655,4,29-07-2026 11:11
SKU_002572,WH_006,295,48,02-05-2026 02:40
SKU_002573,WH_005,480,113,01-07-2026 06:26
SKU_002574,WH_010,297,86,28-01-2026 02:35
SKU_002575,WH_003,6,1,01-06-2026 00:09
SKU_002576,WH_003,642,161,05-11-2026 16:50
SKU_002577,WH_007,50,12,25-06-2026 05:34
SKU_002578,WH_004,570,1,16-02-2026 11:01
SKU_002579,WH_002,345,85,04-06-2026 23:41
SKU_002580,WH_010,338,99,23-07-2026 21:14
SKU_002581,WH_008,308,53,12-04-2026 20:58
SKU_002582,WH_005,3,1,07-04-2026 07:19
SKU_002583,WH_002,13,3,25-07-2026 09:44
SKU_002584,WH_002,984,214,08-11-2026 01:23
SKU_002585,WH_008,650,111,22-12-2026 05:29
SKU_002586,WH_007,352,4,04-01-2026 08:23
SKU_002587,WH_002,4,0,22-11-2026 14:38
SKU_002588,WH_001,1,1,29-10-2026 08:36
SKU_002589,WH_007,5,1,02-12-2026 06:19
SKU_002590,WH_004,0,0,20-04-2026 19:59
SKU_002591,WH_001,703,182,10-09-2026 13:51
SKU_002592,WH_009,942,97,04-11-2026 23:31
SKU_002593,WH_003,947,171,04-10-2026 18:15
SKU_002594,WH_006,3,1,17-10-2026 06:50
SKU_002595,WH_004,476,105,04-01-2026 01:07
SKU_002596,WH_007,781,51,14-10-2026 09:34
SKU_002597,WH_001,0,0,23-03-2026 18:04
SKU_002598,WH_003,304,31,22-02-2026 13:13
SKU_002599,WH_003,399,36,06-01-2026 15:20
SKU_002600,WH_010,577,131,28-09-2026 01:24
SKU_002601,WH_001,418,85,01-06-2026 02:38
SKU_002602,WH_003,0,0,01-08-2026 16:21
SKU_002603,WH_009,507,17,20-06-2026 19:04
SKU_002604,WH_009,661,194,05-09-2026 10:40
SKU_002605,WH_008,271,47,03-01-2026 10:47
SKU_002606,WH_005,1,0,23-01-2026 06:25
SKU_002607,WH_003,1,0,11-04-2026 18:14
SKU_002608,WH_003,290,60,31-12-2026 13:40
SKU_002609,WH_003,168,35,27-08-2026 19:58
SKU_002610,WH_006,657,186,04-10-2026 00:41
SKU_002611,WH_002,527,114,28-02-2026 07:14
SKU_002612,WH_001,1,0,24-02-2026 11:59
SKU_002613,WH_009,580,135,25-04-2026 03:04
SKU_002614,WH_008,396,14,04-06-2026 03:22
SKU_002615,WH_004,2,0,11-06-2026 09:22
SKU_002616,WH_009,444,80,30-10-2026 22:45
SKU_002617,WH_008,805,89,15-02-2026 02:45
SKU_002618,WH_006,4,1,11-02-2026 18:12
SKU_002619,WH_001,4,1,22-05-2026 01:37
SKU_002620,WH_001,1,0,03-03-2026 22:28
SKU_002621,WH_008,869,55,25-06-2026 00:22
SKU_002622,WH_008,903,219,20-08-2026 10:38
SKU_002623,WH_004,0,0,15-08-2026 23:45
SKU_002624,WH_002,44,12,27-04-2026 19:20
SKU_002625,WH_009,598,54,08-04-2026 21:46
SKU_002626,WH_010,520,51,11-02-2026 19:46
SKU_002627,WH_006,3,1,21-11-2026 07:56
SKU_002628,WH_006,2,1,10-03-2026 20:20
SKU_002629,WH_001,1,0,08-06-2026 19:47
SKU_002630,WH_007,374,103,10-06-2026 08:20
SKU_002631,WH_005,619,4,05-01-2026 02:56
SKU_002632,WH_002,219,60,04-01-2026 17:02
SKU_002633,WH_006,5,1,02-03-2026 19:26
SKU_002634,WH_006,543,10,05-11-2026 04:21
SKU_002635,WH_003,754,106,15-12-2026 04:23
SKU_002636,WH_005,697,64,28-06-2026 20:35
SKU_002637,WH_005,296,58,10-11-2026 20:14
SKU_002638,WH_004,2,1,07-12-2026 11:32
SKU_002639,WH_002,444,2,27-11-2026 12:46
SKU_002640,WH_007,113,28,04-10-2026 08:58
SKU_002641,WH_010,684,164,04-07-2026 12:25
SKU_002642,WH_002,0,0,06-10-2026 19:42
SKU_002643,WH_010,167,5,03-11-2026 15:00
SKU_002644,WH_003,701,30,03-11-2026 18:49
SKU_002645,WH_007,117,24,22-02-2026 05:41
SKU_002646,WH_001,0,0,19-07-2026 16:27
SKU_002647,WH_007,1,0,10-01-2026 11:25
SKU_002648,WH_010,848,225,19-10-2026 08:15
SKU_002649,WH_006,473,4,23-08-2026 11:47
SKU_002650,WH_007,953,236,18-01-2026 04:32
SKU_002651,WH_010,95,15,04-12-2026 23:16
SKU_002652,WH_010,0,0,22-12-2026 13:27
SKU_002653,WH_010,0,0,30-01-2026 07:36
SKU_002654,WH_004,0,0,02-12-2026 07:55
SKU_002655,WH_007,649,160,26-09-2026 10:23
SKU_002656,WH_001,502,73,22-11-2026 21:49
SKU_002657,WH_006,422,71,27-07-2026 13:07
SKU_002658,WH_002,339,15,05-04-2026 09:32
SKU_002659,WH_002,744,218,02-06-2026 13:35
SKU_002660,WH_007,2,1,13-08-2026 11:30
SKU_002661,WH_004,4,1,10-09-2026 22:21
SKU_002662,WH_005,947,210,29-05-2026 16:46
SKU_002663,WH_006,322,92,15-06-2026 20:29
SKU_002664,WH_003,653,136,06-07-2026 03:12
SKU_002665,WH_006,628,67,24-08-2026 19:03
SKU_002666,WH_007,0,0,14-04-2026 02:52
SKU_002667,WH_007,0,0,16-04-2026 19:36
SKU_002668,WH_006,4,0,11-07-2026 08:49
SKU_002669,WH_002,939,260,24-07-2026 05:45
SKU_002670,WH_001,395,94,23-11-2026 12:55
SKU_002671,WH_007,538,114,24-09-2026 14:40
SKU_002672,WH_009,105,14,18-10-2026 21:19
SKU_002673,WH_002,4,0,16-01-2026 06:29
SKU_002674,WH_006,0,0,29-12-2026 09:42
SKU_002675,WH_004,242,57,26-05-2026 11:02
SKU_002676,WH_006,550,21,22-11-2026 17:28
SKU_002677,WH_010,1,1,25-12-2026 23:06
SKU_002678,WH_007,871,172,03-10-2026 08:37
SKU_002679,WH_010,371,49,20-01-2026 13:12
SKU_002680,WH_008,983,204,12-01-2026 08:49
SKU_002681,WH_010,4,0,15-01-2026 03:54
SKU_002682,WH_003,845,214,21-08-2026 05:47
SKU_002683,WH_004,5,0,29-10-2026 17:13
SKU_002684,WH_002,0,0,26-12-2026 07:55
SKU_002685,WH_002,1,1,11-09-2026 18:46
SKU_002686,WH_001,1,0,28-04-2026 04:10
SKU_002687,WH_005,835,146,23-03-2026 02:51
SKU_002688,WH_006,3,0,10-05-2026 05:51
SKU_002689,WH_010,5,1,18-02-2026 02:55
SKU_002690,WH_003,803,40,25-06-2026 20:33
SKU_002691,WH_005,427,23,02-06-2026 19:43
SKU_002692,WH_001,396,85,29-04-2026 09:42
SKU_002693,WH_008,299,55,10-03-2026 08:45
SKU_002694,WH_004,3,1,16-07-2026 16:15
SKU_002695,WH_005,4,1,13-06-2026 18:19
SKU_002696,WH_005,751,159,16-12-2026 23:29
SKU_002697,WH_002,0,0,14-09-2026 11:47
SKU_002698,WH_009,5,0,21-01-2026 01:27
SKU_002699,WH_005,1,0,22-03-2026 04:36
SKU_002700,WH_010,20,5,04-01-2026 00:31
SKU_002701,WH_007,691,34,13-12-2026 15:25
SKU_002702,WH_008,2,0,29-03-2026 15:33
SKU_002703,WH_005,490,20,08-03-2026 12:15
SKU_002704,WH_007,352,6,16-08-2026 01:06
SKU_002705,WH_010,1,0,06-07-2026 19:09
SKU_002706,WH_002,183,52,10-08-2026 04:52
SKU_002707,WH_008,178,27,10-10-2026 04:37
SKU_002708,WH_010,141,21,06-07-2026 10:01
SKU_002709,WH_004,849,129,01-07-2026 11:05
SKU_002710,WH_010,144,30,01-03-2026 08:34
SKU_002711,WH_010,0,0,08-07-2026 20:08
SKU_002712,WH_002,4,1,24-11-2026 19:15
SKU_002713,WH_009,310,78,28-10-2026 01:30
SKU_002714,WH_003,963,83,15-06-2026 05:22
SKU_002715,WH_002,278,37,18-04-2026 06:00
SKU_002716,WH_008,0,0,29-01-2026 19:21
SKU_002717,WH_008,0,0,17-02-2026 06:30
SKU_002718,WH_010,357,100,03-08-2026 06:26
SKU_002719,WH_003,4,0,11-06-2026 04:58
SKU_002720,WH_007,176,19,24-01-2026 13:50
SKU_002721,WH_010,3,0,04-10-2026 09:05
SKU_002722,WH_006,81,19,21-07-2026 14:07
SKU_002723,WH_005,0,0,10-12-2026 08:25
SKU_002724,WH_002,124,17,02-04-2026 03:47
SKU_002725,WH_005,0,0,11-01-2026 06:43
SKU_002726,WH_004,620,165,26-03-2026 14:48
SKU_002727,WH_010,3,0,04-02-2026 11:32
SKU_002728,WH_007,880,72,16-04-2026 08:35
SKU_002729,WH_008,0,0,06-10-2026 08:38
SKU_002730,WH_010,108,7,25-09-2026 18:18
SKU_002731,WH_005,624,169,10-07-2026 00:05
SKU_002732,WH_005,857,48,21-11-2026 17:35
SKU_002733,WH_010,531,127,26-01-2026 07:43
SKU_002734,WH_003,334,25,27-11-2026 22:50
SKU_002735,WH_008,539,113,02-09-2026 02:22
SKU_002736,WH_010,3,0,07-03-2026 05:49
SKU_002737,WH_008,763,57,19-08-2026 04:21
SKU_002738,WH_002,3,0,24-02-2026 17:21
SKU_002739,WH_003,897,165,10-02-2026 14:08
SKU_002740,WH_007,447,8,30-10-2026 12:08
SKU_002741,WH_003,3,1,23-10-2026 19:57
SKU_002742,WH_005,849,14,29-12-2026 04:03
SKU_002743,WH_008,20,0,26-07-2026 10:30
SKU_002744,WH_009,700,169,16-04-2026 15:26
SKU_002745,WH_007,182,11,09-05-2026 12:29
SKU_002746,WH_008,121,17,07-06-2026 22:42
SKU_002747,WH_010,1,1,01-10-2026 03:23
SKU_002748,WH_007,19,0,26-09-2026 22:37
SKU_002749,WH_007,511,131,05-02-2026 00:54
SKU_002750,WH_002,66,7,18-07-2026 17:11
SKU_002751,WH_005,410,90,29-10-2026 06:07
SKU_002752,WH_005,253,23,19-11-2026 16:25
SKU_002753,WH_006,684,24,19-09-2026 03:51
SKU_002754,WH_001,764,37,11-08-2026 19:21
SKU_002755,WH_009,68,15,20-03-2026 11:43
SKU_002756,WH_009,799,193,11-03-2026 02:42
SKU_002757,WH_010,489,136,02-07-2026 01:41
SKU_002758,WH_004,4,0,11-01-2026 23:06
SKU_002759,WH_004,5,0,27-04-2026 10:06
SKU_002760,WH_002,339,95,25-09-2026 03:25
SKU_002761,WH_002,209,7,05-02-2026 12:26
SKU_002762,WH_001,403,104,03-08-2026 20:04
SKU_002763,WH_009,203,35,10-10-2026 16:07
SKU_002764,WH_005,615,28,01-03-2026 01:28
SKU_002765,WH_002,208,62,08-09-2026 18:10
SKU_002766,WH_001,905,81,13-10-2026 11:51
SKU_002767,WH_003,1,1,04-09-2026 07:05
SKU_002768,WH_001,3,1,20-03-2026 05:20
SKU_002769,WH_007,2,0,02-02-2026 19:15
SKU_002770,WH_009,3,1,20-12-2026 16:14
SKU_002771,WH_004,285,21,20-10-2026 12:19
SKU_002772,WH_002,279,49,13-07-2026 04:35
SKU_002773,WH_003,5,0,21-01-2026 14:01
SKU_002774,WH_004,4,0,23-11-2026 16:52
SKU_002775,WH_009,438,45,21-12-2026 01:03
SKU_002776,WH_003,581,156,17-02-2026 16:32
SKU_002777,WH_010,731,88,17-01-2026 11:16
SKU_002778,WH_004,3,1,18-08-2026 18:53
SKU_002779,WH_006,755,224,23-04-2026 07:46
SKU_002780,WH_006,106,12,30-04-2026 18:15
SKU_002781,WH_007,550,15,21-06-2026 23:23
SKU_002782,WH_003,433,73,11-01-2026 18:17
SKU_002783,WH_001,203,53,17-05-2026 23:09
SKU_002784,WH_007,118,8,06-11-2026 19:02
SKU_002785,WH_002,394,9,09-11-2026 03:50
SKU_002786,WH_003,936,28,09-07-2026 22:04
SKU_002787,WH_010,257,27,07-11-2026 07:18
SKU_002788,WH_010,924,124,09-10-2026 19:48
SKU_002789,WH_005,0,0,29-09-2026 14:52
SKU_002790,WH_001,121,12,12-11-2026 09:41
SKU_002791,WH_008,734,162,09-08-2026 12:05
SKU_002792,WH_007,2,0,23-08-2026 03:33
SKU_002793,WH_004,393,24,02-05-2026 11:27
SKU_002794,WH_006,397,68,15-11-2026 02:44
SKU_002795,WH_002,472,23,09-07-2026 06:23
SKU_002796,WH_003,89,19,22-03-2026 00:52
SKU_002797,WH_003,619,111,20-09-2026 20:11
SKU_002798,WH_009,590,169,29-03-2026 21:38
SKU_002799,WH_006,4,0,20-04-2026 16:06
SKU_002800,WH_003,4,0,04-09-2026 00:00
SKU_002801,WH_005,703,86,25-02-2026 11:19
SKU_002802,WH_009,833,140,08-11-2026 11:27
SKU_002803,WH_002,510,14,04-11-2026 00:55
SKU_002804,WH_010,859,114,01-03-2026 00:37
SKU_002805,WH_002,369,37,22-06-2026 21:02
SKU_002806,WH_005,428,28,23-02-2026 23:33
SKU_002807,WH_001,5,1,30-09-2026 04:36
SKU_002808,WH_006,922,103,02-04-2026 21:42
SKU_002809,WH_002,761,7,13-04-2026 22:49
SKU_002810,WH_005,180,51,02-03-2026 06:42
SKU_002811,WH_004,975,79,24-03-2026 03:24
SKU_002812,WH_001,3,1,20-08-2026 11:07
SKU_002813,WH_005,561,114,12-10-2026 15:20
SKU_002814,WH_010,335,29,03-05-2026 18:41
SKU_002815,WH_008,197,23,28-05-2026 12:25
SKU_002816,WH_007,640,142,16-08-2026 04:59
SKU_002817,WH_005,181,17,03-01-2026 14:31
SKU_002818,WH_006,0,0,04-09-2026 03:56
SKU_002819,WH_005,225,13,03-01-2026 21:58
SKU_002820,WH_009,848,134,10-02-2026 05:36
SKU_002821,WH_010,0,0,31-05-2026 07:32
SKU_002822,WH_003,2,0,30-07-2026 06:48
SKU_002823,WH_010,652,192,07-01-2026 21:13
SKU_002824,WH_007,289,29,10-11-2026 07:08
SKU_002825,WH_003,617,136,20-04-2026 03:09
SKU_002826,WH_010,482,77,15-09-2026 02:20
SKU_002827,WH_003,79,19,24-12-2026 17:35
SKU_002828,WH_003,585,108,18-11-2026 09:25
SKU_002829,WH_002,2,0,23-04-2026 02:43
SKU_002830,WH_010,382,9,04-03-2026 07:42
SKU_002831,WH_002,965,73,29-10-2026 01:54
SKU_002832,WH_007,639,127,06-01-2026 22:35
SKU_002833,WH_010,3,0,08-05-2026 02:20
SKU_002834,WH_005,548,155,30-04-2026 09:36
SKU_002835,WH_002,75,9,11-05-2026 09:32
SKU_002836,WH_006,494,65,14-12-2026 08:52
SKU_002837,WH_008,506,28,10-11-2026 18:06
SKU_002838,WH_010,715,117,20-11-2026 00:41
SKU_002839,WH_005,2,1,17-10-2026 10:19
SKU_002840,WH_009,659,138,14-12-2026 04:17
SKU_002841,WH_001,0,0,11-12-2026 15:38
SKU_002842,WH_006,994,5,04-08-2026 14:08
SKU_002843,WH_004,1,1,07-06-2026 18:59
SKU_002844,WH_007,933,75,18-06-2026 04:30
SKU_002845,WH_005,752,131,24-06-2026 01:07
SKU_002846,WH_006,272,6,01-10-2026 21:18
SKU_002847,WH_009,921,274,06-03-2026 03:07
SKU_002848,WH_006,311,22,31-10-2026 04:01
SKU_002849,WH_007,947,45,21-11-2026 21:31
SKU_002850,WH_006,797,87,02-11-2026 11:25
SKU_002851,WH_001,702,204,01-06-2026 16:24
SKU_002852,WH_005,4,0,17-02-2026 03:06
SKU_002853,WH_001,426,59,24-05-2026 01:46
SKU_002854,WH_009,771,45,06-08-2026 18:15
SKU_002855,WH_006,10,0,03-07-2026 08:31
SKU_002856,WH_001,448,47,15-03-2026 18:43
SKU_002857,WH_008,554,80,04-07-2026 13:43
SKU_002858,WH_001,476,123,30-06-2026 08:00
SKU_002859,WH_009,829,231,08-02-2026 10:43
SKU_002860,WH_003,673,185,23-03-2026 21:47
SKU_002861,WH_001,975,221,22-05-2026 13:21
SKU_002862,WH_007,750,171,14-01-2026 05:15
SKU_002863,WH_010,179,24,02-08-2026 08:02
SKU_002864,WH_008,0,0,16-05-2026 00:35
SKU_002865,WH_006,796,148,13-04-2026 04:14
SKU_002866,WH_006,2,0,13-10-2026 22:43
SKU_002867,WH_007,818,86,04-07-2026 15:42
SKU_002868,WH_004,0,0,28-12-2026 02:23
SKU_002869,WH_003,378,48,09-07-2026 10:38
SKU_002870,WH_004,984,27,21-01-2026 19:04
SKU_002871,WH_002,4,0,12-09-2026 11:10
SKU_002872,WH_009,626,12,26-12-2026 19:45
SKU_002873,WH_005,448,57,08-01-2026 00:41
SKU_002874,WH_005,891,188,14-05-2026 12:11
SKU_002875,WH_003,799,138,04-05-2026 07:08
SKU_002876,WH_008,795,149,08-09-2026 20:05
SKU_002877,WH_009,635,110,16-06-2026 12:16
SKU_002878,WH_007,690,130,15-08-2026 21:12
SKU_002879,WH_007,685,157,05-11-2026 21:25
SKU_002880,WH_006,514,36,09-10-2026 19:13
SKU_002881,WH_010,104,18,09-02-2026 22:43
SKU_002882,WH_002,812,55,05-04-2026 04:09
SKU_002883,WH_007,444,117,24-07-2026 19:44
SKU_002884,WH_005,997,224,03-12-2026 21:30
SKU_002885,WH_001,789,204,19-02-2026 14:56
SKU_002886,WH_003,814,229,20-02-2026 21:32
SKU_002887,WH_009,0,0,05-12-2026 12:28
SKU_002888,WH_008,571,57,07-02-2026 15:07
SKU_002889,WH_003,779,109,30-05-2026 17:47
SKU_002890,WH_009,989,146,21-12-2026 23:04
SKU_002891,WH_002,486,95,20-04-2026 07:54
SKU_002892,WH_007,880,116,01-06-2026 18:42
SKU_002893,WH_009,1,0,11-02-2026 09:50
SKU_002894,WH_009,53,6,21-07-2026 14:19
SKU_002895,WH_004,114,0,07-01-2026 08:53
SKU_002896,WH_010,461,103,16-12-2026 14:06
SKU_002897,WH_007,44,7,15-10-2026 03:55
SKU_002898,WH_003,486,119,08-08-2026 19:23
SKU_002899,WH_005,663,151,28-09-2026 23:27
SKU_002900,WH_002,596,120,30-09-2026 05:50
SKU_002901,WH_010,652,74,26-05-2026 11:06
SKU_002902,WH_005,0,0,09-04-2026 14:20
SKU_002903,WH_004,0,0,15-01-2026 23:40
SKU_002904,WH_010,728,92,27-09-2026 03:41
SKU_002905,WH_009,132,16,02-01-2026 12:46
SKU_002906,WH_009,380,24,29-05-2026 11:27
SKU_002907,WH_005,573,29,05-10-2026 21:22
SKU_002908,WH_009,535,119,25-09-2026 06:49
SKU_002909,WH_006,5,1,10-04-2026 14:32
SKU_002910,WH_007,662,22,03-01-2026 03:45
SKU_002911,WH_005,658,72,07-02-2026 23:45
SKU_002912,WH_003,882,260,12-04-2026 11:47
SKU_002913,WH_003,613,19,05-10-2026 06:54
SKU_002914,WH_008,869,236,06-03-2026 07:29
SKU_002915,WH_007,462,61,06-02-2026 02:07
SKU_002916,WH_006,944,201,18-01-2026 04:42
SKU_002917,WH_002,344,19,14-02-2026 20:10
SKU_002918,WH_002,471,31,31-05-2026 16:44
SKU_002919,WH_009,0,0,16-07-2026 19:54
SKU_002920,WH_002,0,0,01-10-2026 01:22
SKU_002921,WH_005,962,256,14-02-2026 21:03
SKU_002922,WH_008,3,0,11-08-2026 07:28
SKU_002923,WH_005,5,0,05-12-2026 17:43
SKU_002924,WH_008,856,98,12-03-2026 05:57
SKU_002925,WH_002,319,66,10-06-2026 17:18
SKU_002926,WH_009,416,99,22-07-2026 00:28
SKU_002927,WH_001,665,131,03-09-2026 07:14
SKU_002928,WH_004,277,46,20-11-2026 04:53
SKU_002929,WH_006,233,33,27-02-2026 19:57
SKU_002930,WH_003,858,133,22-03-2026 11:12
SKU_002931,WH_009,604,121,18-06-2026 21:56
SKU_002932,WH_009,668,164,09-08-2026 07:48
SKU_002933,WH_009,5,1,28-10-2026 05:35
SKU_002934,WH_003,140,21,08-02-2026 22:57
SKU_002935,WH_007,570,165,24-08-2026 21:06
SKU_002936,WH_003,38,6,07-04-2026 06:47
SKU_002937,WH_006,499,109,16-01-2026 15:50
SKU_002938,WH_005,3,0,08-07-2026 00:24
SKU_002939,WH_008,725,195,02-04-2026 19:57
SKU_002940,WH_007,31,7,13-08-2026 14:44
SKU_002941,WH_009,472,50,06-05-2026 07:09
SKU_002942,WH_010,942,180,28-05-2026 16:26
SKU_002943,WH_007,507,105,12-07-2026 13:47
SKU_002944,WH_002,389,99,20-03-2026 09:19
SKU_002945,WH_009,0,0,12-10-2026 03:17
SKU_002946,WH_009,4,0,15-06-2026 05:25
SKU_002947,WH_006,1,0,31-01-2026 06:01
SKU_002948,WH_002,605,143,05-08-2026 18:57
SKU_002949,WH_010,213,19,11-09-2026 21:19
SKU_002950,WH_002,296,70,16-01-2026 18:23
SKU_002951,WH_010,337,49,01-04-2026 02:35
SKU_002952,WH_008,505,55,03-12-2026 12:37
SKU_002953,WH_008,0,0,08-10-2026 04:26
SKU_002954,WH_006,444,70,19-10-2026 01:40
SKU_002955,WH_004,0,0,09-12-2026 17:03
SKU_002956,WH_004,293,86,21-09-2026 09:56
SKU_002957,WH_005,347,19,16-05-2026 20:11
SKU_002958,WH_005,989,75,08-01-2026 06:45
SKU_002959,WH_009,0,0,15-06-2026 22:40
SKU_002960,WH_007,330,22,14-01-2026 12:50
SKU_002961,WH_003,211,59,24-03-2026 23:23
SKU_002962,WH_001,0,0,07-11-2026 23:57
SKU_002963,WH_009,56,8,20-11-2026 08:35
SKU_002964,WH_010,492,84,09-05-2026 13:25
SKU_002965,WH_002,3,0,02-06-2026 22:35
SKU_002966,WH_008,335,86,14-02-2026 08:35
SKU_002967,WH_001,839,170,03-04-2026 12:22
SKU_002968,WH_007,715,11,15-12-2026 20:27
SKU_002969,WH_001,343,93,11-10-2026 16:05
SKU_002970,WH_005,0,0,07-11-2026 21:43
SKU_002971,WH_001,576,65,11-04-2026 00:53
SKU_002972,WH_009,1,0,23-08-2026 11:58
SKU_002973,WH_010,3,1,02-05-2026 17:39
SKU_002974,WH_005,2,1,16-12-2026 22:21
SKU_002975,WH_001,4,0,31-10-2026 03:24
SKU_002976,WH_009,246,69,17-12-2026 10:26
SKU_002977,WH_002,393,110,22-12-2026 17:05
SKU_002978,WH_010,4,0,22-06-2026 01:21
SKU_002979,WH_007,834,135,27-02-2026 18:45
SKU_002980,WH_005,996,218,11-12-2026 16:58
SKU_002981,WH_006,33,6,21-02-2026 00:39
SKU_002982,WH_006,128,25,16-09-2026 01:29
SKU_002983,WH_003,3,1,26-03-2026 23:43
SKU_002984,WH_009,0,0,22-11-2026 11:36
SKU_002985,WH_003,781,137,17-01-2026 13:12
SKU_002986,WH_006,88,0,04-01-2026 01:03
SKU_002987,WH_008,0,0,09-12-2026 01:20
SKU_002988,WH_003,598,14,23-11-2026 01:05
SKU_002989,WH_010,596,42,07-08-2026 09:43
SKU_002990,WH_003,1,0,29-11-2026 02:00
SKU_002991,WH_010,228,28,26-05-2026 07:40
SKU_002992,WH_008,121,18,21-08-2026 14:46
SKU_002993,WH_005,787,122,23-10-2026 07:54
SKU_002994,WH_003,4,1,18-01-2026 22:55
SKU_002995,WH_006,1,0,16-05-2026 01:39
SKU_002996,WH_009,0,0,22-05-2026 14:39
SKU_002997,WH_006,647,189,31-12-2026 17:09
SKU_002998,WH_005,4,1,13-01-2026 23:19
SKU_002999,WH_001,4,0,07-06-2026 15:36
SKU_003000,WH_005,703,159,08-12-2026 00:14
SKU_003001,WH_007,936,146,29-05-2026 01:21
SKU_003002,WH_009,120,18,18-02-2026 18:27
SKU_003003,WH_009,386,88,24-03-2026 06:28
SKU_003004,WH_010,35,9,10-06-2026 09:57
SKU_003005,WH_006,979,201,22-10-2026 13:53
SKU_003006,WH_002,1,0,19-06-2026 17:17
SKU_003007,WH_003,659,178,17-04-2026 10:31
SKU_003008,WH_010,928,254,21-11-2026 20:01
SKU_003009,WH_007,71,21,28-05-2026 04:20
SKU_003010,WH_003,841,232,11-01-2026 13:17
SKU_003011,WH_010,868,12,17-06-2026 06:51
SKU_003012,WH_010,5,1,10-06-2026 04:28
SKU_003013,WH_003,985,165,20-04-2026 10:36
SKU_003014,WH_001,43,8,04-09-2026 02:27
SKU_003015,WH_008,243,54,24-02-2026 03:57
SKU_003016,WH_010,111,21,07-02-2026 22:10
SKU_003017,WH_004,806,0,05-09-2026 08:49
SKU_003018,WH_002,0,0,26-06-2026 23:57
SKU_003019,WH_001,384,90,30-07-2026 16:39
SKU_003020,WH_006,904,7,23-04-2026 09:18
SKU_003021,WH_002,0,0,20-04-2026 17:38
SKU_003022,WH_005,374,108,25-02-2026 01:25
SKU_003023,WH_010,434,63,25-12-2026 16:49
SKU_003024,WH_001,2,0,30-08-2026 00:58
SKU_003025,WH_009,854,36,19-06-2026 09:59
SKU_003026,WH_005,861,229,20-12-2026 14:44
SKU_003027,WH_006,211,45,17-10-2026 19:26
SKU_003028,WH_001,82,16,05-12-2026 08:38
SKU_003029,WH_003,836,234,20-09-2026 06:02
SKU_003030,WH_005,35,10,29-12-2026 05:49
SKU_003031,WH_009,209,1,21-01-2026 06:43
SKU_003032,WH_010,519,43,26-11-2026 12:11
SKU_003033,WH_003,932,191,21-10-2026 08:53
SKU_003034,WH_006,1,1,30-07-2026 14:48
SKU_003035,WH_008,905,131,16-10-2026 07:06
SKU_003036,WH_006,748,42,06-12-2026 23:46
SKU_003037,WH_003,0,0,04-11-2026 01:28
SKU_003038,WH_010,423,113,29-11-2026 21:48
SKU_003039,WH_005,825,25,30-10-2026 20:55
SKU_003040,WH_002,4,1,01-06-2026 17:45
SKU_003041,WH_003,0,0,06-09-2026 10:51
SKU_003042,WH_007,247,57,16-09-2026 03:12
SKU_003043,WH_006,1,1,20-01-2026 04:58
SKU_003044,WH_005,46,5,30-01-2026 06:59
SKU_003045,WH_008,600,158,02-03-2026 19:32
SKU_003046,WH_005,124,27,18-01-2026 11:12
SKU_003047,WH_007,275,72,10-04-2026 05:23
SKU_003048,WH_004,0,0,15-01-2026 02:31
SKU_003049,WH_008,436,8,23-05-2026 11:44
SKU_003050,WH_005,613,80,22-12-2026 15:11
SKU_003051,WH_002,686,133,12-01-2026 05:58
SKU_003052,WH_002,0,0,25-10-2026 21:04
SKU_003053,WH_002,671,148,17-08-2026 17:46
SKU_003054,WH_005,194,50,14-10-2026 00:10
SKU_003055,WH_001,3,1,03-09-2026 23:15
SKU_003056,WH_008,562,156,17-03-2026 09:26
SKU_003057,WH_008,4,1,22-06-2026 20:00
SKU_003058,WH_002,0,0,22-06-2026 14:51
SKU_003059,WH_010,336,87,05-01-2026 17:40
SKU_003060,WH_002,993,291,23-02-2026 13:53
SKU_003061,WH_001,257,44,27-06-2026 14:46
SKU_003062,WH_008,5,1,01-11-2026 17:57
SKU_003063,WH_006,272,45,24-09-2026 07:53
SKU_003064,WH_004,41,1,30-11-2026 06:15
SKU_003065,WH_005,2,0,15-02-2026 12:16
SKU_003066,WH_010,913,209,24-04-2026 23:54
SKU_003067,WH_001,276,78,07-05-2026 22:42
SKU_003068,WH_005,508,58,24-03-2026 07:37
SKU_003069,WH_007,400,98,14-12-2026 01:47
SKU_003070,WH_008,161,18,23-05-2026 15:17
SKU_003071,WH_009,533,110,07-12-2026 16:27
SKU_003072,WH_008,3,0,03-09-2026 20:29
SKU_003073,WH_010,613,114,23-07-2026 00:38
SKU_003074,WH_004,314,93,30-03-2026 04:38
SKU_003075,WH_004,657,124,14-08-2026 01:43
SKU_003076,WH_006,92,26,18-02-2026 23:02
SKU_003077,WH_005,0,0,01-05-2026 18:53
SKU_003078,WH_001,1,0,06-01-2026 04:09
SKU_003079,WH_003,18,4,12-06-2026 16:56
SKU_003080,WH_010,545,64,09-10-2026 01:30
SKU_003081,WH_010,719,101,05-04-2026 13:22
SKU_003082,WH_008,708,195,07-03-2026 19:33
SKU_003083,WH_003,206,51,06-05-2026 19:31
SKU_003084,WH_008,946,277,21-11-2026 19:02
SKU_003085,WH_009,26,0,18-01-2026 03:51
SKU_003086,WH_007,539,137,14-04-2026 00:11
SKU_003087,WH_008,0,0,10-02-2026 03:34
SKU_003088,WH_004,1,1,13-03-2026 20:49
SKU_003089,WH_005,3,1,25-03-2026 16:36
SKU_003090,WH_002,27,8,09-11-2026 17:45
SKU_003091,WH_007,27,5,24-05-2026 04:18
SKU_003092,WH_003,920,57,29-04-2026 16:52
SKU_003093,WH_003,5,1,14-07-2026 08:20
SKU_003094,WH_001,888,22,15-06-2026 04:21
SKU_003095,WH_004,2,1,12-07-2026 00:36
SKU_003096,WH_002,125,15,23-03-2026 11:23
SKU_003097,WH_003,759,95,03-11-2026 01:45
SKU_003098,WH_004,3,1,24-10-2026 20:47
SKU_003099,WH_001,284,24,31-08-2026 05:49
SKU_003100,WH_005,387,67,10-04-2026 08:19
SKU_003101,WH_005,241,70,29-11-2026 17:52
SKU_003102,WH_001,740,146,09-05-2026 18:26
SKU_003103,WH_006,782,230,10-12-2026 17:52
SKU_003104,WH_009,609,91,07-04-2026 00:36
SKU_003105,WH_001,3,1,15-12-2026 03:12
SKU_003106,WH_002,978,235,29-04-2026 09:26
SKU_003107,WH_004,0,0,23-07-2026 14:24
SKU_003108,WH_002,811,207,17-07-2026 06:41
SKU_003109,WH_009,61,4,18-02-2026 15:01
SKU_003110,WH_001,332,36,03-09-2026 05:59
SKU_003111,WH_009,5,1,28-06-2026 16:30
SKU_003112,WH_001,0,0,07-01-2026 03:16
SKU_003113,WH_004,1,0,10-09-2026 22:40
SKU_003114,WH_009,110,23,06-09-2026 16:28
SKU_003115,WH_009,992,103,07-12-2026 17:00
SKU_003116,WH_001,193,0,15-08-2026 06:45
SKU_003117,WH_009,123,31,10-10-2026 06:38
SKU_003118,WH_004,784,87,09-07-2026 11:05
SKU_003119,WH_010,0,0,30-07-2026 13:36
SKU_003120,WH_008,507,35,14-06-2026 11:00
SKU_003121,WH_007,4,1,08-11-2026 18:24
SKU_003122,WH_008,4,0,28-11-2026 23:43
SKU_003123,WH_003,898,227,06-01-2026 21:52
SKU_003124,WH_001,768,190,21-03-2026 20:41
SKU_003125,WH_004,308,62,10-05-2026 18:05
SKU_003126,WH_002,830,108,12-05-2026 03:45
SKU_003127,WH_004,4,1,14-04-2026 18:57
SKU_003128,WH_006,681,5,29-03-2026 22:23
SKU_003129,WH_005,535,66,23-06-2026 17:40
SKU_003130,WH_005,874,243,06-05-2026 19:35
SKU_003131,WH_006,67,15,01-10-2026 00:55
SKU_003132,WH_009,743,211,09-08-2026 12:01
SKU_003133,WH_005,5,0,14-12-2026 13:14
SKU_003134,WH_008,2,0,04-11-2026 12:05
SKU_003135,WH_008,827,210,27-07-2026 18:41
SKU_003136,WH_009,903,257,16-03-2026 04:02
SKU_003137,WH_002,4,1,26-12-2026 13:26
SKU_003138,WH_002,0,0,02-10-2026 18:08
SKU_003139,WH_010,4,0,20-02-2026 12:32
SKU_003140,WH_007,954,146,14-10-2026 00:53
SKU_003141,WH_007,113,7,09-02-2026 04:11
SKU_003142,WH_005,298,56,23-12-2026 04:30
SKU_003143,WH_009,124,2,04-01-2026 14:02
SKU_003144,WH_008,818,114,08-02-2026 07:50
SKU_003145,WH_005,489,42,14-10-2026 05:53
SKU_003146,WH_007,484,118,31-12-2026 10:57
SKU_003147,WH_008,0,0,17-01-2026 16:02
SKU_003148,WH_009,1,1,22-03-2026 04:32
SKU_003149,WH_008,249,41,15-02-2026 05:29
SKU_003150,WH_001,0,0,09-02-2026 19:30
SKU_003151,WH_003,2,1,30-08-2026 10:42
SKU_003152,WH_006,837,184,27-07-2026 01:35
SKU_003153,WH_010,1,0,09-11-2026 21:27
SKU_003154,WH_010,3,1,07-02-2026 08:14
SKU_003155,WH_002,719,146,12-12-2026 00:09
SKU_003156,WH_009,242,0,26-10-2026 21:41
SKU_003157,WH_009,243,28,30-11-2026 01:09
SKU_003158,WH_003,0,0,04-01-2026 12:40
SKU_003159,WH_010,181,0,02-08-2026 02:52
SKU_003160,WH_007,5,0,04-01-2026 14:46
SKU_003161,WH_001,734,77,03-07-2026 10:35
SKU_003162,WH_008,220,22,31-07-2026 06:13
SKU_003163,WH_007,573,82,09-01-2026 12:05
SKU_003164,WH_004,948,228,01-05-2026 19:13
SKU_003165,WH_006,164,24,31-07-2026 16:31
SKU_003166,WH_005,51,6,26-07-2026 02:35
SKU_003167,WH_009,624,56,10-04-2026 20:18
SKU_003168,WH_009,928,262,23-05-2026 08:32
SKU_003169,WH_008,0,0,18-01-2026 09:37
SKU_003170,WH_004,314,35,05-12-2026 21:15
SKU_003171,WH_005,386,75,03-02-2026 01:32
SKU_003172,WH_005,921,227,07-12-2026 23:49
SKU_003173,WH_007,229,56,11-11-2026 03:47
SKU_003174,WH_003,510,53,20-01-2026 12:25
SKU_003175,WH_010,418,14,09-03-2026 06:29
SKU_003176,WH_006,407,115,13-06-2026 22:36
SKU_003177,WH_008,0,0,06-08-2026 16:39
SKU_003178,WH_005,720,205,13-04-2026 23:27
SKU_003179,WH_007,997,35,21-06-2026 03:25
SKU_003180,WH_001,366,1,10-10-2026 10:08
SKU_003181,WH_005,168,10,11-02-2026 10:24
SKU_003182,WH_005,4,0,25-09-2026 20:10
SKU_003183,WH_001,5,0,13-06-2026 23:07
SKU_003184,WH_006,2,1,26-08-2026 01:21
SKU_003185,WH_003,463,87,18-08-2026 10:13
SKU_003186,WH_005,89,8,31-10-2026 15:31
SKU_003187,WH_001,719,22,23-04-2026 16:03
SKU_003188,WH_004,4,0,27-04-2026 08:24
SKU_003189,WH_005,46,13,31-03-2026 07:21
SKU_003190,WH_009,754,171,25-10-2026 09:33
SKU_003191,WH_008,677,63,21-06-2026 10:09
SKU_003192,WH_007,781,28,29-07-2026 01:55
SKU_003193,WH_001,131,1,09-04-2026 20:25
SKU_003194,WH_009,243,35,14-08-2026 11:02
SKU_003195,WH_001,3,1,12-07-2026 11:29
SKU_003196,WH_010,269,42,05-05-2026 17:07
SKU_003197,WH_001,1,0,22-06-2026 20:18
SKU_003198,WH_008,488,20,11-02-2026 11:14
SKU_003199,WH_006,460,102,02-10-2026 21:28
SKU_003200,WH_007,5,1,19-02-2026 13:32
SKU_003201,WH_007,895,239,18-02-2026 10:21
SKU_003202,WH_007,727,18,15-12-2026 08:51
SKU_003203,WH_008,110,25,12-05-2026 12:04
SKU_003204,WH_009,759,74,01-03-2026 19:59
SKU_003205,WH_003,0,0,19-05-2026 06:36
SKU_003206,WH_001,473,130,13-11-2026 18:22
SKU_003207,WH_002,254,58,04-12-2026 14:41
SKU_003208,WH_005,842,46,28-10-2026 23:22
SKU_003209,WH_003,2,0,31-07-2026 09:04
SKU_003210,WH_002,75,14,25-12-2026 22:05
SKU_003211,WH_008,3,0,03-11-2026 01:42
SKU_003212,WH_010,368,9,23-03-2026 22:14
SKU_003213,WH_010,6,1,19-01-2026 02:15
SKU_003214,WH_010,0,0,23-02-2026 18:51
SKU_003215,WH_005,0,0,17-10-2026 21:33
SKU_003216,WH_009,178,31,12-06-2026 13:24
SKU_003217,WH_002,917,184,20-07-2026 12:48
SKU_003218,WH_008,52,2,02-11-2026 05:05
SKU_003219,WH_001,766,21,26-02-2026 00:14
SKU_003220,WH_003,0,0,02-04-2026 17:20
SKU_003221,WH_003,0,0,19-06-2026 09:19
SKU_003222,WH_004,0,0,09-12-2026 09:59
SKU_003223,WH_002,758,174,06-12-2026 07:01
SKU_003224,WH_003,34,9,12-03-2026 05:01
SKU_003225,WH_001,2,1,14-02-2026 09:09
SKU_003226,WH_004,627,2,13-03-2026 07:28
SKU_003227,WH_005,462,52,11-03-2026 03:26
SKU_003228,WH_007,4,0,11-05-2026 08:56
SKU_003229,WH_008,578,162,25-08-2026 07:49
SKU_003230,WH_006,292,62,23-08-2026 15:45
SKU_003231,WH_004,560,99,18-06-2026 13:42
SKU_003232,WH_003,18,2,20-11-2026 16:39
SKU_003233,WH_004,815,6,24-04-2026 01:35
SKU_003234,WH_003,0,0,13-07-2026 22:31
SKU_003235,WH_001,365,22,04-07-2026 08:34
SKU_003236,WH_003,714,193,26-01-2026 10:47
SKU_003237,WH_002,0,0,30-05-2026 03:05
SKU_003238,WH_009,792,44,30-08-2026 06:42
SKU_003239,WH_001,991,35,20-12-2026 00:03
SKU_003240,WH_002,818,56,06-06-2026 18:45
SKU_003241,WH_006,228,63,12-04-2026 21:47
SKU_003242,WH_008,1,0,22-12-2026 19:38
SKU_003243,WH_001,811,25,13-08-2026 02:27
SKU_003244,WH_001,841,103,20-12-2026 08:12
SKU_003245,WH_001,622,13,11-02-2026 13:14
SKU_003246,WH_010,473,104,07-03-2026 14:23
SKU_003247,WH_006,0,0,26-11-2026 09:30
SKU_003248,WH_008,675,68,20-05-2026 02:51
SKU_003249,WH_004,900,268,19-12-2026 23:20
SKU_003250,WH_002,87,3,02-11-2026 03:48
SKU_003251,WH_007,127,21,26-07-2026 05:02
SKU_003252,WH_001,968,226,20-10-2026 08:43
SKU_003253,WH_010,481,93,20-05-2026 22:21
SKU_003254,WH_004,5,1,27-10-2026 02:29
SKU_003255,WH_005,0,0,31-10-2026 02:56
SKU_003256,WH_005,4,0,03-10-2026 12:00
SKU_003257,WH_002,277,18,07-05-2026 07:06
SKU_003258,WH_005,778,152,15-09-2026 23:14
SKU_003259,WH_002,307,54,16-10-2026 20:41
SKU_003260,WH_007,697,103,22-01-2026 07:17
SKU_003261,WH_007,4,1,22-06-2026 01:29
SKU_003262,WH_008,589,151,20-09-2026 23:44
SKU_003263,WH_009,73,14,18-03-2026 21:26
SKU_003264,WH_008,420,42,18-03-2026 06:39
SKU_003265,WH_004,475,115,01-01-2026 00:02
SKU_003266,WH_001,354,29,02-07-2026 09:13
SKU_003267,WH_006,1,1,18-10-2026 15:28
SKU_003268,WH_005,4,0,29-12-2026 13:36
SKU_003269,WH_007,380,100,08-11-2026 19:24
SKU_003270,WH_004,836,146,01-10-2026 04:35
SKU_003271,WH_004,435,98,19-06-2026 12:00
SKU_003272,WH_010,114,21,18-09-2026 09:40
SKU_003273,WH_009,5,0,12-11-2026 07:06
SKU_003274,WH_009,1,1,05-06-2026 16:44
SKU_003275,WH_001,2,1,02-10-2026 05:57
SKU_003276,WH_010,536,35,28-05-2026 16:28
SKU_003277,WH_004,330,96,07-07-2026 04:49
SKU_003278,WH_006,821,221,14-12-2026 11:46
SKU_003279,WH_002,1,0,08-02-2026 02:24
SKU_003280,WH_010,346,82,30-08-2026 21:46
SKU_003281,WH_002,970,182,14-08-2026 22:23
SKU_003282,WH_007,2,1,25-08-2026 15:21
SKU_003283,WH_007,875,14,24-01-2026 06:11
SKU_003284,WH_002,2,0,01-10-2026 04:18
SKU_003285,WH_008,770,41,06-05-2026 00:49
SKU_003286,WH_008,4,1,02-01-2026 05:51
SKU_003287,WH_006,993,21,16-02-2026 19:33
SKU_003288,WH_003,1,1,28-05-2026 07:04
SKU_003289,WH_003,3,0,12-12-2026 13:21
SKU_003290,WH_008,464,35,01-07-2026 05:44
SKU_003291,WH_008,0,0,01-11-2026 01:10
SKU_003292,WH_001,36,1,18-09-2026 21:08
SKU_003293,WH_008,207,26,20-02-2026 10:11
SKU_003294,WH_009,257,73,29-06-2026 21:59
SKU_003295,WH_008,368,13,08-08-2026 20:45
SKU_003296,WH_003,863,133,25-08-2026 18:28
SKU_003297,WH_004,953,284,23-12-2026 04:41
SKU_003298,WH_008,33,6,21-11-2026 14:36
SKU_003299,WH_008,549,145,11-02-2026 09:38
SKU_003300,WH_009,588,173,22-08-2026 22:17
SKU_003301,WH_001,422,13,15-11-2026 16:03
SKU_003302,WH_007,5,1,04-07-2026 01:07
SKU_003303,WH_006,587,58,06-08-2026 22:47
SKU_003304,WH_009,4,1,08-12-2026 15:14
SKU_003305,WH_007,562,49,08-03-2026 23:25
SKU_003306,WH_006,261,2,17-03-2026 04:45
SKU_003307,WH_005,259,40,31-01-2026 04:58
SKU_003308,WH_001,2,1,20-08-2026 05:46
SKU_003309,WH_007,2,1,17-04-2026 04:43
SKU_003310,WH_002,430,13,07-02-2026 11:40
SKU_003311,WH_004,5,0,20-02-2026 02:45
SKU_003312,WH_010,454,75,25-06-2026 08:11
SKU_003313,WH_005,599,104,09-06-2026 08:53
SKU_003314,WH_009,306,64,26-05-2026 16:43
SKU_003315,WH_008,747,98,16-01-2026 12:49
SKU_003316,WH_005,990,70,27-03-2026 23:43
SKU_003317,WH_003,4,0,14-04-2026 20:08
SKU_003318,WH_003,202,2,28-11-2026 06:42
SKU_003319,WH_002,665,135,13-12-2026 03:16
SKU_003320,WH_002,743,71,25-07-2026 19:03
SKU_003321,WH_003,0,0,28-07-2026 02:12
SKU_003322,WH_007,892,155,02-03-2026 20:51
SKU_003323,WH_003,797,72,20-08-2026 04:48
SKU_003324,WH_010,561,6,15-03-2026 01:49
SKU_003325,WH_006,750,24,24-03-2026 11:40
SKU_003326,WH_008,469,132,21-06-2026 13:41
SKU_003327,WH_006,525,146,12-11-2026 11:43
SKU_003328,WH_009,113,21,11-03-2026 06:54
SKU_003329,WH_010,0,0,28-03-2026 14:20
SKU_003330,WH_003,4,1,14-01-2026 03:57
SKU_003331,WH_005,0,0,03-07-2026 15:20
SKU_003332,WH_006,0,0,01-05-2026 21:10
SKU_003333,WH_001,295,56,18-07-2026 13:39
SKU_003334,WH_007,450,10,18-05-2026 14:39
SKU_003335,WH_006,4,1,01-11-2026 04:27
SKU_003336,WH_008,144,35,15-08-2026 21:06
SKU_003337,WH_006,25,6,23-10-2026 12:36
SKU_003338,WH_003,649,75,16-10-2026 06:09
SKU_003339,WH_004,4,0,29-06-2026 19:21
SKU_003340,WH_007,699,107,09-06-2026 03:24
SKU_003341,WH_001,199,38,19-03-2026 10:24
SKU_003342,WH_005,1,1,10-04-2026 17:28
SKU_003343,WH_003,473,28,21-07-2026 06:08
SKU_003344,WH_007,4,1,25-11-2026 18:43
SKU_003345,WH_006,605,53,16-11-2026 16:03
SKU_003346,WH_001,5,0,26-05-2026 21:10
SKU_003347,WH_002,0,0,21-11-2026 13:25
SKU_003348,WH_001,193,52,14-01-2026 17:15
SKU_003349,WH_009,487,109,31-10-2026 09:13
SKU_003350,WH_007,5,0,28-12-2026 03:14
SKU_003351,WH_005,97,18,08-01-2026 11:43
SKU_003352,WH_007,806,67,21-11-2026 14:11
SKU_003353,WH_003,342,31,26-02-2026 09:37
SKU_003354,WH_001,168,21,11-01-2026 21:58
SKU_003355,WH_003,867,204,19-11-2026 00:27
SKU_003356,WH_006,4,1,03-06-2026 00:12
SKU_003357,WH_003,222,45,15-08-2026 12:08
SKU_003358,WH_008,5,0,14-07-2026 22:39
SKU_003359,WH_002,42,0,05-10-2026 08:09
SKU_003360,WH_010,1,0,11-12-2026 05:51
SKU_003361,WH_001,883,128,23-02-2026 17:06
SKU_003362,WH_006,753,39,08-12-2026 08:56
SKU_003363,WH_009,634,74,14-09-2026 15:35
SKU_003364,WH_002,943,136,20-05-2026 23:32
SKU_003365,WH_003,0,0,28-06-2026 12:21
SKU_003366,WH_009,639,153,21-03-2026 20:46
SKU_003367,WH_005,0,0,04-04-2026 18:12
SKU_003368,WH_007,196,19,21-09-2026 15:14
SKU_003369,WH_001,244,28,15-04-2026 13:33
SKU_003370,WH_007,432,37,22-11-2026 06:51
SKU_003371,WH_007,434,15,23-12-2026 16:48
SKU_003372,WH_008,0,0,09-03-2026 13:42
SKU_003373,WH_006,900,232,01-09-2026 22:46
SKU_003374,WH_004,372,14,24-05-2026 01:33
SKU_003375,WH_004,117,25,13-09-2026 20:47
SKU_003376,WH_001,787,148,21-07-2026 16:57
SKU_003377,WH_002,150,4,09-02-2026 20:37
SKU_003378,WH_009,195,12,04-05-2026 09:15
SKU_003379,WH_004,469,27,05-06-2026 14:29
SKU_003380,WH_010,300,11,21-03-2026 22:45
SKU_003381,WH_007,3,1,23-12-2026 12:27
SKU_003382,WH_009,111,3,25-01-2026 10:12
SKU_003383,WH_003,33,4,08-01-2026 19:39
SKU_003384,WH_010,503,96,07-01-2026 11:30
SKU_003385,WH_004,83,7,07-06-2026 09:11
SKU_003386,WH_007,0,0,02-08-2026 11:22
SKU_003387,WH_007,819,184,11-11-2026 10:53
SKU_003388,WH_004,3,1,08-07-2026 13:26
SKU_003389,WH_003,206,20,20-12-2026 06:00
SKU_003390,WH_007,716,115,01-11-2026 01:34
SKU_003391,WH_001,644,166,01-07-2026 02:07
SKU_003392,WH_009,565,144,22-01-2026 18:06
SKU_003393,WH_009,769,188,10-03-2026 03:22
SKU_003394,WH_001,478,79,06-04-2026 04:02
SKU_003395,WH_002,575,52,02-11-2026 19:37
SKU_003396,WH_003,213,44,26-09-2026 13:03
SKU_003397,WH_005,618,40,18-06-2026 23:47
SKU_003398,WH_008,999,205,21-09-2026 19:23
SKU_003399,WH_010,418,44,12-12-2026 21:57
SKU_003400,WH_002,0,0,10-07-2026 03:54
SKU_003401,WH_007,756,32,23-05-2026 07:43
SKU_003402,WH_007,255,37,14-03-2026 19:25
SKU_003403,WH_008,0,0,21-08-2026 05:17
SKU_003404,WH_009,676,103,18-09-2026 18:07
SKU_003405,WH_007,653,64,12-06-2026 04:38
SKU_003406,WH_003,862,105,07-02-2026 16:07
SKU_003407,WH_007,169,48,03-03-2026 22:46
SKU_003408,WH_002,5,0,30-03-2026 01:19
SKU_003409,WH_002,157,16,23-09-2026 23:51
SKU_003410,WH_005,0,0,29-10-2026 17:12
SKU_003411,WH_004,0,0,15-01-2026 18:19
SKU_003412,WH_010,5,0,30-05-2026 06:18
SKU_003413,WH_006,5,1,03-05-2026 00:11
SKU_003414,WH_006,349,104,25-10-2026 23:07
SKU_003415,WH_003,99,29,25-02-2026 21:59
SKU_003416,WH_007,655,47,28-05-2026 15:57
SKU_003417,WH_001,832,174,13-12-2026 23:11
SKU_003418,WH_001,765,106,29-04-2026 12:01
SKU_003419,WH_007,633,68,08-01-2026 02:51
SKU_003420,WH_006,194,5,07-02-2026 22:50
SKU_003421,WH_010,138,7,15-04-2026 04:24
SKU_003422,WH_009,44,0,28-06-2026 03:42
SKU_003423,WH_006,619,25,09-02-2026 19:13
SKU_003424,WH_001,104,20,16-07-2026 16:12
SKU_003425,WH_006,288,81,20-05-2026 03:34
SKU_003426,WH_006,991,70,16-02-2026 17:01
SKU_003427,WH_007,0,0,28-07-2026 19:40
SKU_003428,WH_008,245,55,11-11-2026 05:24
SKU_003429,WH_008,5,1,26-05-2026 07:48
SKU_003430,WH_002,5,0,14-10-2026 23:09
SKU_003431,WH_010,691,195,28-06-2026 19:23
SKU_003432,WH_001,94,19,25-11-2026 07:56
SKU_003433,WH_009,3,0,08-12-2026 19:16
SKU_003434,WH_003,868,105,17-06-2026 17:20
SKU_003435,WH_005,463,9,26-11-2026 20:40
SKU_003436,WH_002,0,0,08-12-2026 11:10
SKU_003437,WH_009,208,22,07-06-2026 05:27
SKU_003438,WH_006,4,0,22-05-2026 20:14
SKU_003439,WH_004,2,0,02-07-2026 15:25
SKU_003440,WH_008,0,0,19-01-2026 03:00
SKU_003441,WH_007,0,0,14-09-2026 04:28
SKU_003442,WH_006,1,1,27-10-2026 13:21
SKU_003443,WH_005,0,0,01-02-2026 10:20
SKU_003444,WH_009,715,208,10-09-2026 20:56
SKU_003445,WH_009,0,0,07-06-2026 09:53
SKU_003446,WH_001,3,1,14-06-2026 12:39
SKU_003447,WH_001,2,0,31-05-2026 07:25
SKU_003448,WH_006,0,0,06-02-2026 00:30
SKU_003449,WH_003,0,0,25-11-2026 18:45
SKU_003450,WH_004,312,16,24-12-2026 21:10
SKU_003451,WH_007,687,122,04-11-2026 18:33
SKU_003452,WH_005,578,80,11-02-2026 02:11
SKU_003453,WH_005,539,86,30-07-2026 14:10
SKU_003454,WH_003,879,32,10-04-2026 16:12
SKU_003455,WH_003,969,51,21-01-2026 02:05
SKU_003456,WH_008,312,2,04-02-2026 01:32
SKU_003457,WH_003,0,0,17-03-2026 09:19
SKU_003458,WH_004,3,0,22-03-2026 20:41
SKU_003459,WH_009,912,196,08-08-2026 21:26
SKU_003460,WH_001,287,23,01-08-2026 19:10
SKU_003461,WH_009,0,0,17-04-2026 19:59
SKU_003462,WH_001,458,19,01-11-2026 10:20
SKU_003463,WH_004,0,0,07-01-2026 15:54
SKU_003464,WH_010,832,157,20-11-2026 01:23
SKU_003465,WH_006,3,1,24-11-2026 04:36
SKU_003466,WH_002,487,88,25-05-2026 21:02
SKU_003467,WH_002,0,0,14-05-2026 00:29
SKU_003468,WH_009,0,0,20-03-2026 09:20
SKU_003469,WH_006,342,34,20-04-2026 23:31
SKU_003470,WH_002,880,110,12-03-2026 18:03
SKU_003471,WH_003,541,135,07-11-2026 03:08
SKU_003472,WH_008,848,71,11-04-2026 18:02
SKU_003473,WH_009,902,139,11-06-2026 11:21
SKU_003474,WH_007,198,46,10-08-2026 17:28
SKU_003475,WH_004,290,33,26-08-2026 11:06
SKU_003476,WH_008,242,36,09-04-2026 03:51
SKU_003477,WH_007,542,113,27-02-2026 20:11
SKU_003478,WH_007,2,1,30-09-2026 21:12
SKU_003479,WH_003,183,5,25-03-2026 22:11
SKU_003480,WH_009,5,1,23-11-2026 05:25
SKU_003481,WH_004,457,110,29-11-2026 21:41
SKU_003482,WH_004,778,210,23-03-2026 21:02
SKU_003483,WH_006,490,137,27-10-2026 09:05
SKU_003484,WH_005,573,166,11-12-2026 01:14
SKU_003485,WH_002,861,154,21-08-2026 01:18
SKU_003486,WH_010,100,13,16-03-2026 02:57
SKU_003487,WH_005,2,0,12-07-2026 04:26
SKU_003488,WH_006,445,124,22-08-2026 01:36
SKU_003489,WH_003,653,113,04-01-2026 12:58
SKU_003490,WH_007,858,75,19-05-2026 04:06
SKU_003491,WH_010,411,83,15-07-2026 12:13
SKU_003492,WH_008,469,111,12-02-2026 21:15
SKU_003493,WH_001,784,193,14-06-2026 06:23
SKU_003494,WH_006,505,52,09-05-2026 14:29
SKU_003495,WH_005,606,167,02-04-2026 14:39
SKU_003496,WH_003,267,79,13-11-2026 06:34
SKU_003497,WH_007,454,3,04-09-2026 09:39
SKU_003498,WH_007,0,0,29-04-2026 06:21
SKU_003499,WH_001,672,93,30-08-2026 10:28
SKU_003500,WH_007,8,0,12-10-2026 04:55
SKU_003501,WH_007,1,1,04-04-2026 20:01
SKU_003502,WH_003,0,0,12-03-2026 19:01
SKU_003503,WH_008,942,172,12-08-2026 01:02
SKU_003504,WH_006,316,17,30-05-2026 05:39
SKU_003505,WH_008,544,48,05-11-2026 04:08
SKU_003506,WH_009,225,19,22-05-2026 20:24
SKU_003507,WH_007,216,6,14-03-2026 10:36
SKU_003508,WH_006,496,140,01-05-2026 20:51
SKU_003509,WH_002,2,1,14-08-2026 06:10
SKU_003510,WH_008,1,0,06-11-2026 15:19
SKU_003511,WH_004,96,20,16-04-2026 18:07
SKU_003512,WH_001,90,27,03-06-2026 17:20
SKU_003513,WH_010,2,0,13-01-2026 12:05
SKU_003514,WH_006,217,18,22-03-2026 13:47
SKU_003515,WH_004,449,95,22-08-2026 08:21
SKU_003516,WH_008,165,26,19-04-2026 12:03
SKU_003517,WH_006,0,0,20-08-2026 15:20
SKU_003518,WH_003,621,41,10-10-2026 13:38
SKU_003519,WH_004,111,25,27-10-2026 23:37
SKU_003520,WH_002,1,1,22-12-2026 10:00
SKU_003521,WH_004,733,8,25-10-2026 22:09
SKU_003522,WH_007,328,38,24-11-2026 01:42
SKU_003523,WH_005,2,0,22-09-2026 01:49
SKU_003524,WH_007,913,125,18-10-2026 15:17
SKU_003525,WH_008,4,1,14-01-2026 17:25
SKU_003526,WH_005,5,0,03-08-2026 01:52
SKU_003527,WH_005,80,16,03-05-2026 05:02
SKU_003528,WH_001,866,233,27-12-2026 22:30
SKU_003529,WH_001,836,76,09-07-2026 06:06
SKU_003530,WH_008,0,0,15-05-2026 09:04
SKU_003531,WH_001,5,0,06-07-2026 10:36
SKU_003532,WH_007,314,21,22-10-2026 02:52
SKU_003533,WH_005,453,6,05-02-2026 01:53
SKU_003534,WH_009,0,0,20-12-2026 08:47
SKU_003535,WH_007,133,33,12-07-2026 06:35
SKU_003536,WH_008,2,0,11-11-2026 08:10
SKU_003537,WH_001,3,1,05-03-2026 11:01
SKU_003538,WH_007,267,18,20-02-2026 14:37
SKU_003539,WH_001,0,0,02-11-2026 06:59
SKU_003540,WH_010,87,10,15-07-2026 06:10
SKU_003541,WH_006,0,0,28-10-2026 09:11
SKU_003542,WH_006,5,1,24-01-2026 18:36
SKU_003543,WH_005,608,124,04-11-2026 03:31
SKU_003544,WH_004,985,275,27-11-2026 05:02
SKU_003545,WH_007,233,37,11-06-2026 18:55
SKU_003546,WH_007,874,143,14-10-2026 12:23
SKU_003547,WH_009,499,135,07-04-2026 10:06
SKU_003548,WH_002,0,0,31-07-2026 16:55
SKU_003549,WH_010,511,33,23-03-2026 10:43
SKU_003550,WH_006,1,1,03-09-2026 11:43
SKU_003551,WH_002,681,53,07-02-2026 10:32
SKU_003552,WH_008,564,25,23-01-2026 00:41
SKU_003553,WH_010,0,0,18-04-2026 23:39
SKU_003554,WH_008,45,0,15-04-2026 02:15
SKU_003555,WH_008,722,132,09-12-2026 03:49
SKU_003556,WH_005,742,95,12-11-2026 15:45
SKU_003557,WH_005,376,15,23-02-2026 16:45
SKU_003558,WH_002,940,56,14-03-2026 08:44
SKU_003559,WH_002,935,177,08-06-2026 06:40
SKU_003560,WH_001,0,0,01-03-2026 04:49
SKU_003561,WH_009,799,79,12-03-2026 01:48
SKU_003562,WH_002,0,0,15-05-2026 15:43
SKU_003563,WH_001,357,87,16-11-2026 18:21
SKU_003564,WH_001,1,0,06-08-2026 09:27
SKU_003565,WH_002,0,0,22-05-2026 20:07
SKU_003566,WH_003,896,115,11-01-2026 18:05
SKU_003567,WH_002,350,49,04-04-2026 19:10
SKU_003568,WH_006,892,54,18-12-2026 03:12
SKU_003569,WH_007,621,160,22-04-2026 22:24
SKU_003570,WH_006,4,1,19-09-2026 03:33
SKU_003571,WH_009,2,0,23-10-2026 03:29
SKU_003572,WH_002,0,0,02-02-2026 01:30
SKU_003573,WH_009,283,8,07-08-2026 08:03
SKU_003574,WH_003,308,6,13-09-2026 16:26
SKU_003575,WH_001,742,204,03-02-2026 01:31
SKU_003576,WH_004,1,0,10-08-2026 22:49
SKU_003577,WH_009,481,104,26-02-2026 12:10
SKU_003578,WH_004,797,34,16-10-2026 21:06
SKU_003579,WH_003,606,76,23-08-2026 15:52
SKU_003580,WH_008,5,1,29-06-2026 05:05
SKU_003581,WH_008,2,1,28-06-2026 11:31
SKU_003582,WH_009,447,30,18-03-2026 15:50
SKU_003583,WH_004,98,24,28-05-2026 05:43
SKU_003584,WH_010,541,67,01-03-2026 01:34
SKU_003585,WH_006,0,0,19-03-2026 23:25
SKU_003586,WH_004,3,0,26-12-2026 04:00
SKU_003587,WH_006,279,77,23-03-2026 13:49
SKU_003588,WH_010,385,39,08-06-2026 10:26
SKU_003589,WH_007,806,240,28-03-2026 16:32
SKU_003590,WH_009,612,95,31-01-2026 04:35
SKU_003591,WH_002,0,0,17-05-2026 01:29
SKU_003592,WH_010,93,24,03-11-2026 20:51
SKU_003593,WH_007,111,18,22-05-2026 11:50
SKU_003594,WH_010,697,9,27-01-2026 09:53
SKU_003595,WH_009,401,97,19-04-2026 10:25
SKU_003596,WH_009,1,1,03-03-2026 10:49
SKU_003597,WH_001,0,0,23-06-2026 17:56
SKU_003598,WH_006,438,35,25-02-2026 09:36
SKU_003599,WH_003,3,1,26-06-2026 00:34
SKU_003600,WH_002,122,30,15-06-2026 12:27
SKU_003601,WH_001,865,252,29-12-2026 00:42
SKU_003602,WH_006,663,187,31-08-2026 16:07
SKU_003603,WH_009,0,0,30-06-2026 15:30
SKU_003604,WH_002,0,0,20-10-2026 21:03
SKU_003605,WH_003,214,9,01-03-2026 15:28
SKU_003606,WH_009,1,0,24-06-2026 16:52
SKU_003607,WH_008,861,248,10-01-2026 12:38
SKU_003608,WH_010,988,43,27-11-2026 17:31
SKU_003609,WH_003,434,124,26-11-2026 05:14
SKU_003610,WH_008,590,15,18-11-2026 14:54
SKU_003611,WH_006,41,5,08-06-2026 03:01
SKU_003612,WH_008,0,0,26-12-2026 15:50
SKU_003613,WH_006,4,0,04-08-2026 08:19
SKU_003614,WH_004,649,82,20-04-2026 08:24
SKU_003615,WH_007,886,102,13-08-2026 03:04
SKU_003616,WH_004,190,12,02-01-2026 07:24
SKU_003617,WH_001,264,0,09-11-2026 02:01
SKU_003618,WH_009,236,65,01-06-2026 19:11
SKU_003619,WH_007,2,1,10-12-2026 10:20
SKU_003620,WH_007,922,162,27-05-2026 01:10
SKU_003621,WH_010,210,20,14-11-2026 03:30
SKU_003622,WH_008,318,91,21-08-2026 13:37
SKU_003623,WH_002,689,150,27-05-2026 20:00
SKU_003624,WH_008,0,0,25-06-2026 22:21
SKU_003625,WH_007,56,6,16-09-2026 05:59
SKU_003626,WH_006,558,35,14-07-2026 10:40
SKU_003627,WH_008,543,81,16-02-2026 06:24
SKU_003628,WH_002,692,13,02-02-2026 01:43
SKU_003629,WH_009,550,36,10-09-2026 06:10
SKU_003630,WH_010,380,58,19-06-2026 03:07
SKU_003631,WH_006,85,20,26-12-2026 17:21
SKU_003632,WH_002,222,52,05-07-2026 15:14
SKU_003633,WH_010,895,189,03-02-2026 03:34
SKU_003634,WH_001,2,1,05-05-2026 00:24
SKU_003635,WH_007,730,174,06-01-2026 03:19
SKU_003636,WH_004,197,33,21-01-2026 07:47
SKU_003637,WH_004,88,12,25-03-2026 16:57
SKU_003638,WH_002,987,277,17-03-2026 19:50
SKU_003639,WH_005,152,20,06-07-2026 14:58
SKU_003640,WH_001,601,42,17-06-2026 10:22
SKU_003641,WH_003,387,9,24-06-2026 10:49
SKU_003642,WH_003,699,165,24-03-2026 04:20
SKU_003643,WH_009,365,35,26-03-2026 09:28
SKU_003644,WH_008,0,0,09-12-2026 15:34
SKU_003645,WH_004,78,21,01-05-2026 00:59
SKU_003646,WH_010,438,46,06-11-2026 04:45
SKU_003647,WH_002,579,117,07-12-2026 16:42
SKU_003648,WH_008,704,160,30-05-2026 02:07
SKU_003649,WH_008,762,80,24-08-2026 09:39
SKU_003650,WH_006,5,1,31-08-2026 12:06
SKU_003651,WH_010,408,45,15-03-2026 13:22
SKU_003652,WH_002,3,0,17-04-2026 18:25
SKU_003653,WH_001,3,0,01-05-2026 07:01
SKU_003654,WH_006,788,156,17-03-2026 23:21
SKU_003655,WH_006,15,0,16-09-2026 09:10
SKU_003656,WH_004,460,69,13-06-2026 23:05
SKU_003657,WH_008,342,72,08-01-2026 21:45
SKU_003658,WH_002,224,53,24-08-2026 22:20
SKU_003659,WH_006,5,0,25-06-2026 14:57
SKU_003660,WH_001,0,0,04-12-2026 16:02
SKU_003661,WH_003,1,0,02-10-2026 12:41
SKU_003662,WH_001,889,50,02-12-2026 02:37
SKU_003663,WH_010,519,88,19-06-2026 03:32
SKU_003664,WH_003,938,38,08-07-2026 17:01
SKU_003665,WH_006,420,4,02-07-2026 03:37
SKU_003666,WH_006,553,58,14-09-2026 09:04
SKU_003667,WH_002,859,64,08-01-2026 23:28
SKU_003668,WH_009,115,17,09-11-2026 04:53
SKU_003669,WH_002,3,0,30-12-2026 22:39
SKU_003670,WH_007,340,76,12-11-2026 16:43
SKU_003671,WH_002,844,90,31-10-2026 09:08
SKU_003672,WH_006,0,0,02-07-2026 05:51
SKU_003673,WH_008,0,0,03-08-2026 13:49
SKU_003674,WH_002,2,1,29-12-2026 01:38
SKU_003675,WH_005,1,1,18-05-2026 20:33
SKU_003676,WH_008,0,0,23-11-2026 22:00
SKU_003677,WH_007,193,29,25-01-2026 04:27
SKU_003678,WH_002,361,55,13-04-2026 08:19
SKU_003679,WH_005,892,196,05-06-2026 08:03
SKU_003680,WH_006,349,22,01-09-2026 01:57
SKU_003681,WH_006,4,1,05-04-2026 16:38
SKU_003682,WH_001,906,105,26-06-2026 03:19
SKU_003683,WH_009,34,2,19-05-2026 05:21
SKU_003684,WH_009,0,0,16-06-2026 17:01
SKU_003685,WH_008,554,30,04-05-2026 14:45
SKU_003686,WH_008,899,230,21-06-2026 15:35
SKU_003687,WH_005,917,88,06-01-2026 13:34
SKU_003688,WH_006,694,202,21-07-2026 14:52
SKU_003689,WH_007,901,237,27-08-2026 15:00
SKU_003690,WH_003,817,229,22-10-2026 03:35
SKU_003691,WH_001,2,0,04-11-2026 06:33
SKU_003692,WH_002,12,0,25-02-2026 07:15
SKU_003693,WH_005,2,1,26-09-2026 07:19
SKU_003694,WH_005,2,1,29-05-2026 23:03
SKU_003695,WH_001,532,58,09-01-2026 10:26
SKU_003696,WH_002,165,27,28-12-2026 15:16
SKU_003697,WH_009,512,82,08-01-2026 18:51
SKU_003698,WH_003,466,72,14-06-2026 20:38
SKU_003699,WH_010,250,54,17-04-2026 07:04
SKU_003700,WH_003,903,93,18-01-2026 13:33
SKU_003701,WH_005,4,0,18-10-2026 19:41
SKU_003702,WH_002,107,17,26-07-2026 03:48
SKU_003703,WH_003,134,0,21-03-2026 07:18
SKU_003704,WH_009,846,39,08-09-2026 07:53
SKU_003705,WH_010,2,0,26-05-2026 11:32
SKU_003706,WH_004,610,54,23-06-2026 08:59
SKU_003707,WH_008,747,149,14-02-2026 11:05
SKU_003708,WH_008,192,25,11-01-2026 03:05
SKU_003709,WH_008,456,8,05-10-2026 10:30
SKU_003710,WH_009,522,129,15-06-2026 14:55
SKU_003711,WH_010,458,73,11-01-2026 22:19
SKU_003712,WH_010,4,1,08-11-2026 01:21
SKU_003713,WH_009,0,0,16-07-2026 01:49
SKU_003714,WH_006,232,34,24-08-2026 04:08
SKU_003715,WH_008,757,111,27-01-2026 03:22
SKU_003716,WH_004,15,3,27-10-2026 09:28
SKU_003717,WH_001,901,270,12-02-2026 16:48
SKU_003718,WH_004,416,53,09-07-2026 03:10
SKU_003719,WH_009,557,77,07-09-2026 18:33
SKU_003720,WH_001,0,0,17-09-2026 05:35
SKU_003721,WH_007,493,11,09-08-2026 19:37
SKU_003722,WH_003,0,0,06-02-2026 17:46
SKU_003723,WH_002,21,5,19-09-2026 18:21
SKU_003724,WH_007,898,118,16-01-2026 19:35
SKU_003725,WH_006,163,12,14-01-2026 12:24
SKU_003726,WH_008,958,90,17-08-2026 04:20
SKU_003727,WH_006,495,56,02-01-2026 04:18
SKU_003728,WH_008,378,14,20-10-2026 14:07
SKU_003729,WH_009,259,37,27-04-2026 19:12
SKU_003730,WH_001,5,1,07-03-2026 06:07
SKU_003731,WH_010,2,0,03-04-2026 02:37
SKU_003732,WH_009,360,51,12-08-2026 05:04
SKU_003733,WH_004,631,4,16-12-2026 00:25
SKU_003734,WH_004,879,6,17-11-2026 04:16
SKU_003735,WH_001,3,0,18-05-2026 15:37
SKU_003736,WH_006,0,0,16-06-2026 18:13
SKU_003737,WH_003,2,1,17-03-2026 03:18
SKU_003738,WH_007,61,12,21-08-2026 15:14
SKU_003739,WH_009,221,48,10-11-2026 08:07
SKU_003740,WH_008,800,176,08-03-2026 23:21
SKU_003741,WH_009,162,30,03-08-2026 20:44
SKU_003742,WH_007,498,7,24-01-2026 07:48
SKU_003743,WH_004,723,1,10-02-2026 05:43
SKU_003744,WH_008,272,75,07-04-2026 05:12
SKU_003745,WH_003,971,252,14-08-2026 21:25
SKU_003746,WH_010,281,13,24-10-2026 04:39
SKU_003747,WH_006,2,0,22-08-2026 08:13
SKU_003748,WH_003,668,23,09-05-2026 09:40
SKU_003749,WH_001,246,26,08-03-2026 01:35
SKU_003750,WH_005,5,0,26-03-2026 10:33
SKU_003751,WH_009,568,66,29-09-2026 22:47
SKU_003752,WH_010,552,135,15-06-2026 08:09
SKU_003753,WH_004,0,0,17-10-2026 03:44
SKU_003754,WH_003,50,1,16-02-2026 13:11
SKU_003755,WH_009,3,1,06-04-2026 22:10
SKU_003756,WH_009,2,0,13-12-2026 13:34
SKU_003757,WH_007,619,138,26-05-2026 12:54
SKU_003758,WH_010,144,19,21-01-2026 04:34
SKU_003759,WH_008,2,0,19-10-2026 18:38
SKU_003760,WH_006,2,0,17-01-2026 14:31
SKU_003761,WH_008,2,0,31-10-2026 10:41
SKU_003762,WH_010,316,55,19-09-2026 13:02
SKU_003763,WH_008,3,1,05-07-2026 19:20
SKU_003764,WH_004,5,0,07-09-2026 10:15
SKU_003765,WH_003,765,25,01-07-2026 13:02
SKU_003766,WH_008,941,160,07-06-2026 10:17
SKU_003767,WH_005,360,40,06-11-2026 18:46
SKU_003768,WH_003,449,120,17-03-2026 16:21
SKU_003769,WH_003,114,26,02-03-2026 12:10
SKU_003770,WH_001,390,19,02-06-2026 00:10
SKU_003771,WH_010,244,27,04-05-2026 18:28
SKU_003772,WH_008,272,47,10-06-2026 06:06
SKU_003773,WH_003,364,105,20-06-2026 16:32
SKU_003774,WH_001,921,150,14-10-2026 18:22
SKU_003775,WH_006,2,1,08-01-2026 13:53
SKU_003776,WH_007,0,0,08-01-2026 21:05
SKU_003777,WH_005,0,0,04-02-2026 05:34
SKU_003778,WH_007,228,38,04-09-2026 15:44
SKU_003779,WH_009,809,75,02-05-2026 09:40
SKU_003780,WH_009,258,58,31-12-2026 20:52
SKU_003781,WH_005,4,1,26-01-2026 21:17
SKU_003782,WH_010,0,0,23-05-2026 11:29
SKU_003783,WH_002,199,23,05-01-2026 12:47
SKU_003784,WH_001,124,8,30-08-2026 22:08
SKU_003785,WH_010,74,20,23-03-2026 01:57
SKU_003786,WH_010,10,0,16-06-2026 02:58
SKU_003787,WH_007,245,20,15-11-2026 08:08
SKU_003788,WH_006,5,0,16-09-2026 07:15
SKU_003789,WH_005,662,95,13-05-2026 08:28
SKU_003790,WH_009,779,175,10-06-2026 09:29
SKU_003791,WH_005,646,63,22-10-2026 11:51
SKU_003792,WH_009,901,203,04-08-2026 14:37
SKU_003793,WH_006,526,27,18-09-2026 22:10
SKU_003794,WH_007,945,157,19-10-2026 16:29
SKU_003795,WH_006,856,169,24-05-2026 22:44
SKU_003796,WH_003,0,0,08-08-2026 03:39
SKU_003797,WH_008,232,13,05-10-2026 00:15
SKU_003798,WH_004,275,69,29-12-2026 23:19
SKU_003799,WH_006,5,1,27-10-2026 01:08
SKU_003800,WH_001,737,112,06-02-2026 20:20
SKU_003801,WH_003,0,0,04-11-2026 13:59
SKU_003802,WH_002,937,192,14-05-2026 19:56
SKU_003803,WH_010,0,0,29-04-2026 12:37
SKU_003804,WH_001,395,3,07-05-2026 11:04
SKU_003805,WH_006,320,55,18-05-2026 18:25
SKU_003806,WH_007,407,29,19-04-2026 21:08
SKU_003807,WH_006,573,62,22-05-2026 20:18
SKU_003808,WH_007,475,93,25-02-2026 05:09
SKU_003809,WH_007,624,62,02-09-2026 07:22
SKU_003810,WH_001,991,17,11-01-2026 12:51
SKU_003811,WH_007,2,0,26-04-2026 10:43
SKU_003812,WH_010,2,0,02-08-2026 19:58
SKU_003813,WH_005,775,67,06-04-2026 06:35
SKU_003814,WH_002,776,173,09-05-2026 13:59
SKU_003815,WH_005,429,65,12-04-2026 03:07
SKU_003816,WH_008,682,161,12-02-2026 08:57
SKU_003817,WH_005,733,22,16-09-2026 09:12
SKU_003818,WH_003,131,24,19-03-2026 04:02
SKU_003819,WH_007,188,32,11-03-2026 09:07
SKU_003820,WH_010,2,1,27-10-2026 14:01
SKU_003821,WH_002,503,61,23-03-2026 13:40
SKU_003822,WH_004,482,89,02-07-2026 00:20
SKU_003823,WH_004,783,143,18-07-2026 04:18
SKU_003824,WH_004,690,60,31-07-2026 14:27
SKU_003825,WH_003,738,11,18-08-2026 13:20
SKU_003826,WH_010,0,0,13-09-2026 01:25
SKU_003827,WH_010,187,2,05-08-2026 21:35
SKU_003828,WH_010,1,1,11-11-2026 06:51
SKU_003829,WH_002,0,0,13-07-2026 04:43
SKU_003830,WH_008,269,1,06-10-2026 15:59
SKU_003831,WH_002,477,78,08-06-2026 17:25
SKU_003832,WH_006,244,3,25-01-2026 02:13
SKU_003833,WH_001,964,247,22-02-2026 06:18
SKU_003834,WH_006,563,111,30-04-2026 09:22
SKU_003835,WH_010,453,50,05-04-2026 12:48
SKU_003836,WH_007,892,120,14-10-2026 19:25
SKU_003837,WH_003,399,99,01-12-2026 01:35
SKU_003838,WH_004,268,1,16-07-2026 13:55
SKU_003839,WH_002,4,1,26-03-2026 10:15
SKU_003840,WH_005,427,56,18-06-2026 18:23
SKU_003841,WH_008,82,11,15-07-2026 08:20
SKU_003842,WH_008,84,6,31-01-2026 02:43
SKU_003843,WH_008,108,32,01-07-2026 03:53
SKU_003844,WH_008,4,0,05-11-2026 03:42
SKU_003845,WH_008,636,190,01-02-2026 13:50
SKU_003846,WH_003,646,149,20-05-2026 14:42
SKU_003847,WH_009,951,125,14-03-2026 16:22
SKU_003848,WH_005,838,212,13-12-2026 06:27
SKU_003849,WH_001,994,18,28-05-2026 22:36
SKU_003850,WH_002,5,1,08-05-2026 22:44
SKU_003851,WH_002,303,4,05-10-2026 15:19
SKU_003852,WH_007,720,110,30-11-2026 08:28
SKU_003853,WH_009,581,76,21-11-2026 23:17
SKU_003854,WH_002,42,9,21-03-2026 22:11
SKU_003855,WH_007,547,19,13-10-2026 02:30
SKU_003856,WH_001,5,0,08-11-2026 14:36
SKU_003857,WH_004,707,60,13-03-2026 18:06
SKU_003858,WH_010,418,75,19-01-2026 23:09
SKU_003859,WH_004,129,31,28-03-2026 01:18
SKU_003860,WH_002,786,92,11-01-2026 04:34
SKU_003861,WH_008,793,91,07-01-2026 06:36
SKU_003862,WH_007,716,54,02-11-2026 02:11
SKU_003863,WH_004,0,0,13-03-2026 10:28
SKU_003864,WH_009,189,47,14-05-2026 12:52
SKU_003865,WH_007,783,10,04-02-2026 12:06
SKU_003866,WH_003,178,27,19-09-2026 07:42
SKU_003867,WH_002,176,36,08-11-2026 00:39
SKU_003868,WH_009,542,47,06-07-2026 23:07
SKU_003869,WH_010,1,1,15-08-2026 03:38
SKU_003870,WH_001,902,254,22-11-2026 17:57
SKU_003871,WH_009,894,51,20-09-2026 02:26
SKU_003872,WH_007,5,1,04-03-2026 06:58
SKU_003873,WH_004,174,17,06-01-2026 14:28
SKU_003874,WH_002,706,91,11-03-2026 14:21
SKU_003875,WH_001,0,0,01-05-2026 02:15
SKU_003876,WH_005,1,0,25-03-2026 05:36
SKU_003877,WH_005,86,3,15-02-2026 11:34
SKU_003878,WH_008,347,21,11-03-2026 01:38
SKU_003879,WH_010,490,73,02-02-2026 14:02
SKU_003880,WH_003,928,25,13-03-2026 16:53
SKU_003881,WH_006,1,0,02-10-2026 07:53
SKU_003882,WH_008,502,132,09-04-2026 10:11
SKU_003883,WH_004,61,10,25-09-2026 07:54
SKU_003884,WH_007,0,0,20-10-2026 22:45
SKU_003885,WH_008,0,0,28-08-2026 12:25
SKU_003886,WH_010,245,37,24-09-2026 03:50
SKU_003887,WH_009,0,0,12-09-2026 09:30
SKU_003888,WH_010,331,22,06-12-2026 13:07
SKU_003889,WH_008,154,14,28-01-2026 12:17
SKU_003890,WH_002,502,27,02-01-2026 22:48
SKU_003891,WH_003,3,0,20-01-2026 02:29
SKU_003892,WH_010,26,4,29-12-2026 17:15
SKU_003893,WH_010,866,190,29-01-2026 11:18
SKU_003894,WH_001,4,0,22-06-2026 08:22
SKU_003895,WH_009,281,24,28-04-2026 07:20
SKU_003896,WH_006,154,24,26-06-2026 23:33
SKU_003897,WH_008,95,16,25-08-2026 20:16
SKU_003898,WH_002,495,63,27-02-2026 20:32
SKU_003899,WH_008,117,12,26-05-2026 04:55
SKU_003900,WH_001,642,10,08-06-2026 15:54
SKU_003901,WH_002,3,0,27-06-2026 06:48
SKU_003902,WH_005,406,76,08-02-2026 02:38
SKU_003903,WH_006,626,108,25-08-2026 05:18
SKU_003904,WH_008,918,83,04-02-2026 05:17
SKU_003905,WH_003,731,35,02-01-2026 18:51
SKU_003906,WH_009,3,0,19-08-2026 08:30
SKU_003907,WH_003,184,5,07-10-2026 08:51
SKU_003908,WH_009,0,0,29-10-2026 23:09
SKU_003909,WH_004,669,90,07-07-2026 19:14
SKU_003910,WH_009,281,73,09-09-2026 11:07
SKU_003911,WH_010,4,1,26-07-2026 15:39
SKU_003912,WH_010,502,48,09-04-2026 23:33
SKU_003913,WH_003,692,153,27-10-2026 13:10
SKU_003914,WH_004,4,0,02-04-2026 15:45
SKU_003915,WH_004,311,82,27-09-2026 18:35
SKU_003916,WH_008,938,128,28-06-2026 06:38
SKU_003917,WH_004,0,0,05-10-2026 08:36
SKU_003918,WH_002,565,110,17-06-2026 21:32
SKU_003919,WH_006,5,1,18-05-2026 15:15
SKU_003920,WH_001,770,84,17-09-2026 19:55
SKU_003921,WH_008,5,1,30-05-2026 09:23
SKU_003922,WH_008,652,195,01-10-2026 14:17
SKU_003923,WH_007,392,117,06-09-2026 06:48
SKU_003924,WH_009,679,20,31-07-2026 06:39
SKU_003925,WH_010,569,95,20-11-2026 16:32
SKU_003926,WH_006,193,16,24-04-2026 00:14
SKU_003927,WH_009,717,154,25-09-2026 15:02
SKU_003928,WH_009,294,19,06-04-2026 15:51
SKU_003929,WH_009,3,0,11-12-2026 03:19
SKU_003930,WH_009,190,48,30-09-2026 14:39
SKU_003931,WH_001,515,88,06-02-2026 09:02
SKU_003932,WH_004,453,113,26-06-2026 04:07
SKU_003933,WH_004,182,18,29-10-2026 18:03
SKU_003934,WH_010,668,63,19-04-2026 00:31
SKU_003935,WH_007,0,0,13-03-2026 05:51
SKU_003936,WH_002,225,57,15-06-2026 18:11
SKU_003937,WH_001,326,95,13-11-2026 14:17
SKU_003938,WH_010,581,116,12-03-2026 09:15
SKU_003939,WH_007,3,1,15-06-2026 19:51
SKU_003940,WH_009,2,1,15-06-2026 00:50
SKU_003941,WH_009,265,12,26-10-2026 21:34
SKU_003942,WH_004,2,1,23-04-2026 02:19
SKU_003943,WH_006,564,150,03-07-2026 00:19
SKU_003944,WH_002,2,0,17-06-2026 05:25
SKU_003945,WH_007,790,137,19-02-2026 02:00
SKU_003946,WH_010,799,188,21-04-2026 22:49
SKU_003947,WH_009,51,4,21-03-2026 06:12
SKU_003948,WH_004,183,29,10-05-2026 07:51
SKU_003949,WH_002,674,161,03-11-2026 10:51
SKU_003950,WH_005,251,52,27-01-2026 20:39
SKU_003951,WH_010,0,0,01-02-2026 23:56
SKU_003952,WH_010,396,33,06-02-2026 21:37
SKU_003953,WH_009,477,18,22-01-2026 18:51
SKU_003954,WH_010,951,83,09-05-2026 02:51
SKU_003955,WH_008,3,0,15-03-2026 04:50
SKU_003956,WH_009,27,8,28-06-2026 08:59
SKU_003957,WH_002,145,28,12-09-2026 16:04
SKU_003958,WH_004,5,1,14-10-2026 08:45
SKU_003959,WH_008,114,23,26-12-2026 05:49
SKU_003960,WH_005,237,22,13-04-2026 01:27
SKU_003961,WH_004,916,8,10-11-2026 13:32
SKU_003962,WH_002,916,201,17-08-2026 20:01
SKU_003963,WH_005,0,0,22-05-2026 13:23
SKU_003964,WH_007,763,168,21-08-2026 06:30
SKU_003965,WH_009,47,8,16-12-2026 23:03
SKU_003966,WH_007,4,1,23-07-2026 19:27
SKU_003967,WH_006,691,124,06-10-2026 17:18
SKU_003968,WH_010,3,1,26-02-2026 20:46
SKU_003969,WH_007,69,0,25-10-2026 11:16
SKU_003970,WH_002,805,96,02-02-2026 20:51
SKU_003971,WH_004,642,85,17-05-2026 15:25
SKU_003972,WH_006,1,1,25-04-2026 16:02
SKU_003973,WH_007,963,146,13-01-2026 23:02
SKU_003974,WH_010,4,0,28-09-2026 10:59
SKU_003975,WH_002,15,1,27-10-2026 08:55
SKU_003976,WH_002,3,0,23-12-2026 14:17
SKU_003977,WH_006,419,64,21-07-2026 02:41
SKU_003978,WH_010,2,1,03-07-2026 11:35
SKU_003979,WH_004,232,61,13-03-2026 12:33
SKU_003980,WH_010,792,96,25-10-2026 04:07
SKU_003981,WH_002,333,76,20-07-2026 23:34
SKU_003982,WH_007,2,1,30-04-2026 22:12
SKU_003983,WH_005,4,1,17-09-2026 23:42
SKU_003984,WH_002,312,49,09-05-2026 19:39
SKU_003985,WH_008,0,0,15-10-2026 03:47
SKU_003986,WH_004,0,0,23-10-2026 19:58
SKU_003987,WH_002,845,16,27-12-2026 22:28
SKU_003988,WH_008,989,182,08-09-2026 21:06
SKU_003989,WH_008,892,63,02-01-2026 20:51
SKU_003990,WH_007,984,236,04-04-2026 15:07
SKU_003991,WH_003,0,0,01-07-2026 02:08
SKU_003992,WH_005,655,90,11-09-2026 00:14
SKU_003993,WH_004,517,121,04-09-2026 20:23
SKU_003994,WH_009,462,107,16-08-2026 08:17
SKU_003995,WH_006,818,188,30-12-2026 07:47
SKU_003996,WH_009,819,43,27-06-2026 22:33
SKU_003997,WH_004,5,1,22-12-2026 20:35
SKU_003998,WH_001,446,124,19-04-2026 01:44
SKU_003999,WH_002,491,28,07-11-2026 14:40
SKU_004000,WH_009,571,10,18-01-2026 19:15
SKU_004001,WH_004,292,0,02-09-2026 07:29
SKU_004002,WH_003,945,228,26-11-2026 14:46
SKU_004003,WH_004,332,70,27-07-2026 00:10
SKU_004004,WH_001,4,1,06-10-2026 18:02
SKU_004005,WH_002,537,52,15-05-2026 08:56
SKU_004006,WH_005,796,79,08-05-2026 06:02
SKU_004007,WH_005,4,1,14-03-2026 17:22
SKU_004008,WH_001,88,15,06-07-2026 03:36
SKU_004009,WH_006,3,0,04-10-2026 23:16
SKU_004010,WH_002,1,0,06-07-2026 04:37
SKU_004011,WH_010,62,14,09-06-2026 17:06
SKU_004012,WH_008,139,34,03-09-2026 21:30
SKU_004013,WH_010,725,157,24-03-2026 05:22
SKU_004014,WH_008,0,0,08-01-2026 04:09
SKU_004015,WH_003,0,0,04-12-2026 15:14
SKU_004016,WH_009,536,78,28-10-2026 10:08
SKU_004017,WH_005,467,110,18-07-2026 03:13
SKU_004018,WH_007,0,0,13-05-2026 01:52
SKU_004019,WH_008,398,59,20-06-2026 12:53
SKU_004020,WH_004,514,131,07-10-2026 00:10
SKU_004021,WH_005,731,51,18-08-2026 03:27
SKU_004022,WH_009,0,0,15-10-2026 18:09
SKU_004023,WH_003,997,294,08-08-2026 14:40
SKU_004024,WH_002,0,0,04-03-2026 11:59
SKU_004025,WH_010,966,116,11-02-2026 13:02
SKU_004026,WH_008,4,0,09-06-2026 00:32
SKU_004027,WH_001,3,0,15-05-2026 10:18
SKU_004028,WH_009,351,39,26-05-2026 04:20
SKU_004029,WH_006,672,83,17-03-2026 18:37
SKU_004030,WH_008,120,20,07-11-2026 09:22
SKU_004031,WH_002,1,1,07-11-2026 12:27
SKU_004032,WH_009,897,225,03-09-2026 07:53
SKU_004033,WH_005,455,22,27-12-2026 01:42
SKU_004034,WH_003,0,0,27-11-2026 07:00
SKU_004035,WH_006,430,64,04-12-2026 09:45
SKU_004036,WH_003,230,68,23-07-2026 01:04
SKU_004037,WH_010,4,1,28-10-2026 10:41
SKU_004038,WH_007,538,60,10-11-2026 21:49
SKU_004039,WH_004,830,67,10-06-2026 13:04
SKU_004040,WH_009,1,0,09-04-2026 06:50
SKU_004041,WH_007,606,110,08-02-2026 10:09
SKU_004042,WH_009,322,51,19-07-2026 10:38
SKU_004043,WH_005,634,143,25-11-2026 07:10
SKU_004044,WH_001,710,55,25-11-2026 12:36
SKU_004045,WH_006,3,1,08-04-2026 22:34
SKU_004046,WH_003,73,1,18-08-2026 00:27
SKU_004047,WH_005,984,141,19-07-2026 21:56
SKU_004048,WH_002,7,0,21-01-2026 09:57
SKU_004049,WH_007,89,13,06-04-2026 10:15
SKU_004050,WH_009,0,0,22-02-2026 02:09
SKU_004051,WH_007,419,20,29-07-2026 12:32
SKU_004052,WH_004,817,68,27-05-2026 15:10
SKU_004053,WH_002,181,10,01-08-2026 07:06
SKU_004054,WH_004,143,18,23-07-2026 00:44
SKU_004055,WH_010,3,0,24-12-2026 04:22
SKU_004056,WH_003,56,12,22-09-2026 09:52
SKU_004057,WH_005,611,53,31-01-2026 10:19
SKU_004058,WH_002,2,1,17-06-2026 05:40
SKU_004059,WH_003,164,21,22-03-2026 16:29
SKU_004060,WH_001,740,138,04-04-2026 08:45
SKU_004061,WH_008,679,51,08-03-2026 08:31
SKU_004062,WH_009,2,0,04-10-2026 09:11
SKU_004063,WH_008,801,71,23-06-2026 07:56
SKU_004064,WH_004,1,0,23-08-2026 21:50
SKU_004065,WH_009,0,0,26-05-2026 11:58
SKU_004066,WH_003,626,15,26-03-2026 06:54
SKU_004067,WH_002,0,0,25-02-2026 06:04
SKU_004068,WH_002,2,1,11-09-2026 05:08
SKU_004069,WH_005,130,16,13-04-2026 00:56
SKU_004070,WH_007,485,23,17-01-2026 21:42
SKU_004071,WH_010,100,27,18-12-2026 14:16
SKU_004072,WH_005,307,11,26-01-2026 15:48
SKU_004073,WH_008,830,94,17-04-2026 18:08
SKU_004074,WH_004,240,63,22-12-2026 15:21
SKU_004075,WH_002,288,17,19-09-2026 16:12
SKU_004076,WH_009,734,200,10-03-2026 07:47
SKU_004077,WH_001,197,26,20-02-2026 15:40
SKU_004078,WH_009,923,5,09-01-2026 05:48
SKU_004079,WH_005,320,77,23-09-2026 00:37
SKU_004080,WH_004,319,26,16-11-2026 10:52
SKU_004081,WH_002,3,1,01-02-2026 22:30
SKU_004082,WH_010,537,152,12-05-2026 02:57
SKU_004083,WH_007,57,7,07-04-2026 06:13
SKU_004084,WH_003,689,153,20-10-2026 06:53
SKU_004085,WH_004,3,1,11-09-2026 15:05
SKU_004086,WH_008,896,28,25-08-2026 15:09
SKU_004087,WH_002,902,241,04-02-2026 20:52
SKU_004088,WH_010,175,33,13-06-2026 04:09
SKU_004089,WH_008,3,0,07-07-2026 15:49
SKU_004090,WH_002,1,0,29-09-2026 09:18
SKU_004091,WH_008,745,146,03-12-2026 17:01
SKU_004092,WH_008,740,207,02-01-2026 20:22
SKU_004093,WH_003,951,80,05-04-2026 02:39
SKU_004094,WH_002,0,0,17-02-2026 00:49
SKU_004095,WH_010,832,107,20-06-2026 21:42
SKU_004096,WH_002,0,0,02-08-2026 09:51
SKU_004097,WH_003,119,30,21-01-2026 07:44
SKU_004098,WH_004,3,0,18-02-2026 21:00
SKU_004099,WH_003,70,16,15-11-2026 05:44
SKU_004100,WH_007,101,30,29-08-2026 07:46
SKU_004101,WH_001,0,0,12-05-2026 14:09
SKU_004102,WH_004,2,0,22-05-2026 15:55
SKU_004103,WH_010,543,35,27-05-2026 17:10
SKU_004104,WH_010,445,121,18-06-2026 12:37
SKU_004105,WH_002,117,11,18-09-2026 23:19
SKU_004106,WH_006,1,0,04-05-2026 06:10
SKU_004107,WH_008,627,188,02-01-2026 22:02
SKU_004108,WH_003,813,61,22-12-2026 21:26
SKU_004109,WH_009,153,31,13-04-2026 03:28
SKU_004110,WH_002,101,12,02-03-2026 03:50
SKU_004111,WH_008,482,119,17-09-2026 18:02
SKU_004112,WH_009,604,23,27-04-2026 02:00
SKU_004113,WH_004,655,9,19-07-2026 12:23
SKU_004114,WH_002,544,143,01-05-2026 04:24
SKU_004115,WH_002,710,154,25-10-2026 23:08
SKU_004116,WH_004,10,0,24-08-2026 21:40
SKU_004117,WH_007,1,1,07-10-2026 04:03
SKU_004118,WH_004,170,44,12-07-2026 12:24
SKU_004119,WH_010,677,119,29-03-2026 06:40
SKU_004120,WH_002,0,0,23-05-2026 21:44
SKU_004121,WH_002,338,33,06-12-2026 23:08
SKU_004122,WH_005,0,0,25-11-2026 00:47
SKU_004123,WH_010,5,0,16-03-2026 03:22
SKU_004124,WH_003,907,26,30-07-2026 01:04
SKU_004125,WH_002,915,163,20-04-2026 05:13
SKU_004126,WH_006,423,38,28-01-2026 19:26
SKU_004127,WH_001,822,136,23-06-2026 09:07
SKU_004128,WH_003,942,166,23-08-2026 17:08
SKU_004129,WH_005,692,10,10-03-2026 17:42
SKU_004130,WH_009,0,0,21-10-2026 19:18
SKU_004131,WH_001,757,151,29-09-2026 13:31
SKU_004132,WH_005,948,92,10-12-2026 13:23
SKU_004133,WH_004,208,57,29-04-2026 05:30
SKU_004134,WH_003,903,182,16-03-2026 02:18
SKU_004135,WH_001,5,1,18-02-2026 13:53
SKU_004136,WH_002,0,0,20-06-2026 07:26
SKU_004137,WH_001,4,1,18-02-2026 03:57
SKU_004138,WH_001,0,0,15-01-2026 19:51
SKU_004139,WH_006,722,29,05-08-2026 19:50
SKU_004140,WH_006,2,1,25-06-2026 18:13
SKU_004141,WH_010,0,0,06-11-2026 19:36
SKU_004142,WH_003,160,31,26-03-2026 17:00
SKU_004143,WH_008,810,233,01-06-2026 22:09
SKU_004144,WH_003,242,44,09-11-2026 16:01
SKU_004145,WH_001,3,0,14-01-2026 20:26
