sku_id,event_type,timestamp
62316095,wishlist,05-01-2026 20:33
1982137274,wishlist,28-01-2026 02:17
059035342X,cart,13-02-2026 08:14
307474275,view,06-01-2026 18:51
140449132,view,07-01-2026 04:07
61120081,cart,17-01-2026 21:09
553386794,cart,23-03-2026 22:17
544003411,wishlist,25-04-2026 15:53
62316117,wishlist,12-02-2026 19:19
143127748,view,24-02-2026 00:27
1594634025,wishlist,23-03-2026 11:06
038549081X,cart,29-03-2026 05:27
62457713,view,25-04-2026 10:10
142437239,view,11-02-2026 19:26
030788744X,view,07-03-2026 08:38
62315005,wishlist,21-02-2026 08:45
596007120,wishlist,08-03-2026 18:56
262033844,cart,28-04-2026 05:34
132350882,cart,16-01-2026 07:14
735211299,purchase,26-02-2026 22:18
385472579,cart,18-04-2026 04:41
60850523,wishlist,03-05-2026 01:40
143039954,view,09-05-2026 09:42
1501128035,view,16-01-2026 11:51
525559477,view,20-01-2026 14:42
804139296,wishlist,15-02-2026 04:53
66620996,view,10-03-2026 23:40
006245773X,view,13-03-2026 21:10
451524934,cart,29-04-2026 06:45
316769487,view,01-02-2026 17:30
671027034,purchase,17-02-2026 12:54
1982157283,cart,15-03-2026 16:23
593230256,view,31-03-2026 18:17
345803485,view,22-05-2026 13:58
081298160X,wishlist,14-02-2026 11:26
590353403,view,13-01-2026 20:27
143110438,purchase,21-02-2026 23:45
307465357,purchase,19-03-2026 21:33
140283331,view,11-02-2026 06:54
62315008,purchase,07-04-2026 22:35
307346617,view,08-05-2026 06:33
61992275,cart,28-01-2026 02:43
006256577X,wishlist,17-02-2026 21:22
1250316774,view,20-04-2026 00:09
62457715,view,27-01-2026 20:40
307277674,wishlist,12-02-2026 14:06
385484518,purchase,12-03-2026 07:01
1501173219,view,19-03-2026 13:20
143130722,view,09-04-2026 22:33
399590501,cart,13-01-2026 08:03
62316112,view,16-03-2026 02:28
307719227,view,16-03-2026 17:08
143127550,cart,26-04-2026 19:28
62315009,wishlist,13-05-2026 02:21
143126562,view,22-01-2026 15:52
62316113,view,21-02-2026 19:29
307463740,review,26-02-2026 23:48
62871337,purchase,08-03-2026 01:19
307273601,view,05-05-2026 11:05
1501161933,wishlist,21-01-2026 15:54
140280197,cart,04-02-2026 16:34
1455586691,view,27-02-2026 22:51
62316107,view,09-04-2026 13:58
140449266,view,02-05-2026 10:06
679783275,view,01-01-2026 02:39
307743657,view,04-01-2026 18:46
61122415,review,04-03-2026 22:40
142437247,wishlist,05-04-2026 21:04
553213119,view,27-04-2026 07:17
60853983,view,16-01-2026 07:02
131103627,view,21-04-2026 04:04
1491957660,wishlist,14-04-2026 10:35
141182803,purchase,03-04-2026 06:58
60935467,view,09-05-2026 02:39
307387892,cart,11-02-2026 03:03
140449334,wishlist,24-03-2026 03:57
812981606,view,15-04-2026 17:18
679734529,cart,28-04-2026 18:55
307476463,view,22-05-2026 17:43
62315001,view,13-01-2026 10:22
553573404,cart,24-01-2026 11:55
62315002,view,13-02-2026 15:09
1451673319,view,18-02-2026 03:19
261103573,view,29-03-2026 16:04
140449273,view,14-02-2026 10:56
307949486,view,06-03-2026 03:54
62457716,view,24-02-2026 01:47
140449198,cart,10-05-2026 21:39
679410430,view,17-02-2026 04:26
140449181,view,21-03-2026 01:02
307278449,view,02-04-2026 18:48
1591846445,view,02-04-2026 20:12
385545969,view,22-04-2026 21:20
62316114,cart,11-05-2026 18:06
143127745,view,12-01-2026 18:28
807014295,view,22-01-2026 05:13
525536291,view,07-02-2026 04:52
140449204,view,18-02-2026 06:49
307271037,view,15-01-2026 15:19
90711001-BEIGE,purchase,18-02-2026 12:10
90711002-WHITE,cart,31-03-2026 20:00
90711003-BLACK,review,07-05-2026 15:12
90711004-GREEN,purchase,19-01-2026 02:38
90711005-OAK,view,02-02-2026 07:03
90711006-BLUE,view,20-03-2026 22:01
90711007-GRAY,review,01-01-2026 10:02
90711008-WHITE,view,12-01-2026 09:15
90721001-BLACK,wishlist,01-02-2026 23:15
90721002-WHITE,view,15-03-2026 14:08
90721003-BEIGE,wishlist,18-04-2026 22:04
90721004-GREEN,view,09-05-2026 12:32
90721005-WOOD,view,16-05-2026 06:21
90721006-BLUE,review,22-05-2026 20:24
90721007-WHITE,view,12-01-2026 02:24
90721008-GRAY,view,12-01-2026 20:04
90721009-BLACK,purchase,02-03-2026 21:30
90721010-WOOD,cart,16-04-2026 06:48
90731001-WHITE,view,23-05-2026 20:47
90731002-GRAY,cart,14-01-2026 04:43
90731003-BLACK,view,14-01-2026 07:19
90731004-BEIGE,view,16-01-2026 13:20
90731005-WOOD,purchase,06-02-2026 02:00
90731006-BLUE,view,26-04-2026 13:03
90731007-WHITE,cart,08-01-2026 17:12
90731008-GREEN,cart,16-01-2026 22:04
90731009-GRAY,purchase,23-03-2026 09:43
90731010-BLACK,view,01-05-2026 06:31
90731011-WHITE,wishlist,08-05-2026 15:34
90731012-BLACK,view,21-02-2026 13:51
90731013-GREEN,cart,18-03-2026 20:29
90731014-WOOD,cart,02-01-2026 19:24
90731015-GRAY,cart,15-01-2026 02:04
90731016-WHITE,view,03-03-2026 09:29
90731017-BLACK,cart,30-03-2026 23:45
90731018-BEIGE,view,14-01-2026 08:35
90731019-WHITE,view,26-01-2026 17:17
90731020-BLUE,wishlist,17-02-2026 10:26
90731021-WHITE,wishlist,21-02-2026 11:55
90731022-GRAY,cart,09-03-2026 18:29
90731023-BLACK,view,02-01-2026 12:27
90731024-WOOD,purchase,28-02-2026 03:12
90731025-BLUE,view,18-04-2026 16:38
90731026-GREEN,purchase,09-05-2026 19:36
90731027-BLACK,wishlist,10-05-2026 16:28
90731028-WHITE,cart,22-02-2026 21:14
90731029-GRAY,wishlist,24-02-2026 17:04
90731030-BEIGE,purchase,04-05-2026 03:45
90731031-WHITE,cart,14-05-2026 11:58
90731032-BLACK,view,10-01-2026 20:44
90731033-GREEN,view,18-01-2026 22:08
90741001-WHITE,view,04-05-2026 03:58
90741002-BLACK,view,20-02-2026 20:48
90741003-GRAY,view,04-05-2026 17:09
90741004-BEIGE,purchase,02-01-2026 21:03
90741005-WOOD,cart,15-01-2026 14:39
90741006-BLUE,view,22-01-2026 17:22
90741007-WHITE,view,19-04-2026 22:00
90741008-GREEN,view,29-01-2026 18:10
90741009-BLACK,view,18-04-2026 06:57
90741010-WHITE,view,24-04-2026 02:41
90741011-BEIGE,view,11-03-2026 11:30
90741012-GRAY,view,20-01-2026 23:03
90741013-WOOD,cart,10-05-2026 12:08
90741014-BLUE,review,31-01-2026 00:16
90741015-BLACK,wishlist,01-02-2026 13:18
90741016-WHITE,purchase,15-02-2026 23:16
90741017-GREEN,view,01-05-2026 12:29
90741018-GRAY,wishlist,21-03-2026 22:43
90741019-BEIGE,view,11-05-2026 01:59
90741020-WOOD,wishlist,23-05-2026 17:36
90751001-BLACK,purchase,16-03-2026 06:46
90751002-WHITE,view,08-02-2026 18:04
90751003-GRAY,wishlist,13-02-2026 04:36
90751004-BEIGE,view,09-03-2026 21:31
90751005-BLUE,view,31-03-2026 09:10
90751006-WOOD,view,05-03-2026 17:48
90751007-BLACK,view,19-03-2026 08:59
90751008-WHITE,view,10-03-2026 04:27
90751009-GREEN,review,09-04-2026 22:00
90751010-BLUE,cart,05-05-2026 13:31
90751011-WHITE,purchase,23-01-2026 09:31
90751012-BLACK,view,04-02-2026 16:11
90751013-BEIGE,cart,21-02-2026 13:09
90751014-GREEN,view,23-04-2026 17:44
90751015-WOOD,view,26-03-2026 17:44
90751016-BLUE,purchase,10-04-2026 07:24
90751017-GRAY,view,28-04-2026 17:08
90751018-BLACK,view,18-05-2026 15:10
90751019-WHITE,view,08-02-2026 06:15
90751020-BEIGE,view,15-04-2026 13:22
90751021-GREEN,cart,11-05-2026 05:21
90751022-BLUE,view,14-05-2026 08:59
90751023-WOOD,view,20-05-2026 16:47
90751024-GRAY,purchase,20-05-2026 18:17
90751025-BEIGE,cart,02-03-2026 01:22
90751026-WHITE,cart,05-03-2026 08:07
90751027-BLACK,view,20-03-2026 03:19
90751028-BROWN,cart,21-03-2026 07:14
90732001-500G,view,10-05-2026 11:56
90732002-1KG,view,21-04-2026 12:13
90732003-200G,cart,30-04-2026 12:30
90732004-500ML,view,01-03-2026 00:09
90732005-1L,view,04-03-2026 13:47
90732006-250G,view,23-04-2026 14:55
90732007-100G,view,28-04-2026 19:14
90732008-500G,view,08-05-2026 03:08
90732009-200G,view,17-01-2026 11:10
90732010-150G,cart,08-05-2026 22:28
90732011-1KG,view,19-01-2026 03:12
90732012-1KG,view,15-02-2026 14:34
90732013-500G,view,02-03-2026 06:39
90732014-200G,view,07-03-2026 02:05
90732015-750ML,view,11-05-2026 15:27
90732016-400G,view,30-03-2026 10:23
90732017-200G,view,07-02-2026 18:08
90732018-500G,view,16-03-2026 13:28
90732019-250G,cart,06-04-2026 23:57
90732020-300G,purchase,16-05-2026 05:14
90732021-1KG,purchase,20-05-2026 11:44
90732022-500G,view,24-03-2026 13:19
90732023-1L,view,10-01-2026 18:02
90732024-500G,wishlist,24-01-2026 13:34
90732025-200G,cart,18-02-2026 09:20
90732026-1KG,review,01-04-2026 04:57
90732027-100G,cart,19-04-2026 05:41
90732028-500G,wishlist,24-03-2026 20:45
90732029-750ML,cart,09-04-2026 00:26
90732030-500G,purchase,29-04-2026 23:10
90732031-500G,wishlist,20-05-2026 16:03
90732032-200G,view,18-02-2026 00:13
90732033-500ML,wishlist,20-02-2026 07:55
90732034-100G,view,29-03-2026 09:28
90732035-400G,view,04-05-2026 19:43
90732036-500G,view,16-01-2026 01:05
90732037-250G,view,15-02-2026 12:49
90732038-200G,cart,25-02-2026 11:35
90732039-750ML,view,19-05-2026 13:21
90732040-300G,view,16-03-2026 09:04
90732041-1KG,view,15-05-2026 18:02
90732042-500G,view,06-03-2026 06:01
90732043-500G,view,21-03-2026 03:33
90732044-200G,view,01-04-2026 11:21
90732045-1L,purchase,16-04-2026 08:45
90732046-200G,view,04-01-2026 19:01
90732047-1KG,view,15-03-2026 20:42
90732048-500G,wishlist,03-04-2026 14:53
90732049-250G,purchase,22-04-2026 18:54
90732050-300G,review,16-05-2026 01:22
90732051-2KG,purchase,15-04-2026 12:17
90732052-5KG,view,17-04-2026 01:09
90732053-100G,view,28-04-2026 03:21
90732054-2L,view,23-05-2026 15:38
90732055-500ML,wishlist,07-03-2026 06:28
90732056-100G,wishlist,20-03-2026 12:15
90732057-200G,purchase,10-05-2026 21:10
90732058-2KG,review,12-05-2026 21:01
90732059-500G,view,06-01-2026 05:40
90732060-300G,cart,18-03-2026 12:16
90732101-750G,view,20-04-2026 14:15
90732102-2KG,view,25-04-2026 22:25
90732103-250G,view,09-05-2026 17:48
90732104-750G,view,11-02-2026 02:24
90732105-500G,purchase,05-03-2026 11:12
90732106-750ML,view,05-03-2026 13:34
90732107-200G,review,30-03-2026 07:03
90732108-500ML,wishlist,04-01-2026 18:19
90732109-100G,view,16-01-2026 21:42
90732110-300G,review,18-02-2026 23:40
90732111-1KG,view,02-04-2026 07:47
90732112-1L,view,07-05-2026 13:23
90732113-250G,view,18-02-2026 00:25
90732114-500G,view,01-05-2026 15:38
90732115-150G,view,02-04-2026 22:57
90732116-400G,purchase,10-05-2026 23:54
90732117-1KG,cart,02-02-2026 13:57
90732118-300ML,review,19-02-2026 18:10
90732119-1L,wishlist,13-03-2026 15:10
90732120-400G,wishlist,16-05-2026 19:44
90732121-2KG,cart,21-01-2026 23:46
90732122-750G,purchase,02-03-2026 09:32
90732123-300G,view,08-02-2026 12:17
90732124-1KG,cart,14-03-2026 21:03
90732125-200G,cart,19-03-2026 00:32
90732126-500ML,view,12-05-2026 12:40
90732127-600G,wishlist,19-05-2026 20:12
90732128-300G,view,08-01-2026 23:23
90732129-500G,view,24-01-2026 12:09
90732130-1KG,cart,09-03-2026 10:05
90732131-250G,view,14-04-2026 10:46
90732132-200G,wishlist,20-04-2026 21:26
90732133-500G,purchase,21-01-2026 11:50
90732134-1KG,view,12-03-2026 07:55
90732135-500ML,view,26-03-2026 04:21
90732136-750G,view,04-05-2026 10:02
90732137-400G,view,22-02-2026 10:40
90732138-250G,wishlist,04-04-2026 21:15
90732139-300G,cart,15-04-2026 12:04
90733001-BLUE,view,30-04-2026 14:21
90733002-A4,view,07-05-2026 07:21
90733003-SET,purchase,24-02-2026 03:53
90733004-BLACK,cart,01-04-2026 05:41
90733005-500,view,21-04-2026 15:41
90733006-BLUE,purchase,06-04-2026 23:38
90733007-WHITE,view,11-02-2026 04:33
90733008-METAL,view,05-04-2026 16:08
90733009-GLUE,cart,23-02-2026 15:30
90733010-RULER,cart,26-04-2026 18:17
90733011-BLUE,view,17-05-2026 03:45
90733012-A4,view,20-03-2026 22:05
90733013-METAL,wishlist,20-05-2026 19:47
90733014-WHITE,wishlist,29-03-2026 00:38
90733015-SET,view,06-04-2026 07:23
90733016-A4,view,06-05-2026 10:07
90733017-BLACK,cart,19-05-2026 05:25
90733018-METAL,view,13-03-2026 15:45
90733019-SET,cart,23-04-2026 22:14
90733020-A4,view,09-05-2026 22:16
90733021-BLACK,view,22-02-2026 14:33
90733022-A4,view,06-03-2026 05:35
90733023-WHITE,wishlist,10-03-2026 07:33
90733024-BLUE,view,30-03-2026 02:36
90733025-BLACK,wishlist,17-05-2026 11:32
90733026-METAL,wishlist,07-02-2026 04:38
90733027-SET,view,12-02-2026 00:25
90733028-BLUE,view,20-01-2026 12:29
90733029-WHITE,view,07-02-2026 16:39
90733030-BLUE,view,24-02-2026 22:52
90733031-BLUE,wishlist,12-04-2026 20:59
90733032-BLACK,view,26-04-2026 21:14
90733033-SET,cart,11-01-2026 14:06
90733034-WHITE,view,06-04-2026 07:39
90733035-METAL,view,04-05-2026 20:41
90733036-SET,view,27-03-2026 12:44
90733037-WHITE,review,02-04-2026 03:32
90733038-BLUE,view,03-04-2026 22:58
90733039-BLACK,view,13-01-2026 16:31
90733040-WHITE,cart,23-01-2026 03:41
90733041-BLUE,view,19-03-2026 19:25
90733042-WHITE,view,06-04-2026 11:42
90733043-BLUE,wishlist,17-01-2026 12:58
90733044-METAL,cart,24-01-2026 00:01
90733045-SET,wishlist,18-02-2026 04:39
90733046-BLACK,view,28-02-2026 23:58
90733047-BLUE,cart,19-04-2026 08:48
90733048-WHITE,view,27-02-2026 17:45
90733049-BLACK,cart,25-03-2026 06:29
90733050-SET,cart,27-03-2026 23:13
90733051-BLUE,wishlist,25-04-2026 06:43
90733052-A5,view,10-02-2026 23:26
90733053-SET,view,02-05-2026 11:06
90733054-BLACK,view,03-02-2026 18:01
90733055-1000,view,18-04-2026 04:28
90733056-RED,view,26-02-2026 13:22
90733057-WHITE,view,02-04-2026 05:57
90733058-METAL,view,26-04-2026 07:21
90733059-GLUE,purchase,14-05-2026 20:42
90733060-RULER,view,14-05-2026 11:26
90733061-BLACK,wishlist,25-04-2026 12:37
90733062-YELLOW,view,02-05-2026 08:58
90733063-METAL,view,09-05-2026 09:20
90733064-WHITE,purchase,29-01-2026 22:20
90733065-SET,wishlist,06-05-2026 18:11
90733066-BROWN,view,12-01-2026 13:56
90733067-BLUE,view,26-02-2026 01:01
90733068-METAL,view,21-04-2026 12:41
90733069-SET,view,26-04-2026 13:06
90733070-A4,view,22-02-2026 20:45
90733071-BLACK,cart,06-04-2026 21:15
90733072-A4,purchase,08-04-2026 04:22
90733073-WHITE,wishlist,15-04-2026 20:29
90733074-SET,wishlist,06-01-2026 00:32
90733075-BLACK,cart,18-01-2026 17:36
90733076-METAL,review,14-02-2026 10:51
90733077-SET,review,18-02-2026 14:47
90733078-BLUE,cart,11-05-2026 22:27
90733079-WHITE,view,08-01-2026 19:29
90733080-BLUE,cart,04-02-2026 00:26
90733081-BLUE,purchase,22-04-2026 21:30
90733082-A4,cart,26-03-2026 15:22
90733083-SET,view,24-04-2026 15:50
90733084-BLACK,view,02-04-2026 06:24
90733085-5000,purchase,21-01-2026 07:28
90733086-GREEN,view,04-03-2026 08:14
90733087-WHITE,cart,11-05-2026 03:02
90733088-METAL,view,19-03-2026 18:14
90733089-GLUE,view,17-04-2026 19:38
90733090-RULER,view,09-05-2026 15:51
90733091-BLUE,purchase,20-03-2026 11:35
90733092-YELLOW,purchase,08-05-2026 16:55
90733093-METAL,view,11-01-2026 12:36
90733094-WHITE,wishlist,06-02-2026 10:11
90733095-SET,cart,22-03-2026 05:52
90733096-BROWN,wishlist,11-04-2026 16:06
90733097-BLACK,view,21-02-2026 20:34
90733098-METAL,view,17-04-2026 15:32
90734001-STEEL,wishlist,06-01-2026 14:32
90734002-SET,wishlist,24-01-2026 13:53
90734003-STEEL,view,29-04-2026 05:32
90734004-STEEL,view,03-05-2026 08:06
90734005-STEEL,purchase,19-01-2026 02:23
90734006-BLACK,cart,23-01-2026 00:46
90734007-SET,view,13-02-2026 15:10
90734008-STEEL,purchase,31-03-2026 14:30
90734009-STEEL,view,23-02-2026 02:15
90734010-BOX,view,09-04-2026 19:30
90734011-STEEL,view,17-05-2026 23:27
90734012-BLACK,purchase,29-01-2026 02:04
90734013-STEEL,cart,07-02-2026 00:18
90734014-YELLOW,purchase,16-03-2026 11:38
90734015-STEEL,purchase,18-04-2026 01:04
90734016-STEEL,view,07-03-2026 23:56
90734017-STEEL,view,22-03-2026 13:46
90734018-BLACK,wishlist,09-04-2026 14:13
90734019-STEEL,cart,29-01-2026 20:30
90734020-STEEL,view,28-03-2026 17:03
90734021-STEEL,cart,06-04-2026 01:53
90734022-STEEL,cart,23-04-2026 14:38
90734023-STEEL,view,09-05-2026 03:32
90734024-STEEL,cart,06-02-2026 15:11
90734025-STEEL,view,16-02-2026 08:54
90734026-STEEL,wishlist,16-05-2026 10:34
90734027-STEEL,wishlist,03-03-2026 18:48
90734028-STEEL,view,30-01-2026 12:51
90734029-STEEL,view,16-03-2026 23:15
90734030-STEEL,cart,07-05-2026 14:37
90734031-STEEL,cart,09-05-2026 21:00
90734032-STEEL,view,27-03-2026 11:58
90734033-BLACK,purchase,03-01-2026 23:31
90734034-STEEL,review,28-01-2026 23:48
90734035-STEEL,view,21-03-2026 14:38
90734036-BLUE,wishlist,21-05-2026 06:49
90734037-BLACK,view,07-03-2026 17:48
90734038-STEEL,view,02-05-2026 00:35
90734039-STEEL,view,15-05-2026 12:14
90734040-STEEL,purchase,03-03-2026 11:44
90734041-STEEL,view,15-03-2026 18:58
90734042-STEEL,view,05-04-2026 18:00
90734043-BLACK,cart,02-05-2026 17:05
90734044-STEEL,purchase,20-05-2026 13:27
90734045-STEEL,review,18-01-2026 13:11
90734046-STEEL,wishlist,26-03-2026 06:27
90734047-STEEL,view,28-03-2026 03:41
90734048-STEEL,wishlist,06-01-2026 14:54
90734049-STEEL,view,09-01-2026 22:20
90734050-STEEL,view,04-03-2026 23:41
90734051-STEEL,view,17-02-2026 10:02
90734052-STEEL,cart,14-04-2026 03:24
90734053-STEEL,view,03-02-2026 00:10
90734054-STEEL,purchase,03-02-2026 23:52
90734055-STEEL,view,28-01-2026 18:58
90734056-STEEL,cart,16-02-2026 18:20
90734057-STEEL,view,07-04-2026 15:17
90734058-STEEL,cart,24-04-2026 05:42
90734059-STEEL,purchase,13-05-2026 15:38
90734060-STEEL,view,31-01-2026 16:13
90734061-STEEL,purchase,25-02-2026 20:27
90734062-STEEL,review,17-04-2026 03:19
90734063-STEEL,view,12-05-2026 13:53
90734064-STEEL,view,18-02-2026 13:32
90734065-STEEL,view,28-02-2026 15:59
90734066-STEEL,view,30-03-2026 17:00
90734067-STEEL,view,15-05-2026 01:05
90734068-STEEL,view,27-02-2026 07:52
90734069-STEEL,wishlist,27-02-2026 10:51
90734070-STEEL,view,11-03-2026 16:52
90734071-STEEL,view,22-04-2026 14:49
90734072-STEEL,purchase,16-05-2026 18:52
90734073-STEEL,wishlist,28-04-2026 18:03
90734074-STEEL,view,14-02-2026 16:25
90734075-STEEL,view,10-03-2026 09:56
90734076-STEEL,view,28-04-2026 21:07
90734077-STEEL,purchase,19-01-2026 20:49
90734078-STEEL,cart,02-05-2026 23:50
90734079-STEEL,view,07-01-2026 11:29
90734080-STEEL,view,27-03-2026 14:23
90734081-STEEL,purchase,23-04-2026 13:00
90734082-STEEL,view,04-02-2026 02:32
90734083-STEEL,cart,08-02-2026 23:46
90734084-STEEL,review,22-03-2026 16:23
90734085-STEEL,review,01-02-2026 22:49
90734086-STEEL,view,19-02-2026 21:34
90734087-STEEL,purchase,22-02-2026 22:04
90734088-STEEL,wishlist,04-04-2026 13:34
90734089-STEEL,view,08-04-2026 10:31
90734090-STEEL,wishlist,28-01-2026 07:58
90734091-STEEL,cart,12-05-2026 07:53
90734092-STEEL,view,21-05-2026 15:05
90734093-STEEL,cart,03-01-2026 16:51
90734094-STEEL,view,18-01-2026 12:50
90734095-STEEL,cart,21-02-2026 08:27
90734096-STEEL,cart,13-03-2026 00:38
90734097-STEEL,cart,18-03-2026 14:51
90734098-STEEL,view,22-01-2026 00:55
90734099-STEEL,cart,15-02-2026 09:41
90734100-STEEL,purchase,12-05-2026 00:57
SKU_LIP_001,view,12-02-2026 23:38
SKU_EYE_001,wishlist,29-04-2026 11:11
SKU_SKIN_001,purchase,06-05-2026 18:16
SKU_FOUND_001,view,23-01-2026 15:44
SKU_HAIR_001,purchase,21-03-2026 06:47
SKU_LIP_002,view,07-05-2026 01:40
SKU_EYE_002,view,19-01-2026 20:56
SKU_SKIN_002,view,23-01-2026 13:09
SKU_SKIN_003,cart,15-02-2026 14:14
SKU_FOUND_002,wishlist,15-04-2026 09:08
SKU_HAIR_002,cart,31-01-2026 00:07
SKU_HAIR_003,wishlist,22-03-2026 13:30
SKU_SKIN_004,cart,23-03-2026 09:16
SKU_LIP_003,purchase,25-04-2026 01:12
SKU_SKIN_005,view,22-05-2026 02:11
SKU_EYE_003,review,12-02-2026 04:33
SKU_SKIN_006,purchase,28-03-2026 02:18
SKU_HAIR_004,view,28-03-2026 08:25
SKU_SKIN_007,view,11-03-2026 15:32
SKU_EYE_004,view,16-04-2026 17:23
SKU_NAIL_001,review,06-05-2026 05:06
SKU_SKIN_008,cart,18-01-2026 19:13
SKU_LIP_004,review,11-02-2026 04:29
SKU_SKIN_009,view,05-05-2026 14:33
SKU_EYE_005,view,09-05-2026 16:43
SKU_SKIN_010,view,09-02-2026 20:19
SKU_HAIR_005,wishlist,20-04-2026 15:07
SKU_SKIN_011,wishlist,11-02-2026 22:24
SKU_LIP_005,view,24-04-2026 20:44
SKU_SKIN_012,view,01-01-2026 13:12
SKU_PERF_001,review,26-04-2026 17:28
SKU_SKIN_013,wishlist,18-02-2026 16:07
SKU_EYE_006,view,15-04-2026 21:35
SKU_SKIN_014,view,26-01-2026 14:14
SKU_HAIR_006,view,04-03-2026 20:53
SKU_SKIN_015,view,25-04-2026 08:15
SKU_SKIN_016,view,23-03-2026 17:49
SKU_NAIL_002,view,13-04-2026 03:44
SKU_SKIN_017,view,22-01-2026 04:13
SKU_SKIN_018,view,12-03-2026 07:13
SKU_SKIN_019,cart,10-04-2026 15:51
SKU_SKIN_020,wishlist,26-04-2026 06:41
SKU_MAKE_001,review,07-01-2026 01:10
SKU_SKIN_021,wishlist,12-01-2026 19:28
SKU_HAIR_007,view,28-02-2026 13:41
SKU_NAIL_003,view,30-03-2026 22:37
SKU_SKIN_022,wishlist,05-05-2026 22:11
SKU_SKIN_023,view,15-01-2026 06:29
SKU_MAKE_002,view,16-01-2026 16:30
SKU_HAIR_008,cart,04-03-2026 13:08
SKU_LIP_101,cart,29-04-2026 02:52
SKU_LIP_102,view,15-03-2026 23:08
SKU_LIP_103,cart,14-04-2026 00:34
SKU_LIP_104,view,27-04-2026 00:02
SKU_SERUM_101,cart,08-05-2026 03:11
SKU_SERUM_102,view,11-02-2026 18:04
SKU_SERUM_103,wishlist,14-02-2026 08:51
SKU_FW_101,view,25-03-2026 12:16
SKU_FW_102,wishlist,29-03-2026 16:23
SKU_MOIST_101,view,20-05-2026 23:21
SKU_LIP_401,review,19-02-2026 11:52
SKU_LIP_402,cart,14-03-2026 16:22
SKU_LIP_403,view,10-05-2026 03:37
SKU_LIP_404,view,17-01-2026 13:49
SKU_LIP_405,wishlist,14-03-2026 08:39
SKU_LIP_406,cart,12-01-2026 15:31
SKU_LIP_407,view,06-03-2026 00:15
SKU_LIP_408,purchase,20-04-2026 01:10
SKU_LIP_409,purchase,20-04-2026 01:38
SKU_LIP_410,view,24-04-2026 21:07
SKU_SERUM_401,cart,25-02-2026 20:27
SKU_SERUM_402,view,21-01-2026 02:48
SKU_SERUM_403,cart,09-04-2026 12:42
SKU_SERUM_404,view,23-04-2026 05:17
SKU_SERUM_405,wishlist,09-03-2026 23:38
SKU_SERUM_406,view,23-01-2026 07:24
SKU_SERUM_407,view,24-02-2026 02:13
SKU_SERUM_408,cart,22-04-2026 11:29
SKU_SERUM_409,cart,06-01-2026 02:21
SKU_SERUM_410,cart,19-04-2026 02:35
SKU_MOIST_401,cart,30-04-2026 03:27
SKU_MOIST_402,view,05-05-2026 19:11
SKU_MOIST_403,view,12-05-2026 01:37
SKU_MOIST_404,view,02-01-2026 04:27
SKU_MOIST_405,view,07-03-2026 23:41
SKU_MOIST_406,cart,10-03-2026 03:53
SKU_MOIST_407,wishlist,28-01-2026 13:11
SKU_MOIST_408,wishlist,18-01-2026 19:37
SKU_MOIST_409,view,15-03-2026 01:11
SKU_MOIST_410,view,23-03-2026 12:33
SKU_FOUND_501,cart,04-03-2026 23:44
SKU_COMP_502,purchase,21-04-2026 05:10
SKU_EYE_503,view,21-05-2026 02:52
SKU_EYE_504,cart,10-01-2026 15:54
SKU_EYE_505,view,16-01-2026 20:11
SKU_SKIN_506,view,22-02-2026 20:05
SKU_SKIN_507,view,28-03-2026 01:03
SKU_HAIR_508,wishlist,11-05-2026 20:55
SKU_PERF_509,view,09-03-2026 00:37
SKU_BODY_510,view,26-04-2026 04:12
SKU_EYE_601,cart,12-05-2026 16:43
SKU_NAIL_602,view,12-05-2026 17:58
SKU_SKIN_603,view,02-01-2026 11:49
SKU_SKIN_604,view,11-01-2026 15:18
SKU_SKIN_605,view,09-02-2026 16:40
SKU_HAIR_606,view,27-04-2026 09:03
SKU_HAIR_607,wishlist,02-01-2026 12:01
SKU_SKIN_608,view,24-01-2026 07:10
SKU_BODY_609,view,07-04-2026 13:59
SKU_BODY_610,wishlist,08-04-2026 03:23
SKU_SKIN_611,wishlist,19-04-2026 11:50
SKU_SKIN_612,purchase,19-03-2026 02:29
SKU_MAKE_613,view,26-03-2026 16:55
SKU_MAKE_614,cart,02-03-2026 18:58
SKU_SKIN_615,view,26-02-2026 05:14
SKU_APP_TSHIRT_051,view,20-03-2026 12:44
SKU_APP_SHIRT_052,view,23-03-2026 02:35
SKU_APP_JEANS_053,wishlist,05-05-2026 07:16
SKU_APP_KURTA_054,cart,18-05-2026 18:30
SKU_APP_DRESS_055,view,18-01-2026 02:42
SKU_APP_HOODIE_056,cart,21-01-2026 13:21
SKU_APP_LEGGINGS_057,cart,26-03-2026 19:13
SKU_APP_JACKET_058,wishlist,13-02-2026 00:36
SKU_APP_SAREE_059,view,02-03-2026 05:59
SKU_APP_SHORTS_060,cart,06-03-2026 16:12
SKU_APP_POLO_061,cart,07-03-2026 22:14
SKU_APP_CROPTOP_062,wishlist,09-03-2026 20:12
SKU_APP_CHINOS_063,wishlist,10-03-2026 04:14
SKU_APP_SKIRT_064,view,20-01-2026 23:06
SKU_APP_SWEATER_065,view,15-02-2026 21:05
SKU_APP_TANKTOP_066,view,15-01-2026 15:10
SKU_APP_TRACKPANT_067,wishlist,30-01-2026 16:25
SKU_APP_DUPATTA_068,wishlist,04-02-2026 09:33
SKU_APP_BLAZER_069,view,02-05-2026 22:27
SKU_APP_PALAZZO_070,purchase,08-05-2026 06:53
SKU_APP_CARDIGAN_071,view,04-03-2026 18:15
SKU_APP_JOGGER_072,view,02-05-2026 06:28
SKU_APP_BLOUSE_073,view,02-05-2026 19:02
SKU_APP_OVERALLS_074,cart,04-05-2026 08:42
SKU_APP_PONCHO_075,wishlist,05-05-2026 20:33
SKU_APP_WAISTCOAT_076,view,11-01-2026 21:46
SKU_APP_SHRUG_077,view,15-01-2026 09:45
SKU_APP_THERMAL_078,view,02-03-2026 06:36
SKU_APP_ROMPER_079,view,10-03-2026 08:10
SKU_APP_OVERCOAT_080,cart,09-04-2026 12:21
SKU_APP_VEST_081,cart,30-04-2026 10:08
SKU_APP_CAMISOLE_082,view,08-01-2026 23:10
SKU_APP_CAPRI_083,wishlist,31-03-2026 20:23
SKU_APP_ANARKALI_084,cart,18-04-2026 15:18
SKU_APP_PETTICOAT_085,view,23-04-2026 16:31
SKU_APP_DHOTI_086,view,13-01-2026 00:21
SKU_APP_LUNGI_087,purchase,30-01-2026 07:03
SKU_APP_PARKA_088,view,29-03-2026 11:35
SKU_APP_TUXEDO_089,wishlist,08-04-2026 08:32
SKU_APP_JUMPSUIT_090,view,08-01-2026 14:24
SKU_APP_PULLOVER_091,view,03-02-2026 12:10
SKU_APP_BURKHA_092,cart,18-02-2026 02:34
SKU_APP_RAINCOAT_093,view,06-05-2026 11:10
SKU_APP_BODYSUIT_094,view,18-05-2026 09:45
SKU_APP_NIGHTSUIT_095,cart,07-03-2026 16:54
SKU_APP_BATHROBE_096,view,17-03-2026 05:29
SKU_APP_HENLEY_097,cart,21-03-2026 09:00
SKU_APP_KAFTAN_098,cart,13-01-2026 19:10
SKU_APP_GOWN_099,view,19-01-2026 08:25
SKU_APP_WORKPANT_100,view,06-03-2026 00:28
SKU_APP_TSHIRT_101,view,16-01-2026 19:49
SKU_APP_TSHIRT_102,view,30-01-2026 04:47
SKU_APP_TSHIRT_103,review,06-03-2026 17:34
SKU_APP_TSHIRT_104,cart,24-04-2026 03:45
SKU_APP_TSHIRT_105,view,09-05-2026 20:39
SKU_APP_SHIRT_106,cart,17-01-2026 10:49
SKU_APP_SHIRT_107,view,02-03-2026 02:45
SKU_APP_SHIRT_108,view,15-03-2026 03:27
SKU_APP_SHIRT_109,wishlist,19-04-2026 12:45
SKU_APP_SHIRT_110,purchase,18-05-2026 15:24
SKU_APP_JEANS_201,view,19-01-2026 03:31
SKU_APP_JEANS_202,view,24-03-2026 05:13
SKU_APP_JEANS_203,view,09-04-2026 17:43
SKU_APP_JEANS_204,view,06-05-2026 10:41
SKU_APP_JEANS_205,purchase,11-05-2026 04:33
SKU_APP_DRESS_206,view,27-01-2026 17:06
SKU_APP_DRESS_207,wishlist,31-01-2026 02:05
SKU_APP_DRESS_208,view,07-02-2026 06:48
SKU_APP_DRESS_209,wishlist,13-02-2026 23:46
SKU_APP_DRESS_210,cart,08-01-2026 07:54
SKU_APP_KURTA_301,view,26-01-2026 10:43
SKU_APP_KURTA_302,view,07-03-2026 09:26
SKU_APP_KURTA_303,cart,01-05-2026 00:14
SKU_APP_KURTA_304,cart,09-05-2026 12:48
SKU_APP_KURTA_305,view,26-03-2026 23:42
SKU_APP_DRESS_306,view,21-05-2026 00:57
SKU_APP_DRESS_307,view,28-03-2026 06:06
SKU_APP_DRESS_308,wishlist,29-04-2026 13:34
SKU_APP_DRESS_309,review,15-02-2026 10:31
SKU_APP_DRESS_310,wishlist,16-02-2026 10:36
SKU_APP_HOODIE_311,purchase,02-03-2026 02:13
SKU_APP_HOODIE_312,view,14-04-2026 16:40
SKU_APP_HOODIE_313,cart,24-02-2026 17:09
SKU_APP_HOODIE_314,review,16-03-2026 03:39
SKU_APP_HOODIE_315,wishlist,27-03-2026 13:19
SKU_APP_JACKET_316,wishlist,31-03-2026 15:35
SKU_APP_JACKET_317,view,08-04-2026 15:42
SKU_APP_JACKET_318,purchase,11-01-2026 03:10
SKU_APP_JACKET_319,cart,04-04-2026 07:42
SKU_APP_JACKET_320,view,05-05-2026 12:06
SKU_APP_LEGG_321,view,17-01-2026 06:53
SKU_APP_SAREE_322,cart,25-01-2026 05:02
SKU_APP_SHORTS_323,wishlist,01-02-2026 03:06
SKU_APP_POLO_324,view,22-02-2026 23:17
SKU_APP_TOP_325,purchase,25-02-2026 08:29
SKU_ELEC_PHONE_101,view,06-01-2026 04:17
SKU_ELEC_LAPTOP_102,view,11-01-2026 08:11
SKU_ELEC_EARBUDS_103,view,09-03-2026 21:11
SKU_ELEC_TV_104,view,22-03-2026 13:33
SKU_ELEC_SMARTWATCH_105,purchase,06-01-2026 11:21
SKU_ELEC_CAMERA_106,wishlist,03-03-2026 21:10
SKU_ELEC_SPEAKER_107,view,08-01-2026 10:30
SKU_ELEC_TABLET_108,wishlist,27-01-2026 17:15
SKU_ELEC_ROUTER_109,cart,29-01-2026 08:38
SKU_ELEC_POWERBANK_110,view,02-04-2026 02:12
SKU_ELEC_KEYBOARD_111,view,18-05-2026 00:02
SKU_ELEC_MOUSE_112,view,04-01-2026 16:33
SKU_ELEC_MONITOR_113,cart,17-04-2026 13:36
SKU_ELEC_PRINTER_114,view,22-05-2026 05:09
SKU_ELEC_HARDDRIVE_115,view,24-01-2026 15:51
SKU_ELEC_SSD_116,view,16-02-2026 03:29
SKU_ELEC_DRONE_117,wishlist,28-02-2026 11:27
SKU_ELEC_CONSOLE_118,cart,13-01-2026 04:42
SKU_ELEC_VR_119,cart,22-01-2026 12:38
SKU_ELEC_PROJECTOR_120,cart,08-04-2026 01:22
SKU_ELEC_CABLE_121,wishlist,26-04-2026 21:00
SKU_ELEC_HEADPHONE_122,view,01-01-2026 07:17
SKU_ELEC_MIC_123,cart,25-03-2026 08:23
SKU_ELEC_CONTROLLER_124,view,30-04-2026 09:13
SKU_ELEC_DASHCAM_125,review,12-04-2026 15:36
SKU_ELEC_TRIPOD_126,cart,13-04-2026 03:36
SKU_ELEC_FLASH_127,cart,04-01-2026 22:45
SKU_ELEC_SMARTBULB_128,review,09-01-2026 10:53
SKU_ELEC_SMARTPLUG_129,view,17-03-2026 19:38
SKU_ELEC_AIRPURIFIER_130,view,02-04-2026 06:59
SKU_ELEC_KINDLE_131,wishlist,18-04-2026 14:32
SKU_ELEC_DRAWINGTAB_132,cart,16-02-2026 19:43
SKU_ELEC_WEBCAM_133,wishlist,08-05-2026 14:19
SKU_ELEC_LENS_134,wishlist,23-05-2026 07:45
SKU_ELEC_GIMBAL_135,cart,09-01-2026 14:37
SKU_ELEC_SOUNDBAR_136,wishlist,26-01-2026 21:44
SKU_ELEC_DOORBELL_137,view,10-03-2026 09:49
SKU_ELEC_THERMOSTAT_138,wishlist,05-02-2026 09:28
SKU_ELEC_KETTLE_139,view,03-04-2026 22:07
SKU_ELEC_BLENDER_140,wishlist,03-05-2026 16:06
SKU_ELEC_SMARTLOCK_141,view,16-05-2026 00:44
SKU_ELEC_ACTIONCAM_142,purchase,09-01-2026 12:09
SKU_ELEC_PORTABLESSD_143,view,08-02-2026 17:35
SKU_ELEC_STREAMSTICK_144,view,09-02-2026 03:28
SKU_ELEC_SMARTSCALE_145,wishlist,08-01-2026 02:39
SKU_ELEC_BABYMONITOR_146,view,19-02-2026 04:31
SKU_ELEC_CLICKER_147,view,02-04-2026 22:12
SKU_ELEC_DIGITALFRAME_148,wishlist,16-04-2026 10:42
SKU_ELEC_GAMINGCHAIR_149,view,25-01-2026 04:05
SKU_ELEC_DESKFAN_150,view,23-02-2026 01:16
SKU_LAP_601,view,13-03-2026 11:05
SKU_LAP_602,view,06-02-2026 06:37
SKU_LAP_603,purchase,07-03-2026 20:01
SKU_LAP_604,cart,07-04-2026 08:28
SKU_LAP_605,wishlist,15-05-2026 09:16
SKU_LAP_606,cart,16-01-2026 07:49
SKU_LAP_607,view,05-02-2026 00:59
SKU_LAP_608,view,25-03-2026 14:46
SKU_LAP_609,cart,27-04-2026 23:38
SKU_LAP_610,view,28-03-2026 14:07
SKU_EAR_510,cart,28-04-2026 00:25
SKU_WATCH_511,view,20-05-2026 08:33
SKU_WATCH_512,purchase,22-05-2026 03:12
SKU_WATCH_513,cart,23-02-2026 07:31
SKU_WATCH_514,wishlist,26-03-2026 10:58
SKU_WATCH_515,view,30-04-2026 09:24
SKU_TV_516,review,01-02-2026 01:35
SKU_TV_517,view,12-03-2026 13:09
SKU_TV_518,cart,10-04-2026 15:09
SKU_TV_519,wishlist,12-05-2026 22:16
SKU_TV_520,view,25-01-2026 12:16
SKU_EAR_506,view,12-03-2026 07:44
SKU_EAR_507,view,16-03-2026 08:13
SKU_EAR_508,view,21-04-2026 03:33
SKU_EAR_509,cart,15-01-2026 22:18
SKU_PHONE_501,cart,14-03-2026 05:42
SKU_PHONE_502,view,28-03-2026 04:54
SKU_PHONE_503,wishlist,06-01-2026 00:45
SKU_PHONE_504,view,23-01-2026 00:42
SKU_PHONE_505,view,18-02-2026 11:16
SKU_TAB_1001,view,23-01-2026 20:48
SKU_TAB_1002,cart,20-02-2026 13:02
SKU_TAB_1003,cart,20-02-2026 19:58
SKU_TAB_1004,review,28-03-2026 15:47
SKU_TAB_1005,view,17-05-2026 17:03
SKU_SPK_1006,view,15-01-2026 09:06
SKU_SPK_1007,wishlist,29-03-2026 18:40
SKU_SPK_1008,review,13-05-2026 10:01
SKU_SPK_1009,view,09-03-2026 11:07
SKU_SPK_1010,cart,10-05-2026 16:21
SKU_HEAD_1011,purchase,18-05-2026 18:41
SKU_HEAD_1012,purchase,18-05-2026 18:48
SKU_HEAD_1013,cart,19-05-2026 05:16
SKU_HEAD_1014,review,24-01-2026 13:35
SKU_HEAD_1015,wishlist,13-02-2026 13:02
SKU_CAM_1016,view,09-04-2026 18:58
SKU_CAM_1017,view,06-01-2026 02:29
SKU_CAM_1018,wishlist,12-03-2026 01:53
SKU_CAM_1019,cart,18-04-2026 13:55
SKU_CAM_1020,cart,22-04-2026 03:00
SKU_PB_1021,view,13-01-2026 18:24
SKU_PB_1022,view,21-03-2026 12:05
SKU_PB_1023,review,21-03-2026 18:26
SKU_PB_1024,cart,13-04-2026 01:55
SKU_PB_1025,view,22-04-2026 15:13
SKU_USB_1201,view,25-01-2026 22:04
SKU_USB_1202,review,08-03-2026 21:33
SKU_HDD_1203,view,18-04-2026 01:15
SKU_HDD_1204,purchase,25-04-2026 03:16
SKU_SSD_1205,view,05-05-2026 05:39
SKU_MON_1206,view,11-04-2026 14:31
SKU_MON_1207,purchase,01-02-2026 10:49
SKU_MON_1208,view,04-03-2026 15:42
SKU_MON_1209,review,16-01-2026 07:30
SKU_MON_1210,view,08-02-2026 02:49
SKU_KEY_1211,cart,18-02-2026 15:54
SKU_KEY_1212,cart,25-02-2026 03:45
SKU_KEY_1213,view,04-05-2026 07:34
SKU_KEY_1214,view,23-04-2026 18:00
SKU_KEY_1215,cart,25-04-2026 22:01
SKU_MOU_1216,view,06-01-2026 12:13
SKU_MOU_1217,cart,08-01-2026 23:58
SKU_PRN_1218,cart,16-01-2026 18:31
SKU_AC_1219,cart,07-03-2026 13:25
SKU_FRG_1220,wishlist,20-04-2026 10:39
SKU_FRG_1316,purchase,06-01-2026 21:08
SKU_FRG_1317,cart,07-04-2026 17:01
SKU_WM_1318,cart,01-05-2026 00:35
SKU_WM_1319,view,05-05-2026 01:54
SKU_WM_1320,view,20-03-2026 20:31
SKU_AC_1311,view,14-05-2026 00:17
SKU_AC_1312,view,31-01-2026 16:42
SKU_AC_1313,view,09-02-2026 14:48
SKU_AC_1314,purchase,08-03-2026 01:24
SKU_AC_1315,view,01-04-2026 04:27
SKU_PRN_1306,review,28-04-2026 19:14
SKU_PRN_1307,cart,26-01-2026 09:24
SKU_PRN_1308,view,13-03-2026 22:50
SKU_PRN_1309,view,19-03-2026 10:09
SKU_PRN_1310,view,21-02-2026 22:30
SKU_MOU_1301,view,10-01-2026 19:50
SKU_MOU_1302,view,19-01-2026 19:10
SKU_MOU_1303,wishlist,01-02-2026 00:15
SKU_MOU_1304,view,18-02-2026 05:01
SKU_MOU_1305,view,05-03-2026 13:57
SKU_JEW_RING_151,review,23-03-2026 04:38
SKU_JEW_NECKLACE_152,view,23-04-2026 04:13
SKU_JEW_EARRING_153,purchase,05-01-2026 12:00
SKU_JEW_BRACELET_154,cart,18-01-2026 11:39
SKU_JEW_ANKLET_155,review,07-04-2026 13:54
SKU_JEW_WATCH_156,view,10-03-2026 12:36
SKU_JEW_SUNGLASSES_157,view,24-04-2026 06:34
SKU_JEW_HANDBAG_158,view,25-02-2026 11:41
SKU_JEW_BELT_159,view,02-04-2026 09:05
SKU_JEW_WALLET_160,view,15-04-2026 05:09
SKU_JEW_HAT_161,view,08-05-2026 01:04
SKU_JEW_SCARF_162,view,11-05-2026 14:10
SKU_JEW_BROOCH_163,cart,09-01-2026 18:50
SKU_JEW_CHAIN_164,view,10-01-2026 22:24
SKU_JEW_TOERING_165,cart,13-03-2026 01:23
SKU_JEW_BACKPACK_166,view,19-03-2026 18:50
SKU_JEW_HAIRPIN_167,cart,24-02-2026 07:35
SKU_JEW_CUFFLINK_168,view,29-03-2026 10:48
SKU_JEW_KEYCHAIN_169,view,17-04-2026 18:31
SKU_JEW_DUFFEL_170,view,02-05-2026 00:30
SKU_JEW_PENDANT_171,review,13-05-2026 02:53
SKU_JEW_LOCKET_172,view,29-01-2026 00:20
SKU_JEW_NOSEPIN_173,view,08-02-2026 15:40
SKU_JEW_BANGLES_174,view,12-03-2026 23:50
SKU_JEW_TIARA_175,wishlist,09-04-2026 20:40
SKU_JEW_HAIRBAND_176,wishlist,27-04-2026 23:40
SKU_JEW_HAIRCLIP_177,view,28-01-2026 03:25
SKU_JEW_CARDHOLDER_178,cart,29-01-2026 22:06
SKU_JEW_LUGGAGETAG_179,view,30-03-2026 17:43
SKU_JEW_TRAVELWALLET_180,review,11-04-2026 02:25
SKU_JEW_LAPELPIN_181,wishlist,28-04-2026 17:22
SKU_JEW_TIECLIP_182,wishlist,07-03-2026 07:36
SKU_JEW_ARMLET_183,cart,09-04-2026 12:15
SKU_JEW_WAISTCHAIN_184,wishlist,26-04-2026 06:57
SKU_JEW_SCRUNCHIE_185,view,04-01-2026 05:32
SKU_JEW_POTLIBAG_186,view,13-03-2026 12:40
SKU_JEW_SUNGLASSCHAIN_187,view,03-04-2026 05:09
SKU_JEW_JEWELBOX_188,view,03-05-2026 04:33
SKU_JEW_WATCHSTRAP_189,view,14-05-2026 14:30
SKU_JEW_BEADBRACELET_190,review,21-05-2026 20:15
SKU_JEW_GEMRING_191,view,10-01-2026 23:19
SKU_JEW_JEWELROLL_192,cart,14-02-2026 04:25
SKU_JEW_CHARMKEY_193,wishlist,23-04-2026 03:58
SKU_JEW_BROOCHSET_194,wishlist,24-04-2026 07:24
SKU_JEW_WAISTBELT_195,view,21-05-2026 01:58
SKU_JEW_SOCKS_196,purchase,07-01-2026 03:07
SKU_JEW_GLOVES_197,view,22-04-2026 04:22
SKU_JEW_UMBRELLA_198,view,27-03-2026 15:23
SKU_JEW_PHONECHARM_199,view,22-03-2026 04:32
SKU_BRACE_201,cart,15-05-2026 01:57
SKU_BRACE_202,view,13-01-2026 02:15
SKU_BRACE_203,view,02-04-2026 13:50
SKU_BRACE_204,view,18-05-2026 01:09
SKU_BRACE_205,cart,22-05-2026 05:56
SKU_WATCH_206,cart,23-05-2026 21:15
SKU_WATCH_207,view,03-02-2026 15:05
SKU_WATCH_208,view,31-03-2026 06:11
SKU_WATCH_209,wishlist,14-04-2026 12:33
SKU_WATCH_210,review,07-02-2026 08:00
SKU_BAG_211,view,05-04-2026 00:26
SKU_BAG_212,view,29-04-2026 11:09
SKU_BAG_213,cart,10-02-2026 05:59
SKU_BAG_214,view,26-02-2026 02:51
SKU_BAG_215,view,17-05-2026 21:04
SKU_WAL_216,cart,24-01-2026 15:58
SKU_WAL_217,view,23-02-2026 02:24
SKU_WAL_218,review,25-02-2026 21:11
SKU_WAL_219,wishlist,22-04-2026 08:35
SKU_WAL_220,review,21-05-2026 03:11
SKU_RING_101,view,09-01-2026 04:02
SKU_RING_102,wishlist,26-02-2026 09:36
SKU_RING_103,wishlist,19-02-2026 19:06
SKU_RING_104,view,27-03-2026 21:37
SKU_RING_105,wishlist,08-05-2026 09:03
SKU_NECK_106,view,22-02-2026 17:50
SKU_NECK_107,cart,20-04-2026 03:11
SKU_NECK_108,cart,16-05-2026 04:23
SKU_NECK_109,purchase,10-01-2026 20:35
SKU_NECK_110,view,11-05-2026 01:39
SKU_EAR_111,view,11-01-2026 04:37
SKU_EAR_112,wishlist,20-01-2026 10:57
SKU_EAR_113,wishlist,13-05-2026 06:35
SKU_EAR_114,review,17-04-2026 20:49
SKU_EAR_115,purchase,21-03-2026 00:19
SKU_ANK_301,purchase,07-05-2026 18:42
SKU_ANK_302,view,08-02-2026 17:31
SKU_ANK_303,view,25-02-2026 18:39
SKU_ANK_304,wishlist,04-03-2026 08:44
SKU_ANK_305,cart,07-05-2026 07:43
SKU_HAIR_306,purchase,14-04-2026 21:59
SKU_HAIR_307,view,21-05-2026 09:58
SKU_HAIR_308,purchase,04-02-2026 03:14
SKU_HAIR_309,view,23-03-2026 03:29
SKU_HAIR_310,view,08-01-2026 06:36
SKU_SUN_311,cart,06-02-2026 04:16
SKU_SUN_312,view,26-02-2026 05:00
SKU_SUN_313,review,07-04-2026 04:39
SKU_SUN_314,cart,30-03-2026 05:25
SKU_SUN_315,purchase,16-04-2026 11:57
SKU_PHA_PARACETAMOL_001,view,05-05-2026 12:43
SKU_PHA_IBUPROFEN_002,view,22-01-2026 20:58
SKU_PHA_ANTACID_003,view,07-02-2026 10:33
SKU_PHA_COUGH_004,view,22-02-2026 23:30
SKU_PHA_VITC_005,view,06-03-2026 05:05
SKU_PHA_MULTIVIT_006,wishlist,01-04-2026 21:08
SKU_PHA_BANDAGE_007,view,07-02-2026 12:11
SKU_PHA_SANITIZER_008,purchase,21-04-2026 06:03
SKU_PHA_THERMOMETER_009,purchase,11-05-2026 22:56
SKU_PHA_GLUCOSE_010,cart,17-01-2026 20:13
SKU_PHA_B12_011,view,05-03-2026 16:14
SKU_PHA_DIGENE_012,view,19-03-2026 20:01
SKU_PHA_VITD_013,view,11-04-2026 01:22
SKU_PHA_GASRELIEF_014,view,02-01-2026 07:49
SKU_PHA_ANTIFUNGAL_015,view,20-02-2026 15:20
SKU_PHA_ANTIBIOTIC_016,wishlist,28-02-2026 15:10
SKU_PHA_ALLERGY_017,view,06-03-2026 00:09
SKU_PHA_BETADINE_018,cart,24-04-2026 02:27
SKU_PHA_INSULIN_019,view,13-01-2026 01:31
SKU_PHA_VITAMINC_020,view,10-05-2026 16:06
SKU_PHA_CALCIUM_021,cart,02-03-2026 09:15
SKU_PHA_IRON_022,cart,08-04-2026 13:54
SKU_PHA_ZINC_023,purchase,14-05-2026 05:20
SKU_PHA_ORAL_024,view,17-05-2026 14:48
SKU_PHA_LOZENGE_025,view,26-01-2026 22:28
SKU_PHA_ELECTROLYTE_026,view,12-02-2026 13:12
SKU_PHA_INHALER_027,wishlist,14-03-2026 13:13
SKU_PHA_OINTMENT_028,wishlist,22-03-2026 17:58
SKU_PHA_GLUCOMETER_029,wishlist,02-04-2026 10:13
SKU_PHA_BP_030,wishlist,17-04-2026 15:37
SKU_PHA_PAINSPRAY_031,cart,17-05-2026 07:16
SKU_PHA_COOLGEL_032,view,16-01-2026 21:32
SKU_PHA_COLDTAB_033,purchase,28-03-2026 17:59
SKU_PHA_DIGESTIVE_034,view,13-04-2026 01:02
SKU_PHA_PROBIOTIC_035,wishlist,13-04-2026 13:27
SKU_PHA_CALAMINE_036,purchase,17-05-2026 15:47
SKU_PHA_LIVER_037,view,15-04-2026 05:01
SKU_PHA_STEAM_038,view,22-04-2026 04:58
SKU_PHA_MASK_039,cart,23-01-2026 13:43
SKU_PHA_VAPORUB_040,view,09-02-2026 21:14
SKU_PHA_PROTEIN_041,cart,27-03-2026 19:07
SKU_PHA_VITAMINK2_042,wishlist,13-05-2026 02:24
SKU_PHA_MAGNESIUM_043,view,20-05-2026 05:04
SKU_PHA_PROTEINBAR_044,view,12-01-2026 05:04
SKU_PHA_COLLAGEN_045,wishlist,22-03-2026 16:01
SKU_PHA_BANDAGEKIT_046,wishlist,30-03-2026 16:50
SKU_PHA_HEATINGPAD_047,view,19-04-2026 12:11
SKU_PHA_PULSE_048,wishlist,20-04-2026 12:00
SKU_PHA_MASSAGER_049,view,15-01-2026 04:20
SKU_PHA_STRETCH_050,view,23-04-2026 07:07
SKU_PHA_PARACETAMOL_101,review,16-04-2026 02:00
SKU_PHA_ASPIRIN_102,view,02-04-2026 16:00
SKU_PHA_CETIRIZINE_103,cart,27-01-2026 07:08
SKU_PHA_PANTOP_104,view,04-02-2026 22:46
SKU_PHA_METFORMIN_105,review,05-05-2026 13:43
SKU_PHA_OMEGA_106,view,22-05-2026 14:44
SKU_PHA_BIOTIN_107,purchase,16-01-2026 13:59
SKU_PHA_ASHWAGANDHA_108,view,14-03-2026 22:38
SKU_PHA_GINSENG_109,purchase,09-05-2026 12:10
SKU_PHA_CURCUMIN_110,view,13-05-2026 13:45
SKU_PHA_WEIGHT_111,wishlist,25-01-2026 17:28
SKU_PHA_NEBULIZER_112,wishlist,13-02-2026 05:48
SKU_PHA_FITNESS_113,review,18-03-2026 07:47
SKU_PHA_MASSAGER_114,view,13-04-2026 16:35
SKU_PHA_HEART_115,wishlist,22-05-2026 08:03
SKU_PHA_ORAL_REHYD_301,view,14-02-2026 14:18
SKU_PHA_PROBIOTIC_302,view,18-02-2026 01:29
SKU_PHA_ANTACID_303,view,15-03-2026 15:33
SKU_PHA_COUGHLOZ_304,purchase,14-04-2026 06:59
SKU_PHA_INSULIN_305,wishlist,07-01-2026 06:08
SKU_PHA_BP_MONITOR_306,view,04-01-2026 00:54
SKU_PHA_GLUCO_307,cart,10-02-2026 00:24
SKU_PHA_PULSE_308,view,16-02-2026 17:35
SKU_PHA_PROTEIN_309,cart,30-04-2026 09:44
SKU_PHA_ELECTROLYTE_310,wishlist,17-02-2026 12:32
SKU_LIP_301,wishlist,12-02-2026 04:32
SKU_LIP_302,wishlist,15-02-2026 12:06
SKU_LIP_303,view,27-03-2026 05:42
SKU_LIP_304,review,15-04-2026 19:27
SKU_LIP_305,view,22-04-2026 20:52
SKU_TAB_401,cart,23-05-2026 01:07
SKU_TAB_402,review,28-01-2026 19:38
SKU_TAB_403,cart,16-02-2026 00:03
SKU_TAB_404,view,28-02-2026 14:19
SKU_MOU_401,purchase,12-01-2026 20:04
SKU_MOU_402,purchase,19-04-2026 02:29
SKU_MOU_403,cart,25-04-2026 21:22
SKU_WATCH_411,purchase,10-01-2026 02:29
SKU_WATCH_412,cart,08-03-2026 21:05
SKU_WATCH_413,wishlist,07-04-2026 05:45
SKU_WATCH_414,view,18-04-2026 22:27
SKU_WATCH_415,view,29-01-2026 23:24
SKU_BAG_416,cart,28-02-2026 05:34
SKU_BAG_417,view,15-03-2026 02:25
SKU_BAG_418,view,21-03-2026 06:37
SKU_BAG_419,cart,12-01-2026 04:32
SKU_BAG_420,review,31-03-2026 21:51
SKU_TAB_421,view,27-01-2026 00:55
SKU_TAB_422,cart,17-02-2026 03:48
SKU_TAB_423,purchase,19-02-2026 12:21
SKU_TAB_424,wishlist,17-03-2026 10:09
SKU_TAB_425,view,13-04-2026 21:56
SKU_MIN_SERUM_501,view,11-01-2026 00:10
SKU_MIN_SERUM_502,cart,22-02-2026 03:07
SKU_MIN_SERUM_503,view,15-01-2026 03:11
SKU_MIN_SERUM_504,view,12-02-2026 03:22
SKU_MIN_MOIST_505,purchase,04-04-2026 02:08
SKU_MIN_MOIST_506,view,19-04-2026 12:25
SKU_MIN_TONER_507,purchase,11-05-2026 09:11
SKU_MIN_FW_508,view,21-05-2026 15:30
SKU_MIN_SUN_509,purchase,23-01-2026 18:43
SKU_CB_701,cart,03-04-2026 23:55
SKU_CB_702,cart,16-02-2026 11:21
SKU_CB_703,wishlist,19-03-2026 00:26
SKU_HB_704,view,11-03-2026 18:16
SKU_HB_705,view,01-04-2026 12:53
SKU_HB_706,purchase,14-04-2026 14:59
SKU_AN_707,view,06-05-2026 23:15
SKU_AN_708,view,09-02-2026 10:38
SKU_TF_709,cart,02-03-2026 18:19
SKU_TF_710,view,04-03-2026 04:23
SKU_CH_711,view,13-03-2026 23:36
SKU_DHC_713,wishlist,18-04-2026 10:37
SKU_OPI_714,view,23-04-2026 11:00
SKU_NYX_715,view,24-04-2026 09:47
SKU_LU_716,wishlist,15-03-2026 18:10
SKU_VL_717,view,21-04-2026 15:24
SKU_AS_801,cart,19-02-2026 23:13
SKU_AS_802,view,05-04-2026 21:08
SKU_VH_803,view,21-05-2026 12:01
SKU_VH_804,cart,28-01-2026 04:15
SKU_GD_805,view,02-02-2026 20:50
SKU_GD_806,purchase,20-05-2026 20:54
SKU_AU_807,view,12-04-2026 17:45
SKU_AU_808,view,10-05-2026 18:06
SKU_CO_809,view,22-03-2026 01:53
SKU_CO_810,view,14-01-2026 04:45
SKU_BQ_901,view,18-05-2026 07:38
SKU_BQ_902,cart,12-01-2026 17:43
SKU_WA_903,cart,14-03-2026 11:14
SKU_WA_904,view,30-04-2026 23:19
SKU_RO_905,view,04-05-2026 20:01
SKU_RO_906,cart,14-04-2026 08:17
SKU_NX_907,cart,04-01-2026 05:56
SKU_NX_908,cart,04-01-2026 07:53
SKU_KS_909,cart,25-02-2026 16:03
SKU_KS_910,view,15-04-2026 00:43
SKU_AM_901,cart,19-01-2026 16:51
SKU_AM_902,view,21-01-2026 18:43
SKU_AM_903,view,19-02-2026 00:21
SKU_BS_904,review,21-02-2026 21:49
SKU_BS_905,view,10-03-2026 19:48
SKU_BS_906,view,19-03-2026 01:40
SKU_MB_907,cart,13-04-2026 05:27
SKU_MB_908,review,16-01-2026 15:42
SKU_MB_909,cart,07-05-2026 22:37
SKU_DA_901,view,13-05-2026 19:51
SKU_DA_902,view,15-03-2026 05:44
SKU_EN_903,view,15-03-2026 15:29
SKU_EN_904,view,03-04-2026 10:20
SKU_SS_905,view,18-04-2026 07:46
SKU_SS_906,purchase,19-01-2026 12:25
SKU_FU_907,purchase,06-03-2026 07:49
SKU_FU_908,view,20-04-2026 21:04
SKU_LP_901,purchase,06-05-2026 05:29
SKU_LP_902,purchase,10-01-2026 00:59
SKU_LP_903,purchase,15-01-2026 10:29
SKU_LP_904,cart,22-02-2026 15:23
SKU_LP_905,view,03-04-2026 07:59
SKU_FC_906,purchase,13-05-2026 21:40
SKU_FC_907,view,04-01-2026 00:58
SKU_FC_908,wishlist,10-02-2026 05:25
SKU_FC_909,wishlist,24-04-2026 23:47
SKU_FC_910,view,28-02-2026 02:43
SKU_ET_911,cart,17-03-2026 13:36
SKU_ET_912,cart,21-04-2026 00:59
SKU_ET_913,cart,16-01-2026 05:29
SKU_ET_914,review,28-01-2026 04:13
SKU_ET_915,view,14-05-2026 20:25
SKU_ST_916,view,21-05-2026 14:50
SKU_ST_917,cart,08-03-2026 03:16
SKU_ST_918,view,06-01-2026 18:03
SKU_ST_919,review,05-03-2026 09:01
SKU_ST_920,view,19-03-2026 00:46
SKU_MIC_1001,view,26-04-2026 15:44
SKU_LIGHT_1002,purchase,04-05-2026 03:13
SKU_STAND_1003,view,06-02-2026 01:36
SKU_GP_1004,wishlist,24-04-2026 18:22
SKU_GP_1005,view,09-05-2026 06:57
SKU_INH_1001,view,12-05-2026 23:36
SKU_INH_1002,view,16-01-2026 22:19
SKU_INH_1003,view,30-01-2026 22:58
SKU_INH_1004,view,17-03-2026 15:46
SKU_INH_1005,view,04-05-2026 02:11
SKU_NEB_1006,view,19-05-2026 04:39
SKU_NEB_1007,view,20-01-2026 20:25
SKU_NEB_1008,view,26-01-2026 17:31
SKU_NEB_1009,cart,22-02-2026 09:12
SKU_NEB_1010,cart,06-01-2026 02:23
SKU_HP_1011,cart,18-01-2026 09:39
SKU_HP_1012,wishlist,21-01-2026 01:22
SKU_HP_1013,purchase,10-03-2026 17:21
SKU_HP_1014,view,21-03-2026 05:37
SKU_HP_1015,purchase,17-01-2026 10:43
SKU_JOG_1001,review,17-03-2026 07:16
SKU_JOG_1002,cart,19-04-2026 15:37
SKU_JOG_1003,view,21-05-2026 18:01
SKU_JOG_1004,view,27-01-2026 23:02
SKU_KAF_1005,view,02-02-2026 21:56
SKU_KAF_1006,view,22-02-2026 05:15
SKU_KAF_1007,view,28-02-2026 11:22
SKU_KAF_1008,view,15-01-2026 22:28
SKU_NS_1009,view,12-03-2026 02:57
SKU_NS_1010,cart,05-04-2026 00:40
SKU_NS_1011,view,21-01-2026 18:31
SKU_NS_1012,purchase,27-01-2026 07:25
SKU_000001,view,07-02-2026 23:19
SKU_000002,cart,30-03-2026 21:47
SKU_000003,wishlist,30-04-2026 17:53
SKU_000004,wishlist,06-03-2026 23:59
SKU_000005,purchase,25-03-2026 14:49
SKU_000006,review,27-03-2026 11:35
SKU_000007,cart,28-02-2026 08:07
SKU_000008,cart,04-03-2026 06:24
SKU_000009,view,04-02-2026 11:50
SKU_000010,cart,03-03-2026 00:12
SKU_000011,view,03-03-2026 23:17
SKU_000012,cart,19-03-2026 07:55
SKU_000013,view,05-03-2026 06:44
SKU_000014,wishlist,15-03-2026 00:32
SKU_000015,cart,23-01-2026 02:45
SKU_000016,cart,08-02-2026 19:08
SKU_000017,cart,20-04-2026 11:44
SKU_000018,view,06-01-2026 05:26
SKU_000019,view,10-02-2026 17:01
SKU_000020,cart,31-03-2026 15:18
SKU_000021,wishlist,18-05-2026 13:13
SKU_000022,wishlist,22-05-2026 05:03
SKU_000023,view,28-01-2026 00:37
SKU_000024,view,07-04-2026 22:55
SKU_000025,view,03-05-2026 23:33
SKU_000026,view,11-05-2026 16:18
SKU_000027,cart,15-01-2026 08:42
SKU_000028,cart,29-03-2026 04:48
SKU_000029,purchase,04-04-2026 01:23
SKU_000030,purchase,27-04-2026 02:34
SKU_000031,purchase,08-01-2026 03:20
SKU_000032,cart,11-03-2026 19:31
SKU_000033,cart,16-04-2026 13:34
SKU_000034,view,17-05-2026 05:51
SKU_000035,view,08-05-2026 16:38
SKU_000036,cart,10-05-2026 01:41
SKU_000037,review,20-04-2026 08:47
SKU_000038,view,03-01-2026 01:09
SKU_000039,view,21-01-2026 13:44
SKU_000040,wishlist,06-03-2026 09:21
SKU_000041,cart,25-03-2026 14:04
SKU_000042,wishlist,12-02-2026 22:04
SKU_000043,cart,14-03-2026 15:31
SKU_000044,cart,17-03-2026 22:49
SKU_000045,view,28-03-2026 13:28
SKU_000046,view,31-03-2026 22:01
SKU_000047,view,27-02-2026 08:48
SKU_000048,wishlist,23-01-2026 12:55
SKU_000049,view,02-03-2026 13:30
SKU_000050,wishlist,09-03-2026 15:19
SKU_000051,wishlist,19-01-2026 22:57
SKU_000052,view,09-03-2026 15:11
SKU_000053,view,27-03-2026 02:00
SKU_000054,view,03-04-2026 11:04
SKU_000055,wishlist,04-04-2026 18:35
SKU_000056,cart,08-03-2026 14:51
SKU_000057,view,17-02-2026 08:43
SKU_000058,view,11-04-2026 04:42
SKU_000059,view,15-02-2026 00:31
SKU_000060,cart,20-03-2026 15:39
SKU_000061,view,24-03-2026 19:01
SKU_000062,view,31-03-2026 17:19
SKU_000063,cart,03-05-2026 06:53
SKU_000064,view,29-03-2026 07:10
SKU_000065,view,25-04-2026 23:52
SKU_000066,wishlist,09-02-2026 23:01
SKU_000067,wishlist,24-02-2026 01:10
SKU_000068,view,23-04-2026 02:38
SKU_000069,view,06-02-2026 07:17
SKU_000070,cart,08-02-2026 06:25
SKU_000071,view,05-03-2026 07:11
SKU_000072,review,13-03-2026 00:43
SKU_000073,view,30-03-2026 20:20
SKU_000074,view,23-01-2026 04:21
SKU_000075,wishlist,18-03-2026 05:23
SKU_000076,cart,24-04-2026 23:38
SKU_000077,wishlist,29-04-2026 16:54
SKU_000078,cart,17-01-2026 10:58
SKU_000079,view,25-04-2026 14:23
SKU_000080,view,30-04-2026 07:42
SKU_000081,view,05-02-2026 13:02
SKU_000082,view,17-03-2026 10:22
SKU_000083,view,10-04-2026 04:36
SKU_000084,cart,06-02-2026 01:40
SKU_000085,purchase,24-03-2026 03:30
SKU_000086,purchase,05-04-2026 12:02
SKU_000087,view,04-05-2026 09:39
SKU_000088,view,26-02-2026 02:04
SKU_000089,view,06-04-2026 01:53
SKU_000090,view,02-01-2026 20:39
SKU_000091,view,11-01-2026 09:50
SKU_000092,view,11-03-2026 17:14
SKU_000093,cart,01-05-2026 06:39
SKU_000094,wishlist,21-03-2026 10:42
SKU_000095,view,22-03-2026 16:58
SKU_000096,view,06-04-2026 11:36
SKU_000097,cart,13-05-2026 22:55
SKU_000098,view,07-01-2026 08:22
SKU_000099,cart,26-02-2026 17:14
SKU_000100,wishlist,30-03-2026 19:16
SKU_000101,wishlist,20-04-2026 20:07
SKU_000102,wishlist,22-01-2026 23:36
SKU_000103,wishlist,23-01-2026 04:14
SKU_000104,view,22-02-2026 00:27
SKU_000105,wishlist,10-04-2026 04:31
SKU_000106,view,22-04-2026 05:02
SKU_000107,wishlist,20-01-2026 21:17
SKU_000108,cart,12-02-2026 10:28
SKU_000109,view,24-03-2026 13:21
SKU_000110,purchase,17-04-2026 02:11
SKU_000111,view,29-03-2026 07:54
SKU_000112,purchase,27-03-2026 06:12
SKU_000113,view,16-02-2026 00:14
SKU_000114,view,10-03-2026 02:03
SKU_000115,cart,29-04-2026 12:01
SKU_000116,wishlist,03-05-2026 20:55
SKU_000117,wishlist,14-05-2026 19:35
SKU_000118,wishlist,19-05-2026 00:21
SKU_000119,view,24-02-2026 13:57
SKU_000120,review,10-03-2026 02:55
SKU_000121,view,14-04-2026 08:36
SKU_000122,cart,15-04-2026 14:50
SKU_000123,review,26-04-2026 21:33
SKU_000124,review,12-01-2026 12:17
SKU_000125,purchase,19-01-2026 11:46
SKU_000126,view,27-01-2026 07:53
SKU_000127,purchase,21-03-2026 22:10
SKU_000128,view,12-05-2026 21:45
SKU_000129,view,18-02-2026 01:41
SKU_000130,cart,18-03-2026 06:07
SKU_000131,view,12-05-2026 07:28
SKU_000132,wishlist,15-01-2026 15:55
SKU_000133,wishlist,14-03-2026 20:25
SKU_000134,view,29-03-2026 18:26
SKU_000135,wishlist,04-05-2026 00:55
SKU_000136,cart,05-03-2026 13:16
SKU_000137,purchase,30-03-2026 07:02
SKU_000138,wishlist,05-04-2026 18:27
SKU_000139,review,22-05-2026 22:23
SKU_000140,view,13-01-2026 07:08
SKU_000141,view,19-03-2026 05:29
SKU_000142,view,14-04-2026 18:35
SKU_000143,cart,25-02-2026 01:38
SKU_000144,view,04-03-2026 16:39
SKU_000145,purchase,07-03-2026 14:03
SKU_000146,view,09-01-2026 22:06
SKU_000147,wishlist,10-01-2026 09:36
SKU_000148,view,13-05-2026 12:55
SKU_000149,view,31-01-2026 16:15
SKU_000150,view,25-03-2026 01:41
SKU_000151,view,28-02-2026 14:47
SKU_000152,purchase,07-05-2026 05:12
SKU_000153,view,19-01-2026 02:59
SKU_000154,view,11-03-2026 23:45
SKU_000155,purchase,08-05-2026 02:36
SKU_000156,cart,11-01-2026 01:20
SKU_000157,wishlist,18-03-2026 23:05
SKU_000158,view,25-03-2026 08:21
SKU_000159,view,08-05-2026 06:46
SKU_000160,view,16-01-2026 03:13
SKU_000161,view,03-04-2026 14:04
SKU_000162,wishlist,02-01-2026 13:34
SKU_000163,review,02-01-2026 19:16
SKU_000164,view,08-03-2026 17:10
SKU_000165,view,16-05-2026 01:43
SKU_000166,view,14-02-2026 10:58
SKU_000167,view,21-01-2026 00:57
SKU_000168,cart,26-01-2026 20:30
SKU_000169,cart,27-01-2026 15:04
SKU_000170,view,16-03-2026 07:36
SKU_000171,view,02-01-2026 15:29
SKU_000172,view,01-02-2026 20:50
SKU_000173,wishlist,27-03-2026 11:00
SKU_000174,purchase,29-04-2026 12:17
SKU_000175,cart,07-05-2026 05:18
SKU_000176,wishlist,17-01-2026 19:59
SKU_000177,cart,20-01-2026 12:12
SKU_000178,view,28-01-2026 04:30
SKU_000179,review,12-02-2026 04:26
SKU_000180,cart,28-01-2026 03:39
SKU_000181,view,18-02-2026 02:46
SKU_000182,cart,23-02-2026 18:45
SKU_000183,view,06-01-2026 05:00
SKU_000184,cart,25-02-2026 07:49
SKU_000185,view,28-02-2026 13:47
SKU_000186,view,08-05-2026 20:23
SKU_000187,cart,15-05-2026 01:51
SKU_000188,view,16-03-2026 22:21
SKU_000189,view,07-04-2026 02:20
SKU_000190,view,03-01-2026 08:14
SKU_000191,purchase,14-01-2026 18:56
SKU_000192,cart,03-03-2026 10:52
SKU_000193,view,12-03-2026 02:50
SKU_000194,cart,13-04-2026 13:59
SKU_000195,view,04-01-2026 05:46
SKU_000196,view,14-01-2026 02:43
SKU_000197,purchase,15-01-2026 04:09
SKU_000198,purchase,25-04-2026 01:18
SKU_000199,cart,25-02-2026 15:07
SKU_000200,view,09-04-2026 08:58
SKU_000201,wishlist,03-05-2026 01:21
SKU_000202,view,19-05-2026 09:05
SKU_000203,view,17-01-2026 05:35
SKU_000204,cart,30-01-2026 15:32
SKU_000205,view,23-02-2026 21:05
SKU_000206,wishlist,15-04-2026 09:39
SKU_000207,cart,30-04-2026 14:59
SKU_000208,cart,24-04-2026 20:59
SKU_000209,view,04-05-2026 04:01
SKU_000210,view,07-05-2026 04:28
SKU_000211,review,13-05-2026 05:56
SKU_000212,view,12-01-2026 05:51
SKU_000213,view,17-02-2026 11:21
SKU_000214,cart,11-01-2026 16:27
SKU_000215,cart,02-03-2026 01:23
SKU_000216,view,29-04-2026 05:21
SKU_000217,view,29-04-2026 21:30
SKU_000218,view,03-01-2026 04:53
SKU_000219,review,17-05-2026 05:13
SKU_000220,view,02-02-2026 10:06
SKU_000221,wishlist,20-02-2026 08:10
SKU_000222,view,14-03-2026 05:02
SKU_000223,purchase,11-04-2026 10:25
SKU_000224,wishlist,20-05-2026 23:00
SKU_000225,wishlist,07-03-2026 01:15
SKU_000226,wishlist,13-01-2026 09:39
SKU_000227,cart,21-02-2026 01:26
SKU_000228,view,12-04-2026 17:20
SKU_000229,purchase,11-01-2026 18:21
SKU_000230,view,11-03-2026 22:17
SKU_000231,view,08-04-2026 00:21
SKU_000232,wishlist,10-04-2026 04:24
SKU_000233,view,23-01-2026 09:29
SKU_000234,purchase,14-02-2026 08:26
SKU_000235,view,09-04-2026 19:17
SKU_000236,view,11-05-2026 21:37
SKU_000237,view,21-05-2026 08:23
SKU_000238,cart,07-01-2026 20:48
SKU_000239,purchase,04-02-2026 18:01
SKU_000240,purchase,13-02-2026 14:19
SKU_000241,view,18-02-2026 04:59
SKU_000242,wishlist,04-03-2026 11:42
SKU_000243,cart,22-03-2026 19:53
SKU_000244,cart,08-04-2026 11:40
SKU_000245,view,04-02-2026 19:48
SKU_000246,wishlist,09-01-2026 22:02
SKU_000247,view,14-01-2026 09:13
SKU_000248,view,24-02-2026 19:38
SKU_000249,view,19-03-2026 20:26
SKU_000250,view,01-04-2026 07:29
SKU_000251,view,01-03-2026 00:19
SKU_000252,view,20-04-2026 11:31
SKU_000253,review,01-05-2026 22:04
SKU_000254,wishlist,17-04-2026 03:09
SKU_000255,view,23-05-2026 05:31
SKU_000256,view,21-03-2026 14:54
SKU_000257,view,02-01-2026 20:42
SKU_000258,cart,07-03-2026 01:17
SKU_000259,wishlist,09-03-2026 06:27
SKU_000260,wishlist,04-05-2026 11:42
SKU_000261,view,15-05-2026 15:45
SKU_000262,wishlist,12-01-2026 15:07
SKU_000263,view,28-01-2026 15:30
SKU_000264,purchase,16-02-2026 05:56
SKU_000265,purchase,23-03-2026 12:29
SKU_000266,cart,06-04-2026 13:01
SKU_000267,view,17-01-2026 11:40
SKU_000268,view,31-03-2026 00:34
SKU_000269,wishlist,23-04-2026 18:35
SKU_000270,cart,25-04-2026 22:26
SKU_000271,view,26-01-2026 09:08
SKU_000272,view,15-02-2026 23:26
SKU_000273,wishlist,26-02-2026 15:18
SKU_000274,wishlist,09-05-2026 15:12
SKU_000275,view,22-02-2026 19:24
SKU_000276,purchase,03-03-2026 18:15
SKU_000277,view,29-03-2026 22:00
SKU_000278,view,21-01-2026 12:24
SKU_000279,view,22-01-2026 03:51
SKU_000280,cart,31-01-2026 04:15
SKU_000281,review,01-02-2026 22:02
SKU_000282,view,29-03-2026 07:07
SKU_000283,view,24-01-2026 06:50
SKU_000284,wishlist,21-02-2026 11:01
SKU_000285,view,31-03-2026 23:21
SKU_000286,wishlist,08-01-2026 19:57
SKU_000287,review,18-01-2026 17:04
SKU_000288,view,29-01-2026 19:14
SKU_000289,view,11-02-2026 18:04
SKU_000290,view,05-03-2026 15:37
SKU_000291,purchase,07-01-2026 00:51
SKU_000292,cart,20-03-2026 12:36
SKU_000293,view,19-01-2026 09:27
SKU_000294,view,20-01-2026 18:55
SKU_000295,wishlist,28-01-2026 03:28
SKU_000296,view,18-02-2026 12:23
SKU_000297,view,31-03-2026 17:16
SKU_000298,view,14-03-2026 06:45
SKU_000299,cart,03-05-2026 09:23
SKU_000300,purchase,06-05-2026 04:26
SKU_000301,view,14-05-2026 06:19
SKU_000302,purchase,08-02-2026 09:35
SKU_000303,view,18-01-2026 20:39
SKU_000304,view,24-01-2026 19:01
SKU_000305,view,26-01-2026 00:12
SKU_000306,cart,06-03-2026 09:08
SKU_000307,view,06-01-2026 17:23
SKU_000308,view,16-03-2026 07:38
SKU_000309,purchase,07-04-2026 08:06
SKU_000310,view,13-05-2026 16:00
SKU_000311,cart,07-01-2026 17:28
SKU_000312,cart,29-01-2026 20:40
SKU_000313,view,30-04-2026 05:56
SKU_000314,purchase,01-05-2026 05:34
SKU_000315,view,12-01-2026 20:10
SKU_000316,view,18-01-2026 00:48
SKU_000317,purchase,24-02-2026 07:51
SKU_000318,cart,16-03-2026 08:58
SKU_000319,cart,04-01-2026 19:00
SKU_000320,view,11-03-2026 17:35
SKU_000321,purchase,16-03-2026 06:34
SKU_000322,cart,04-04-2026 03:29
SKU_000323,view,19-05-2026 12:32
SKU_000324,cart,06-01-2026 01:27
SKU_000325,view,03-03-2026 22:04
SKU_000326,view,12-01-2026 09:03
SKU_000327,cart,02-04-2026 14:12
SKU_000328,view,13-04-2026 19:19
SKU_000329,cart,20-01-2026 10:39
SKU_000330,view,18-02-2026 03:05
SKU_000331,cart,12-02-2026 14:31
SKU_000332,cart,03-02-2026 17:33
SKU_000333,wishlist,04-02-2026 04:41
SKU_000334,cart,15-02-2026 22:24
SKU_000335,purchase,10-03-2026 21:30
SKU_000336,wishlist,17-05-2026 14:19
SKU_000337,cart,28-01-2026 14:14
SKU_000338,view,06-02-2026 13:13
SKU_000339,view,06-04-2026 13:56
SKU_000340,view,20-04-2026 08:16
SKU_000341,cart,20-04-2026 10:35
SKU_000342,view,13-04-2026 05:25
SKU_000343,view,26-01-2026 08:07
SKU_000344,view,09-02-2026 02:53
SKU_000345,wishlist,30-04-2026 06:04
SKU_000346,cart,05-01-2026 06:07
SKU_000347,purchase,12-01-2026 13:33
SKU_000348,wishlist,29-01-2026 16:23
SKU_000349,view,15-01-2026 02:01
SKU_000350,view,12-03-2026 20:30
SKU_000351,view,14-03-2026 13:03
SKU_000352,view,09-05-2026 13:47
SKU_000353,view,17-05-2026 19:23
SKU_000354,view,03-03-2026 14:38
SKU_000355,review,05-04-2026 14:30
SKU_000356,cart,05-05-2026 03:11
SKU_000357,purchase,07-05-2026 01:23
SKU_000358,wishlist,13-02-2026 08:21
SKU_000359,view,25-04-2026 08:42
SKU_000360,wishlist,10-05-2026 05:36
SKU_000361,view,25-01-2026 17:29
SKU_000362,wishlist,04-02-2026 12:10
SKU_000363,cart,22-05-2026 12:35
SKU_000364,view,07-01-2026 06:54
SKU_000365,cart,05-02-2026 08:33
SKU_000366,purchase,03-03-2026 18:59
SKU_000367,view,27-04-2026 23:20
SKU_000368,wishlist,29-04-2026 17:14
SKU_000369,view,04-03-2026 01:03
SKU_000370,purchase,09-03-2026 08:15
SKU_000371,cart,18-05-2026 16:01
SKU_000372,view,03-01-2026 05:06
SKU_000373,cart,21-02-2026 11:58
SKU_000374,view,28-03-2026 17:26
SKU_000375,view,20-05-2026 21:22
SKU_000376,purchase,02-02-2026 07:11
SKU_000377,view,23-03-2026 11:43
SKU_000378,view,27-03-2026 02:15
SKU_000379,cart,23-05-2026 06:05
SKU_000380,wishlist,04-04-2026 02:34
SKU_000381,view,01-02-2026 14:02
SKU_000382,wishlist,13-02-2026 19:17
SKU_000383,view,29-03-2026 15:09
SKU_000384,view,07-05-2026 09:44
SKU_000385,review,14-05-2026 10:23
SKU_000386,view,08-03-2026 08:56
SKU_000387,purchase,15-01-2026 13:32
SKU_000388,review,01-02-2026 05:52
SKU_000389,view,17-04-2026 05:25
SKU_000390,review,23-05-2026 03:17
SKU_000391,view,07-01-2026 00:26
SKU_000392,purchase,25-03-2026 18:06
SKU_000393,view,07-05-2026 22:09
SKU_000394,view,17-05-2026 19:13
SKU_000395,cart,06-02-2026 21:23
SKU_000396,wishlist,21-03-2026 11:22
SKU_000397,view,16-02-2026 03:03
SKU_000398,view,21-02-2026 12:13
SKU_000399,cart,24-02-2026 15:59
SKU_000400,view,27-02-2026 17:59
SKU_000401,view,09-05-2026 06:36
SKU_000402,view,25-03-2026 00:47
SKU_000403,view,05-01-2026 23:56
SKU_000404,view,19-01-2026 19:59
SKU_000405,view,08-02-2026 18:33
SKU_000406,wishlist,10-02-2026 04:28
SKU_000407,view,04-04-2026 06:29
SKU_000408,view,21-02-2026 11:00
SKU_000409,cart,02-04-2026 10:45
SKU_000410,view,05-04-2026 23:21
SKU_000411,purchase,09-05-2026 08:40
SKU_000412,view,09-01-2026 15:55
SKU_000413,view,06-02-2026 05:32
SKU_000414,view,28-03-2026 13:27
SKU_000415,wishlist,12-01-2026 23:15
SKU_000416,cart,30-01-2026 08:19
SKU_000417,view,20-04-2026 13:34
SKU_000418,view,22-03-2026 09:19
SKU_000419,view,16-04-2026 03:20
SKU_000420,view,25-04-2026 12:19
SKU_000421,purchase,23-03-2026 06:58
SKU_000422,view,03-04-2026 04:50
SKU_000423,view,14-04-2026 23:40
SKU_000424,purchase,22-04-2026 05:02
SKU_000425,wishlist,14-05-2026 09:58
SKU_000426,view,11-04-2026 08:32
SKU_000427,purchase,21-04-2026 22:04
SKU_000428,view,21-04-2026 23:18
SKU_000429,purchase,01-05-2026 10:40
SKU_000430,view,12-05-2026 13:32
SKU_000431,view,25-01-2026 12:04
SKU_000432,view,07-02-2026 10:10
SKU_000433,view,29-01-2026 17:09
SKU_000434,purchase,09-02-2026 05:00
SKU_000435,purchase,26-04-2026 13:07
SKU_000436,view,02-05-2026 19:05
SKU_000437,purchase,05-03-2026 07:51
SKU_000438,cart,19-03-2026 03:48
SKU_000439,purchase,18-04-2026 04:45
SKU_000440,view,19-04-2026 00:50
SKU_000441,view,22-01-2026 20:22
SKU_000442,cart,22-03-2026 11:26
SKU_000443,cart,23-03-2026 11:26
SKU_000444,review,12-04-2026 11:18
SKU_000445,view,25-04-2026 02:18
SKU_000446,wishlist,20-04-2026 06:17
SKU_000447,view,08-03-2026 18:32
SKU_000448,cart,21-03-2026 18:53
SKU_000449,cart,15-04-2026 00:13
SKU_000450,view,08-01-2026 06:36
SKU_000451,cart,03-02-2026 10:30
SKU_000452,cart,23-02-2026 11:31
SKU_000453,view,20-03-2026 05:59
SKU_000454,wishlist,10-01-2026 13:42
SKU_000455,purchase,16-02-2026 03:11
SKU_000456,purchase,15-05-2026 02:01
SKU_000457,wishlist,07-03-2026 14:34
SKU_000458,purchase,24-02-2026 10:30
SKU_000459,cart,02-03-2026 09:07
SKU_000460,review,06-04-2026 11:06
SKU_000461,review,27-01-2026 02:16
SKU_000462,view,28-02-2026 08:20
SKU_000463,cart,22-02-2026 07:35
SKU_000464,view,22-03-2026 22:18
SKU_000465,view,22-05-2026 12:27
SKU_000466,cart,11-01-2026 21:56
SKU_000467,view,14-03-2026 14:32
SKU_000468,view,05-04-2026 01:44
SKU_000469,cart,11-04-2026 07:04
SKU_000470,view,12-04-2026 19:21
SKU_000471,view,21-04-2026 10:12
SKU_000472,view,12-01-2026 04:33
SKU_000473,view,18-02-2026 10:42
SKU_000474,view,08-02-2026 15:55
SKU_000475,view,23-02-2026 04:49
SKU_000476,view,17-05-2026 19:49
SKU_000477,view,13-05-2026 06:30
SKU_000478,view,28-03-2026 14:59
SKU_000479,purchase,05-04-2026 21:54
SKU_000480,cart,26-04-2026 08:26
SKU_000481,wishlist,01-02-2026 18:01
SKU_000482,cart,20-02-2026 05:26
SKU_000483,view,08-03-2026 20:18
SKU_000484,purchase,10-01-2026 15:23
SKU_000485,cart,01-02-2026 15:12
SKU_000486,cart,11-02-2026 14:47
SKU_000487,view,22-04-2026 02:54
SKU_000488,view,02-01-2026 17:28
SKU_000489,view,04-01-2026 21:27
SKU_000490,view,10-04-2026 16:03
SKU_000491,wishlist,13-05-2026 11:16
SKU_000492,wishlist,19-02-2026 00:13
SKU_000493,view,29-04-2026 03:05
SKU_000494,view,09-03-2026 17:06
SKU_000495,view,15-03-2026 02:30
SKU_000496,view,24-03-2026 07:04
SKU_000497,cart,02-01-2026 10:14
SKU_000498,cart,20-01-2026 20:48
SKU_000499,wishlist,19-03-2026 02:51
SKU_000500,view,24-04-2026 11:54
SKU_000501,cart,02-05-2026 02:12
SKU_000502,view,21-01-2026 23:48
SKU_000503,review,24-02-2026 21:22
SKU_000504,cart,27-02-2026 22:59
SKU_000505,purchase,04-04-2026 13:03
SKU_000506,view,13-05-2026 21:35
SKU_000507,wishlist,30-01-2026 02:43
SKU_000508,purchase,06-02-2026 13:49
SKU_000509,wishlist,11-04-2026 10:45
SKU_000510,wishlist,28-01-2026 04:07
SKU_000511,cart,04-03-2026 01:22
SKU_000512,review,20-03-2026 11:14
SKU_000513,view,09-05-2026 06:17
SKU_000514,view,13-05-2026 04:33
SKU_000515,wishlist,07-01-2026 20:35
SKU_000516,view,22-04-2026 01:54
SKU_000517,wishlist,24-04-2026 05:05
SKU_000518,cart,18-05-2026 11:50
SKU_000519,wishlist,28-02-2026 07:00
SKU_000520,wishlist,11-03-2026 14:43
SKU_000521,purchase,09-04-2026 12:15
SKU_000522,view,11-05-2026 11:08
SKU_000523,view,02-04-2026 09:59
SKU_000524,purchase,05-02-2026 13:09
SKU_000525,purchase,19-04-2026 13:16
SKU_000526,cart,21-05-2026 19:36
SKU_000527,wishlist,13-02-2026 08:47
SKU_000528,view,10-03-2026 23:44
SKU_000529,view,20-02-2026 14:17
SKU_000530,purchase,14-03-2026 04:09
SKU_000531,view,24-04-2026 16:57
SKU_000532,cart,14-01-2026 19:53
SKU_000533,purchase,07-02-2026 18:38
SKU_000534,view,02-04-2026 16:42
SKU_000535,view,23-04-2026 16:27
SKU_000536,view,01-05-2026 12:27
SKU_000537,view,27-01-2026 16:10
SKU_000538,review,08-02-2026 21:26
SKU_000539,wishlist,28-01-2026 19:28
SKU_000540,view,05-02-2026 00:31
SKU_000541,cart,03-03-2026 10:27
SKU_000542,view,19-05-2026 23:15
SKU_000543,view,01-01-2026 21:57
SKU_000544,wishlist,02-02-2026 17:45
SKU_000545,view,22-04-2026 21:39
SKU_000546,cart,26-01-2026 03:04
SKU_000547,view,16-03-2026 10:23
SKU_000548,cart,20-03-2026 07:56
SKU_000549,wishlist,25-03-2026 07:24
SKU_000550,review,03-04-2026 16:50
SKU_000551,cart,04-01-2026 11:29
SKU_000552,cart,07-02-2026 00:09
SKU_000553,view,14-04-2026 02:47
SKU_000554,view,20-01-2026 22:39
SKU_000555,cart,26-01-2026 00:51
SKU_000556,view,02-03-2026 14:27
SKU_000557,purchase,27-02-2026 21:43
SKU_000558,view,12-04-2026 00:43
SKU_000559,purchase,12-04-2026 18:33
SKU_000560,review,26-04-2026 19:17
SKU_000561,view,22-05-2026 07:56
SKU_000562,view,02-02-2026 00:24
SKU_000563,view,06-02-2026 14:07
SKU_000564,review,11-03-2026 18:13
SKU_000565,view,20-03-2026 07:56
SKU_000566,cart,25-04-2026 12:10
SKU_000567,wishlist,13-03-2026 04:26
SKU_000568,purchase,14-03-2026 20:31
SKU_000569,cart,10-01-2026 10:25
SKU_000570,view,14-04-2026 20:02
SKU_000571,view,02-05-2026 00:01
SKU_000572,cart,10-01-2026 08:47
SKU_000573,view,24-01-2026 23:59
SKU_000574,wishlist,15-03-2026 20:06
SKU_000575,view,28-03-2026 06:39
SKU_000576,cart,17-04-2026 06:31
SKU_000577,view,28-02-2026 11:18
SKU_000578,cart,09-05-2026 15:23
SKU_000579,cart,21-01-2026 08:56
SKU_000580,cart,27-01-2026 15:13
SKU_000581,view,23-03-2026 07:52
SKU_000582,wishlist,28-04-2026 14:27
SKU_000583,view,17-05-2026 01:37
SKU_000584,wishlist,08-02-2026 18:53
SKU_000585,view,09-02-2026 03:51
SKU_000586,view,21-02-2026 01:38
SKU_000587,view,11-03-2026 12:02
SKU_000588,view,12-04-2026 14:02
SKU_000589,cart,01-01-2026 12:45
SKU_000590,purchase,03-01-2026 11:24
SKU_000591,wishlist,15-02-2026 12:52
SKU_000592,cart,06-03-2026 04:43
SKU_000593,view,18-01-2026 11:48
SKU_000594,wishlist,10-04-2026 08:43
SKU_000595,review,14-02-2026 21:17
SKU_000596,view,30-03-2026 16:36
SKU_000597,view,06-05-2026 02:49
SKU_000598,purchase,03-02-2026 22:10
SKU_000599,view,02-03-2026 17:19
SKU_000600,view,11-03-2026 22:43
SKU_000601,purchase,12-05-2026 09:57
SKU_000602,purchase,02-01-2026 21:04
SKU_000603,purchase,05-03-2026 19:40
SKU_000604,review,11-03-2026 10:11
SKU_000605,wishlist,19-01-2026 01:11
SKU_000606,view,14-03-2026 08:32
SKU_000607,view,23-05-2026 08:20
SKU_000608,wishlist,22-02-2026 18:50
SKU_000609,cart,16-03-2026 21:33
SKU_000610,wishlist,03-04-2026 20:46
SKU_000611,view,14-05-2026 23:10
SKU_000612,view,31-01-2026 22:50
SKU_000613,cart,05-02-2026 04:44
SKU_000614,wishlist,27-03-2026 01:59
SKU_000615,cart,04-04-2026 17:25
SKU_000616,purchase,21-04-2026 11:28
SKU_000617,purchase,12-05-2026 17:32
SKU_000618,view,04-04-2026 19:18
SKU_000619,view,05-04-2026 18:49
SKU_000620,view,13-01-2026 07:10
SKU_000621,cart,03-01-2026 09:36
SKU_000622,wishlist,12-05-2026 15:22
SKU_000623,wishlist,17-05-2026 19:31
SKU_000624,cart,07-03-2026 16:35
SKU_000625,cart,11-05-2026 01:42
SKU_000626,view,19-01-2026 11:51
SKU_000627,cart,18-02-2026 06:27
SKU_000628,cart,26-03-2026 01:13
SKU_000629,view,09-05-2026 11:48
SKU_000630,wishlist,22-05-2026 02:26
SKU_000631,wishlist,03-01-2026 06:16
SKU_000632,purchase,11-01-2026 14:17
SKU_000633,purchase,31-01-2026 11:20
SKU_000634,view,09-04-2026 04:06
SKU_000635,view,05-05-2026 22:27
SKU_000636,view,24-02-2026 00:18
SKU_000637,view,06-03-2026 06:04
SKU_000638,view,16-01-2026 07:22
SKU_000639,cart,15-02-2026 15:10
SKU_000640,view,20-03-2026 07:24
SKU_000641,view,31-03-2026 03:32
SKU_000642,view,24-01-2026 01:12
SKU_000643,view,07-04-2026 13:55
SKU_000644,view,07-05-2026 20:56
SKU_000645,view,01-01-2026 00:47
SKU_000646,cart,18-01-2026 15:36
SKU_000647,view,28-04-2026 07:47
SKU_000648,cart,01-05-2026 05:03
SKU_000649,review,04-05-2026 19:08
SKU_000650,view,11-01-2026 12:56
SKU_000651,wishlist,13-02-2026 06:52
SKU_000652,cart,30-03-2026 05:56
SKU_000653,view,23-01-2026 03:23
SKU_000654,cart,29-03-2026 20:57
SKU_000655,view,20-05-2026 00:23
SKU_000656,cart,26-02-2026 16:44
SKU_000657,wishlist,17-04-2026 08:25
SKU_000658,view,04-05-2026 01:04
SKU_000659,wishlist,28-01-2026 06:32
SKU_000660,wishlist,06-04-2026 14:51
SKU_000661,view,21-01-2026 18:28
SKU_000662,purchase,08-02-2026 01:03
SKU_000663,view,19-02-2026 09:04
SKU_000664,view,29-04-2026 14:46
SKU_000665,view,07-03-2026 14:53
SKU_000666,view,20-05-2026 04:28
SKU_000667,review,24-01-2026 22:14
SKU_000668,view,29-03-2026 11:30
SKU_000669,view,30-03-2026 19:34
SKU_000670,cart,25-04-2026 10:24
SKU_000671,view,08-05-2026 20:37
SKU_000672,cart,04-02-2026 09:49
SKU_000673,view,04-04-2026 18:37
SKU_000674,wishlist,09-04-2026 17:00
SKU_000675,view,24-04-2026 14:51
SKU_000676,review,04-03-2026 11:54
SKU_000677,purchase,16-03-2026 16:39
SKU_000678,wishlist,23-03-2026 07:07
SKU_000679,view,08-04-2026 21:19
SKU_000680,review,28-04-2026 16:54
SKU_000681,view,26-01-2026 21:33
SKU_000682,wishlist,27-01-2026 19:57
SKU_000683,wishlist,29-03-2026 22:24
SKU_000684,wishlist,02-03-2026 22:55
SKU_000685,purchase,17-04-2026 08:57
SKU_000686,cart,17-05-2026 05:12
SKU_000687,wishlist,10-02-2026 17:19
SKU_000688,cart,02-05-2026 04:49
SKU_000689,review,07-05-2026 05:37
SKU_000690,view,18-05-2026 22:41
SKU_000691,wishlist,23-01-2026 09:49
SKU_000692,cart,04-03-2026 14:24
SKU_000693,cart,04-05-2026 16:03
SKU_000694,purchase,15-05-2026 19:43
SKU_000695,wishlist,18-05-2026 22:29
SKU_000696,view,03-01-2026 11:30
SKU_000697,view,21-01-2026 16:11
SKU_000698,cart,25-02-2026 12:31
SKU_000699,view,24-03-2026 00:27
SKU_000700,wishlist,12-04-2026 12:05
SKU_000701,view,25-02-2026 15:43
SKU_000702,wishlist,13-05-2026 16:49
SKU_000703,view,07-01-2026 06:33
SKU_000704,view,09-02-2026 14:42
SKU_000705,cart,16-04-2026 02:02
SKU_000706,cart,13-02-2026 13:20
SKU_000707,wishlist,16-02-2026 03:16
SKU_000708,cart,17-03-2026 12:20
SKU_000709,cart,19-04-2026 23:42
SKU_000710,view,06-05-2026 15:47
SKU_000711,review,02-03-2026 17:04
SKU_000712,view,17-03-2026 06:08
SKU_000713,wishlist,22-03-2026 21:20
SKU_000714,view,14-05-2026 01:01
SKU_000715,cart,13-02-2026 19:07
SKU_000716,wishlist,04-05-2026 01:40
SKU_000717,cart,17-05-2026 19:48
SKU_000718,cart,18-05-2026 18:43
SKU_000719,view,27-02-2026 02:58
SKU_000720,cart,29-03-2026 03:37
SKU_000721,cart,03-02-2026 17:56
SKU_000722,view,23-05-2026 17:43
SKU_000723,view,26-01-2026 06:09
SKU_000724,wishlist,21-02-2026 07:26
SKU_000725,view,24-02-2026 04:45
SKU_000726,view,19-04-2026 01:56
SKU_000727,purchase,08-01-2026 18:08
SKU_000728,cart,30-01-2026 20:18
SKU_000729,view,28-02-2026 11:28
SKU_000730,wishlist,06-04-2026 06:07
SKU_000731,view,17-04-2026 19:55
SKU_000732,view,22-04-2026 04:52
SKU_000733,view,09-05-2026 12:37
SKU_000734,view,09-04-2026 02:07
SKU_000735,purchase,18-01-2026 20:29
SKU_000736,cart,12-02-2026 22:51
SKU_000737,view,09-03-2026 20:20
SKU_000738,view,20-03-2026 08:03
SKU_000739,review,15-04-2026 06:46
SKU_000740,view,02-01-2026 17:01
SKU_000741,view,03-04-2026 04:59
SKU_000742,view,14-04-2026 00:18
SKU_000743,cart,20-04-2026 00:00
SKU_000744,purchase,07-05-2026 01:57
SKU_000745,purchase,08-01-2026 17:50
SKU_000746,view,13-05-2026 12:55
SKU_000747,view,16-03-2026 22:18
SKU_000748,cart,05-01-2026 19:08
SKU_000749,cart,14-03-2026 19:25
SKU_000750,view,11-04-2026 08:46
SKU_000751,cart,07-02-2026 09:10
SKU_000752,purchase,04-03-2026 04:45
SKU_000753,view,07-05-2026 12:20
SKU_000754,cart,02-01-2026 10:09
SKU_000755,wishlist,13-01-2026 17:07
SKU_000756,purchase,10-02-2026 22:18
SKU_000757,view,14-04-2026 12:55
SKU_000758,view,02-05-2026 17:43
SKU_000759,view,15-01-2026 00:06
SKU_000760,view,26-03-2026 12:21
SKU_000761,view,06-05-2026 13:11
SKU_000762,view,14-05-2026 05:11
SKU_000763,view,17-05-2026 11:01
SKU_000764,wishlist,14-01-2026 16:17
SKU_000765,purchase,19-04-2026 08:51
SKU_000766,view,22-04-2026 15:31
SKU_000767,view,03-03-2026 10:33
SKU_000768,cart,20-03-2026 12:51
SKU_000769,cart,26-03-2026 02:02
SKU_000770,cart,03-05-2026 09:01
SKU_000771,view,09-01-2026 20:07
SKU_000772,cart,13-01-2026 06:42
SKU_000773,view,15-01-2026 02:17
SKU_000774,cart,24-04-2026 17:07
SKU_000775,cart,17-05-2026 02:20
SKU_000776,wishlist,16-03-2026 01:30
SKU_000777,view,18-03-2026 17:21
SKU_000778,view,26-03-2026 23:43
SKU_000779,wishlist,27-01-2026 11:35
SKU_000780,wishlist,17-03-2026 22:09
SKU_000781,cart,28-01-2026 23:26
SKU_000782,purchase,27-02-2026 21:02
SKU_000783,wishlist,04-05-2026 02:52
SKU_000784,view,03-01-2026 03:57
SKU_000785,view,18-04-2026 11:36
SKU_000786,cart,18-04-2026 18:48
SKU_000787,view,17-01-2026 12:43
SKU_000788,wishlist,01-03-2026 03:57
SKU_000789,wishlist,15-04-2026 07:18
SKU_000790,view,17-04-2026 07:39
SKU_000791,wishlist,28-01-2026 15:53
SKU_000792,view,01-02-2026 06:06
SKU_000793,view,05-02-2026 17:28
SKU_000794,wishlist,12-02-2026 20:56
SKU_000795,purchase,30-04-2026 18:53
SKU_000796,cart,15-01-2026 04:52
SKU_000797,view,26-02-2026 10:32
SKU_000798,view,31-03-2026 13:39
SKU_000799,cart,17-04-2026 17:37
SKU_000800,review,06-05-2026 04:24
SKU_000801,view,25-01-2026 21:31
SKU_000802,view,08-05-2026 06:43
SKU_000803,view,11-05-2026 08:27
SKU_000804,view,03-03-2026 16:59
SKU_000805,cart,05-04-2026 08:16
SKU_000806,cart,30-01-2026 14:12
SKU_000807,view,24-04-2026 10:25
SKU_000808,view,15-05-2026 15:44
SKU_000809,wishlist,01-01-2026 22:31
SKU_000810,wishlist,02-02-2026 17:55
SKU_000811,cart,17-02-2026 19:15
SKU_000812,view,02-03-2026 19:41
SKU_000813,view,27-01-2026 01:54
SKU_000814,view,12-05-2026 23:04
SKU_000815,view,23-05-2026 07:54
SKU_000816,view,22-01-2026 03:11
SKU_000817,cart,05-04-2026 13:27
SKU_000818,wishlist,18-04-2026 02:58
SKU_000819,view,08-02-2026 03:26
SKU_000820,purchase,15-04-2026 14:08
SKU_000821,view,22-05-2026 06:02
SKU_000822,cart,09-04-2026 11:37
SKU_000823,cart,08-01-2026 02:49
SKU_000824,cart,11-02-2026 07:32
SKU_000825,review,20-03-2026 16:03
SKU_000826,view,23-04-2026 09:52
SKU_000827,wishlist,25-04-2026 13:46
SKU_000828,wishlist,13-02-2026 08:41
SKU_000829,view,18-03-2026 05:10
SKU_000830,view,25-04-2026 11:44
SKU_000831,cart,03-01-2026 01:21
SKU_000832,wishlist,18-01-2026 14:00
SKU_000833,wishlist,12-03-2026 15:44
SKU_000834,cart,19-03-2026 01:09
SKU_000835,view,08-04-2026 12:16
SKU_000836,purchase,28-01-2026 06:10
SKU_000837,cart,31-01-2026 22:01
SKU_000838,review,04-02-2026 18:52
SKU_000839,wishlist,28-03-2026 15:32
SKU_000840,view,20-04-2026 23:24
SKU_000841,view,08-01-2026 20:22
SKU_000842,view,12-02-2026 11:46
SKU_000843,view,05-04-2026 16:34
SKU_000844,view,12-03-2026 03:33
SKU_000845,purchase,11-04-2026 13:31
SKU_000846,review,08-01-2026 17:58
SKU_000847,cart,21-01-2026 01:03
SKU_000848,view,12-04-2026 05:46
SKU_000849,wishlist,17-05-2026 15:38
SKU_000850,view,03-02-2026 18:11
SKU_000851,cart,15-03-2026 03:21
SKU_000852,purchase,16-04-2026 16:51
SKU_000853,view,21-04-2026 17:08
SKU_000854,view,07-05-2026 22:20
SKU_000855,view,20-03-2026 19:21
SKU_000856,purchase,11-04-2026 06:28
SKU_000857,purchase,02-01-2026 06:44
SKU_000858,view,04-04-2026 14:47
SKU_000859,view,08-04-2026 10:43
SKU_000860,cart,28-04-2026 07:49
SKU_000861,view,30-01-2026 04:10
SKU_000862,cart,06-02-2026 07:02
SKU_000863,wishlist,11-02-2026 01:44
SKU_000864,wishlist,06-03-2026 02:57
SKU_000865,view,22-03-2026 12:14
SKU_000866,cart,01-02-2026 07:27
SKU_000867,view,10-02-2026 21:57
SKU_000868,view,04-04-2026 00:24
SKU_000869,view,25-04-2026 17:17
SKU_000870,purchase,08-01-2026 14:38
SKU_000871,view,27-01-2026 03:51
SKU_000872,view,01-02-2026 06:54
SKU_000873,purchase,10-04-2026 13:05
SKU_000874,cart,03-05-2026 05:52
SKU_000875,purchase,04-01-2026 14:46
SKU_000876,wishlist,20-04-2026 10:35
SKU_000877,wishlist,27-04-2026 09:12
SKU_000878,purchase,04-05-2026 19:32
SKU_000879,review,29-03-2026 05:26
SKU_000880,purchase,28-04-2026 18:36
SKU_000881,cart,12-02-2026 14:18
SKU_000882,wishlist,21-03-2026 18:18
SKU_000883,cart,02-05-2026 00:22
SKU_000884,view,09-05-2026 02:11
SKU_000885,view,30-03-2026 01:19
SKU_000886,view,25-04-2026 16:22
SKU_000887,view,26-04-2026 20:02
SKU_000888,cart,09-02-2026 07:00
SKU_000889,view,19-01-2026 16:47
SKU_000890,purchase,30-01-2026 01:00
SKU_000891,cart,23-03-2026 12:23
SKU_000892,purchase,28-04-2026 13:53
SKU_000893,cart,13-05-2026 21:23
SKU_000894,view,19-01-2026 02:17
SKU_000895,wishlist,15-04-2026 17:15
SKU_000896,purchase,28-04-2026 04:23
SKU_000897,cart,09-01-2026 10:26
SKU_000898,view,13-03-2026 22:05
SKU_000899,purchase,23-03-2026 16:31
SKU_000900,view,12-04-2026 08:54
SKU_000901,view,10-03-2026 01:31
SKU_000902,view,22-04-2026 20:55
SKU_000903,view,25-04-2026 09:09
SKU_000904,view,16-05-2026 06:53
SKU_000905,cart,25-02-2026 00:07
SKU_000906,wishlist,02-01-2026 01:29
SKU_000907,view,06-02-2026 16:54
SKU_000908,cart,20-02-2026 01:27
SKU_000909,cart,21-03-2026 08:25
SKU_000910,view,18-05-2026 16:52
SKU_000911,view,03-03-2026 08:12
SKU_000912,view,14-05-2026 13:13
SKU_000913,purchase,19-02-2026 06:00
SKU_000914,view,20-02-2026 17:45
SKU_000915,view,24-04-2026 16:01
SKU_000916,view,07-05-2026 12:33
SKU_000917,view,09-02-2026 13:16
SKU_000918,view,22-03-2026 05:46
SKU_000919,cart,18-04-2026 04:59
SKU_000920,view,19-04-2026 06:25
SKU_000921,view,08-03-2026 20:49
SKU_000922,view,23-04-2026 04:02
SKU_000923,purchase,17-05-2026 23:50
SKU_000924,view,14-02-2026 14:48
SKU_000925,cart,20-01-2026 11:19
SKU_000926,wishlist,11-02-2026 15:26
SKU_000927,view,11-01-2026 02:35
SKU_000928,review,30-04-2026 05:33
SKU_000929,view,13-05-2026 22:18
SKU_000930,view,16-05-2026 08:31
SKU_000931,view,18-05-2026 05:52
SKU_000932,view,13-01-2026 10:38
SKU_000933,cart,18-01-2026 02:45
SKU_000934,wishlist,13-02-2026 01:31
SKU_000935,purchase,21-02-2026 02:05
SKU_000936,view,26-03-2026 13:00
SKU_000937,cart,12-01-2026 03:47
SKU_000938,view,04-02-2026 00:49
SKU_000939,view,25-02-2026 15:02
SKU_000940,cart,27-04-2026 00:25
SKU_000941,wishlist,19-05-2026 04:19
SKU_000942,cart,07-01-2026 12:37
SKU_000943,cart,07-02-2026 19:35
SKU_000944,cart,27-04-2026 09:56
SKU_000945,view,11-03-2026 20:30
SKU_000946,view,31-01-2026 13:44
SKU_000947,view,10-03-2026 13:41
SKU_000948,cart,19-03-2026 13:29
SKU_000949,cart,11-05-2026 00:51
SKU_000950,cart,18-01-2026 12:12
SKU_000951,cart,13-02-2026 22:36
SKU_000952,view,23-02-2026 16:37
SKU_000953,purchase,09-03-2026 11:21
SKU_000954,cart,09-03-2026 14:14
SKU_000955,view,24-04-2026 04:39
SKU_000956,cart,15-01-2026 01:20
SKU_000957,view,21-01-2026 16:09
SKU_000958,view,09-04-2026 07:14
SKU_000959,cart,19-04-2026 11:24
SKU_000960,cart,18-02-2026 13:44
SKU_000961,review,15-04-2026 10:48
SKU_000962,cart,22-04-2026 15:11
SKU_000963,cart,07-03-2026 22:56
SKU_000964,purchase,31-03-2026 02:23
SKU_000965,view,04-04-2026 14:08
SKU_000966,cart,16-03-2026 07:23
SKU_000967,view,12-05-2026 10:38
SKU_000968,view,17-05-2026 03:43
SKU_000969,wishlist,02-01-2026 21:18
SKU_000970,view,11-04-2026 07:05
SKU_000971,view,15-04-2026 00:19
SKU_000972,purchase,15-01-2026 18:19
SKU_000973,view,08-03-2026 09:48
SKU_000974,view,18-04-2026 16:23
SKU_000975,purchase,11-05-2026 19:39
SKU_000976,view,05-02-2026 11:50
SKU_000977,view,06-02-2026 22:14
SKU_000978,wishlist,13-05-2026 15:30
SKU_000979,wishlist,09-02-2026 08:57
SKU_000980,wishlist,10-02-2026 03:39
SKU_000981,view,14-02-2026 12:11
SKU_000982,purchase,24-01-2026 06:40
SKU_000983,wishlist,02-01-2026 06:52
SKU_000984,view,09-01-2026 04:57
SKU_000985,view,16-04-2026 03:27
SKU_000986,purchase,30-04-2026 04:38
SKU_000987,view,05-02-2026 12:14
SKU_000988,wishlist,23-02-2026 08:20
SKU_000989,view,24-02-2026 10:08
SKU_000990,cart,06-04-2026 07:19
SKU_000991,view,10-04-2026 06:03
SKU_000992,wishlist,07-01-2026 07:45
SKU_000993,view,09-03-2026 10:29
SKU_000994,view,18-03-2026 10:51
SKU_000995,cart,08-04-2026 13:42
SKU_000996,view,14-05-2026 06:34
SKU_000997,cart,03-01-2026 07:05
SKU_000998,cart,20-01-2026 13:31
SKU_000999,view,05-03-2026 04:38
SKU_001000,cart,12-03-2026 05:11
SKU_001001,view,23-04-2026 19:41
SKU_001002,view,05-02-2026 17:05
SKU_001003,view,08-03-2026 14:56
SKU_001004,wishlist,13-03-2026 01:19
SKU_001005,view,30-04-2026 01:10
SKU_001006,view,04-02-2026 22:20
SKU_001007,cart,24-02-2026 07:10
SKU_001008,view,29-03-2026 12:32
SKU_001009,view,21-04-2026 22:57
SKU_001010,purchase,15-02-2026 18:55
SKU_001011,view,25-03-2026 22:17
SKU_001012,wishlist,18-04-2026 20:04
SKU_001013,view,02-01-2026 21:24
SKU_001014,view,02-04-2026 20:16
SKU_001015,view,28-02-2026 06:15
SKU_001016,purchase,03-03-2026 07:23
SKU_001017,view,05-04-2026 11:48
SKU_001018,view,14-04-2026 16:32
SKU_001019,view,20-05-2026 22:03
SKU_001020,wishlist,19-02-2026 09:04
SKU_001021,view,03-04-2026 12:50
SKU_001022,cart,20-02-2026 10:36
SKU_001023,purchase,11-03-2026 23:09
SKU_001024,view,12-03-2026 02:12
SKU_001025,view,21-03-2026 22:56
SKU_001026,cart,08-02-2026 15:12
SKU_001027,review,22-04-2026 19:51
SKU_001028,view,23-04-2026 00:20
SKU_001029,view,07-05-2026 01:10
SKU_001030,cart,07-05-2026 04:35
SKU_001031,view,16-01-2026 05:24
SKU_001032,review,25-02-2026 15:17
SKU_001033,purchase,15-03-2026 23:55
SKU_001034,cart,30-04-2026 03:52
SKU_001035,cart,23-03-2026 21:48
SKU_001036,wishlist,29-04-2026 21:34
SKU_001037,view,03-05-2026 13:56
SKU_001038,view,14-02-2026 07:34
SKU_001039,cart,08-03-2026 17:24
SKU_001040,view,18-03-2026 18:57
SKU_001041,view,28-04-2026 13:17
SKU_001042,purchase,06-05-2026 04:15
SKU_001043,view,29-03-2026 10:29
SKU_001044,view,12-04-2026 03:44
SKU_001045,view,24-04-2026 23:14
SKU_001046,purchase,18-02-2026 20:45
SKU_001047,wishlist,09-05-2026 13:14
SKU_001048,view,10-02-2026 21:20
SKU_001049,view,19-01-2026 13:18
SKU_001050,cart,06-01-2026 02:52
SKU_001051,review,11-01-2026 10:50
SKU_001052,view,19-03-2026 02:12
SKU_001053,cart,17-04-2026 11:53
SKU_001054,purchase,08-05-2026 03:44
SKU_001055,view,14-02-2026 12:52
SKU_001056,view,18-02-2026 00:57
SKU_001057,cart,25-02-2026 04:21
SKU_001058,view,02-03-2026 01:46
SKU_001059,view,09-05-2026 20:21
SKU_001060,purchase,01-04-2026 17:16
SKU_001061,cart,03-04-2026 11:02
SKU_001062,view,15-04-2026 23:18
SKU_001063,wishlist,04-02-2026 09:03
SKU_001064,purchase,30-03-2026 15:38
SKU_001065,view,25-04-2026 17:28
SKU_001066,cart,27-04-2026 00:56
SKU_001067,cart,03-05-2026 12:53
SKU_001068,wishlist,14-02-2026 02:29
SKU_001069,view,04-04-2026 12:39
SKU_001070,view,15-04-2026 19:02
SKU_001071,view,03-01-2026 01:11
SKU_001072,wishlist,31-01-2026 05:41
SKU_001073,wishlist,28-02-2026 22:45
SKU_001074,view,25-02-2026 16:24
SKU_001075,purchase,02-04-2026 02:37
SKU_001076,purchase,14-04-2026 21:44
SKU_001077,cart,02-01-2026 18:33
SKU_001078,wishlist,26-02-2026 21:07
SKU_001079,cart,28-02-2026 04:17
SKU_001080,view,25-03-2026 13:58
SKU_001081,wishlist,01-02-2026 16:53
SKU_001082,view,18-02-2026 12:36
SKU_001083,view,18-03-2026 15:40
SKU_001084,view,26-03-2026 21:03
SKU_001085,view,19-05-2026 19:51
SKU_001086,wishlist,11-04-2026 07:34
SKU_001087,cart,30-04-2026 01:47
SKU_001088,view,22-02-2026 04:48
SKU_001089,purchase,14-04-2026 07:02
SKU_001090,view,06-05-2026 22:01
SKU_001091,cart,22-01-2026 10:17
SKU_001092,view,30-03-2026 10:03
SKU_001093,cart,04-05-2026 16:08
SKU_001094,view,04-01-2026 18:23
SKU_001095,review,04-03-2026 06:18
SKU_001096,review,06-02-2026 02:31
SKU_001097,view,25-01-2026 06:43
SKU_001098,view,22-02-2026 06:32
SKU_001099,view,19-05-2026 21:03
SKU_001100,view,06-04-2026 20:14
SKU_001101,cart,02-03-2026 12:03
SKU_001102,view,14-03-2026 02:50
SKU_001103,view,01-04-2026 00:55
SKU_001104,wishlist,07-04-2026 18:41
SKU_001105,wishlist,11-01-2026 21:09
SKU_001106,view,21-02-2026 17:59
SKU_001107,wishlist,05-02-2026 06:20
SKU_001108,view,07-02-2026 07:40
SKU_001109,wishlist,18-02-2026 13:27
SKU_001110,view,16-03-2026 02:16
SKU_001111,wishlist,07-01-2026 12:10
SKU_001112,view,08-02-2026 16:14
SKU_001113,cart,17-02-2026 23:51
SKU_001114,view,31-03-2026 11:38
SKU_001115,cart,31-01-2026 19:10
SKU_001116,view,02-03-2026 14:32
SKU_001117,purchase,04-03-2026 17:35
SKU_001118,cart,13-05-2026 07:45
SKU_001119,view,28-02-2026 00:34
SKU_001120,purchase,04-04-2026 10:41
SKU_001121,purchase,04-05-2026 23:43
SKU_001122,cart,22-01-2026 22:17
SKU_001123,view,15-02-2026 19:40
SKU_001124,view,23-02-2026 14:43
SKU_001125,wishlist,24-04-2026 12:53
SKU_001126,cart,09-01-2026 03:42
SKU_001127,wishlist,31-01-2026 02:18
SKU_001128,view,14-03-2026 02:50
SKU_001129,view,26-04-2026 18:33
SKU_001130,cart,14-05-2026 16:12
SKU_001131,view,12-01-2026 14:34
SKU_001132,view,12-01-2026 15:51
SKU_001133,cart,02-05-2026 09:19
SKU_001134,view,25-01-2026 10:23
SKU_001135,wishlist,09-03-2026 10:37
SKU_001136,view,19-04-2026 10:06
SKU_001137,view,06-05-2026 04:16
SKU_001138,purchase,27-01-2026 03:53
SKU_001139,view,18-02-2026 16:19
SKU_001140,view,11-03-2026 13:10
SKU_001141,view,21-05-2026 15:56
SKU_001142,view,06-02-2026 05:44
SKU_001143,wishlist,06-02-2026 20:25
SKU_001144,view,16-04-2026 13:27
SKU_001145,wishlist,21-04-2026 01:01
SKU_001146,view,14-01-2026 08:59
SKU_001147,view,31-01-2026 02:28
SKU_001148,view,01-02-2026 03:15
SKU_001149,view,29-03-2026 06:16
SKU_001150,cart,14-04-2026 03:16
SKU_001151,purchase,04-01-2026 15:14
SKU_001152,wishlist,06-02-2026 00:39
SKU_001153,view,01-05-2026 08:10
SKU_001154,wishlist,23-05-2026 11:05
SKU_001155,wishlist,06-02-2026 20:51
SKU_001156,view,17-03-2026 05:50
SKU_001157,view,07-04-2026 14:44
SKU_001158,view,12-04-2026 18:20
SKU_001159,view,13-05-2026 16:03
SKU_001160,cart,12-04-2026 14:17
SKU_001161,view,26-01-2026 04:47
SKU_001162,view,09-02-2026 05:45
SKU_001163,cart,07-01-2026 04:16
SKU_001164,wishlist,20-01-2026 04:13
SKU_001165,view,13-04-2026 02:30
SKU_001166,view,25-04-2026 15:00
SKU_001167,cart,02-05-2026 03:54
SKU_001168,view,17-05-2026 04:21
SKU_001169,purchase,06-04-2026 10:06
SKU_001170,wishlist,08-05-2026 08:00
SKU_001171,wishlist,12-01-2026 18:53
SKU_001172,purchase,12-03-2026 02:02
SKU_001173,wishlist,19-04-2026 08:33
SKU_001174,wishlist,05-05-2026 01:34
SKU_001175,view,30-04-2026 19:07
SKU_001176,view,23-05-2026 14:05
SKU_001177,view,16-01-2026 03:12
SKU_001178,wishlist,11-02-2026 22:10
SKU_001179,cart,11-04-2026 20:58
SKU_001180,cart,07-02-2026 12:00
SKU_001181,cart,13-04-2026 04:13
SKU_001182,view,19-04-2026 09:07
SKU_001183,view,19-04-2026 10:26
SKU_001184,view,11-03-2026 12:13
SKU_001185,view,31-03-2026 01:47
SKU_001186,wishlist,10-05-2026 04:15
SKU_001187,cart,11-05-2026 23:21
SKU_001188,cart,17-05-2026 10:07
SKU_001189,view,14-04-2026 16:09
SKU_001190,view,27-04-2026 11:48
SKU_001191,view,05-03-2026 00:59
SKU_001192,cart,14-03-2026 04:20
SKU_001193,wishlist,17-04-2026 19:33
SKU_001194,cart,16-02-2026 17:50
SKU_001195,view,20-04-2026 08:26
SKU_001196,cart,29-04-2026 03:24
SKU_001197,review,11-03-2026 21:45
SKU_001198,view,28-03-2026 21:30
SKU_001199,view,29-03-2026 20:21
SKU_001200,view,04-01-2026 03:58
SKU_001201,purchase,11-04-2026 12:14
SKU_001202,view,26-04-2026 16:27
SKU_001203,view,11-02-2026 17:08
SKU_001204,wishlist,03-03-2026 03:33
SKU_001205,cart,10-04-2026 06:41
SKU_001206,cart,18-04-2026 12:15
SKU_001207,view,19-04-2026 00:39
SKU_001208,view,27-01-2026 21:01
SKU_001209,cart,31-01-2026 07:30
SKU_001210,view,21-02-2026 10:56
SKU_001211,wishlist,11-03-2026 01:28
SKU_001212,view,21-04-2026 18:39
SKU_001213,wishlist,15-01-2026 23:47
SKU_001214,wishlist,23-05-2026 13:55
SKU_001215,wishlist,05-04-2026 19:31
SKU_001216,wishlist,14-05-2026 21:44
SKU_001217,cart,26-04-2026 13:58
SKU_001218,wishlist,22-05-2026 21:43
SKU_001219,purchase,11-01-2026 20:37
SKU_001220,view,16-01-2026 05:43
SKU_001221,purchase,06-03-2026 22:22
SKU_001222,view,09-03-2026 13:28
SKU_001223,purchase,27-04-2026 22:55
SKU_001224,cart,07-05-2026 18:10
SKU_001225,view,08-01-2026 23:55
SKU_001226,cart,11-01-2026 12:15
SKU_001227,view,01-03-2026 04:23
SKU_001228,cart,12-04-2026 19:48
SKU_001229,wishlist,10-01-2026 19:26
SKU_001230,view,11-05-2026 19:22
SKU_001231,view,18-01-2026 11:49
SKU_001232,view,09-04-2026 00:12
SKU_001233,view,22-04-2026 16:52
SKU_001234,view,26-04-2026 13:31
SKU_001235,cart,03-04-2026 09:38
SKU_001236,view,17-04-2026 10:34
SKU_001237,cart,19-03-2026 09:16
SKU_001238,cart,27-01-2026 04:32
SKU_001239,view,04-04-2026 09:15
SKU_001240,view,08-02-2026 01:53
SKU_001241,view,12-04-2026 19:10
SKU_001242,wishlist,19-04-2026 23:13
SKU_001243,view,30-04-2026 14:45
SKU_001244,purchase,23-05-2026 20:27
SKU_001245,cart,22-01-2026 20:25
SKU_001246,view,06-02-2026 23:44
SKU_001247,cart,04-03-2026 06:44
SKU_001248,wishlist,09-03-2026 15:13
SKU_001249,view,12-03-2026 22:16
SKU_001250,view,27-03-2026 20:50
SKU_001251,view,30-04-2026 15:47
SKU_001252,wishlist,02-05-2026 00:14
SKU_001253,view,14-03-2026 14:07
SKU_001254,wishlist,14-05-2026 02:00
SKU_001255,wishlist,22-01-2026 19:41
SKU_001256,purchase,29-01-2026 16:13
SKU_001257,wishlist,01-05-2026 14:04
SKU_001258,cart,08-03-2026 15:45
SKU_001259,view,01-03-2026 05:57
SKU_001260,view,06-03-2026 10:39
SKU_001261,cart,09-02-2026 13:46
SKU_001262,cart,11-02-2026 03:24
SKU_001263,review,20-02-2026 05:26
SKU_001264,cart,12-04-2026 14:35
SKU_001265,cart,17-04-2026 02:31
SKU_001266,view,09-01-2026 10:38
SKU_001267,view,13-04-2026 07:03
SKU_001268,view,24-04-2026 04:59
SKU_001269,cart,09-05-2026 20:15
SKU_001270,purchase,11-01-2026 07:23
SKU_001271,view,01-04-2026 06:52
SKU_001272,cart,08-05-2026 03:23
SKU_001273,purchase,04-01-2026 16:54
SKU_001274,cart,21-01-2026 22:48
SKU_001275,view,26-02-2026 19:07
SKU_001276,view,20-01-2026 08:11
SKU_001277,cart,03-03-2026 06:07
SKU_001278,view,09-04-2026 17:58
SKU_001279,view,18-05-2026 19:23
SKU_001280,view,05-01-2026 04:08
SKU_001281,cart,08-01-2026 17:15
SKU_001282,view,19-04-2026 20:59
SKU_001283,view,19-05-2026 08:20
SKU_001284,cart,04-01-2026 13:37
SKU_001285,view,09-03-2026 08:06
SKU_001286,wishlist,15-02-2026 20:47
SKU_001287,cart,23-02-2026 13:41
SKU_001288,purchase,08-04-2026 08:00
SKU_001289,purchase,18-04-2026 18:12
SKU_001290,purchase,30-01-2026 11:00
SKU_001291,cart,08-03-2026 08:50
SKU_001292,view,22-05-2026 17:31
SKU_001293,cart,14-02-2026 03:53
SKU_001294,view,16-02-2026 16:09
SKU_001295,view,23-03-2026 00:54
SKU_001296,cart,02-05-2026 11:09
SKU_001297,view,14-05-2026 07:25
SKU_001298,view,10-02-2026 03:33
SKU_001299,cart,07-05-2026 16:44
SKU_001300,cart,27-01-2026 19:38
SKU_001301,purchase,02-03-2026 00:02
SKU_001302,cart,29-01-2026 04:27
SKU_001303,cart,25-03-2026 12:14
SKU_001304,cart,14-01-2026 04:02
SKU_001305,purchase,03-03-2026 15:38
SKU_001306,view,05-02-2026 18:07
SKU_001307,wishlist,06-01-2026 17:24
SKU_001308,purchase,22-05-2026 04:26
SKU_001309,purchase,28-02-2026 21:42
SKU_001310,view,21-03-2026 20:34
SKU_001311,wishlist,28-03-2026 00:33
SKU_001312,view,04-05-2026 15:55
SKU_001313,cart,06-01-2026 02:05
SKU_001314,cart,29-04-2026 20:02
SKU_001315,view,14-02-2026 20:07
SKU_001316,view,14-02-2026 20:07
SKU_001317,wishlist,15-02-2026 02:02
SKU_001318,view,26-04-2026 19:14
SKU_001319,wishlist,14-05-2026 11:24
SKU_001320,purchase,05-02-2026 17:23
SKU_001321,view,14-03-2026 14:46
SKU_001322,view,07-05-2026 03:12
SKU_001323,view,19-05-2026 06:14
SKU_001324,wishlist,21-03-2026 08:09
SKU_001325,review,22-02-2026 09:37
SKU_001326,wishlist,09-02-2026 09:16
SKU_001327,view,11-05-2026 08:40
SKU_001328,purchase,05-03-2026 02:07
SKU_001329,purchase,06-04-2026 03:17
SKU_001330,view,30-04-2026 19:42
SKU_001331,wishlist,14-05-2026 13:40
SKU_001332,cart,02-03-2026 18:12
SKU_001333,wishlist,15-03-2026 20:40
SKU_001334,cart,18-03-2026 12:52
SKU_001335,cart,20-05-2026 20:22
SKU_001336,purchase,23-05-2026 18:53
SKU_001337,view,12-04-2026 02:24
SKU_001338,view,09-01-2026 05:40
SKU_001339,wishlist,17-02-2026 17:08
SKU_001340,cart,11-04-2026 17:19
SKU_001341,cart,15-04-2026 10:39
SKU_001342,view,06-02-2026 20:46
SKU_001343,view,02-02-2026 07:53
SKU_001344,cart,25-02-2026 12:27
SKU_001345,view,01-03-2026 03:19
SKU_001346,cart,31-03-2026 14:02
SKU_001347,view,01-04-2026 00:26
SKU_001348,wishlist,06-05-2026 11:03
SKU_001349,wishlist,04-02-2026 21:47
SKU_001350,view,27-01-2026 06:34
SKU_001351,view,04-03-2026 19:26
SKU_001352,purchase,18-03-2026 07:49
SKU_001353,purchase,22-03-2026 07:19
SKU_001354,purchase,29-03-2026 13:16
SKU_001355,view,18-02-2026 13:28
SKU_001356,view,20-05-2026 11:52
SKU_001357,view,23-05-2026 09:15
SKU_001358,wishlist,17-01-2026 13:33
SKU_001359,wishlist,12-03-2026 11:26
SKU_001360,review,12-04-2026 17:09
SKU_001361,cart,04-05-2026 02:59
SKU_001362,view,15-03-2026 12:46
SKU_001363,wishlist,17-04-2026 20:47
SKU_001364,view,30-01-2026 03:28
SKU_001365,view,20-04-2026 19:22
SKU_001366,wishlist,09-05-2026 01:38
SKU_001367,view,23-03-2026 11:23
SKU_001368,purchase,23-01-2026 19:50
SKU_001369,review,05-02-2026 02:06
SKU_001370,view,26-02-2026 01:48
SKU_001371,wishlist,02-05-2026 15:28
SKU_001372,view,31-03-2026 01:25
SKU_001373,view,02-01-2026 02:47
SKU_001374,cart,06-04-2026 19:43
SKU_001375,view,16-04-2026 12:53
SKU_001376,view,29-04-2026 01:24
SKU_001377,cart,27-04-2026 17:52
SKU_001378,cart,24-02-2026 00:06
SKU_001379,cart,17-04-2026 06:47
SKU_001380,view,10-01-2026 11:58
SKU_001381,cart,05-02-2026 21:25
SKU_001382,purchase,29-01-2026 05:29
SKU_001383,view,10-01-2026 12:30
SKU_001384,review,18-01-2026 00:43
SKU_001385,view,27-02-2026 22:50
SKU_001386,view,06-03-2026 07:05
SKU_001387,cart,28-04-2026 03:30
SKU_001388,view,04-02-2026 10:50
SKU_001389,view,30-03-2026 10:01
SKU_001390,wishlist,20-04-2026 03:56
SKU_001391,view,22-04-2026 03:01
SKU_001392,purchase,23-04-2026 10:10
SKU_001393,wishlist,24-03-2026 23:28
SKU_001394,view,26-02-2026 20:41
SKU_001395,purchase,15-05-2026 21:09
SKU_001396,view,22-03-2026 08:15
SKU_001397,view,12-04-2026 21:01
SKU_001398,view,13-04-2026 08:14
SKU_001399,wishlist,18-01-2026 00:34
SKU_001400,cart,04-04-2026 22:01
SKU_001401,wishlist,13-04-2026 17:04
SKU_001402,wishlist,03-05-2026 03:15
SKU_001403,view,22-05-2026 16:46
SKU_001404,review,20-02-2026 10:06
SKU_001405,view,13-04-2026 00:30
SKU_001406,view,22-04-2026 16:21
SKU_001407,view,07-04-2026 09:22
SKU_001408,view,07-04-2026 15:38
SKU_001409,cart,11-04-2026 22:00
SKU_001410,wishlist,03-05-2026 16:40
SKU_001411,review,22-05-2026 14:14
SKU_001412,view,23-01-2026 22:53
SKU_001413,wishlist,10-02-2026 06:13
SKU_001414,cart,09-01-2026 20:00
SKU_001415,cart,06-03-2026 19:35
SKU_001416,view,09-03-2026 21:29
SKU_001417,view,22-03-2026 09:34
SKU_001418,view,14-01-2026 04:08
SKU_001419,cart,19-02-2026 09:40
SKU_001420,wishlist,01-03-2026 18:19
SKU_001421,view,14-05-2026 04:13
SKU_001422,wishlist,06-01-2026 15:41
SKU_001423,view,21-04-2026 11:21
SKU_001424,wishlist,30-04-2026 14:44
SKU_001425,purchase,21-05-2026 15:55
SKU_001426,view,07-01-2026 21:42
SKU_001427,cart,27-01-2026 08:39
SKU_001428,purchase,03-04-2026 03:19
SKU_001429,cart,06-05-2026 08:57
SKU_001430,wishlist,11-01-2026 21:04
SKU_001431,view,22-03-2026 09:09
SKU_001432,wishlist,31-03-2026 19:16
SKU_001433,view,04-01-2026 15:14
SKU_001434,cart,15-04-2026 01:24
SKU_001435,wishlist,18-04-2026 19:18
SKU_001436,wishlist,13-01-2026 20:34
SKU_001437,view,29-01-2026 23:48
SKU_001438,view,24-02-2026 11:02
SKU_001439,cart,02-02-2026 05:28
SKU_001440,purchase,06-02-2026 09:14
SKU_001441,wishlist,17-03-2026 15:30
SKU_001442,wishlist,21-04-2026 20:58
SKU_001443,view,28-04-2026 14:42
SKU_001444,view,22-02-2026 17:16
SKU_001445,view,16-02-2026 03:29
SKU_001446,view,28-02-2026 18:21
SKU_001447,view,14-03-2026 03:42
SKU_001448,wishlist,29-03-2026 18:02
SKU_001449,cart,18-01-2026 23:33
SKU_001450,wishlist,28-03-2026 04:08
SKU_001451,purchase,30-01-2026 22:03
SKU_001452,view,06-02-2026 22:27
SKU_001453,view,08-03-2026 01:03
SKU_001454,wishlist,04-04-2026 21:08
SKU_001455,view,23-05-2026 05:25
SKU_001456,view,08-01-2026 02:20
SKU_001457,wishlist,26-01-2026 18:30
SKU_001458,cart,09-02-2026 20:14
SKU_001459,view,12-05-2026 09:43
SKU_001460,purchase,21-05-2026 16:44
SKU_001461,cart,09-01-2026 23:01
SKU_001462,cart,17-01-2026 21:48
SKU_001463,view,21-01-2026 00:29
SKU_001464,cart,06-03-2026 17:14
SKU_001465,view,01-04-2026 15:47
SKU_001466,view,08-02-2026 22:39
SKU_001467,view,04-03-2026 07:24
SKU_001468,view,23-01-2026 20:17
SKU_001469,view,27-03-2026 15:44
SKU_001470,view,11-05-2026 07:39
SKU_001471,view,20-01-2026 21:06
SKU_001472,view,10-02-2026 02:43
SKU_001473,view,10-04-2026 19:41
SKU_001474,wishlist,16-04-2026 08:22
SKU_001475,view,19-04-2026 16:02
SKU_001476,view,14-01-2026 20:00
SKU_001477,purchase,03-02-2026 06:11
SKU_001478,purchase,06-01-2026 15:06
SKU_001479,view,10-01-2026 20:24
SKU_001480,view,26-01-2026 06:11
SKU_001481,view,28-03-2026 03:32
SKU_001482,view,02-04-2026 09:47
SKU_001483,cart,28-03-2026 13:44
SKU_001484,view,26-04-2026 02:26
SKU_001485,wishlist,03-05-2026 05:32
SKU_001486,wishlist,15-05-2026 00:12
SKU_001487,cart,16-05-2026 19:16
SKU_001488,wishlist,16-01-2026 06:02
SKU_001489,purchase,19-01-2026 01:01
SKU_001490,view,26-01-2026 14:12
SKU_001491,view,01-04-2026 10:17
SKU_001492,cart,21-04-2026 06:05
SKU_001493,purchase,28-01-2026 21:47
SKU_001494,cart,13-02-2026 10:57
SKU_001495,purchase,14-02-2026 23:46
SKU_001496,view,02-04-2026 08:54
SKU_001497,view,05-03-2026 01:29
SKU_001498,view,30-03-2026 00:27
SKU_001499,view,05-04-2026 15:56
SKU_001500,cart,03-02-2026 03:59
SKU_001501,cart,24-02-2026 19:24
SKU_001502,view,09-03-2026 16:39
SKU_001503,wishlist,28-04-2026 08:53
SKU_001504,cart,05-03-2026 06:39
SKU_001505,cart,28-02-2026 15:58
SKU_001506,view,16-02-2026 07:50
SKU_001507,view,22-03-2026 06:46
SKU_001508,view,25-04-2026 16:05
SKU_001509,view,01-05-2026 13:29
SKU_001510,view,25-04-2026 18:07
SKU_001511,review,15-05-2026 18:33
SKU_001512,cart,03-02-2026 14:38
SKU_001513,view,15-02-2026 20:33
SKU_001514,purchase,08-03-2026 10:46
SKU_001515,cart,16-04-2026 17:40
SKU_001516,view,15-05-2026 18:53
SKU_001517,wishlist,19-01-2026 23:06
SKU_001518,view,05-03-2026 04:22
SKU_001519,review,31-03-2026 21:18
SKU_001520,view,18-04-2026 18:53
SKU_001521,view,26-04-2026 17:54
SKU_001522,view,05-03-2026 13:49
SKU_001523,view,15-03-2026 13:51
SKU_001524,view,06-04-2026 23:34
SKU_001525,cart,06-05-2026 05:52
SKU_001526,wishlist,09-05-2026 04:35
SKU_001527,cart,29-01-2026 11:47
SKU_001528,cart,26-02-2026 14:30
SKU_001529,view,17-03-2026 17:27
SKU_001530,cart,14-04-2026 03:49
SKU_001531,view,30-04-2026 12:46
SKU_001532,review,01-03-2026 03:18
SKU_001533,cart,08-03-2026 20:23
SKU_001534,cart,26-03-2026 09:58
SKU_001535,cart,12-05-2026 22:58
SKU_001536,wishlist,20-05-2026 09:08
SKU_001537,review,13-01-2026 02:51
SKU_001538,view,13-03-2026 16:42
SKU_001539,cart,17-04-2026 13:59
SKU_001540,view,07-01-2026 01:19
SKU_001541,wishlist,22-01-2026 07:13
SKU_001542,view,24-02-2026 19:11
SKU_001543,view,16-03-2026 07:55
SKU_001544,cart,20-03-2026 20:14
SKU_001545,cart,19-05-2026 05:06
SKU_001546,wishlist,28-01-2026 00:06
SKU_001547,view,06-02-2026 13:12
SKU_001548,view,16-03-2026 16:20
SKU_001549,view,18-04-2026 20:27
SKU_001550,view,03-01-2026 06:04
SKU_001551,view,27-01-2026 01:46
SKU_001552,view,17-01-2026 10:33
SKU_001553,wishlist,27-01-2026 08:45
SKU_001554,purchase,26-03-2026 19:19
SKU_001555,purchase,08-05-2026 18:09
SKU_001556,view,04-02-2026 21:54
SKU_001557,wishlist,24-03-2026 15:55
SKU_001558,view,30-03-2026 05:37
SKU_001559,view,09-04-2026 22:02
SKU_001560,view,02-05-2026 00:32
SKU_001561,view,23-04-2026 05:23
SKU_001562,view,08-04-2026 10:13
SKU_001563,purchase,19-05-2026 06:45
SKU_001564,wishlist,07-01-2026 11:56
SKU_001565,view,08-01-2026 08:27
SKU_001566,view,13-03-2026 06:12
SKU_001567,cart,04-04-2026 20:11
SKU_001568,view,21-04-2026 07:46
SKU_001569,purchase,16-01-2026 04:35
SKU_001570,view,24-02-2026 06:11
SKU_001571,view,01-04-2026 06:45
SKU_001572,wishlist,11-04-2026 09:09
SKU_001573,review,12-04-2026 15:01
SKU_001574,cart,13-05-2026 20:00
SKU_001575,wishlist,11-01-2026 05:56
SKU_001576,view,02-03-2026 16:21
SKU_001577,cart,08-03-2026 17:02
SKU_001578,view,14-04-2026 21:26
SKU_001579,wishlist,30-04-2026 00:58
SKU_001580,view,02-02-2026 12:38
SKU_001581,purchase,26-02-2026 03:48
SKU_001582,wishlist,27-02-2026 05:01
SKU_001583,wishlist,10-03-2026 12:42
SKU_001584,view,12-01-2026 22:13
SKU_001585,view,20-02-2026 13:45
SKU_001586,review,02-04-2026 21:05
SKU_001587,wishlist,23-04-2026 06:19
SKU_001588,cart,03-05-2026 04:45
SKU_001589,cart,17-01-2026 00:31
SKU_001590,purchase,25-01-2026 15:01
SKU_001591,view,05-04-2026 03:08
SKU_001592,view,24-02-2026 13:25
SKU_001593,view,30-04-2026 13:49
SKU_001594,view,28-04-2026 06:00
SKU_001595,view,30-01-2026 08:20
SKU_001596,wishlist,04-02-2026 01:25
SKU_001597,view,13-03-2026 19:14
SKU_001598,wishlist,28-03-2026 17:33
SKU_001599,purchase,08-05-2026 23:53
SKU_001600,purchase,17-01-2026 09:20
SKU_001601,view,29-01-2026 04:04
SKU_001602,view,26-04-2026 15:26
SKU_001603,wishlist,16-02-2026 04:54
SKU_001604,view,16-03-2026 09:41
SKU_001605,cart,27-03-2026 11:24
SKU_001606,wishlist,09-05-2026 06:55
SKU_001607,view,05-05-2026 17:09
SKU_001608,view,11-01-2026 04:46
SKU_001609,view,28-02-2026 12:28
SKU_001610,cart,03-04-2026 11:24
SKU_001611,view,03-04-2026 11:33
SKU_001612,view,14-04-2026 09:43
SKU_001613,cart,03-01-2026 07:17
SKU_001614,review,26-02-2026 01:52
SKU_001615,cart,16-03-2026 04:16
SKU_001616,view,26-03-2026 10:00
SKU_001617,purchase,29-03-2026 03:39
SKU_001618,purchase,25-03-2026 20:16
SKU_001619,view,29-04-2026 13:04
SKU_001620,view,07-05-2026 14:50
SKU_001621,cart,19-02-2026 13:59
SKU_001622,cart,16-02-2026 22:51
SKU_001623,wishlist,31-03-2026 12:55
SKU_001624,cart,12-05-2026 03:05
SKU_001625,cart,23-05-2026 14:08
SKU_001626,view,02-03-2026 19:56
SKU_001627,view,17-04-2026 08:03
SKU_001628,view,03-01-2026 07:44
SKU_001629,wishlist,21-01-2026 04:14
SKU_001630,view,12-02-2026 14:33
SKU_001631,view,10-03-2026 06:11
SKU_001632,cart,28-03-2026 14:14
SKU_001633,view,14-05-2026 02:39
SKU_001634,wishlist,24-01-2026 15:34
SKU_001635,view,12-02-2026 02:28
SKU_001636,purchase,27-04-2026 09:20
SKU_001637,view,04-05-2026 21:40
SKU_001638,cart,08-05-2026 12:00
SKU_001639,view,22-01-2026 12:34
SKU_001640,cart,05-02-2026 18:43
SKU_001641,view,05-02-2026 21:05
SKU_001642,view,19-02-2026 04:37
SKU_001643,review,16-05-2026 01:58
SKU_001644,view,19-02-2026 23:16
SKU_001645,view,04-03-2026 19:10
SKU_001646,wishlist,10-05-2026 15:08
SKU_001647,view,15-05-2026 09:59
SKU_001648,view,12-01-2026 15:53
SKU_001649,view,20-02-2026 03:28
SKU_001650,review,21-02-2026 09:25
SKU_001651,view,18-03-2026 05:48
SKU_001652,view,29-04-2026 12:12
SKU_001653,view,25-03-2026 17:47
SKU_001654,cart,15-04-2026 23:31
SKU_001655,view,07-01-2026 18:27
SKU_001656,cart,21-01-2026 01:21
SKU_001657,view,20-02-2026 07:00
SKU_001658,view,19-05-2026 22:00
SKU_001659,purchase,01-01-2026 04:02
SKU_001660,cart,29-01-2026 21:42
SKU_001661,view,05-05-2026 08:10
SKU_001662,wishlist,07-05-2026 18:34
SKU_001663,purchase,01-01-2026 17:15
SKU_001664,view,11-04-2026 01:51
SKU_001665,view,22-04-2026 14:01
SKU_001666,wishlist,18-05-2026 09:40
SKU_001667,view,15-04-2026 21:10
SKU_001668,cart,24-01-2026 12:50
SKU_001669,review,04-04-2026 14:35
SKU_001670,view,21-04-2026 03:32
SKU_001671,view,14-05-2026 20:11
SKU_001672,review,03-05-2026 18:36
SKU_001673,cart,12-03-2026 22:40
SKU_001674,cart,16-01-2026 14:57
SKU_001675,view,26-02-2026 07:18
SKU_001676,view,31-03-2026 06:04
SKU_001677,view,07-02-2026 02:08
SKU_001678,view,28-02-2026 00:50
SKU_001679,cart,09-05-2026 07:14
SKU_001680,view,16-05-2026 03:02
SKU_001681,view,07-01-2026 22:21
SKU_001682,wishlist,28-01-2026 04:10
SKU_001683,cart,06-02-2026 18:58
SKU_001684,view,23-05-2026 18:51
SKU_001685,cart,15-04-2026 23:09
SKU_001686,view,04-01-2026 04:30
SKU_001687,view,08-01-2026 04:37
SKU_001688,wishlist,29-03-2026 05:55
SKU_001689,view,14-04-2026 16:20
SKU_001690,cart,07-05-2026 23:09
SKU_001691,purchase,10-05-2026 13:55
SKU_001692,wishlist,08-01-2026 03:51
SKU_001693,view,14-01-2026 23:42
SKU_001694,view,29-01-2026 22:10
SKU_001695,purchase,15-02-2026 05:47
SKU_001696,cart,23-04-2026 11:56
SKU_001697,view,06-05-2026 23:33
SKU_001698,view,17-05-2026 04:16
SKU_001699,wishlist,01-03-2026 16:17
SKU_001700,cart,30-03-2026 13:58
SKU_001701,wishlist,13-01-2026 10:03
SKU_001702,view,21-01-2026 15:32
SKU_001703,wishlist,23-01-2026 04:06
SKU_001704,view,07-04-2026 12:51
SKU_001705,wishlist,26-04-2026 12:47
SKU_001706,cart,24-01-2026 10:58
SKU_001707,view,04-03-2026 23:02
SKU_001708,review,22-04-2026 20:12
SKU_001709,view,13-05-2026 20:04
SKU_001710,view,26-04-2026 03:58
SKU_001711,view,24-01-2026 10:42
SKU_001712,view,02-02-2026 15:10
SKU_001713,view,13-03-2026 19:59
SKU_001714,cart,18-04-2026 11:04
SKU_001715,view,16-05-2026 04:58
SKU_001716,view,04-01-2026 00:50
SKU_001717,view,16-01-2026 16:11
SKU_001718,view,31-01-2026 15:11
SKU_001719,cart,15-03-2026 00:53
SKU_001720,purchase,05-04-2026 13:25
SKU_001721,view,25-01-2026 15:21
SKU_001722,cart,03-04-2026 10:22
SKU_001723,cart,15-05-2026 10:37
SKU_001724,view,15-05-2026 15:57
SKU_001725,view,29-04-2026 13:18
SKU_001726,view,15-05-2026 07:25
SKU_001727,view,18-01-2026 02:12
SKU_001728,view,28-02-2026 11:41
SKU_001729,view,29-04-2026 20:21
SKU_001730,view,02-05-2026 18:55
SKU_001731,view,19-01-2026 13:55
SKU_001732,wishlist,12-03-2026 06:34
SKU_001733,cart,09-04-2026 13:18
SKU_001734,view,15-04-2026 19:17
SKU_001735,view,01-05-2026 04:22
SKU_001736,view,03-04-2026 02:55
SKU_001737,view,14-05-2026 01:28
SKU_001738,cart,11-01-2026 11:47
SKU_001739,view,10-02-2026 16:45
SKU_001740,wishlist,18-02-2026 19:31
SKU_001741,wishlist,26-03-2026 09:43
SKU_001742,wishlist,21-01-2026 06:38
SKU_001743,view,06-01-2026 15:27
SKU_001744,purchase,31-01-2026 16:32
SKU_001745,wishlist,04-02-2026 03:41
SKU_001746,cart,05-04-2026 04:32
SKU_001747,view,10-04-2026 23:37
SKU_001748,view,05-03-2026 05:48
SKU_001749,view,12-05-2026 10:21
SKU_001750,wishlist,20-01-2026 01:00
SKU_001751,purchase,16-02-2026 01:03
SKU_001752,view,15-01-2026 06:40
SKU_001753,purchase,12-02-2026 20:21
SKU_001754,view,02-04-2026 10:58
SKU_001755,purchase,24-04-2026 14:43
SKU_001756,view,27-01-2026 11:41
SKU_001757,view,04-02-2026 13:49
SKU_001758,view,14-03-2026 12:33
SKU_001759,view,17-03-2026 05:05
SKU_001760,cart,07-01-2026 05:34
SKU_001761,view,25-01-2026 16:50
SKU_001762,view,15-05-2026 09:56
SKU_001763,view,03-02-2026 05:51
SKU_001764,view,08-03-2026 17:10
SKU_001765,view,23-03-2026 05:03
SKU_001766,wishlist,31-03-2026 01:07
SKU_001767,view,17-01-2026 18:59
SKU_001768,cart,02-02-2026 23:57
SKU_001769,purchase,14-02-2026 14:29
SKU_001770,view,18-04-2026 08:01
SKU_001771,view,23-04-2026 06:14
SKU_001772,wishlist,03-01-2026 19:35
SKU_001773,view,24-02-2026 05:01
SKU_001774,view,25-03-2026 03:08
SKU_001775,cart,22-05-2026 18:07
SKU_001776,view,01-01-2026 23:39
SKU_001777,view,09-01-2026 14:05
SKU_001778,wishlist,29-01-2026 22:14
SKU_001779,view,23-03-2026 02:57
SKU_001780,cart,22-04-2026 09:38
SKU_001781,view,20-01-2026 00:42
SKU_001782,cart,29-03-2026 20:31
SKU_001783,view,07-04-2026 04:11
SKU_001784,wishlist,16-05-2026 06:38
SKU_001785,view,26-01-2026 18:28
SKU_001786,cart,11-03-2026 14:17
SKU_001787,view,04-01-2026 02:14
SKU_001788,purchase,01-02-2026 10:03
SKU_001789,wishlist,31-03-2026 04:24
SKU_001790,view,17-05-2026 13:38
SKU_001791,view,27-01-2026 22:02
SKU_001792,purchase,20-03-2026 17:06
SKU_001793,cart,01-04-2026 01:16
SKU_001794,wishlist,17-05-2026 12:50
SKU_001795,view,02-05-2026 19:27
SKU_001796,view,07-01-2026 08:27
SKU_001797,view,27-02-2026 14:12
SKU_001798,purchase,14-04-2026 02:16
SKU_001799,purchase,16-01-2026 17:17
SKU_001800,wishlist,10-02-2026 05:22
SKU_001801,view,22-04-2026 16:45
SKU_001802,purchase,01-05-2026 11:31
SKU_001803,cart,13-05-2026 22:46
SKU_001804,view,22-01-2026 13:08
SKU_001805,view,08-01-2026 22:29
SKU_001806,cart,12-03-2026 23:41
SKU_001807,view,13-03-2026 03:42
SKU_001808,wishlist,01-05-2026 05:22
SKU_001809,view,27-01-2026 21:01
SKU_001810,view,07-03-2026 00:53
SKU_001811,view,10-02-2026 17:42
SKU_001812,purchase,13-02-2026 18:36
SKU_001813,cart,23-04-2026 15:33
SKU_001814,view,17-05-2026 11:29
SKU_001815,view,13-01-2026 07:19
SKU_001816,view,24-01-2026 19:52
SKU_001817,cart,05-04-2026 09:58
SKU_001818,wishlist,08-04-2026 08:55
SKU_001819,purchase,13-04-2026 06:31
SKU_001820,wishlist,13-03-2026 11:41
SKU_001821,purchase,01-05-2026 13:50
SKU_001822,view,11-05-2026 17:50
SKU_001823,purchase,15-05-2026 14:39
SKU_001824,view,16-01-2026 13:37
SKU_001825,review,17-01-2026 22:53
SKU_001826,view,04-02-2026 17:19
SKU_001827,view,17-03-2026 20:42
SKU_001828,purchase,30-01-2026 05:22
SKU_001829,cart,07-04-2026 09:03
SKU_001830,view,26-02-2026 22:16
SKU_001831,wishlist,26-01-2026 15:17
SKU_001832,view,09-03-2026 07:44
SKU_001833,view,23-03-2026 13:56
SKU_001834,view,28-03-2026 04:32
SKU_001835,wishlist,03-04-2026 00:33
SKU_001836,cart,07-03-2026 05:18
SKU_001837,wishlist,08-03-2026 13:31
SKU_001838,view,21-03-2026 22:37
SKU_001839,cart,23-04-2026 08:57
SKU_001840,cart,06-05-2026 04:23
SKU_001841,purchase,26-01-2026 14:57
SKU_001842,view,01-03-2026 01:07
SKU_001843,wishlist,28-03-2026 11:02
SKU_001844,view,30-03-2026 22:28
SKU_001845,view,21-04-2026 03:35
SKU_001846,view,10-01-2026 04:31
SKU_001847,review,29-01-2026 19:18
SKU_001848,cart,10-03-2026 13:39
SKU_001849,view,14-04-2026 22:45
SKU_001850,review,19-05-2026 05:17
SKU_001851,view,01-02-2026 07:30
SKU_001852,review,16-02-2026 04:43
SKU_001853,view,25-01-2026 13:24
SKU_001854,wishlist,05-02-2026 19:48
SKU_001855,cart,20-02-2026 13:35
SKU_001856,review,13-03-2026 18:47
SKU_001857,view,27-03-2026 14:41
SKU_001858,view,01-02-2026 13:45
SKU_001859,view,28-02-2026 13:22
SKU_001860,purchase,14-04-2026 14:57
SKU_001861,wishlist,15-04-2026 19:57
SKU_001862,review,01-01-2026 20:00
SKU_001863,view,31-01-2026 07:15
SKU_001864,wishlist,04-03-2026 04:19
SKU_001865,view,17-04-2026 01:13
SKU_001866,wishlist,29-01-2026 13:27
SKU_001867,wishlist,22-04-2026 09:45
SKU_001868,purchase,10-05-2026 11:55
SKU_001869,view,22-01-2026 19:25
SKU_001870,view,14-05-2026 19:39
SKU_001871,cart,23-05-2026 01:41
SKU_001872,view,01-03-2026 19:46
SKU_001873,view,18-01-2026 22:59
SKU_001874,cart,12-02-2026 18:58
SKU_001875,cart,05-03-2026 08:58
SKU_001876,view,11-03-2026 09:34
SKU_001877,purchase,28-03-2026 14:23
SKU_001878,cart,05-01-2026 09:05
SKU_001879,view,17-01-2026 05:33
SKU_001880,cart,08-02-2026 00:06
SKU_001881,view,10-04-2026 09:06
SKU_001882,purchase,03-03-2026 16:51
SKU_001883,purchase,10-04-2026 08:01
SKU_001884,view,28-04-2026 02:59
SKU_001885,view,28-04-2026 11:52
SKU_001886,view,03-01-2026 08:48
SKU_001887,view,13-03-2026 18:36
SKU_001888,review,14-03-2026 09:31
SKU_001889,purchase,16-03-2026 23:24
SKU_001890,wishlist,11-02-2026 21:12
SKU_001891,wishlist,01-02-2026 19:19
SKU_001892,review,26-02-2026 01:07
SKU_001893,view,22-03-2026 16:52
SKU_001894,purchase,27-03-2026 22:13
SKU_001895,view,25-04-2026 00:27
SKU_001896,view,27-04-2026 02:34
SKU_001897,wishlist,13-01-2026 20:07
SKU_001898,view,07-03-2026 03:09
SKU_001899,view,13-04-2026 00:04
SKU_001900,purchase,25-04-2026 16:45
SKU_001901,cart,03-02-2026 23:03
SKU_001902,purchase,31-03-2026 17:38
SKU_001903,view,18-04-2026 22:16
SKU_001904,wishlist,18-05-2026 21:59
SKU_001905,wishlist,09-01-2026 04:49
SKU_001906,view,06-04-2026 06:17
SKU_001907,cart,18-04-2026 13:12
SKU_001908,wishlist,06-01-2026 05:05
SKU_001909,view,13-02-2026 14:20
SKU_001910,view,31-03-2026 23:50
SKU_001911,cart,19-04-2026 14:26
SKU_001912,view,25-01-2026 02:42
SKU_001913,view,25-02-2026 20:43
SKU_001914,cart,07-05-2026 22:59
SKU_001915,view,10-05-2026 07:22
SKU_001916,view,23-02-2026 19:55
SKU_001917,wishlist,27-04-2026 07:02
SKU_001918,cart,20-02-2026 01:57
SKU_001919,review,26-03-2026 16:13
SKU_001920,wishlist,04-04-2026 07:13
SKU_001921,view,20-04-2026 19:46
SKU_001922,wishlist,02-05-2026 22:40
SKU_001923,view,20-02-2026 09:31
SKU_001924,view,29-01-2026 09:02
SKU_001925,view,01-02-2026 17:04
SKU_001926,view,11-03-2026 09:32
SKU_001927,cart,10-01-2026 11:01
SKU_001928,purchase,26-02-2026 06:49
SKU_001929,cart,26-02-2026 15:15
SKU_001930,wishlist,19-01-2026 08:26
SKU_001931,cart,27-04-2026 06:26
SKU_001932,cart,22-02-2026 17:05
SKU_001933,cart,28-02-2026 11:05
SKU_001934,view,14-05-2026 00:10
SKU_001935,view,03-01-2026 12:06
SKU_001936,wishlist,27-01-2026 14:13
SKU_001937,view,28-01-2026 21:46
SKU_001938,purchase,10-03-2026 06:42
SKU_001939,view,11-04-2026 14:51
SKU_001940,view,31-01-2026 00:16
SKU_001941,view,08-04-2026 17:56
SKU_001942,cart,13-04-2026 01:43
SKU_001943,wishlist,14-04-2026 07:44
SKU_001944,view,30-04-2026 02:47
SKU_001945,view,14-05-2026 22:00
SKU_001946,view,19-05-2026 08:42
SKU_001947,view,04-01-2026 08:59
SKU_001948,cart,04-04-2026 02:43
SKU_001949,cart,27-03-2026 19:34
SKU_001950,review,27-04-2026 01:14
SKU_001951,view,01-03-2026 03:55
SKU_001952,wishlist,18-05-2026 20:20
SKU_001953,view,25-01-2026 23:51
SKU_001954,view,15-05-2026 19:24
SKU_001955,review,26-01-2026 06:51
SKU_001956,view,10-02-2026 17:55
SKU_001957,view,16-01-2026 02:16
SKU_001958,view,09-01-2026 06:08
SKU_001959,cart,21-01-2026 22:27
SKU_001960,cart,08-02-2026 03:03
SKU_001961,view,25-03-2026 17:45
SKU_001962,cart,09-01-2026 09:42
SKU_001963,wishlist,13-01-2026 20:44
SKU_001964,wishlist,28-02-2026 13:46
SKU_001965,view,05-02-2026 21:08
SKU_001966,view,08-02-2026 20:10
SKU_001967,wishlist,09-02-2026 21:14
SKU_001968,purchase,25-04-2026 02:25
SKU_001969,purchase,11-05-2026 05:13
SKU_001970,wishlist,01-02-2026 04:15
SKU_001971,cart,10-03-2026 09:23
SKU_001972,cart,08-04-2026 05:07
SKU_001973,wishlist,20-01-2026 05:51
SKU_001974,view,13-04-2026 16:34
SKU_001975,purchase,03-02-2026 08:31
SKU_001976,cart,24-02-2026 17:32
SKU_001977,purchase,11-02-2026 13:23
SKU_001978,view,05-02-2026 22:44
SKU_001979,review,13-03-2026 03:50
SKU_001980,view,25-04-2026 10:42
SKU_001981,view,16-05-2026 13:32
SKU_001982,view,11-02-2026 14:35
SKU_001983,wishlist,14-02-2026 04:28
SKU_001984,view,24-03-2026 08:24
SKU_001985,view,10-04-2026 20:35
SKU_001986,cart,27-01-2026 09:23
SKU_001987,view,25-02-2026 23:26
SKU_001988,view,12-03-2026 03:32
SKU_001989,view,07-04-2026 06:40
SKU_001990,view,17-05-2026 20:17
SKU_001991,cart,13-02-2026 20:38
SKU_001992,view,02-03-2026 14:03
SKU_001993,purchase,28-03-2026 04:59
SKU_001994,view,14-05-2026 09:52
SKU_001995,view,23-05-2026 22:49
SKU_001996,review,03-01-2026 11:35
SKU_001997,view,04-02-2026 19:35
SKU_001998,view,13-03-2026 08:24
SKU_001999,view,12-05-2026 20:58
SKU_002000,view,24-01-2026 03:35
SKU_002001,view,20-01-2026 18:03
SKU_002002,review,02-02-2026 18:18
SKU_002003,view,25-04-2026 16:11
SKU_002004,cart,15-05-2026 23:06
SKU_002005,view,24-01-2026 20:06
SKU_002006,wishlist,15-02-2026 05:15
SKU_002007,wishlist,24-03-2026 11:15
SKU_002008,cart,21-05-2026 19:40
SKU_002009,review,11-03-2026 03:32
SKU_002010,review,03-04-2026 09:30
SKU_002011,cart,28-04-2026 02:57
SKU_002012,view,10-05-2026 10:56
SKU_002013,view,21-01-2026 23:29
SKU_002014,cart,24-01-2026 17:26
SKU_002015,view,18-02-2026 16:17
SKU_002016,view,06-04-2026 00:29
SKU_002017,view,14-01-2026 05:58
SKU_002018,view,04-02-2026 18:38
SKU_002019,cart,30-01-2026 15:48
SKU_002020,wishlist,28-02-2026 18:55
SKU_002021,cart,01-05-2026 18:34
SKU_002022,view,09-02-2026 05:04
SKU_002023,cart,27-02-2026 00:06
SKU_002024,cart,01-04-2026 11:49
SKU_002025,wishlist,06-04-2026 13:45
SKU_002026,cart,09-05-2026 13:34
SKU_002027,review,07-01-2026 03:15
SKU_002028,view,16-03-2026 11:50
SKU_002029,view,07-01-2026 09:08
SKU_002030,cart,07-01-2026 23:41
SKU_002031,wishlist,27-03-2026 22:27
SKU_002032,purchase,31-03-2026 06:09
SKU_002033,view,25-03-2026 15:07
SKU_002034,wishlist,06-04-2026 10:27
SKU_002035,cart,22-01-2026 05:45
SKU_002036,cart,06-04-2026 06:08
SKU_002037,cart,21-04-2026 11:03
SKU_002038,view,12-05-2026 01:50
SKU_002039,view,11-01-2026 19:45
SKU_002040,view,09-04-2026 09:19
SKU_002041,view,25-02-2026 05:34
SKU_002042,view,10-03-2026 11:59
SKU_002043,view,30-04-2026 19:08
SKU_002044,wishlist,12-05-2026 08:39
SKU_002045,view,06-01-2026 05:21
SKU_002046,view,24-04-2026 09:29
SKU_002047,view,02-05-2026 09:25
SKU_002048,cart,11-01-2026 23:04
SKU_002049,view,10-03-2026 05:02
SKU_002050,cart,21-03-2026 23:43
SKU_002051,view,13-01-2026 17:15
SKU_002052,view,17-01-2026 11:51
SKU_002053,view,23-01-2026 05:28
SKU_002054,view,01-03-2026 04:59
SKU_002055,purchase,14-05-2026 14:16
SKU_002056,view,04-01-2026 23:04
SKU_002057,view,21-02-2026 18:32
SKU_002058,view,23-03-2026 18:48
SKU_002059,cart,10-04-2026 22:57
SKU_002060,view,16-05-2026 03:24
SKU_002061,view,05-04-2026 19:54
SKU_002062,cart,07-03-2026 05:43
SKU_002063,wishlist,07-04-2026 10:56
SKU_002064,view,02-02-2026 08:32
SKU_002065,view,28-02-2026 03:52
SKU_002066,view,30-04-2026 09:18
SKU_002067,view,15-04-2026 01:10
SKU_002068,view,10-01-2026 05:30
SKU_002069,view,27-02-2026 17:36
SKU_002070,wishlist,22-04-2026 08:48
SKU_002071,wishlist,20-05-2026 08:45
SKU_002072,view,25-04-2026 22:17
SKU_002073,wishlist,20-04-2026 23:44
SKU_002074,cart,15-01-2026 21:16
SKU_002075,view,10-02-2026 17:27
SKU_002076,wishlist,09-03-2026 10:36
SKU_002077,view,24-03-2026 22:27
SKU_002078,cart,08-02-2026 20:25
SKU_002079,view,18-02-2026 18:58
SKU_002080,wishlist,02-03-2026 20:19
SKU_002081,view,20-03-2026 02:51
SKU_002082,view,22-03-2026 10:50
SKU_002083,review,06-02-2026 05:20
SKU_002084,wishlist,11-02-2026 08:25
SKU_002085,view,07-04-2026 22:27
SKU_002086,purchase,23-04-2026 00:17
SKU_002087,cart,09-05-2026 07:34
SKU_002088,cart,12-01-2026 15:04
SKU_002089,view,26-03-2026 05:18
SKU_002090,view,20-04-2026 22:17
SKU_002091,view,02-05-2026 16:54
SKU_002092,cart,22-05-2026 02:16
SKU_002093,purchase,03-03-2026 21:01
SKU_002094,purchase,21-03-2026 15:57
SKU_002095,cart,26-03-2026 13:03
SKU_002096,view,01-02-2026 04:22
SKU_002097,cart,21-02-2026 20:00
SKU_002098,view,25-02-2026 17:43
SKU_002099,view,06-05-2026 10:46
SKU_002100,wishlist,06-01-2026 09:06
SKU_002101,view,17-02-2026 16:30
SKU_002102,purchase,23-03-2026 22:45
SKU_002103,view,26-03-2026 16:31
SKU_002104,view,19-04-2026 16:58
SKU_002105,view,06-05-2026 14:52
SKU_002106,cart,04-02-2026 04:09
SKU_002107,view,17-04-2026 22:28
SKU_002108,wishlist,08-05-2026 21:37
SKU_002109,purchase,11-01-2026 17:50
SKU_002110,cart,02-03-2026 22:54
SKU_002111,purchase,21-03-2026 00:47
SKU_002112,purchase,19-03-2026 01:39
SKU_002113,cart,22-01-2026 17:38
SKU_002114,cart,15-02-2026 20:01
SKU_002115,cart,12-04-2026 08:29
SKU_002116,cart,18-01-2026 12:35
SKU_002117,wishlist,16-02-2026 05:31
SKU_002118,view,18-02-2026 21:30
SKU_002119,wishlist,07-04-2026 09:37
SKU_002120,wishlist,12-04-2026 23:53
SKU_002121,view,12-02-2026 07:59
SKU_002122,view,24-03-2026 02:42
SKU_002123,purchase,19-02-2026 09:09
SKU_002124,view,21-03-2026 07:10
SKU_002125,cart,27-03-2026 08:06
SKU_002126,cart,03-03-2026 10:57
SKU_002127,view,29-01-2026 03:20
SKU_002128,wishlist,17-02-2026 20:03
SKU_002129,wishlist,23-02-2026 22:19
SKU_002130,view,13-05-2026 13:47
SKU_002131,view,07-01-2026 18:13
SKU_002132,cart,11-01-2026 14:47
SKU_002133,view,09-05-2026 14:11
SKU_002134,review,11-05-2026 09:52
SKU_002135,view,15-05-2026 02:48
SKU_002136,purchase,14-04-2026 20:51
SKU_002137,view,02-01-2026 12:39
SKU_002138,purchase,19-02-2026 14:52
SKU_002139,wishlist,17-03-2026 10:24
SKU_002140,view,18-03-2026 07:23
SKU_002141,view,27-03-2026 05:10
SKU_002142,wishlist,03-05-2026 14:19
SKU_002143,view,07-01-2026 13:54
SKU_002144,view,16-01-2026 13:16
SKU_002145,wishlist,23-02-2026 05:06
SKU_002146,wishlist,06-04-2026 11:27
SKU_002147,cart,01-02-2026 03:15
SKU_002148,wishlist,13-01-2026 21:17
SKU_002149,wishlist,10-03-2026 07:46
SKU_002150,view,23-03-2026 17:23
SKU_002151,view,27-04-2026 22:03
SKU_002152,view,22-05-2026 14:27
SKU_002153,wishlist,28-03-2026 02:25
SKU_002154,view,03-05-2026 08:44
SKU_002155,cart,08-02-2026 20:25
SKU_002156,view,01-03-2026 07:57
SKU_002157,view,02-03-2026 22:02
SKU_002158,wishlist,03-05-2026 00:04
SKU_002159,view,26-04-2026 08:18
SKU_002160,purchase,14-05-2026 03:50
SKU_002161,view,26-01-2026 22:12
SKU_002162,cart,20-02-2026 14:51
SKU_002163,view,03-04-2026 21:20
SKU_002164,view,23-05-2026 18:09
SKU_002165,view,22-03-2026 11:41
SKU_002166,purchase,05-01-2026 00:37
SKU_002167,purchase,13-02-2026 14:11
SKU_002168,cart,15-03-2026 06:26
SKU_002169,cart,21-04-2026 18:12
SKU_002170,view,31-03-2026 19:03
SKU_002171,cart,10-01-2026 16:00
SKU_002172,cart,19-03-2026 20:57
SKU_002173,view,18-01-2026 07:03
SKU_002174,cart,13-03-2026 10:37
SKU_002175,cart,20-05-2026 12:50
SKU_002176,wishlist,24-01-2026 00:18
SKU_002177,view,13-02-2026 14:10
SKU_002178,purchase,06-04-2026 22:54
SKU_002179,wishlist,11-05-2026 19:15
SKU_002180,view,26-01-2026 06:46
SKU_002181,view,16-03-2026 04:35
SKU_002182,view,06-04-2026 22:59
SKU_002183,view,06-02-2026 18:29
SKU_002184,view,12-05-2026 11:55
SKU_002185,view,22-05-2026 02:42
SKU_002186,view,15-02-2026 17:26
SKU_002187,view,20-02-2026 20:04
SKU_002188,cart,30-04-2026 22:35
SKU_002189,purchase,03-01-2026 00:05
SKU_002190,review,17-01-2026 15:34
SKU_002191,view,26-01-2026 20:46
SKU_002192,view,02-04-2026 01:08
SKU_002193,view,24-03-2026 04:40
SKU_002194,view,26-04-2026 23:08
SKU_002195,view,18-05-2026 13:37
SKU_002196,view,23-05-2026 22:29
SKU_002197,review,10-03-2026 19:09
SKU_002198,purchase,02-04-2026 10:42
SKU_002199,cart,02-01-2026 00:59
SKU_002200,view,09-01-2026 20:06
SKU_002201,view,19-02-2026 06:07
SKU_002202,view,08-04-2026 23:20
SKU_002203,review,18-05-2026 18:49
SKU_002204,cart,08-01-2026 23:39
SKU_002205,purchase,02-02-2026 23:38
SKU_002206,purchase,04-02-2026 19:56
SKU_002207,view,20-02-2026 13:02
SKU_002208,view,23-04-2026 17:15
SKU_002209,view,23-01-2026 16:31
SKU_002210,view,28-01-2026 12:48
SKU_002211,purchase,20-02-2026 13:34
SKU_002212,wishlist,02-03-2026 19:56
SKU_002213,wishlist,26-03-2026 01:35
SKU_002214,cart,21-02-2026 02:40
SKU_002215,view,21-02-2026 05:12
SKU_002216,view,24-02-2026 22:31
SKU_002217,wishlist,30-04-2026 00:28
SKU_002218,wishlist,30-01-2026 08:56
SKU_002219,view,18-04-2026 21:37
SKU_002220,view,04-05-2026 15:00
SKU_002221,view,08-05-2026 15:47
SKU_002222,view,02-04-2026 07:30
SKU_002223,view,08-01-2026 22:06
SKU_002224,review,23-01-2026 12:42
SKU_002225,cart,26-03-2026 17:54
SKU_002226,view,07-04-2026 02:27
SKU_002227,purchase,20-05-2026 18:20
SKU_002228,view,09-03-2026 21:16
SKU_002229,wishlist,02-02-2026 16:18
SKU_002230,cart,05-02-2026 01:54
SKU_002231,cart,09-04-2026 18:53
SKU_002232,cart,01-01-2026 19:13
SKU_002233,cart,24-04-2026 07:31
SKU_002234,view,15-01-2026 22:04
SKU_002235,view,17-02-2026 19:10
SKU_002236,view,07-04-2026 17:21
SKU_002237,review,12-05-2026 10:37
SKU_002238,view,18-03-2026 12:57
SKU_002239,view,04-03-2026 19:47
SKU_002240,wishlist,31-03-2026 08:50
SKU_002241,cart,22-02-2026 07:06
SKU_002242,view,30-03-2026 04:03
SKU_002243,view,26-04-2026 09:11
SKU_002244,cart,03-05-2026 00:21
SKU_002245,view,05-03-2026 02:12
SKU_002246,purchase,21-04-2026 12:28
SKU_002247,wishlist,23-05-2026 01:14
SKU_002248,view,23-05-2026 14:10
SKU_002249,cart,14-01-2026 17:35
SKU_002250,view,18-01-2026 23:19
SKU_002251,wishlist,04-02-2026 13:35
SKU_002252,view,19-02-2026 13:08
SKU_002253,view,16-03-2026 01:24
SKU_002254,view,19-03-2026 10:48
SKU_002255,view,25-02-2026 07:53
SKU_002256,view,20-03-2026 03:18
SKU_002257,wishlist,06-05-2026 16:01
SKU_002258,wishlist,08-05-2026 00:09
SKU_002259,view,26-01-2026 11:50
SKU_002260,view,28-04-2026 04:34
SKU_002261,view,14-05-2026 00:09
SKU_002262,purchase,28-03-2026 11:54
SKU_002263,view,06-04-2026 01:48
SKU_002264,cart,18-01-2026 12:27
SKU_002265,view,13-03-2026 12:06
SKU_002266,view,24-03-2026 01:09
SKU_002267,view,24-03-2026 03:39
SKU_002268,view,27-04-2026 13:47
SKU_002269,wishlist,13-02-2026 12:59
SKU_002270,purchase,06-05-2026 18:05
SKU_002271,cart,12-05-2026 08:26
SKU_002272,cart,14-05-2026 06:05
SKU_002273,view,26-02-2026 10:46
SKU_002274,view,03-04-2026 17:49
SKU_002275,wishlist,28-02-2026 08:00
SKU_002276,cart,13-05-2026 21:08
SKU_002277,view,10-01-2026 06:25
SKU_002278,view,17-04-2026 23:49
SKU_002279,view,21-04-2026 09:34
SKU_002280,wishlist,19-01-2026 08:19
SKU_002281,wishlist,22-03-2026 04:48
SKU_002282,view,01-04-2026 05:27
SKU_002283,cart,09-05-2026 07:48
SKU_002284,wishlist,04-01-2026 03:49
SKU_002285,wishlist,23-01-2026 02:58
SKU_002286,view,04-02-2026 20:46
SKU_002287,view,31-03-2026 21:10
SKU_002288,wishlist,09-05-2026 11:10
SKU_002289,wishlist,30-03-2026 08:26
SKU_002290,view,25-04-2026 00:35
SKU_002291,wishlist,21-05-2026 14:31
SKU_002292,view,05-02-2026 22:34
SKU_002293,review,06-02-2026 08:22
SKU_002294,view,10-02-2026 23:38
SKU_002295,cart,26-03-2026 05:38
SKU_002296,view,18-03-2026 16:31
SKU_002297,view,03-04-2026 15:32
SKU_002298,view,08-05-2026 08:15
SKU_002299,view,28-02-2026 19:09
SKU_002300,cart,05-04-2026 12:17
SKU_002301,cart,30-04-2026 18:14
SKU_002302,view,01-05-2026 02:24
SKU_002303,view,21-05-2026 22:59
SKU_002304,view,03-01-2026 16:39
SKU_002305,wishlist,27-01-2026 05:40
SKU_002306,view,06-01-2026 04:58
SKU_002307,view,10-02-2026 15:04
SKU_002308,purchase,26-03-2026 14:55
SKU_002309,cart,02-05-2026 13:38
SKU_002310,wishlist,28-02-2026 10:22
SKU_002311,view,23-03-2026 22:05
SKU_002312,view,03-04-2026 00:56
SKU_002313,review,28-03-2026 11:05
SKU_002314,view,17-05-2026 10:20
SKU_002315,cart,09-02-2026 02:18
SKU_002316,wishlist,17-02-2026 02:44
SKU_002317,view,27-02-2026 06:00
SKU_002318,view,24-04-2026 15:21
SKU_002319,wishlist,22-03-2026 17:14
SKU_002320,review,07-04-2026 06:08
SKU_002321,view,23-04-2026 08:45
SKU_002322,view,26-04-2026 16:48
SKU_002323,view,05-04-2026 17:47
SKU_002324,view,25-04-2026 18:26
SKU_002325,view,29-04-2026 17:46
SKU_002326,cart,12-05-2026 18:49
SKU_002327,cart,21-05-2026 16:56
SKU_002328,view,23-03-2026 00:00
SKU_002329,cart,02-04-2026 21:54
SKU_002330,cart,06-05-2026 21:17
SKU_002331,view,05-01-2026 00:58
SKU_002332,view,01-02-2026 07:52
SKU_002333,view,26-03-2026 16:58
SKU_002334,view,16-05-2026 10:39
SKU_002335,view,25-04-2026 02:41
SKU_002336,cart,14-05-2026 00:12
SKU_002337,view,26-01-2026 11:14
SKU_002338,view,26-02-2026 23:18
SKU_002339,purchase,19-05-2026 03:17
SKU_002340,cart,21-05-2026 09:24
SKU_002341,view,01-02-2026 11:05
SKU_002342,cart,02-04-2026 17:11
SKU_002343,view,01-05-2026 17:59
SKU_002344,cart,26-01-2026 01:38
SKU_002345,view,31-01-2026 08:28
SKU_002346,view,03-02-2026 15:35
SKU_002347,review,08-02-2026 17:39
SKU_002348,view,10-02-2026 16:01
SKU_002349,view,15-02-2026 13:52
SKU_002350,purchase,19-04-2026 03:01
SKU_002351,wishlist,31-01-2026 19:09
SKU_002352,purchase,03-02-2026 22:13
SKU_002353,view,12-05-2026 10:42
SKU_002354,view,07-03-2026 13:57
SKU_002355,view,24-01-2026 10:26
SKU_002356,view,13-02-2026 12:21
SKU_002357,view,14-02-2026 00:27
SKU_002358,view,05-04-2026 10:37
SKU_002359,purchase,20-04-2026 03:01
SKU_002360,cart,30-01-2026 08:32
SKU_002361,view,11-04-2026 01:52
SKU_002362,view,15-05-2026 00:15
SKU_002363,cart,21-01-2026 13:29
SKU_002364,purchase,22-01-2026 12:58
SKU_002365,view,30-03-2026 18:24
SKU_002366,cart,29-04-2026 13:28
SKU_002367,purchase,21-01-2026 11:15
SKU_002368,view,23-01-2026 22:11
SKU_002369,view,02-02-2026 10:29
SKU_002370,view,09-02-2026 21:10
SKU_002371,cart,03-05-2026 07:40
SKU_002372,cart,30-01-2026 23:04
SKU_002373,view,24-01-2026 21:08
SKU_002374,view,27-01-2026 18:03
SKU_002375,wishlist,09-02-2026 04:52
SKU_002376,view,08-03-2026 06:40
SKU_002377,view,02-04-2026 23:25
SKU_002378,view,14-03-2026 07:40
SKU_002379,cart,22-03-2026 14:04
SKU_002380,view,19-05-2026 21:04
SKU_002381,purchase,27-01-2026 19:06
SKU_002382,purchase,14-02-2026 07:24
SKU_002383,review,22-03-2026 06:37
SKU_002384,cart,23-03-2026 21:22
SKU_002385,cart,25-03-2026 06:27
SKU_002386,view,27-03-2026 22:33
SKU_002387,wishlist,20-05-2026 08:22
SKU_002388,view,17-01-2026 11:05
SKU_002389,wishlist,12-01-2026 22:27
SKU_002390,cart,01-02-2026 21:48
SKU_002391,cart,18-03-2026 08:45
SKU_002392,purchase,26-03-2026 06:55
SKU_002393,review,03-05-2026 15:30
SKU_002394,cart,27-02-2026 10:10
SKU_002395,view,20-03-2026 01:28
SKU_002396,wishlist,23-03-2026 10:06
SKU_002397,purchase,13-05-2026 05:05
SKU_002398,view,17-05-2026 01:55
SKU_002399,wishlist,29-01-2026 12:25
SKU_002400,view,13-04-2026 11:41
SKU_002401,view,29-04-2026 12:40
SKU_002402,view,27-03-2026 20:32
SKU_002403,wishlist,01-05-2026 00:57
SKU_002404,cart,02-05-2026 05:43
SKU_002405,wishlist,07-05-2026 14:42
SKU_002406,purchase,16-05-2026 10:27
SKU_002407,cart,08-01-2026 04:17
SKU_002408,review,25-01-2026 11:13
SKU_002409,view,12-04-2026 01:33
SKU_002410,view,20-05-2026 14:13
SKU_002411,cart,21-05-2026 19:12
SKU_002412,purchase,05-01-2026 13:09
SKU_002413,cart,06-01-2026 09:58
SKU_002414,view,01-02-2026 01:46
SKU_002415,wishlist,08-03-2026 03:49
SKU_002416,view,04-05-2026 10:30
SKU_002417,wishlist,12-01-2026 15:22
SKU_002418,view,22-01-2026 10:41
SKU_002419,cart,09-04-2026 02:45
SKU_002420,view,23-05-2026 03:18
SKU_002421,view,29-03-2026 03:15
SKU_002422,view,29-03-2026 23:49
SKU_002423,wishlist,20-04-2026 19:52
SKU_002424,purchase,23-04-2026 22:25
SKU_002425,cart,15-02-2026 09:45
SKU_002426,wishlist,25-02-2026 06:01
SKU_002427,cart,28-02-2026 02:22
SKU_002428,view,10-03-2026 00:41
SKU_002429,view,26-04-2026 15:27
SKU_002430,cart,21-01-2026 10:23
SKU_002431,view,05-03-2026 15:52
SKU_002432,wishlist,20-01-2026 00:39
SKU_002433,wishlist,29-01-2026 10:59
SKU_002434,view,30-03-2026 05:14
SKU_002435,purchase,24-03-2026 12:06
SKU_002436,cart,16-01-2026 03:50
SKU_002437,view,11-02-2026 16:58
SKU_002438,cart,13-03-2026 17:02
SKU_002439,wishlist,28-03-2026 15:16
SKU_002440,view,07-04-2026 20:42
SKU_002441,view,24-04-2026 11:03
SKU_002442,purchase,04-05-2026 14:07
SKU_002443,cart,29-01-2026 00:42
SKU_002444,view,01-02-2026 14:54
SKU_002445,view,22-03-2026 22:59
SKU_002446,review,23-05-2026 02:02
SKU_002447,view,23-01-2026 22:11
SKU_002448,wishlist,11-02-2026 06:59
SKU_002449,purchase,30-03-2026 10:28
SKU_002450,view,13-04-2026 17:58
SKU_002451,review,15-05-2026 20:28
SKU_002452,view,22-01-2026 10:12
SKU_002453,cart,24-01-2026 11:16
SKU_002454,view,13-03-2026 18:23
SKU_002455,view,21-03-2026 08:18
SKU_002456,view,22-04-2026 00:37
SKU_002457,view,06-01-2026 10:23
SKU_002458,cart,28-01-2026 17:49
SKU_002459,view,05-04-2026 08:34
SKU_002460,wishlist,05-02-2026 13:12
SKU_002461,view,11-02-2026 20:40
SKU_002462,view,25-02-2026 01:07
SKU_002463,view,09-01-2026 16:14
SKU_002464,view,14-01-2026 02:52
SKU_002465,view,23-03-2026 02:02
SKU_002466,wishlist,15-03-2026 06:22
SKU_002467,view,03-04-2026 06:43
SKU_002468,view,20-05-2026 19:35
SKU_002469,purchase,29-01-2026 22:18
SKU_002470,view,29-03-2026 04:50
SKU_002471,wishlist,29-03-2026 08:49
SKU_002472,cart,10-05-2026 13:28
SKU_002473,cart,15-02-2026 05:01
SKU_002474,review,07-03-2026 19:50
SKU_002475,purchase,17-03-2026 04:38
SKU_002476,wishlist,18-03-2026 18:41
SKU_002477,wishlist,02-02-2026 03:49
SKU_002478,view,01-03-2026 23:20
SKU_002479,cart,19-04-2026 22:39
SKU_002480,view,03-05-2026 08:31
SKU_002481,cart,06-05-2026 06:39
SKU_002482,cart,18-05-2026 08:43
SKU_002483,cart,21-04-2026 17:31
SKU_002484,purchase,04-01-2026 14:58
SKU_002485,view,24-01-2026 08:33
SKU_002486,view,08-04-2026 14:27
SKU_002487,wishlist,08-05-2026 19:41
SKU_002488,view,23-04-2026 12:54
SKU_002489,wishlist,18-05-2026 00:25
SKU_002490,purchase,09-01-2026 17:38
SKU_002491,view,04-03-2026 05:19
SKU_002492,view,20-03-2026 00:30
SKU_002493,view,06-04-2026 10:25
SKU_002494,purchase,25-04-2026 08:26
SKU_002495,view,18-01-2026 16:12
SKU_002496,view,19-02-2026 22:32
SKU_002497,view,16-03-2026 04:18
SKU_002498,wishlist,05-02-2026 11:17
SKU_002499,view,19-02-2026 14:58
SKU_002500,review,12-01-2026 10:33
SKU_002501,view,02-02-2026 20:29
SKU_002502,wishlist,30-04-2026 07:39
SKU_002503,view,12-05-2026 18:32
SKU_002504,view,04-03-2026 03:30
SKU_002505,view,24-01-2026 11:44
SKU_002506,view,20-02-2026 02:03
SKU_002507,cart,14-03-2026 22:01
SKU_002508,wishlist,06-04-2026 17:27
SKU_002509,view,09-04-2026 18:20
SKU_002510,view,22-02-2026 06:58
SKU_002511,view,13-01-2026 17:03
SKU_002512,cart,21-03-2026 01:06
SKU_002513,purchase,05-04-2026 00:24
SKU_002514,view,18-04-2026 09:43
SKU_002515,cart,20-01-2026 17:04
SKU_002516,view,17-02-2026 19:54
SKU_002517,cart,18-04-2026 17:07
SKU_002518,view,24-04-2026 19:45
SKU_002519,wishlist,12-05-2026 02:10
SKU_002520,wishlist,28-01-2026 15:28
SKU_002521,cart,02-02-2026 15:48
SKU_002522,view,09-02-2026 12:10
SKU_002523,purchase,14-03-2026 11:43
SKU_002524,view,15-04-2026 22:37
SKU_002525,review,01-04-2026 05:26
SKU_002526,purchase,01-01-2026 02:31
SKU_002527,view,12-01-2026 16:26
SKU_002528,cart,02-02-2026 12:03
SKU_002529,wishlist,26-02-2026 04:00
SKU_002530,view,07-05-2026 19:28
SKU_002531,wishlist,11-02-2026 07:30
SKU_002532,view,24-04-2026 15:02
SKU_002533,view,03-05-2026 18:17
SKU_002534,cart,14-01-2026 13:55
SKU_002535,wishlist,18-01-2026 10:06
SKU_002536,wishlist,28-02-2026 09:04
SKU_002537,review,18-03-2026 18:15
SKU_002538,purchase,20-04-2026 08:09
SKU_002539,review,09-04-2026 00:37
SKU_002540,view,29-04-2026 12:52
SKU_002541,view,20-02-2026 18:01
SKU_002542,view,04-05-2026 08:06
SKU_002543,review,18-05-2026 10:22
SKU_002544,view,10-02-2026 21:34
SKU_002545,purchase,31-03-2026 06:49
SKU_002546,view,27-04-2026 09:56
SKU_002547,view,29-04-2026 05:09
SKU_002548,view,11-05-2026 15:02
SKU_002549,view,18-03-2026 06:32
SKU_002550,purchase,05-04-2026 22:47
SKU_002551,cart,15-04-2026 11:52
SKU_002552,cart,16-05-2026 05:52
SKU_002553,purchase,17-05-2026 13:36
SKU_002554,wishlist,24-01-2026 23:09
SKU_002555,view,10-03-2026 13:04
SKU_002556,view,15-03-2026 02:02
SKU_002557,wishlist,11-05-2026 12:53
SKU_002558,view,25-01-2026 05:26
SKU_002559,view,02-01-2026 19:38
SKU_002560,view,28-03-2026 07:52
SKU_002561,view,11-03-2026 11:34
SKU_002562,wishlist,13-05-2026 03:36
SKU_002563,cart,18-05-2026 17:06
SKU_002564,review,15-02-2026 11:43
SKU_002565,view,06-04-2026 21:18
SKU_002566,view,10-02-2026 14:24
SKU_002567,review,28-04-2026 16:17
SKU_002568,cart,17-05-2026 17:06
SKU_002569,view,18-05-2026 06:42
SKU_002570,view,06-04-2026 22:15
SKU_002571,view,08-04-2026 03:41
SKU_002572,wishlist,21-04-2026 12:12
SKU_002573,wishlist,13-01-2026 16:36
SKU_002574,view,25-01-2026 21:40
SKU_002575,purchase,04-02-2026 02:01
SKU_002576,purchase,20-04-2026 17:44
SKU_002577,purchase,25-04-2026 05:02
SKU_002578,review,05-01-2026 11:44
SKU_002579,cart,07-02-2026 06:05
SKU_002580,cart,12-05-2026 15:36
SKU_002581,view,30-03-2026 03:26
SKU_002582,view,19-04-2026 18:19
SKU_002583,cart,13-05-2026 04:12
SKU_002584,view,04-03-2026 17:17
SKU_002585,view,24-01-2026 15:14
SKU_002586,view,23-02-2026 05:05
SKU_002587,wishlist,11-04-2026 15:25
SKU_002588,purchase,13-05-2026 01:50
SKU_002589,purchase,10-01-2026 02:52
SKU_002590,cart,23-02-2026 23:15
SKU_002591,view,02-01-2026 00:02
SKU_002592,purchase,07-02-2026 18:56
SKU_002593,wishlist,18-03-2026 02:11
SKU_002594,review,24-03-2026 07:08
SKU_002595,purchase,14-05-2026 21:31
SKU_002596,view,01-02-2026 22:32
SKU_002597,cart,05-03-2026 22:17
SKU_002598,view,06-01-2026 09:53
SKU_002599,wishlist,26-04-2026 01:23
SKU_002600,view,21-01-2026 22:34
SKU_002601,review,17-02-2026 23:49
SKU_002602,wishlist,18-02-2026 14:59
SKU_002603,wishlist,15-01-2026 03:47
SKU_002604,cart,15-02-2026 23:18
SKU_002605,wishlist,11-04-2026 21:51
SKU_002606,purchase,12-01-2026 18:49
SKU_002607,view,17-01-2026 14:37
SKU_002608,purchase,25-01-2026 05:43
SKU_002609,cart,23-04-2026 10:01
SKU_002610,view,13-01-2026 00:57
SKU_002611,cart,27-03-2026 19:29
SKU_002612,cart,11-01-2026 20:00
SKU_002613,view,13-01-2026 18:36
SKU_002614,view,20-01-2026 18:33
SKU_002615,view,12-05-2026 13:40
SKU_002616,view,15-02-2026 06:22
SKU_002617,view,27-04-2026 10:13
SKU_002618,wishlist,02-05-2026 04:05
SKU_002619,purchase,09-05-2026 02:32
SKU_002620,view,06-01-2026 01:02
SKU_002621,view,20-01-2026 15:59
SKU_002622,view,07-03-2026 22:43
SKU_002623,view,07-05-2026 09:30
SKU_002624,cart,12-05-2026 05:20
SKU_002625,wishlist,26-04-2026 03:03
SKU_002626,cart,25-01-2026 11:07
SKU_002627,view,22-04-2026 07:21
SKU_002628,view,28-03-2026 08:05
SKU_002629,view,04-04-2026 11:29
SKU_002630,view,01-05-2026 13:22
SKU_002631,view,21-05-2026 16:59
SKU_002632,cart,02-03-2026 10:14
SKU_002633,cart,11-03-2026 11:12
SKU_002634,view,26-03-2026 15:11
SKU_002635,view,10-04-2026 15:20
SKU_002636,cart,07-05-2026 13:09
SKU_002637,cart,02-01-2026 13:39
SKU_002638,cart,13-03-2026 14:52
SKU_002639,view,11-04-2026 12:33
SKU_002640,review,11-01-2026 14:29
SKU_002641,cart,07-02-2026 22:39
SKU_002642,view,08-03-2026 18:17
SKU_002643,view,23-03-2026 22:56
SKU_002644,view,19-04-2026 15:13
SKU_002645,cart,01-04-2026 18:15
SKU_002646,purchase,27-04-2026 11:05
SKU_002647,cart,15-05-2026 08:12
SKU_002648,view,15-05-2026 21:55
SKU_002649,view,01-02-2026 12:16
SKU_002650,purchase,05-03-2026 19:28
SKU_002651,purchase,23-03-2026 07:15
SKU_002652,cart,01-01-2026 17:13
SKU_002653,view,12-02-2026 14:30
SKU_002654,view,13-02-2026 07:22
SKU_002655,view,05-05-2026 00:52
SKU_002656,view,09-02-2026 20:50
SKU_002657,review,14-03-2026 23:52
SKU_002658,view,19-03-2026 17:35
SKU_002659,view,11-03-2026 11:52
SKU_002660,view,28-01-2026 15:38
SKU_002661,purchase,24-04-2026 17:29
SKU_002662,view,03-05-2026 14:13
SKU_002663,view,08-02-2026 15:58
SKU_002664,wishlist,12-02-2026 12:21
SKU_002665,view,20-02-2026 21:00
SKU_002666,wishlist,05-01-2026 04:09
SKU_002667,purchase,04-02-2026 04:34
SKU_002668,view,04-02-2026 16:03
SKU_002669,cart,08-02-2026 01:22
SKU_002670,view,17-02-2026 18:16
SKU_002671,purchase,07-03-2026 16:58
SKU_002672,wishlist,16-02-2026 15:10
SKU_002673,cart,13-03-2026 18:39
SKU_002674,purchase,30-03-2026 14:03
SKU_002675,purchase,13-01-2026 16:40
SKU_002676,view,24-01-2026 00:13
SKU_002677,view,29-01-2026 01:06
SKU_002678,cart,26-03-2026 05:16
SKU_002679,cart,19-05-2026 01:13
SKU_002680,view,25-03-2026 09:48
SKU_002681,view,27-04-2026 10:06
SKU_002682,cart,04-05-2026 12:38
SKU_002683,wishlist,27-02-2026 02:59
SKU_002684,view,14-04-2026 23:27
SKU_002685,wishlist,03-05-2026 05:29
SKU_002686,purchase,09-04-2026 16:42
SKU_002687,view,24-04-2026 10:01
SKU_002688,wishlist,02-04-2026 09:28
SKU_002689,wishlist,13-01-2026 14:19
SKU_002690,view,02-02-2026 12:17
SKU_002691,cart,17-03-2026 08:45
SKU_002692,view,09-04-2026 18:18
SKU_002693,wishlist,06-05-2026 06:15
SKU_002694,view,02-04-2026 23:52
SKU_002695,view,04-04-2026 20:19
SKU_002696,purchase,07-04-2026 01:53
SKU_002697,cart,15-05-2026 20:38
SKU_002698,view,19-05-2026 23:10
SKU_002699,purchase,09-02-2026 10:03
SKU_002700,view,29-03-2026 18:50
SKU_002701,view,15-03-2026 05:20
SKU_002702,wishlist,24-03-2026 12:45
SKU_002703,view,21-04-2026 22:46
SKU_002704,wishlist,27-01-2026 02:01
SKU_002705,view,10-03-2026 06:27
SKU_002706,view,28-03-2026 07:32
SKU_002707,cart,11-04-2026 17:52
SKU_002708,view,24-03-2026 17:46
SKU_002709,view,29-03-2026 14:31
SKU_002710,view,01-04-2026 18:56
SKU_002711,view,05-01-2026 19:11
SKU_002712,view,04-02-2026 20:50
SKU_002713,view,16-03-2026 05:58
SKU_002714,wishlist,27-02-2026 04:33
SKU_002715,view,16-01-2026 04:14
SKU_002716,view,14-02-2026 05:21
SKU_002717,view,23-02-2026 16:14
SKU_002718,view,17-04-2026 03:34
SKU_002719,view,05-05-2026 23:38
SKU_002720,wishlist,18-02-2026 13:11
SKU_002721,view,28-02-2026 18:45
SKU_002722,cart,13-05-2026 17:31
SKU_002723,purchase,16-04-2026 11:08
SKU_002724,view,20-05-2026 01:39
SKU_002725,purchase,24-02-2026 17:29
SKU_002726,wishlist,09-03-2026 07:25
SKU_002727,wishlist,20-03-2026 09:53
SKU_002728,cart,02-04-2026 15:41
SKU_002729,view,14-02-2026 04:35
SKU_002730,wishlist,19-03-2026 04:30
SKU_002731,wishlist,15-02-2026 09:13
SKU_002732,wishlist,11-04-2026 03:55
SKU_002733,view,18-04-2026 07:22
SKU_002734,wishlist,24-04-2026 23:38
SKU_002735,view,06-02-2026 11:25
SKU_002736,view,25-03-2026 06:19
SKU_002737,purchase,16-05-2026 12:38
SKU_002738,view,14-03-2026 18:13
SKU_002739,view,02-01-2026 21:07
SKU_002740,cart,01-03-2026 08:04
SKU_002741,view,13-02-2026 18:51
SKU_002742,wishlist,07-03-2026 23:41
SKU_002743,wishlist,23-03-2026 09:22
SKU_002744,wishlist,05-01-2026 12:18
SKU_002745,purchase,28-02-2026 04:24
SKU_002746,view,05-03-2026 07:38
SKU_002747,review,21-04-2026 05:06
SKU_002748,view,24-04-2026 23:24
SKU_002749,purchase,09-02-2026 15:39
SKU_002750,view,16-03-2026 01:04
SKU_002751,view,17-03-2026 21:39
SKU_002752,view,22-04-2026 10:28
SKU_002753,view,29-04-2026 00:43
SKU_002754,view,19-01-2026 02:32
SKU_002755,cart,03-02-2026 06:53
SKU_002756,view,01-03-2026 03:45
SKU_002757,cart,05-05-2026 01:58
SKU_002758,purchase,06-01-2026 05:04
SKU_002759,view,14-01-2026 11:51
SKU_002760,view,06-02-2026 06:02
SKU_002761,view,08-02-2026 15:24
SKU_002762,view,12-01-2026 03:45
SKU_002763,view,14-01-2026 14:07
SKU_002764,purchase,13-03-2026 14:02
SKU_002765,view,30-03-2026 06:53
SKU_002766,review,11-04-2026 16:31
SKU_002767,view,23-03-2026 05:56
SKU_002768,view,15-04-2026 04:03
SKU_002769,view,26-01-2026 05:31
SKU_002770,wishlist,09-02-2026 22:31
SKU_002771,cart,31-01-2026 19:58
SKU_002772,cart,02-03-2026 06:10
SKU_002773,cart,22-04-2026 16:07
SKU_002774,view,28-04-2026 05:29
SKU_002775,view,28-01-2026 16:59
SKU_002776,purchase,17-02-2026 22:21
SKU_002777,purchase,05-03-2026 20:44
SKU_002778,view,13-04-2026 02:40
SKU_002779,cart,28-04-2026 10:47
SKU_002780,cart,25-02-2026 21:45
SKU_002781,view,27-02-2026 18:12
SKU_002782,wishlist,09-03-2026 08:07
SKU_002783,wishlist,16-05-2026 23:42
SKU_002784,view,19-05-2026 04:31
SKU_002785,view,30-04-2026 22:51
SKU_002786,view,23-05-2026 09:09
SKU_002787,view,21-04-2026 09:56
SKU_002788,cart,16-05-2026 15:20
SKU_002789,purchase,16-02-2026 13:03
SKU_002790,cart,23-02-2026 03:53
SKU_002791,cart,02-05-2026 23:04
SKU_002792,wishlist,16-05-2026 13:07
SKU_002793,review,21-03-2026 20:41
SKU_002794,cart,06-04-2026 19:49
SKU_002795,wishlist,15-01-2026 20:40
SKU_002796,view,21-01-2026 10:22
SKU_002797,view,08-04-2026 22:39
SKU_002798,view,09-01-2026 16:00
SKU_002799,view,10-02-2026 06:25
SKU_002800,cart,09-04-2026 06:25
SKU_002801,view,07-02-2026 17:59
SKU_002802,view,08-03-2026 17:33
SKU_002803,view,16-03-2026 00:18
SKU_002804,purchase,19-03-2026 13:04
SKU_002805,view,01-04-2026 03:32
SKU_002806,view,05-04-2026 03:08
SKU_002807,cart,11-05-2026 03:48
SKU_002808,view,28-01-2026 05:38
SKU_002809,view,01-02-2026 08:01
SKU_002810,view,24-02-2026 04:53
SKU_002811,view,02-04-2026 10:01
SKU_002812,cart,03-01-2026 04:14
SKU_002813,view,16-01-2026 01:34
SKU_002814,view,02-02-2026 17:02
SKU_002815,view,17-03-2026 21:29
SKU_002816,view,11-05-2026 08:54
SKU_002817,wishlist,10-01-2026 06:33
SKU_002818,cart,11-02-2026 23:24
SKU_002819,wishlist,27-03-2026 20:08
SKU_002820,purchase,04-05-2026 06:20
SKU_002821,view,16-05-2026 07:03
SKU_002822,view,11-01-2026 04:16
SKU_002823,wishlist,28-03-2026 05:07
SKU_002824,wishlist,27-04-2026 03:50
SKU_002825,view,16-02-2026 07:40
SKU_002826,view,14-03-2026 17:58
SKU_002827,view,03-01-2026 19:51
SKU_002828,view,10-05-2026 21:31
SKU_002829,review,13-05-2026 00:50
SKU_002830,view,09-05-2026 22:58
SKU_002831,cart,09-01-2026 13:06
SKU_002832,wishlist,22-03-2026 17:12
SKU_002833,cart,06-02-2026 19:21
SKU_002834,purchase,20-04-2026 03:21
SKU_002835,view,02-05-2026 17:02
SKU_002836,view,21-01-2026 13:27
SKU_002837,view,24-01-2026 10:59
SKU_002838,view,11-02-2026 12:17
SKU_002839,view,15-02-2026 03:06
SKU_002840,cart,13-01-2026 19:39
SKU_002841,view,11-02-2026 07:34
SKU_002842,cart,12-02-2026 17:43
SKU_002843,view,31-03-2026 02:03
SKU_002844,wishlist,28-02-2026 13:15
SKU_002845,view,21-03-2026 19:51
SKU_002846,cart,19-05-2026 08:38
SKU_002847,review,19-01-2026 09:32
SKU_002848,cart,03-02-2026 07:03
SKU_002849,cart,18-02-2026 22:07
SKU_002850,review,04-03-2026 23:36
SKU_002851,cart,27-04-2026 11:35
SKU_002852,view,04-02-2026 01:06
SKU_002853,purchase,04-05-2026 08:57
SKU_002854,view,14-05-2026 12:33
SKU_002855,view,04-01-2026 10:14
SKU_002856,cart,24-04-2026 14:28
SKU_002857,wishlist,29-04-2026 03:58
SKU_002858,cart,03-01-2026 13:56
SKU_002859,purchase,05-01-2026 02:51
SKU_002860,view,15-02-2026 04:01
SKU_002861,wishlist,25-04-2026 01:48
SKU_002862,wishlist,17-05-2026 19:48
SKU_002863,view,12-01-2026 15:15
SKU_002864,view,16-01-2026 09:58
SKU_002865,view,27-01-2026 17:03
SKU_002866,view,14-03-2026 17:24
SKU_002867,purchase,07-04-2026 20:14
SKU_002868,cart,27-01-2026 01:43
SKU_002869,wishlist,24-02-2026 00:09
SKU_002870,cart,03-03-2026 15:50
SKU_002871,review,05-03-2026 19:48
SKU_002872,cart,28-03-2026 03:54
SKU_002873,view,05-01-2026 14:25
SKU_002874,view,14-02-2026 11:15
SKU_002875,cart,23-05-2026 07:26
SKU_002876,wishlist,14-05-2026 11:16
SKU_002877,cart,16-05-2026 04:53
SKU_002878,cart,05-02-2026 15:23
SKU_002879,view,04-03-2026 10:56
SKU_002880,view,27-03-2026 21:33
SKU_002881,review,12-04-2026 06:14
SKU_002882,review,04-05-2026 04:21
SKU_002883,view,18-01-2026 19:37
SKU_002884,cart,25-01-2026 09:09
SKU_002885,view,15-02-2026 21:17
SKU_002886,wishlist,09-04-2026 12:46
SKU_002887,view,01-02-2026 21:02
SKU_002888,view,08-02-2026 08:35
SKU_002889,view,21-05-2026 03:14
SKU_002890,view,29-03-2026 01:05
SKU_002891,purchase,22-04-2026 22:19
SKU_002892,view,04-05-2026 10:07
SKU_002893,view,02-02-2026 13:50
SKU_002894,view,15-03-2026 08:17
SKU_002895,cart,19-03-2026 07:57
SKU_002896,view,04-01-2026 20:19
SKU_002897,view,31-01-2026 06:26
SKU_002898,purchase,16-03-2026 01:32
SKU_002899,view,04-04-2026 14:17
SKU_002900,view,30-01-2026 16:05
SKU_002901,view,04-02-2026 02:49
SKU_002902,view,19-02-2026 23:03
SKU_002903,cart,18-04-2026 08:28
SKU_002904,view,22-05-2026 02:25
SKU_002905,view,27-01-2026 12:51
SKU_002906,purchase,02-04-2026 02:54
SKU_002907,view,19-05-2026 19:30
SKU_002908,purchase,14-03-2026 16:10
SKU_002909,purchase,20-03-2026 13:21
SKU_002910,review,06-04-2026 10:20
SKU_002911,view,21-05-2026 20:21
SKU_002912,view,22-05-2026 19:45
SKU_002913,purchase,08-01-2026 12:56
SKU_002914,view,14-01-2026 19:58
SKU_002915,wishlist,25-01-2026 04:06
SKU_002916,review,16-03-2026 17:25
SKU_002917,wishlist,21-03-2026 09:05
SKU_002918,cart,05-04-2026 21:08
SKU_002919,view,09-04-2026 22:56
SKU_002920,view,18-05-2026 16:46
SKU_002921,view,17-02-2026 01:26
SKU_002922,purchase,17-02-2026 22:07
SKU_002923,view,24-03-2026 08:10
SKU_002924,wishlist,23-05-2026 20:26
SKU_002925,cart,16-05-2026 10:27
SKU_002926,view,20-02-2026 17:53
SKU_002927,cart,28-04-2026 13:32
SKU_002928,review,18-02-2026 01:02
SKU_002929,wishlist,23-04-2026 07:16
SKU_002930,view,27-04-2026 22:13
SKU_002931,wishlist,06-05-2026 03:06
SKU_002932,cart,16-01-2026 14:27
SKU_002933,view,19-03-2026 05:15
SKU_002934,view,24-04-2026 19:42
SKU_002935,wishlist,18-05-2026 02:31
SKU_002936,review,28-02-2026 16:26
SKU_002937,cart,08-04-2026 05:10
SKU_002938,view,15-05-2026 08:11
SKU_002939,purchase,21-03-2026 22:14
SKU_002940,view,22-05-2026 07:06
SKU_002941,cart,23-05-2026 12:22
SKU_002942,purchase,28-01-2026 17:05
SKU_002943,view,10-02-2026 16:27
SKU_002944,view,22-02-2026 05:43
SKU_002945,view,01-01-2026 07:21
SKU_002946,wishlist,06-04-2026 11:35
SKU_002947,wishlist,25-02-2026 23:45
SKU_002948,view,22-03-2026 22:37
SKU_002949,view,12-04-2026 22:30
SKU_002950,wishlist,08-05-2026 02:17
SKU_002951,cart,05-02-2026 08:06
SKU_002952,view,05-04-2026 11:07
SKU_002953,wishlist,12-01-2026 10:52
SKU_002954,view,05-02-2026 11:34
SKU_002955,review,06-02-2026 01:08
SKU_002956,purchase,09-02-2026 00:27
SKU_002957,view,11-02-2026 06:39
SKU_002958,view,16-01-2026 11:56
SKU_002959,view,22-01-2026 04:53
SKU_002960,view,02-02-2026 06:12
SKU_002961,view,26-02-2026 22:03
SKU_002962,view,04-05-2026 13:59
SKU_002963,view,02-01-2026 20:18
SKU_002964,review,12-01-2026 20:32
SKU_002965,cart,20-01-2026 13:48
SKU_002966,wishlist,11-05-2026 15:29
SKU_002967,view,19-01-2026 19:18
SKU_002968,cart,14-03-2026 22:43
SKU_002969,cart,07-03-2026 10:40
SKU_002970,view,02-04-2026 21:25
SKU_002971,cart,05-04-2026 08:34
SKU_002972,cart,16-02-2026 12:36
SKU_002973,view,03-03-2026 05:02
SKU_002974,view,12-03-2026 03:21
SKU_002975,view,01-01-2026 14:22
SKU_002976,cart,20-01-2026 10:51
SKU_002977,wishlist,06-03-2026 03:06
SKU_002978,view,05-01-2026 23:40
SKU_002979,cart,27-04-2026 21:06
SKU_002980,cart,13-03-2026 13:00
SKU_002981,cart,29-03-2026 18:05
SKU_002982,view,06-02-2026 11:50
SKU_002983,cart,22-03-2026 05:18
SKU_002984,purchase,10-04-2026 23:40
SKU_002985,view,09-05-2026 04:53
SKU_002986,cart,09-01-2026 21:13
SKU_002987,view,05-03-2026 05:03
SKU_002988,view,23-05-2026 21:08
SKU_002989,purchase,16-01-2026 19:12
SKU_002990,purchase,09-03-2026 15:21
SKU_002991,wishlist,25-03-2026 02:14
SKU_002992,view,03-04-2026 10:53
SKU_002993,view,08-05-2026 20:04
SKU_002994,wishlist,11-04-2026 23:37
SKU_002995,wishlist,22-04-2026 01:12
SKU_002996,view,25-01-2026 19:52
SKU_002997,wishlist,28-02-2026 12:23
SKU_002998,cart,23-01-2026 11:06
SKU_002999,view,02-02-2026 15:10
SKU_003000,view,28-03-2026 15:50
SKU_003001,wishlist,01-04-2026 15:27
SKU_003002,cart,04-04-2026 15:04
SKU_003003,view,21-01-2026 11:31
SKU_003004,purchase,01-02-2026 02:45
SKU_003005,wishlist,12-02-2026 19:01
SKU_003006,cart,24-02-2026 10:33
SKU_003007,review,16-03-2026 11:11
SKU_003008,view,10-05-2026 05:20
SKU_003009,view,18-01-2026 13:29
SKU_003010,view,06-04-2026 12:41
SKU_003011,cart,04-05-2026 00:32
SKU_003012,purchase,15-05-2026 07:56
SKU_003013,view,21-05-2026 20:40
SKU_003014,wishlist,15-03-2026 04:59
SKU_003015,cart,20-05-2026 07:31
SKU_003016,wishlist,23-05-2026 22:01
SKU_003017,view,23-01-2026 11:09
SKU_003018,view,13-02-2026 09:49
SKU_003019,view,15-02-2026 07:34
SKU_003020,cart,20-02-2026 07:27
SKU_003021,view,23-01-2026 13:05
SKU_003022,purchase,22-04-2026 05:37
SKU_003023,cart,01-01-2026 07:49
SKU_003024,view,13-01-2026 00:24
SKU_003025,view,02-03-2026 08:25
SKU_003026,view,23-04-2026 00:37
SKU_003027,cart,25-01-2026 12:38
SKU_003028,cart,11-04-2026 22:13
SKU_003029,view,12-05-2026 21:46
SKU_003030,purchase,15-04-2026 12:37
SKU_003031,view,29-01-2026 02:21
SKU_003032,view,12-02-2026 12:10
SKU_003033,cart,27-02-2026 15:17
SKU_003034,view,10-05-2026 04:45
SKU_003035,view,17-05-2026 12:03
SKU_003036,view,24-01-2026 23:23
SKU_003037,wishlist,23-02-2026 02:22
SKU_003038,view,22-04-2026 10:54
SKU_003039,wishlist,14-05-2026 17:06
SKU_003040,view,18-05-2026 04:37
SKU_003041,wishlist,30-01-2026 15:38
SKU_003042,purchase,10-02-2026 21:31
SKU_003043,view,20-05-2026 04:22
SKU_003044,purchase,04-02-2026 18:17
SKU_003045,cart,05-01-2026 04:30
SKU_003046,view,31-01-2026 21:53
SKU_003047,cart,28-02-2026 01:54
SKU_003048,review,09-05-2026 00:19
SKU_003049,view,14-01-2026 22:43
SKU_003050,cart,17-03-2026 22:29
SKU_003051,view,13-04-2026 11:56
SKU_003052,purchase,22-05-2026 02:55
SKU_003053,purchase,19-01-2026 21:32
SKU_003054,view,26-01-2026 10:02
SKU_003055,purchase,04-03-2026 19:14
SKU_003056,view,23-04-2026 16:47
SKU_003057,view,27-01-2026 17:04
SKU_003058,view,23-04-2026 01:44
SKU_003059,wishlist,10-02-2026 17:34
SKU_003060,view,12-02-2026 08:35
SKU_003061,wishlist,12-03-2026 08:05
SKU_003062,cart,20-01-2026 19:06
SKU_003063,view,29-01-2026 15:53
SKU_003064,view,15-03-2026 02:52
SKU_003065,view,24-03-2026 22:28
SKU_003066,view,12-05-2026 17:11
SKU_003067,review,23-01-2026 18:52
SKU_003068,cart,29-01-2026 20:22
SKU_003069,view,26-03-2026 05:45
SKU_003070,view,26-04-2026 05:24
SKU_003071,view,19-03-2026 00:29
SKU_003072,cart,05-04-2026 21:09
SKU_003073,wishlist,14-03-2026 21:21
SKU_003074,review,07-05-2026 18:15
SKU_003075,purchase,01-04-2026 00:52
SKU_003076,view,23-02-2026 10:35
SKU_003077,view,28-03-2026 10:24
SKU_003078,view,03-05-2026 18:53
SKU_003079,view,07-05-2026 20:06
SKU_003080,view,05-01-2026 11:18
SKU_003081,cart,13-02-2026 16:16
SKU_003082,view,22-04-2026 04:39
SKU_003083,cart,22-04-2026 06:17
SKU_003084,view,24-04-2026 22:55
SKU_003085,view,20-01-2026 07:25
SKU_003086,wishlist,25-01-2026 07:38
SKU_003087,purchase,27-02-2026 22:28
SKU_003088,cart,21-04-2026 23:01
SKU_003089,wishlist,04-01-2026 20:01
SKU_003090,wishlist,18-03-2026 11:13
SKU_003091,cart,18-04-2026 23:25
SKU_003092,view,17-05-2026 01:41
SKU_003093,review,25-01-2026 02:17
SKU_003094,purchase,10-02-2026 06:51
SKU_003095,view,15-04-2026 15:50
SKU_003096,cart,07-05-2026 13:08
SKU_003097,view,19-05-2026 14:18
SKU_003098,cart,08-01-2026 14:25
SKU_003099,cart,24-01-2026 21:25
SKU_003100,view,26-01-2026 00:19
SKU_003101,view,03-03-2026 00:43
SKU_003102,wishlist,28-03-2026 20:15
SKU_003103,cart,25-01-2026 05:13
SKU_003104,review,03-02-2026 07:43
SKU_003105,cart,24-03-2026 03:33
SKU_003106,view,16-04-2026 17:12
SKU_003107,purchase,11-04-2026 20:46
SKU_003108,view,28-03-2026 09:28
SKU_003109,view,14-04-2026 17:05
SKU_003110,view,08-05-2026 23:53
SKU_003111,view,10-04-2026 03:31
SKU_003112,view,15-04-2026 12:14
SKU_003113,wishlist,28-04-2026 16:58
SKU_003114,view,08-01-2026 03:11
SKU_003115,purchase,06-02-2026 12:29
SKU_003116,cart,27-01-2026 01:27
SKU_003117,cart,27-04-2026 22:11
SKU_003118,view,25-01-2026 22:48
SKU_003119,cart,01-05-2026 20:11
SKU_003120,view,22-05-2026 13:52
SKU_003121,view,19-03-2026 16:24
SKU_003122,view,30-03-2026 13:25
SKU_003123,view,28-01-2026 19:33
SKU_003124,wishlist,09-02-2026 13:36
SKU_003125,review,15-04-2026 01:29
SKU_003126,cart,15-05-2026 20:40
SKU_003127,cart,14-03-2026 06:18
SKU_003128,cart,19-05-2026 17:33
SKU_003129,review,30-01-2026 19:19
SKU_003130,view,01-02-2026 20:29
SKU_003131,view,03-03-2026 10:20
SKU_003132,cart,23-03-2026 11:52
SKU_003133,view,28-04-2026 11:14
SKU_003134,view,14-04-2026 04:49
SKU_003135,view,13-01-2026 19:23
SKU_003136,view,18-01-2026 06:38
SKU_003137,view,05-03-2026 22:55
SKU_003138,purchase,20-03-2026 23:44
SKU_003139,view,05-05-2026 07:26
SKU_003140,view,20-01-2026 00:27
SKU_003141,wishlist,21-01-2026 09:20
SKU_003142,view,15-03-2026 12:33
SKU_003143,cart,19-01-2026 13:15
SKU_003144,wishlist,01-03-2026 12:37
SKU_003145,purchase,06-04-2026 01:47
SKU_003146,cart,25-04-2026 08:07
SKU_003147,cart,22-05-2026 10:15
SKU_003148,view,03-02-2026 03:44
SKU_003149,cart,05-02-2026 01:59
SKU_003150,purchase,09-03-2026 00:37
SKU_003151,view,14-04-2026 05:49
SKU_003152,cart,12-05-2026 14:49
SKU_003153,wishlist,02-01-2026 20:15
SKU_003154,cart,10-04-2026 17:23
SKU_003155,view,14-05-2026 08:03
SKU_003156,review,11-01-2026 06:22
SKU_003157,wishlist,21-02-2026 22:02
SKU_003158,view,05-05-2026 02:51
SKU_003159,cart,21-05-2026 20:41
SKU_003160,wishlist,23-05-2026 19:19
SKU_003161,wishlist,10-03-2026 17:45
SKU_003162,cart,27-03-2026 05:42
SKU_003163,purchase,25-03-2026 01:31
SKU_003164,wishlist,12-04-2026 02:08
SKU_003165,view,20-05-2026 12:17
SKU_003166,view,01-03-2026 08:29
SKU_003167,view,16-01-2026 10:22
SKU_003168,view,18-01-2026 12:05
SKU_003169,view,04-05-2026 05:48
SKU_003170,wishlist,12-01-2026 03:33
SKU_003171,view,17-01-2026 10:11
SKU_003172,purchase,25-02-2026 12:09
SKU_003173,cart,06-04-2026 16:50
SKU_003174,purchase,18-04-2026 14:34
SKU_003175,cart,04-04-2026 03:21
SKU_003176,review,07-04-2026 15:56
SKU_003177,view,03-01-2026 16:46
SKU_003178,wishlist,25-01-2026 05:06
SKU_003179,view,20-03-2026 17:38
SKU_003180,view,30-04-2026 16:06
SKU_003181,cart,16-05-2026 12:21
SKU_003182,cart,17-02-2026 10:10
SKU_003183,view,13-04-2026 13:10
SKU_003184,view,09-05-2026 09:17
SKU_003185,purchase,12-04-2026 15:45
SKU_003186,view,11-05-2026 23:30
SKU_003187,review,26-01-2026 21:18
SKU_003188,view,10-03-2026 14:27
SKU_003189,view,10-04-2026 17:56
SKU_003190,view,22-01-2026 23:42
SKU_003191,cart,07-03-2026 15:00
SKU_003192,wishlist,12-05-2026 20:39
SKU_003193,view,26-02-2026 07:47
SKU_003194,wishlist,01-01-2026 10:24
SKU_003195,cart,11-02-2026 08:57
SKU_003196,view,21-02-2026 09:49
SKU_003197,purchase,07-01-2026 21:06
SKU_003198,purchase,11-04-2026 02:32
SKU_003199,wishlist,05-05-2026 20:28
SKU_003200,view,11-03-2026 01:53
SKU_003201,view,21-01-2026 19:25
SKU_003202,purchase,27-02-2026 22:24
SKU_003203,view,05-03-2026 19:09
SKU_003204,view,10-03-2026 17:15
SKU_003205,view,25-03-2026 15:41
SKU_003206,cart,13-04-2026 17:46
SKU_003207,purchase,25-01-2026 01:08
SKU_003208,view,21-03-2026 18:05
SKU_003209,view,13-02-2026 21:40
SKU_003210,view,18-03-2026 18:30
SKU_003211,purchase,02-04-2026 09:36
SKU_003212,view,22-01-2026 02:33
SKU_003213,view,22-02-2026 07:52
SKU_003214,view,27-03-2026 03:53
SKU_003215,view,27-03-2026 07:33
SKU_003216,purchase,08-05-2026 10:29
SKU_003217,view,22-01-2026 11:44
SKU_003218,view,06-02-2026 19:26
SKU_003219,view,07-01-2026 03:17
SKU_003220,view,01-02-2026 03:06
SKU_003221,cart,06-03-2026 07:34
SKU_003222,view,10-05-2026 08:44
SKU_003223,wishlist,05-04-2026 23:13
SKU_003224,view,07-04-2026 05:30
SKU_003225,wishlist,17-04-2026 19:45
SKU_003226,purchase,13-05-2026 09:07
SKU_003227,wishlist,21-01-2026 22:45
SKU_003228,view,22-01-2026 07:23
SKU_003229,view,26-01-2026 12:27
SKU_003230,view,17-03-2026 12:09
SKU_003231,cart,21-05-2026 23:22
SKU_003232,wishlist,12-05-2026 17:09
SKU_003233,view,02-01-2026 13:25
SKU_003234,view,26-03-2026 08:07
SKU_003235,wishlist,04-04-2026 05:51
SKU_003236,view,26-04-2026 22:37
SKU_003237,view,10-04-2026 06:33
SKU_003238,view,22-05-2026 14:32
SKU_003239,review,21-02-2026 04:08
SKU_003240,view,25-03-2026 08:01
SKU_003241,wishlist,10-05-2026 09:19
SKU_003242,wishlist,17-05-2026 03:34
SKU_003243,view,05-02-2026 04:23
SKU_003244,view,06-02-2026 15:15
SKU_003245,view,25-04-2026 19:10
SKU_003246,view,03-05-2026 02:55
SKU_003247,view,04-05-2026 04:52
SKU_003248,cart,04-01-2026 10:18
SKU_003249,view,24-03-2026 18:42
SKU_003250,view,15-03-2026 20:34
SKU_003251,view,14-02-2026 22:31
SKU_003252,view,03-05-2026 23:26
SKU_003253,view,16-05-2026 22:58
SKU_003254,view,11-01-2026 00:43
SKU_003255,view,22-01-2026 08:53
SKU_003256,view,01-03-2026 02:05
SKU_003257,view,06-05-2026 00:39
SKU_003258,view,08-01-2026 22:33
SKU_003259,cart,10-01-2026 05:37
SKU_003260,view,05-02-2026 07:01
SKU_003261,view,24-02-2026 09:38
SKU_003262,view,02-04-2026 15:57
SKU_003263,purchase,28-04-2026 18:35
SKU_003264,view,22-01-2026 15:45
SKU_003265,view,01-03-2026 02:24
SKU_003266,cart,06-03-2026 21:52
SKU_003267,wishlist,06-03-2026 07:33
SKU_003268,view,12-03-2026 00:22
SKU_003269,view,16-02-2026 06:20
SKU_003270,cart,14-03-2026 03:44
SKU_003271,view,13-04-2026 16:40
SKU_003272,view,28-04-2026 10:10
SKU_003273,cart,07-05-2026 06:22
SKU_003274,view,08-01-2026 23:15
SKU_003275,view,24-01-2026 08:53
SKU_003276,view,06-02-2026 23:29
SKU_003277,purchase,24-04-2026 21:34
SKU_003278,cart,08-05-2026 01:30
SKU_003279,cart,09-02-2026 05:23
SKU_003280,view,03-04-2026 01:55
SKU_003281,view,21-05-2026 20:22
SKU_003282,review,19-02-2026 00:51
SKU_003283,purchase,17-04-2026 21:29
SKU_003284,view,19-04-2026 19:24
SKU_003285,wishlist,19-05-2026 04:18
SKU_003286,purchase,14-01-2026 03:32
SKU_003287,cart,23-03-2026 08:42
SKU_003288,view,04-04-2026 18:06
SKU_003289,cart,12-04-2026 16:54
SKU_003290,review,09-01-2026 19:47
SKU_003291,view,26-02-2026 05:53
SKU_003292,cart,19-03-2026 04:27
SKU_003293,purchase,07-04-2026 02:59
SKU_003294,view,02-02-2026 03:22
SKU_003295,view,16-03-2026 14:16
SKU_003296,view,17-03-2026 18:40
SKU_003297,view,19-03-2026 20:05
SKU_003298,view,20-04-2026 05:26
SKU_003299,cart,28-04-2026 21:50
SKU_003300,view,30-03-2026 10:30
SKU_003301,purchase,08-04-2026 19:57
SKU_003302,view,12-04-2026 23:01
SKU_003303,view,18-05-2026 10:22
SKU_003304,view,20-05-2026 22:08
SKU_003305,view,09-01-2026 20:34
SKU_003306,view,14-04-2026 14:35
SKU_003307,view,26-01-2026 19:41
SKU_003308,wishlist,23-02-2026 22:26
SKU_003309,view,10-02-2026 18:32
SKU_003310,cart,14-04-2026 19:23
SKU_003311,view,17-01-2026 03:57
SKU_003312,view,05-03-2026 00:34
SKU_003313,purchase,13-03-2026 16:10
SKU_003314,view,17-04-2026 15:48
SKU_003315,review,17-05-2026 23:41
SKU_003316,view,11-03-2026 00:40
SKU_003317,cart,04-01-2026 00:52
SKU_003318,review,04-02-2026 07:38
SKU_003319,wishlist,19-02-2026 16:59
SKU_003320,view,21-01-2026 16:03
SKU_003321,cart,16-03-2026 04:09
SKU_003322,cart,07-05-2026 23:02
SKU_003323,view,14-05-2026 14:51
SKU_003324,view,21-05-2026 07:34
SKU_003325,cart,09-02-2026 14:19
SKU_003326,purchase,22-02-2026 04:40
SKU_003327,view,23-04-2026 22:44
SKU_003328,view,14-02-2026 23:54
SKU_003329,purchase,26-03-2026 06:08
SKU_003330,view,22-05-2026 00:44
SKU_003331,view,22-05-2026 17:10
SKU_003332,cart,04-02-2026 04:44
SKU_003333,purchase,06-02-2026 16:09
SKU_003334,view,24-02-2026 18:25
SKU_003335,view,06-05-2026 17:52
SKU_003336,cart,18-03-2026 13:05
SKU_003337,view,14-05-2026 11:21
SKU_003338,view,24-03-2026 19:08
SKU_003339,wishlist,20-01-2026 11:07
SKU_003340,wishlist,27-01-2026 15:49
SKU_003341,cart,13-04-2026 06:57
SKU_003342,view,21-05-2026 15:30
SKU_003343,wishlist,22-01-2026 08:48
SKU_003344,view,26-01-2026 15:59
SKU_003345,view,21-02-2026 23:22
SKU_003346,wishlist,02-01-2026 19:47
SKU_003347,purchase,03-01-2026 14:54
SKU_003348,view,21-01-2026 15:34
SKU_003349,view,16-04-2026 07:37
SKU_003350,wishlist,23-05-2026 22:37
SKU_003351,view,01-02-2026 16:18
SKU_003352,view,01-03-2026 16:31
SKU_003353,cart,06-03-2026 10:05
SKU_003354,cart,03-04-2026 23:52
SKU_003355,wishlist,05-01-2026 02:50
SKU_003356,view,16-04-2026 18:12
SKU_003357,view,01-01-2026 05:38
SKU_003358,view,05-01-2026 15:51
SKU_003359,view,28-01-2026 12:59
SKU_003360,view,13-02-2026 13:22
SKU_003361,purchase,22-03-2026 15:22
SKU_003362,view,22-01-2026 19:51
SKU_003363,view,06-04-2026 12:03
SKU_003364,view,14-05-2026 08:33
SKU_003365,review,19-05-2026 19:26
SKU_003366,view,15-01-2026 19:32
SKU_003367,purchase,06-03-2026 19:16
SKU_003368,purchase,30-04-2026 13:21
SKU_003369,view,28-04-2026 09:12
SKU_003370,cart,05-02-2026 05:13
SKU_003371,view,07-03-2026 00:29
SKU_003372,cart,14-04-2026 00:13
SKU_003373,view,27-04-2026 10:23
SKU_003374,purchase,21-01-2026 04:18
SKU_003375,cart,22-02-2026 15:23
SKU_003376,purchase,09-03-2026 15:35
SKU_003377,purchase,01-01-2026 10:09
SKU_003378,view,29-01-2026 11:09
SKU_003379,view,08-05-2026 08:30
SKU_003380,review,14-01-2026 01:42
SKU_003381,view,22-01-2026 23:22
SKU_003382,view,25-03-2026 00:04
SKU_003383,review,23-04-2026 04:56
SKU_003384,view,10-03-2026 11:16
SKU_003385,view,16-03-2026 18:18
SKU_003386,wishlist,27-01-2026 20:09
SKU_003387,cart,06-03-2026 18:03
SKU_003388,view,27-04-2026 20:19
SKU_003389,view,04-05-2026 14:47
SKU_003390,cart,06-04-2026 15:41
SKU_003391,view,14-04-2026 09:30
SKU_003392,view,14-04-2026 15:33
SKU_003393,wishlist,15-04-2026 14:44
SKU_003394,view,17-01-2026 22:36
SKU_003395,view,12-02-2026 14:10
SKU_003396,review,23-04-2026 05:05
SKU_003397,view,15-05-2026 15:56
SKU_003398,cart,17-05-2026 12:39
SKU_003399,purchase,12-01-2026 13:39
SKU_003400,view,22-01-2026 09:21
SKU_003401,view,27-02-2026 05:23
SKU_003402,purchase,31-03-2026 09:33
SKU_003403,wishlist,11-01-2026 20:21
SKU_003404,view,10-02-2026 22:06
SKU_003405,cart,13-02-2026 14:39
SKU_003406,view,17-02-2026 02:07
SKU_003407,review,16-05-2026 04:09
SKU_003408,cart,11-01-2026 12:02
SKU_003409,view,21-01-2026 14:02
SKU_003410,wishlist,17-05-2026 04:46
SKU_003411,view,06-01-2026 20:40
SKU_003412,view,29-01-2026 12:32
SKU_003413,cart,03-01-2026 10:09
SKU_003414,wishlist,28-01-2026 04:58
SKU_003415,cart,30-01-2026 01:43
SKU_003416,view,05-02-2026 10:09
SKU_003417,view,02-04-2026 05:15
SKU_003418,view,28-03-2026 05:04
SKU_003419,view,06-05-2026 05:12
SKU_003420,view,16-05-2026 00:05
SKU_003421,wishlist,28-04-2026 07:39
SKU_003422,purchase,03-01-2026 02:38
SKU_003423,view,01-02-2026 03:16
SKU_003424,wishlist,18-03-2026 23:18
SKU_003425,view,24-03-2026 06:12
SKU_003426,cart,13-05-2026 00:34
SKU_003427,purchase,14-02-2026 03:21
SKU_003428,view,24-03-2026 06:26
SKU_003429,view,18-05-2026 17:49
SKU_003430,view,25-01-2026 07:09
SKU_003431,view,11-02-2026 03:21
SKU_003432,wishlist,19-03-2026 18:00
SKU_003433,review,01-05-2026 04:57
SKU_003434,cart,15-01-2026 23:49
SKU_003435,view,02-03-2026 19:34
SKU_003436,view,01-04-2026 23:04
SKU_003437,view,03-04-2026 16:55
SKU_003438,view,15-05-2026 10:56
SKU_003439,view,21-01-2026 06:32
SKU_003440,cart,22-01-2026 01:11
SKU_003441,wishlist,07-02-2026 19:30
SKU_003442,view,22-02-2026 09:54
SKU_003443,view,21-01-2026 16:09
SKU_003444,cart,01-02-2026 14:31
SKU_003445,wishlist,16-04-2026 03:53
SKU_003446,cart,06-02-2026 10:56
SKU_003447,view,09-02-2026 04:06
SKU_003448,view,18-04-2026 03:04
SKU_003449,view,09-01-2026 17:07
SKU_003450,view,09-01-2026 20:53
SKU_003451,view,04-04-2026 22:42
SKU_003452,review,20-04-2026 11:12
SKU_003453,wishlist,20-04-2026 16:08
SKU_003454,wishlist,07-02-2026 20:13
SKU_003455,review,03-03-2026 01:32
SKU_003456,wishlist,17-03-2026 20:31
SKU_003457,view,08-04-2026 03:10
SKU_003458,view,20-01-2026 14:42
SKU_003459,wishlist,30-01-2026 03:55
SKU_003460,view,08-04-2026 12:18
SKU_003461,purchase,08-04-2026 18:50
SKU_003462,view,26-02-2026 08:03
SKU_003463,view,16-01-2026 07:00
SKU_003464,view,19-01-2026 02:46
SKU_003465,cart,02-05-2026 13:09
SKU_003466,view,20-05-2026 12:16
SKU_003467,review,08-04-2026 09:43
SKU_003468,cart,11-04-2026 06:08
SKU_003469,view,26-01-2026 11:25
SKU_003470,purchase,26-02-2026 11:25
SKU_003471,view,07-03-2026 19:57
SKU_003472,purchase,08-03-2026 07:06
SKU_003473,wishlist,28-03-2026 21:24
SKU_003474,view,10-02-2026 13:10
SKU_003475,view,16-02-2026 10:20
SKU_003476,cart,28-04-2026 20:15
SKU_003477,view,29-04-2026 12:36
SKU_003478,wishlist,28-01-2026 16:40
SKU_003479,view,17-01-2026 22:13
SKU_003480,view,07-04-2026 21:05
SKU_003481,purchase,17-04-2026 05:50
SKU_003482,cart,14-01-2026 05:39
SKU_003483,view,24-02-2026 09:26
SKU_003484,wishlist,04-02-2026 19:04
SKU_003485,cart,19-02-2026 17:10
SKU_003486,view,20-02-2026 02:06
SKU_003487,view,27-03-2026 20:04
SKU_003488,cart,02-04-2026 21:33
SKU_003489,purchase,12-03-2026 13:54
SKU_003490,view,26-01-2026 01:06
SKU_003491,cart,21-03-2026 10:13
SKU_003492,cart,01-05-2026 07:56
SKU_003493,view,13-05-2026 03:45
SKU_003494,view,13-05-2026 11:17
SKU_003495,review,09-01-2026 06:52
SKU_003496,view,21-02-2026 00:51
SKU_003497,wishlist,01-05-2026 12:16
SKU_003498,cart,13-05-2026 12:56
SKU_003499,view,02-01-2026 13:01
SKU_003500,view,21-01-2026 10:43
SKU_003501,view,31-01-2026 00:18
SKU_003502,view,26-02-2026 10:34
SKU_003503,view,14-03-2026 23:27
SKU_003504,view,09-03-2026 18:10
SKU_003505,view,17-01-2026 15:57
SKU_003506,review,22-01-2026 04:31
SKU_003507,view,05-02-2026 00:08
SKU_003508,view,01-04-2026 06:22
SKU_003509,view,23-05-2026 02:19
SKU_003510,view,03-03-2026 14:39
SKU_003511,view,23-01-2026 04:47
SKU_003512,view,11-02-2026 06:57
SKU_003513,view,03-04-2026 11:20
SKU_003514,view,05-04-2026 10:17
SKU_003515,cart,17-05-2026 08:54
SKU_003516,wishlist,07-01-2026 01:58
SKU_003517,view,21-04-2026 08:02
SKU_003518,wishlist,27-04-2026 17:13
SKU_003519,purchase,11-01-2026 12:01
SKU_003520,review,11-02-2026 01:37
SKU_003521,cart,11-02-2026 10:36
SKU_003522,view,02-04-2026 22:14
SKU_003523,view,17-01-2026 05:33
SKU_003524,view,28-01-2026 12:32
SKU_003525,cart,23-03-2026 12:02
SKU_003526,cart,29-03-2026 15:46
SKU_003527,view,19-05-2026 07:07
SKU_003528,purchase,18-01-2026 22:48
SKU_003529,view,01-02-2026 22:46
SKU_003530,view,08-02-2026 13:34
SKU_003531,view,27-02-2026 15:40
SKU_003532,cart,08-03-2026 09:55
SKU_003533,view,26-03-2026 19:33
SKU_003534,cart,16-05-2026 06:48
SKU_003535,view,02-01-2026 22:17
SKU_003536,cart,08-02-2026 13:21
SKU_003537,cart,19-04-2026 22:01
SKU_003538,view,26-04-2026 22:49
SKU_003539,purchase,03-01-2026 18:06
SKU_003540,view,30-01-2026 05:24
SKU_003541,view,31-03-2026 01:30
SKU_003542,review,01-01-2026 17:08
SKU_003543,purchase,21-02-2026 00:44
SKU_003544,purchase,12-04-2026 02:35
SKU_003545,cart,21-05-2026 06:05
SKU_003546,cart,08-01-2026 02:02
SKU_003547,wishlist,19-01-2026 22:07
SKU_003548,cart,06-02-2026 10:32
SKU_003549,view,12-02-2026 10:51
SKU_003550,view,23-03-2026 14:09
SKU_003551,review,23-04-2026 00:15
SKU_003552,view,12-05-2026 23:17
SKU_003553,cart,04-01-2026 03:27
SKU_003554,purchase,28-02-2026 15:09
SKU_003555,cart,01-03-2026 14:33
SKU_003556,wishlist,10-03-2026 07:10
SKU_003557,view,10-03-2026 09:25
SKU_003558,review,21-03-2026 16:32
SKU_003559,view,22-03-2026 09:37
SKU_003560,view,25-03-2026 04:24
SKU_003561,cart,31-03-2026 02:16
SKU_003562,view,26-03-2026 15:19
SKU_003563,wishlist,16-04-2026 09:27
SKU_003564,purchase,25-02-2026 00:01
SKU_003565,purchase,01-05-2026 11:09
SKU_003566,view,04-05-2026 03:09
SKU_003567,view,17-05-2026 07:59
SKU_003568,cart,18-01-2026 09:44
SKU_003569,view,21-01-2026 03:09
SKU_003570,view,21-03-2026 20:42
SKU_003571,cart,07-04-2026 09:24
SKU_003572,view,16-04-2026 18:38
SKU_003573,view,02-05-2026 03:14
SKU_003574,view,11-02-2026 03:23
SKU_003575,view,13-02-2026 06:41
SKU_003576,view,30-03-2026 06:43
SKU_003577,view,18-04-2026 02:35
SKU_003578,view,18-03-2026 20:36
SKU_003579,view,22-03-2026 04:24
SKU_003580,view,06-05-2026 05:15
SKU_003581,view,17-05-2026 16:06
SKU_003582,view,01-03-2026 16:34
SKU_003583,purchase,22-03-2026 12:43
SKU_003584,view,11-05-2026 17:48
SKU_003585,view,06-01-2026 02:19
SKU_003586,view,03-03-2026 15:31
SKU_003587,review,11-04-2026 18:32
SKU_003588,review,27-04-2026 11:56
SKU_003589,view,17-03-2026 23:52
SKU_003590,cart,18-04-2026 21:56
SKU_003591,view,23-04-2026 04:59
SKU_003592,cart,03-02-2026 17:34
SKU_003593,view,03-03-2026 18:34
SKU_003594,view,20-03-2026 06:40
SKU_003595,wishlist,22-05-2026 09:15
SKU_003596,purchase,23-01-2026 23:39
SKU_003597,wishlist,18-03-2026 02:54
SKU_003598,view,23-04-2026 00:42
SKU_003599,view,02-05-2026 19:30
SKU_003600,view,03-05-2026 14:43
SKU_003601,view,26-03-2026 22:31
SKU_003602,purchase,06-01-2026 09:38
SKU_003603,view,30-01-2026 17:15
SKU_003604,view,16-04-2026 13:41
SKU_003605,wishlist,01-05-2026 00:33
SKU_003606,view,18-05-2026 09:32
SKU_003607,view,06-02-2026 05:24
SKU_003608,purchase,11-03-2026 12:57
SKU_003609,view,03-05-2026 15:00
SKU_003610,cart,04-05-2026 04:48
SKU_003611,wishlist,15-03-2026 10:06
SKU_003612,cart,22-05-2026 00:51
SKU_003613,view,17-01-2026 02:38
SKU_003614,review,28-01-2026 22:00
SKU_003615,purchase,02-05-2026 20:04
SKU_003616,purchase,31-03-2026 03:41
SKU_003617,view,21-01-2026 19:00
SKU_003618,view,16-01-2026 00:37
SKU_003619,view,19-01-2026 00:22
SKU_003620,wishlist,05-02-2026 01:47
SKU_003621,view,05-01-2026 06:19
SKU_003622,review,20-01-2026 13:09
SKU_003623,view,22-03-2026 08:11
SKU_003624,cart,06-04-2026 08:23
SKU_003625,view,01-02-2026 06:47
SKU_003626,view,02-03-2026 21:24
SKU_003627,view,29-03-2026 13:14
SKU_003628,cart,04-05-2026 00:33
SKU_003629,review,07-01-2026 02:34
SKU_003630,cart,23-01-2026 18:13
SKU_003631,view,08-03-2026 13:36
SKU_003632,cart,09-03-2026 08:07
SKU_003633,view,04-04-2026 23:11
SKU_003634,cart,07-02-2026 10:43
SKU_003635,purchase,05-01-2026 11:21
SKU_003636,view,30-01-2026 13:59
SKU_003637,view,12-02-2026 00:03
SKU_003638,view,10-04-2026 08:54
SKU_003639,view,11-04-2026 14:01
SKU_003640,view,21-02-2026 23:03
SKU_003641,review,23-02-2026 03:22
SKU_003642,view,18-04-2026 02:09
SKU_003643,wishlist,07-05-2026 14:11
SKU_003644,view,18-05-2026 11:54
SKU_003645,cart,03-02-2026 14:02
SKU_003646,purchase,07-02-2026 11:41
SKU_003647,view,08-02-2026 10:10
SKU_003648,view,18-02-2026 13:31
SKU_003649,cart,19-03-2026 15:51
SKU_003650,view,02-02-2026 03:59
SKU_003651,view,09-02-2026 23:14
SKU_003652,cart,02-03-2026 12:05
SKU_003653,view,05-04-2026 17:27
SKU_003654,view,21-05-2026 05:02
SKU_003655,view,28-04-2026 22:12
SKU_003656,view,10-03-2026 12:42
SKU_003657,cart,21-04-2026 03:04
SKU_003658,view,29-03-2026 06:22
SKU_003659,view,10-04-2026 07:05
SKU_003660,view,26-02-2026 23:41
SKU_003661,view,14-04-2026 00:18
SKU_003662,view,28-04-2026 06:17
SKU_003663,view,06-05-2026 06:22
SKU_003664,view,17-02-2026 15:15
SKU_003665,cart,11-03-2026 11:12
SKU_003666,view,24-01-2026 17:58
SKU_003667,cart,29-01-2026 03:56
SKU_003668,wishlist,03-03-2026 01:27
SKU_003669,wishlist,01-04-2026 08:48
SKU_003670,purchase,21-04-2026 04:35
SKU_003671,cart,13-01-2026 20:40
SKU_003672,view,11-02-2026 04:48
SKU_003673,view,25-02-2026 01:44
SKU_003674,cart,16-03-2026 20:59
SKU_003675,purchase,27-04-2026 20:36
SKU_003676,purchase,22-04-2026 10:47
SKU_003677,view,03-03-2026 16:58
SKU_003678,view,04-03-2026 03:52
SKU_003679,view,26-03-2026 12:12
SKU_003680,view,13-05-2026 10:57
SKU_003681,view,24-01-2026 03:47
SKU_003682,cart,25-01-2026 02:18
SKU_003683,cart,23-03-2026 19:06
SKU_003684,view,05-01-2026 03:07
SKU_003685,cart,22-04-2026 22:16
SKU_003686,view,01-01-2026 21:39
SKU_003687,cart,26-01-2026 10:46
SKU_003688,cart,25-02-2026 05:14
SKU_003689,view,20-03-2026 05:14
SKU_003690,view,31-03-2026 16:00
SKU_003691,view,19-01-2026 11:17
SKU_003692,wishlist,28-02-2026 10:45
SKU_003693,view,22-03-2026 14:24
SKU_003694,cart,21-05-2026 10:36
SKU_003695,view,10-01-2026 03:22
SKU_003696,cart,06-04-2026 21:21
SKU_003697,view,29-04-2026 21:37
SKU_003698,purchase,14-03-2026 14:31
SKU_003699,view,06-01-2026 16:29
SKU_003700,view,27-01-2026 22:32
SKU_003701,view,26-03-2026 14:25
SKU_003702,view,14-05-2026 12:26
SKU_003703,wishlist,21-05-2026 15:15
SKU_003704,purchase,01-01-2026 23:01
SKU_003705,view,15-04-2026 09:12
SKU_003706,wishlist,14-05-2026 15:26
SKU_003707,purchase,10-01-2026 07:42
SKU_003708,view,21-02-2026 05:03
SKU_003709,cart,27-01-2026 18:01
SKU_003710,view,03-02-2026 01:50
SKU_003711,view,22-02-2026 09:52
SKU_003712,view,15-03-2026 16:51
SKU_003713,cart,16-05-2026 16:00
SKU_003714,cart,24-01-2026 18:18
SKU_003715,view,28-03-2026 18:08
SKU_003716,view,04-05-2026 16:11
SKU_003717,view,10-05-2026 18:12
SKU_003718,view,04-03-2026 12:12
SKU_003719,view,04-04-2026 17:34
SKU_003720,view,22-05-2026 22:04
SKU_003721,cart,10-03-2026 13:08
SKU_003722,wishlist,06-05-2026 15:51
SKU_003723,view,09-05-2026 01:24
SKU_003724,review,15-01-2026 14:11
SKU_003725,view,11-02-2026 06:12
SKU_003726,view,16-03-2026 18:30
SKU_003727,view,01-04-2026 21:44
SKU_003728,cart,13-04-2026 11:00
SKU_003729,view,25-04-2026 16:02
SKU_003730,view,30-03-2026 03:53
SKU_003731,cart,08-05-2026 05:52
SKU_003732,purchase,18-05-2026 13:54
SKU_003733,review,12-03-2026 14:42
SKU_003734,purchase,16-03-2026 20:54
SKU_003735,view,14-01-2026 07:52
SKU_003736,cart,06-02-2026 11:55
SKU_003737,review,09-02-2026 10:08
SKU_003738,cart,23-02-2026 22:49
SKU_003739,view,19-03-2026 17:05
SKU_003740,purchase,04-01-2026 05:18
SKU_003741,view,21-01-2026 19:27
SKU_003742,view,22-01-2026 09:33
SKU_003743,cart,16-02-2026 17:06
SKU_003744,view,23-01-2026 23:26
SKU_003745,view,21-02-2026 13:41
SKU_003746,view,10-03-2026 08:14
SKU_003747,cart,17-04-2026 20:36
SKU_003748,view,11-01-2026 07:43
SKU_003749,cart,22-02-2026 22:21
SKU_003750,wishlist,06-03-2026 19:20
SKU_003751,view,13-03-2026 19:18
SKU_003752,view,27-03-2026 16:47
SKU_003753,cart,04-02-2026 07:13
SKU_003754,cart,23-02-2026 13:54
SKU_003755,view,13-04-2026 19:56
SKU_003756,view,26-04-2026 08:28
SKU_003757,view,22-01-2026 13:41
SKU_003758,purchase,12-02-2026 15:18
SKU_003759,view,13-01-2026 18:52
SKU_003760,purchase,20-01-2026 14:50
SKU_003761,cart,16-02-2026 08:44
SKU_003762,view,21-02-2026 16:28
SKU_003763,view,14-04-2026 07:54
SKU_003764,view,15-05-2026 07:28
SKU_003765,view,23-05-2026 12:20
SKU_003766,view,09-03-2026 12:05
SKU_003767,cart,04-05-2026 16:09
SKU_003768,view,19-01-2026 07:12
SKU_003769,view,03-02-2026 01:20
SKU_003770,view,16-02-2026 08:02
SKU_003771,view,01-03-2026 06:54
SKU_003772,purchase,03-04-2026 13:51
SKU_003773,view,14-05-2026 14:00
SKU_003774,view,10-05-2026 07:55
SKU_003775,purchase,05-01-2026 01:03
SKU_003776,view,04-02-2026 11:16
SKU_003777,wishlist,21-02-2026 05:32
SKU_003778,view,26-04-2026 08:15
SKU_003779,view,01-01-2026 04:41
SKU_003780,view,18-02-2026 01:28
SKU_003781,view,05-04-2026 19:40
SKU_003782,cart,24-04-2026 05:43
SKU_003783,view,14-02-2026 07:53
SKU_003784,view,08-04-2026 16:49
SKU_003785,view,12-04-2026 23:55
SKU_003786,view,07-03-2026 04:22
SKU_003787,view,29-03-2026 21:20
SKU_003788,cart,23-05-2026 22:52
SKU_003789,wishlist,03-01-2026 15:11
SKU_003790,view,19-02-2026 05:34
SKU_003791,view,12-03-2026 17:42
SKU_003792,cart,31-03-2026 01:56
SKU_003793,wishlist,22-01-2026 21:30
SKU_003794,view,22-02-2026 09:59
SKU_003795,review,05-04-2026 01:15
SKU_003796,purchase,11-04-2026 20:09
SKU_003797,cart,14-05-2026 03:59
SKU_003798,view,11-03-2026 08:38
SKU_003799,cart,07-04-2026 16:03
SKU_003800,purchase,18-01-2026 08:02
SKU_003801,view,07-02-2026 15:22
SKU_003802,view,10-02-2026 01:27
SKU_003803,view,11-03-2026 19:01
SKU_003804,view,03-02-2026 23:20
SKU_003805,view,21-02-2026 12:25
SKU_003806,cart,29-03-2026 05:44
SKU_003807,purchase,13-04-2026 07:33
SKU_003808,view,12-05-2026 20:40
SKU_003809,cart,08-01-2026 23:32
SKU_003810,view,23-04-2026 12:44
SKU_003811,view,24-01-2026 21:02
SKU_003812,review,09-03-2026 09:07
SKU_003813,view,26-03-2026 04:04
SKU_003814,cart,30-03-2026 08:34
SKU_003815,view,21-04-2026 00:50
SKU_003816,cart,26-02-2026 06:28
SKU_003817,cart,12-04-2026 14:13
SKU_003818,wishlist,13-01-2026 13:08
SKU_003819,view,25-02-2026 23:23
SKU_003820,view,05-04-2026 12:46
SKU_003821,view,11-01-2026 07:53
SKU_003822,view,24-01-2026 23:15
SKU_003823,view,26-04-2026 03:54
SKU_003824,view,10-01-2026 16:33
SKU_003825,review,25-02-2026 00:06
SKU_003826,cart,08-04-2026 11:27
SKU_003827,review,10-05-2026 04:38
SKU_003828,view,28-01-2026 16:46
SKU_003829,purchase,08-02-2026 04:48
SKU_003830,view,23-05-2026 08:16
SKU_003831,purchase,02-04-2026 21:10
SKU_003832,view,04-05-2026 16:50
SKU_003833,view,12-05-2026 18:02
SKU_003834,purchase,20-02-2026 17:33
SKU_003835,purchase,03-02-2026 15:38
SKU_003836,wishlist,02-03-2026 08:08
SKU_003837,view,26-03-2026 15:03
SKU_003838,wishlist,20-04-2026 11:59
SKU_003839,view,12-05-2026 20:00
SKU_003840,view,08-02-2026 17:50
SKU_003841,cart,28-02-2026 11:03
SKU_003842,cart,01-03-2026 05:23
SKU_003843,cart,18-04-2026 15:08
SKU_003844,view,19-01-2026 15:35
SKU_003845,view,27-01-2026 21:58
SKU_003846,purchase,26-03-2026 20:04
SKU_003847,wishlist,13-04-2026 06:00
SKU_003848,review,10-03-2026 18:39
SKU_003849,view,23-03-2026 15:41
SKU_003850,purchase,25-03-2026 01:04
SKU_003851,view,01-04-2026 14:17
SKU_003852,wishlist,18-01-2026 04:06
SKU_003853,cart,28-01-2026 07:10
SKU_003854,view,28-02-2026 17:14
SKU_003855,cart,30-04-2026 11:04
SKU_003856,cart,11-01-2026 09:29
SKU_003857,view,25-01-2026 10:54
SKU_003858,wishlist,26-02-2026 23:04
SKU_003859,cart,18-03-2026 05:55
SKU_003860,wishlist,20-03-2026 05:50
SKU_003861,view,11-01-2026 14:53
SKU_003862,cart,06-03-2026 18:08
SKU_003863,view,04-04-2026 11:48
SKU_003864,view,20-04-2026 19:09
SKU_003865,wishlist,15-05-2026 02:23
SKU_003866,view,11-01-2026 07:05
SKU_003867,wishlist,09-02-2026 19:40
SKU_003868,view,11-04-2026 05:57
SKU_003869,view,17-05-2026 05:33
SKU_003870,cart,20-05-2026 05:14
SKU_003871,view,28-02-2026 10:15
SKU_003872,review,02-05-2026 23:48
SKU_003873,cart,05-04-2026 04:03
SKU_003874,view,14-01-2026 00:54
SKU_003875,cart,23-01-2026 06:34
SKU_003876,view,11-04-2026 22:32
SKU_003877,view,21-01-2026 02:50
SKU_003878,cart,02-04-2026 23:47
SKU_003879,view,11-01-2026 19:21
SKU_003880,view,24-01-2026 15:40
SKU_003881,view,28-02-2026 05:44
SKU_003882,wishlist,20-03-2026 13:22
SKU_003883,purchase,27-03-2026 06:29
SKU_003884,cart,29-04-2026 23:40
SKU_003885,view,13-05-2026 07:11
SKU_003886,view,05-02-2026 21:16
SKU_003887,wishlist,03-02-2026 03:52
SKU_003888,cart,10-04-2026 07:49
SKU_003889,view,26-02-2026 04:55
SKU_003890,cart,26-02-2026 07:39
SKU_003891,view,04-04-2026 07:08
SKU_003892,view,10-05-2026 14:56
SKU_003893,wishlist,21-01-2026 20:13
SKU_003894,view,22-03-2026 22:52
SKU_003895,view,01-04-2026 02:13
SKU_003896,view,16-05-2026 11:17
SKU_003897,cart,03-01-2026 03:21
SKU_003898,purchase,07-01-2026 14:50
SKU_003899,cart,28-02-2026 18:58
SKU_003900,view,23-04-2026 17:30
SKU_003901,view,28-01-2026 01:12
SKU_003902,view,01-04-2026 20:36
SKU_003903,view,21-05-2026 09:43
SKU_003904,view,10-02-2026 22:18
SKU_003905,view,09-03-2026 17:41
SKU_003906,cart,08-04-2026 17:06
SKU_003907,view,12-04-2026 22:56
SKU_003908,wishlist,18-05-2026 03:14
SKU_003909,view,28-01-2026 04:37
SKU_003910,wishlist,31-03-2026 05:20
SKU_003911,view,19-05-2026 20:59
SKU_003912,review,14-01-2026 05:52
SKU_003913,cart,15-03-2026 02:43
SKU_003914,view,04-04-2026 22:24
SKU_003915,wishlist,06-05-2026 06:32
SKU_003916,view,26-01-2026 03:09
SKU_003917,review,20-02-2026 08:04
SKU_003918,view,13-04-2026 00:41
SKU_003919,cart,08-05-2026 22:43
SKU_003920,view,16-05-2026 11:50
SKU_003921,purchase,06-01-2026 17:34
SKU_003922,cart,19-01-2026 17:54
SKU_003923,view,14-02-2026 23:49
SKU_003924,view,14-02-2026 23:01
SKU_003925,purchase,15-02-2026 22:42
SKU_003926,wishlist,04-03-2026 20:21
SKU_003927,view,23-05-2026 06:22
SKU_003928,view,13-01-2026 00:35
SKU_003929,wishlist,13-01-2026 11:59
SKU_003930,view,18-02-2026 15:20
SKU_003931,wishlist,29-04-2026 19:40
SKU_003932,cart,06-01-2026 17:17
SKU_003933,view,21-01-2026 21:44
SKU_003934,review,03-02-2026 19:12
SKU_003935,cart,04-03-2026 08:42
SKU_003936,view,03-05-2026 14:02
SKU_003937,view,26-03-2026 22:58
SKU_003938,view,06-04-2026 08:42
SKU_003939,view,12-05-2026 19:39
SKU_003940,review,05-01-2026 16:58
SKU_003941,view,17-01-2026 16:52
SKU_003942,view,07-02-2026 08:09
SKU_003943,view,24-04-2026 00:49
SKU_003944,view,03-05-2026 03:53
SKU_003945,view,14-01-2026 23:22
SKU_003946,wishlist,08-03-2026 03:49
SKU_003947,purchase,17-04-2026 03:15
SKU_003948,cart,21-04-2026 08:26
SKU_003949,cart,06-02-2026 22:06
SKU_003950,view,10-02-2026 06:54
SKU_003951,purchase,02-04-2026 23:45
SKU_003952,purchase,21-04-2026 18:07
SKU_003953,view,27-03-2026 05:19
SKU_003954,wishlist,14-01-2026 18:16
SKU_003955,view,16-01-2026 04:10
SKU_003956,view,25-01-2026 16:45
SKU_003957,view,21-04-2026 12:26
SKU_003958,purchase,05-01-2026 09:03
SKU_003959,view,13-02-2026 12:00
SKU_003960,wishlist,26-02-2026 07:00
SKU_003961,view,06-03-2026 06:11
SKU_003962,purchase,15-04-2026 23:05
SKU_003963,view,15-01-2026 12:29
SKU_003964,cart,14-04-2026 18:35
SKU_003965,cart,22-04-2026 17:21
SKU_003966,cart,11-01-2026 23:59
SKU_003967,purchase,19-03-2026 12:29
SKU_003968,cart,01-05-2026 03:05
SKU_003969,view,06-01-2026 19:42
SKU_003970,view,07-01-2026 06:24
SKU_003971,view,07-05-2026 20:16
SKU_003972,view,28-01-2026 01:07
SKU_003973,view,13-01-2026 02:28
SKU_003974,wishlist,15-02-2026 18:03
SKU_003975,cart,09-05-2026 19:22
SKU_003976,cart,07-01-2026 20:47
SKU_003977,cart,14-01-2026 17:46
SKU_003978,view,09-03-2026 03:45
SKU_003979,cart,22-03-2026 19:49
SKU_003980,purchase,17-05-2026 12:38
SKU_003981,view,09-01-2026 02:31
SKU_003982,cart,21-01-2026 04:57
SKU_003983,cart,21-05-2026 10:57
SKU_003984,purchase,05-01-2026 03:55
SKU_003985,view,14-02-2026 05:24
SKU_003986,wishlist,28-02-2026 22:01
SKU_003987,view,03-04-2026 17:44
SKU_003988,view,04-01-2026 12:19
SKU_003989,view,15-03-2026 16:04
SKU_003990,view,18-04-2026 06:49
SKU_003991,view,13-05-2026 10:04
SKU_003992,wishlist,13-05-2026 17:47
SKU_003993,review,23-01-2026 10:39
SKU_003994,view,23-01-2026 21:53
SKU_003995,view,27-01-2026 18:03
SKU_003996,view,27-03-2026 01:00
SKU_003997,view,30-04-2026 13:09
SKU_003998,view,18-01-2026 20:42
SKU_003999,view,25-04-2026 07:09
SKU_004000,wishlist,03-01-2026 21:25
SKU_004001,view,09-01-2026 21:20
SKU_004002,view,18-02-2026 12:43
SKU_004003,view,21-04-2026 07:17
SKU_004004,view,20-05-2026 18:38
SKU_004005,review,17-02-2026 10:15
SKU_004006,view,27-04-2026 23:27
SKU_004007,view,08-05-2026 05:29
SKU_004008,view,08-05-2026 11:55
SKU_004009,wishlist,09-02-2026 23:22
SKU_004010,wishlist,07-04-2026 02:32
SKU_004011,purchase,16-04-2026 13:34
SKU_004012,view,28-03-2026 03:03
SKU_004013,view,19-05-2026 11:26
SKU_004014,view,17-02-2026 10:04
SKU_004015,cart,21-02-2026 22:48
SKU_004016,view,26-02-2026 20:00
SKU_004017,view,13-04-2026 07:16
SKU_004018,view,07-05-2026 22:12
SKU_004019,wishlist,16-01-2026 05:35
SKU_004020,cart,27-01-2026 15:04
SKU_004021,view,09-02-2026 12:38
SKU_004022,cart,24-02-2026 07:53
SKU_004023,view,05-04-2026 09:53
SKU_004024,cart,07-01-2026 23:09
SKU_004025,cart,15-02-2026 15:40
SKU_004026,view,05-01-2026 03:13
SKU_004027,cart,07-01-2026 13:18
SKU_004028,view,23-01-2026 04:23
SKU_004029,review,07-04-2026 21:04
SKU_004030,purchase,24-02-2026 04:39
SKU_004031,view,04-01-2026 15:50
SKU_004032,view,16-03-2026 06:59
SKU_004033,view,16-03-2026 16:39
SKU_004034,cart,07-04-2026 04:31
SKU_004035,wishlist,07-01-2026 01:53
SKU_004036,purchase,11-01-2026 03:32
SKU_004037,purchase,01-03-2026 06:05
SKU_004038,wishlist,16-04-2026 03:48
SKU_004039,view,09-05-2026 05:41
SKU_004040,view,06-01-2026 07:26
SKU_004041,wishlist,12-02-2026 01:10
SKU_004042,view,25-04-2026 18:04
SKU_004043,cart,12-01-2026 02:11
SKU_004044,review,22-01-2026 04:57
SKU_004045,purchase,22-05-2026 14:26
SKU_004046,view,23-05-2026 19:16
SKU_004047,wishlist,24-03-2026 07:12
SKU_004048,view,01-04-2026 00:04
SKU_004049,review,21-04-2026 08:29
SKU_004050,view,22-04-2026 04:31
SKU_004051,review,20-05-2026 15:48
SKU_004052,view,03-01-2026 22:45
SKU_004053,cart,26-01-2026 14:34
SKU_004054,view,17-01-2026 14:37
SKU_004055,cart,18-02-2026 12:46
SKU_004056,view,16-04-2026 09:39
SKU_004057,view,22-02-2026 04:27
SKU_004058,cart,12-03-2026 05:37
SKU_004059,wishlist,09-05-2026 00:14
SKU_004060,view,25-01-2026 03:18
SKU_004061,view,04-02-2026 17:11
SKU_004062,view,21-02-2026 08:44
SKU_004063,view,28-03-2026 04:17
SKU_004064,view,04-04-2026 05:55
SKU_004065,view,19-04-2026 01:58
SKU_004066,purchase,04-05-2026 20:05
SKU_004067,review,02-03-2026 23:28
SKU_004068,view,18-04-2026 01:56
SKU_004069,view,29-04-2026 12:20
SKU_004070,view,25-01-2026 16:53
SKU_004071,view,20-02-2026 09:32
SKU_004072,purchase,07-04-2026 02:32
SKU_004073,view,15-02-2026 04:19
SKU_004074,cart,05-02-2026 18:41
SKU_004075,wishlist,09-01-2026 03:31
SKU_004076,view,03-03-2026 14:53
SKU_004077,wishlist,18-04-2026 11:04
SKU_004078,view,23-04-2026 14:29
SKU_004079,cart,04-01-2026 03:06
SKU_004080,view,10-03-2026 14:39
SKU_004081,view,12-05-2026 17:30
SKU_004082,cart,16-01-2026 01:04
SKU_004083,view,10-04-2026 05:35
SKU_004084,view,05-03-2026 06:17
SKU_004085,wishlist,21-04-2026 18:05
SKU_004086,view,14-01-2026 20:42
SKU_004087,view,24-02-2026 23:16
SKU_004088,wishlist,24-03-2026 19:31
SKU_004089,view,05-05-2026 15:24
SKU_004090,cart,27-02-2026 02:25
SKU_004091,view,14-03-2026 18:18
SKU_004092,view,02-04-2026 09:33
SKU_004093,purchase,07-05-2026 14:26
SKU_004094,cart,05-01-2026 23:00
SKU_004095,wishlist,21-01-2026 15:04
SKU_004096,cart,11-02-2026 01:33
SKU_004097,cart,02-03-2026 19:10
SKU_004098,view,29-04-2026 06:19
SKU_004099,view,15-03-2026 13:31
SKU_004100,wishlist,24-04-2026 03:30
SKU_004101,cart,16-01-2026 00:17
SKU_004102,review,16-01-2026 05:34
SKU_004103,cart,13-02-2026 14:37
SKU_004104,wishlist,07-05-2026 01:32
SKU_004105,view,10-01-2026 23:41
SKU_004106,cart,24-01-2026 13:01
SKU_004107,view,13-04-2026 11:31
SKU_004108,view,28-04-2026 21:18
SKU_004109,wishlist,23-05-2026 08:14
SKU_004110,wishlist,17-02-2026 04:48
SKU_004111,review,17-02-2026 09:15
SKU_004112,view,05-03-2026 19:46
SKU_004113,view,23-01-2026 09:52
SKU_004114,review,16-02-2026 19:21
SKU_004115,view,15-05-2026 13:57
SKU_004116,cart,10-03-2026 08:22
SKU_004117,cart,12-03-2026 08:25
SKU_004118,wishlist,14-02-2026 14:46
SKU_004119,review,14-02-2026 17:30
SKU_004120,purchase,23-03-2026 07:59
SKU_004121,view,29-03-2026 04:20
SKU_004122,purchase,21-04-2026 13:19
SKU_004123,view,27-01-2026 19:46
SKU_004124,view,20-02-2026 12:59
SKU_004125,view,25-02-2026 16:58
SKU_004126,cart,28-04-2026 14:02
SKU_004127,view,10-05-2026 07:19
SKU_004128,view,04-02-2026 22:28
SKU_004129,view,08-02-2026 11:13
SKU_004130,view,30-03-2026 04:06
SKU_004131,cart,03-05-2026 20:16
SKU_004132,view,07-01-2026 14:48
SKU_004133,view,20-01-2026 14:40
SKU_004134,view,25-01-2026 13:03
SKU_004135,cart,25-03-2026 18:33
SKU_004136,cart,25-01-2026 17:58
SKU_004137,view,10-03-2026 19:28
SKU_004138,view,17-03-2026 08:44
SKU_004139,view,20-03-2026 02:56
SKU_004140,wishlist,24-03-2026 00:20
SKU_004141,view,25-04-2026 20:29
SKU_004142,wishlist,29-04-2026 05:00
SKU_004143,view,30-04-2026 17:42
SKU_004144,view,21-03-2026 09:29
SKU_004145,wishlist,29-03-2026 04:00
,,
,,
,,
,,
,,
,,
,,
,,
,,
,,
,,
,,
,,
,,
,,
,,
,,
,,
,,
,,
,,
,,
,,
,,
,,
,,
,,
,,
,,
,,
,,
,,
,,
,,
,,
,,
,,
,,
,,
,,
,,
,,
,,
,,
,,
,,
,,
,,
,,
,,
,,
,,
,,
,,
,,
,,
,,
,,
,,
,,
,,
,,
,,
,,
,,
,,
,,
,,
,,
,,
,,
,,
,,
,,
,,
,,
,,
,,
,,
,,
,,
,,
,,
,,
,,
,,
,,
,,
,,
,,
,,
,,
,,
,,
,,
,,
,,
,,
,,
,,
,,
,,
,,
,,
,,
,,
,,
,,
,,
,,
,,
,,
,,
,,
,,
,,
,,
,,
,,
,,
,,
,,
,,
,,
,,
,,
,,
,,
,,
,,
,,
,,
,,
,,
,,
,,
,,
,,
,,
,,
,,
,,
,,
,,
,,
,,
,,
,,
,,
,,
,,
,,
,,
,,
,,
,,
,,
,,
,,
,,
,,
,,
,,
,,
,,
,,
,,
,,
,,
,,
,,
,,
,,
,,
,,
,,
,,
,,
,,
,,
,,
,,
,,
,,
,,
,,
,,
,,
,,
,,
,,
,,
,,
,,
,,
,,
,,
,,
,,
,,
,,
,,
,,
,,
,,
,,
,,
,,
,,
,,
,,
,,
,,
,,
,,
,,
,,
,,
,,
,,
,,
,,
,,
,,
,,
,,
,,
,,
,,
,,
,,
,,
,,
,,
,,
,,
,,
,,
,,
,,
,,
,,
,,
,,
,,
,,
,,
,,
,,
,,
,,
,,
,,
,,
,,
,,
,,
,,
,,
,,
,,
,,
,,
,,
,,
,,
,,
,,
,,
,,
,,
,,
,,
,,
,,
,,
,,
,,
,,
,,
,,
,,
,,
,,
,,
,,
,,
,,
,,
,,
,,
,,
,,
,,
,,
,,
,,
,,
,,
,,
,,
,,
,,
,,
,,
,,
,,
,,
,,
,,
,,
,,
,,
,,
,,
,,
,,
,,
,,
,,
,,
,,
,,
,,
,,
,,
,,
,,
,,
,,
,,
,,
,,
,,
,,
,,
,,
,,
,,
,,
,,
,,
,,
,,
,,
,,
,,
,,
,,
,,
,,
,,
,,
,,
,,
,,
,,
,,
,,
,,
,,
,,
,,
,,
,,
,,
,,
,,
,,
,,
,,
,,
,,
,,
,,
,,
,,
,,
,,
,,
,,
,,
,,
,,
,,
,,
,,
,,
,,
,,
,,
,,
,,
,,
,,
,,
,,
,,
,,
,,
,,
,,
,,
,,
,,
,,
,,
,,
,,
,,
,,
,,
,,
,,
,,
,,
,,
,,
,,
,,
,,
,,
,,
,,
,,
,,
,,
,,
,,
,,
,,
,,
,,
,,
,,
,,
,,
,,
,,
,,
,,
,,
,,
,,
,,
,,
,,
,,
,,
,,
,,
,,
,,
,,
,,
,,
,,
,,
,,
,,
,,
,,
,,
,,
,,
,,
,,
,,
,,
,,
,,
,,
,,
,,
,,
,,
,,
,,
,,
,,
,,
,,
,,
,,
,,
,,
,,
,,
,,
,,
,,
,,
,,
,,
,,
,,
,,
,,
,,
,,
,,
,,
,,
,,
,,
,,
,,
,,
,,
,,
,,
,,
,,
,,
,,
,,
,,
,,
,,
,,
,,
,,
,,
,,
,,
,,
,,
,,
,,
,,
,,
,,
,,
,,
,,
,,
,,
,,
,,
,,
,,
,,
,,
,,
,,
,,
,,
,,
,,
,,
,,
,,
,,
,,
,,
,,
,,
,,
,,
,,
,,
,,
,,
,,
,,
,,
,,
,,
,,
,,
,,
,,
,,
,,
,,
,,
,,
,,
,,
,,
,,
,,
,,
,,
,,
,,
,,
,,
,,
,,
,,
,,
,,
,,
,,
,,
,,
,,
,,
,,
,,
,,
,,
,,
,,
,,
,,
,,
,,
,,
,,
,,
,,
,,
,,
,,
,,
,,
,,
,,
,,
,,
,,
,,
,,
,,
,,
,,
,,
,,
,,
,,
,,
,,
,,
,,
,,
,,
,,
,,
,,
,,
,,
,,
,,
,,
,,
,,
,,
,,
,,
,,
,,
,,
,,
,,
,,
,,
,,
,,
,,
,,
,,
,,
,,
,,
,,
,,
,,
,,
,,
,,
,,
,,
,,
,,
,,
,,
,,
,,
,,
,,
,,
,,
,,
,,
,,
,,
,,
,,
,,
,,
,,
,,
,,
,,
,,
,,
,,
,,
,,
,,
,,
,,
,,
,,
,,
,,
,,
,,
,,
,,
,,
,,
,,
,,
,,
,,
,,
,,
,,
,,
,,
,,
,,
,,
,,
,,
,,
,,
,,
,,
,,
,,
,,
,,
,,
,,
,,
,,
,,
,,
,,
,,
,,
,,
,,
,,
,,
,,
,,
,,
,,
,,
,,
,,
,,
,,
,,
,,
,,
,,
,,
,,
,,
,,
,,
,,
,,
,,
,,
,,
,,
,,
,,
,,
,,
,,
,,
,,
,,
,,
,,
,,
,,
,,
,,
,,
,,
,,
,,
,,
,,
,,
,,
,,
,,
,,
,,
,,
,,
,,
,,
,,
,,
,,
,,
,,
,,
,,
,,
,,
,,
,,
,,
,,
,,
,,
,,
,,
,,
,,
,,
,,
,,
,,
,,
,,
,,
,,
,,
,,
,,
,,
,,
,,
,,
,,
,,
,,
,,
,,
,,
,,
,,
,,
,,
,,
,,
,,
,,
,,
,,
,,
,,
,,
,,
,,
,,
,,
,,
,,
,,
,,
,,
,,
,,
,,
,,
,,
,,
,,
,,
,,
,,
,,
,,
,,
,,
,,
,,
,,
,,
,,
,,
,,
,,
,,
,,
,,
,,
,,
,,
,,
,,
,,
,,
,,
,,
,,
,,
,,
,,
,,
,,
,,
,,
,,
,,
,,
,,
,,
,,
,,
,,
,,
,,
,,
,,
,,
,,
,,
,,
,,
,,
,,
,,
,,
,,
,,
,,
,,
,,
,,
,,
,,
,,
,,
,,
,,
,,
,,
,,
,,
,,
,,
,,
,,
,,
,,
,,
,,
,,
,,
,,
,,
,,
,,
,,
,,
,,
,,
,,
,,
,,
,,
,,
,,
,,
,,
,,
,,
,,
,,
,,
,,
,,
,,
,,
,,
,,
,,
,,
,,
,,
,,
,,
,,
,,
,,
,,
,,
,,
,,
,,
,,
,,
,,
,,
,,
,,
,,
,,
,,
,,
,,
,,
,,
,,
,,
,,
,,
,,
,,
,,
,,
,,
,,
,,
,,
,,
,,
,,
,,
,,
,,
,,
,,
,,
,,
,,
,,
,,
,,
,,
,,
,,
,,
,,
,,
,,
,,
,,
,,
,,
,,
,,
,,
,,
,,
,,
,,
,,
,,
,,
,,
,,
,,
,,
,,
,,
,,
,,
,,
,,
,,
,,
,,
,,
,,
,,
,,
,,
,,
,,
,,
,,
,,
,,
,,
,,
,,
,,
,,
,,
,,
,,
,,
,,
,,
,,
,,
,,
,,
,,
,,
,,
,,
,,
,,
,,
,,
,,
,,
,,
,,
,,
,,
,,
,,
,,
,,
,,
,,
,,
,,
,,
,,
,,
,,
,,
,,
,,
,,
,,
,,
,,
,,
,,
,,
,,
,,
,,
,,
,,
,,
,,
,,
,,
,,
,,
,,
,,
,,
,,
,,
,,
,,
,,
,,
,,
,,
,,
,,
,,
,,
,,
,,
,,
,,
,,
,,
,,
,,
,,
,,
,,
,,
,,
,,
,,
,,
,,
,,
,,
,,
,,
,,
,,
,,
,,
,,
,,
,,
,,
,,
,,
,,
,,
,,
,,
,,
,,
,,
,,
,,
,,
,,
,,
,,
,,
,,
,,
,,
,,
,,
,,
,,
,,
,,
,,
,,
,,
,,
,,
,,
,,
,,
,,
,,
,,
,,
,,
,,
,,
,,
,,
,,
,,
,,
,,
,,
,,
,,
,,
,,
,,
,,
,,
,,
,,
,,
,,
,,
,,
,,
,,
,,
,,
,,
,,
,,
,,
,,
,,
,,
,,
,,
,,
,,
,,
,,
,,
,,
,,
,,
,,
,,
,,
,,
,,
,,
,,
,,
,,
,,
,,
,,
,,
,,
,,
,,
,,
,,
,,
,,
,,
,,
,,
,,
,,
,,
,,
,,
,,
,,
,,
,,
,,
,,
,,
,,
,,
,,
,,
,,
,,
,,
,,
,,
,,
,,
,,
,,
,,
,,
,,
,,
,,
,,
,,
,,
,,
,,
,,
,,
,,
,,
,,
,,
,,
,,
,,
,,
,,
,,
,,
,,
,,
,,
,,
,,
,,
,,
,,
,,
,,
,,
,,
,,
,,
,,
,,
,,
,,
,,
,,
,,
,,
,,
,,
,,
,,
,,
,,
,,
,,
,,
,,
,,
,,
,,
,,
,,
,,
,,
,,
,,
,,
,,
,,
,,
,,
,,
,,
,,
,,
,,
,,
,,
,,
,,
,,
,,
,,
,,
,,
,,
,,
,,
,,
,,
,,
,,
,,
,,
,,
,,
,,
,,
,,
,,
,,
,,
,,
,,
,,
,,
,,
,,
,,
,,
,,
,,
,,
,,
,,
,,
,,
,,
,,
,,
,,
,,
,,
,,
,,
,,
,,
,,
,,
,,
,,
,,
,,
,,
,,
,,
,,
,,
,,
,,
,,
,,
,,
,,
,,
,,
,,
,,
,,
,,
,,
,,
,,
,,
,,
,,
,,
,,
,,
,,
,,
,,
,,
,,
,,
,,
,,
,,
,,
,,
,,
,,
,,
,,
,,
,,
,,
,,
,,
,,
,,
,,
,,
,,
,,
,,
,,
,,
,,
,,
,,
,,
,,
,,
,,
,,
,,
,,
,,
,,
,,
,,
,,
,,
,,
,,
,,
,,
,,
,,
,,
,,
,,
,,
,,
,,
,,
,,
,,
,,
,,
,,
,,
,,
,,
,,
,,
,,
,,
,,
,,
,,
,,
,,
,,
,,
,,
,,
,,
,,
,,
,,
,,
,,
,,
,,
,,
,,
,,
,,
,,
,,
,,
,,
,,
,,
,,
,,
,,
,,
,,
,,
,,
,,
,,
,,
,,
,,
,,
,,
,,
,,
,,
,,
,,
,,
,,
,,
,,
,,
,,
,,
,,
,,
,,
,,
,,
,,
,,
,,
,,
,,
,,
,,
,,
,,
,,
,,
,,
,,
,,
,,
,,
,,
,,
,,
,,
,,
,,
,,
,,
,,
,,
,,
,,
,,
,,
,,
,,
,,
,,
,,
,,
,,
,,
,,
,,
,,
,,
,,
,,
,,
,,
,,
,,
,,
,,
,,
,,
,,
,,
,,
,,
,,
,,
,,
,,
,,
,,
,,
,,
,,
,,
,,
,,
,,
,,
,,
,,
,,
,,
,,
,,
,,
,,
,,
,,
,,
,,
,,
,,
,,
,,
,,
,,
,,
,,
,,
,,
,,
,,
,,
,,
,,
,,
,,
,,
,,
,,
,,
,,
,,
,,
,,
,,
,,
,,
,,
,,
,,
,,
,,
,,
,,
,,
,,
,,
,,
,,
,,
,,
,,
,,
,,
,,
,,
,,
,,
,,
,,
,,
,,
,,
,,
,,
,,
,,
,,
,,
,,
,,
,,
,,
,,
,,
,,
,,
,,
,,
,,
,,
,,
,,
,,
,,
,,
,,
,,
,,
,,
,,
,,
,,
,,
,,
,,
,,
,,
,,
,,
,,
,,
,,
,,
,,
,,
,,
,,
,,
,,
,,
,,
,,
,,
,,
,,
,,
,,
,,
,,
,,
,,
,,
,,
,,
,,
,,
,,
,,
,,
,,
,,
,,
,,
,,
,,
,,
,,
,,
,,
,,
,,
,,
,,
,,
,,
,,
,,
,,
,,
,,
,,
,,
,,
,,
,,
,,
,,
,,
,,
,,
,,
,,
,,
,,
,,
,,
,,
,,
,,
,,
,,
,,
,,
,,
,,
,,
,,
,,
,,
,,
,,
,,
,,
,,
,,
,,
,,
,,
,,
,,
,,
,,
,,
,,
,,
,,
,,
,,
,,
,,
,,
,,
,,
,,
,,
,,
,,
,,
,,
,,
,,
,,
,,
,,
,,
,,
,,
,,
,,
,,
,,
,,
,,
,,
,,
,,
,,
,,
,,
,,
,,
,,
,,
,,
,,
,,
,,
,,
,,
,,
,,
,,
,,
,,
,,
,,
,,
,,
,,
,,
,,
,,
,,
,,
,,
,,
,,
,,
,,
,,
,,
,,
,,
,,
,,
,,
,,
,,
,,
,,
,,
,,
,,
,,
,,
,,
,,
,,
,,
,,
,,
,,
,,
,,
,,
,,
,,
,,
,,
,,
,,
,,
,,
,,
,,
,,
,,
,,
,,
,,
,,
,,
,,
,,
,,
,,
,,
,,
,,
,,
,,
,,
,,
,,
,,
,,
,,
,,
,,
,,
,,
,,
,,
,,
,,
,,
,,
,,
,,
,,
,,
,,
,,
,,
,,
,,
,,
,,
,,
,,
,,
,,
,,
,,
,,
,,
,,
,,
,,
,,
,,
,,
,,
,,
,,
,,
,,
,,
,,
,,
,,
,,
,,
,,
,,
,,
,,
,,
,,
,,
,,
,,
,,
,,
,,
,,
,,
,,
,,
,,
,,
,,
,,
,,
,,
,,
,,
,,
,,
,,
,,
,,
,,
,,
,,
,,
,,
,,
,,
,,
,,
,,
,,
,,
,,
,,
,,
,,
,,
,,
,,
,,
,,
,,
,,
,,
,,
,,
,,
,,
,,
,,
,,
,,
,,
,,
,,
,,
,,
,,
,,
,,
,,
,,
,,
,,
,,
,,
,,
,,
,,
,,
,,
,,
,,
,,
,,
,,
,,
,,
,,
,,
,,
,,
,,
,,
,,
,,
,,
,,
,,
,,
,,
,,
,,
,,
,,
,,
,,
,,
,,
,,
,,
,,
,,
,,
,,
,,
,,
,,
,,
,,
,,
,,
,,
,,
,,
,,
,,
,,
,,
,,
,,
,,
,,
,,
,,
,,
,,
,,
,,
,,
,,
,,
,,
,,
,,
,,
,,
,,
,,
,,
,,
,,
,,
,,
,,
,,
,,
,,
,,
,,
,,
,,
,,
,,
,,
,,
,,
,,
,,
,,
,,
,,
,,
,,
,,
,,
,,
,,
,,
,,
,,
,,
,,
,,
,,
,,
,,
,,
,,
,,
,,
,,
,,
,,
,,
,,
,,
,,
,,
,,
,,
,,
,,
,,
,,
,,
,,
,,
,,
,,
,,
,,
,,
,,
,,
,,
,,
,,
,,
,,
,,
,,
,,
,,
,,
,,
,,
,,
,,
,,
,,
,,
,,
,,
,,
,,
,,
,,
,,
,,
,,
,,
,,
,,
,,
,,
,,
,,
,,
,,
,,
,,
,,
,,
,,
,,
,,
,,
,,
,,
,,
,,
,,
,,
,,
,,
,,
,,
,,
,,
,,
,,
,,
,,
,,
,,
,,
,,
,,
,,
,,
,,
,,
,,
,,
,,
,,
,,
,,
,,
,,
,,
,,
,,
,,
,,
,,
,,
,,
,,
,,
,,
,,
,,
,,
,,
,,
,,
,,
,,
,,
,,
,,
,,
,,
,,
,,
,,
,,
,,
,,
,,
,,
,,
,,
,,
,,
,,
,,
,,
,,
,,
,,
,,
,,
,,
,,
,,
,,
,,
,,
,,
,,
,,
,,
,,
,,
,,
,,
,,
,,
,,
,,
,,
,,
,,
,,
,,
,,
,,
,,
,,
,,
,,
,,
,,
,,
,,
,,
,,
,,
,,
,,
,,
,,
,,
,,
,,
,,
,,
,,
,,
,,
,,
,,
,,
,,
,,
,,
,,
,,
,,
,,
,,
,,
,,
,,
,,
,,
,,
,,
,,
,,
,,
,,
,,
,,
,,
,,
,,
,,
,,
,,
,,
,,
,,
,,
,,
,,
,,
,,
,,
,,
,,
,,
,,
,,
,,
,,
,,
,,
,,
,,
,,
,,
,,
,,
,,
,,
,,
,,
,,
,,
,,
,,
,,
,,
,,
,,
,,
,,
,,
,,
,,
,,
,,
,,
,,
,,
,,
,,
,,
,,
,,
,,
,,
,,
,,
,,
,,
,,
,,
,,
,,
,,
,,
,,
,,
,,
,,
,,
,,
,,
,,
,,
,,
,,
,,
,,
,,
,,
,,
,,
,,
,,
,,
,,
,,
,,
,,
,,
,,
,,
,,
,,
,,
,,
,,
,,
,,
,,
,,
,,
,,
,,
,,
,,
,,
,,
,,
,,
,,
,,
,,
,,
,,
,,
,,
,,
,,
,,
,,
,,
,,
,,
,,
,,
,,
,,
,,
,,
,,
,,
,,
,,
,,
,,
,,
,,
,,
,,
,,
,,
,,
,,
,,
,,
,,
,,
,,
,,
,,
,,
,,
,,
,,
,,
,,
,,
,,
,,
,,
,,
,,
,,
,,
,,
,,
,,
,,
,,
,,
,,
,,
,,
,,
,,
,,
,,
,,
,,
,,
,,
,,
,,
,,
,,
,,
,,
,,
,,
,,
,,
,,
,,
,,
,,
,,
,,
,,
,,
,,
,,
,,
,,
,,
,,
,,
,,
,,
,,
,,
,,
,,
,,
,,
,,
,,
,,
,,
,,
,,
,,
,,
,,
,,
,,
,,
,,
,,
,,
,,
,,
,,
,,
,,
,,
,,
,,
,,
,,
,,
,,
,,
,,
,,
,,
,,
,,
,,
,,
,,
,,
,,
,,
,,
,,
,,
,,
,,
,,
,,
,,
,,
,,
,,
,,
,,
,,
,,
,,
,,
,,
,,
,,
,,
,,
,,
,,
,,
,,
,,
,,
,,
,,
,,
,,
,,
,,
,,
,,
,,
,,
,,
,,
,,
,,
,,
,,
,,
,,
,,
,,
,,
,,
,,
,,
,,
,,
,,
,,
,,
,,
,,
,,
,,
,,
,,
,,
,,
,,
,,
,,
,,
,,
,,
,,
,,
,,
,,
,,
,,
,,
,,
,,
,,
,,
,,
,,
,,
,,
,,
,,
,,
,,
,,
,,
,,
,,
,,
,,
,,
,,
,,
,,
,,
,,
,,
,,
,,
,,
,,
,,
,,
,,
,,
,,
,,
,,
,,
,,
,,
,,
,,
,,
,,
,,
,,
,,
,,
,,
,,
,,
,,
,,
,,
,,
,,
,,
,,
,,
,,
,,
,,
,,
,,
,,
,,
,,
,,
,,
,,
,,
,,
,,
,,
,,
,,
,,
,,
,,
,,
,,
,,
,,
,,
,,
,,
,,
,,
,,
,,
,,
,,
,,
,,
,,
,,
,,
,,
,,
,,
,,
,,
,,
,,
,,
,,
,,
,,
,,
,,
,,
,,
,,
,,
,,
,,
,,
,,
,,
,,
,,
,,
,,
,,
,,
,,
,,
,,
,,
,,
,,
,,
,,
,,
,,
,,
,,
,,
,,
,,
,,
,,
,,
,,
,,
,,
,,
,,
,,
,,
,,
,,
,,
,,
,,
,,
,,
,,
,,
,,
,,
,,
,,
,,
,,
,,
,,
,,
,,
,,
,,
,,
,,
,,
,,
,,
,,
,,
,,
,,
,,
,,
,,
,,
,,
,,
,,
,,
,,
,,
,,
,,
,,
,,
,,
,,
,,
,,
,,
,,
,,
,,
,,
,,
,,
,,
,,
,,
,,
,,
,,
,,
,,
,,
,,
,,
,,
,,
,,
,,
,,
,,
,,
,,
,,
,,
,,
,,
,,
,,
,,
,,
,,
,,
,,
,,
,,
,,
,,
,,
,,
,,
,,
,,
,,
,,
,,
,,
,,
,,
,,
,,
,,
,,
,,
,,
,,
,,
,,
,,
,,
,,
,,
,,
,,
,,
,,
,,
,,
,,
,,
,,
,,
,,
,,
,,
,,
,,
,,
,,
,,
,,
,,
,,
,,
,,
,,
,,
,,
,,
,,
,,
,,
,,
,,
,,
,,
,,
,,
,,
,,
,,
,,
,,
,,
,,
,,
,,
,,
,,
,,
,,
,,
,,
,,
,,
,,
,,
,,
,,
,,
,,
,,
,,
,,
,,
,,
,,
,,
,,
,,
,,
,,
,,
,,
,,
,,
,,
,,
,,
,,
,,
,,
,,
,,
,,
,,
,,
,,
,,
,,
,,
,,
,,
,,
,,
,,
,,
,,
,,
,,
,,
,,
,,
,,
,,
,,
,,
,,
,,
,,
,,
,,
,,
,,
,,
,,
,,
,,
,,
,,
,,
,,
,,
,,
,,
,,
,,
,,
,,
,,
,,
,,
,,
,,
,,
,,
,,
,,
,,
,,
,,
,,
,,
,,
,,
,,
,,
,,
,,
,,
,,
,,
,,
,,
,,
,,
,,
,,
,,
,,
,,
,,
,,
,,
,,
,,
,,
,,
,,
,,
,,
,,
,,
,,
,,
,,
,,
,,
,,
,,
,,
,,
,,
,,
,,
,,
,,
,,
,,
,,
,,
,,
,,
,,
,,
,,
,,
,,
,,
,,
,,
,,
,,
,,
,,
,,
,,
,,
,,
,,
,,
,,
,,
,,
,,
,,
,,
,,
,,
,,
,,
,,
,,
,,
,,
,,
,,
,,
,,
,,
,,
,,
,,
,,
,,
,,
,,
,,
,,
,,
,,
,,
,,
,,
,,
,,
,,
,,
,,
,,
,,
,,
,,
,,
,,
,,
,,
,,
,,
,,
,,
,,
,,
,,
,,
,,
,,
,,
,,
,,
,,
,,
,,
,,
,,
,,
,,
,,
,,
,,
,,
,,
,,
,,
,,
,,
,,
,,
,,
,,
,,
,,
,,
,,
,,
,,
,,
,,
,,
,,
,,
,,
,,
,,
,,
,,
,,
,,
,,
,,
,,
,,
,,
,,
,,
,,
,,
,,
,,
,,
,,
,,
,,
,,
,,
,,
,,
,,
,,
,,
,,
,,
,,
,,
,,
,,
,,
,,
,,
,,
,,
,,
,,
,,
,,
,,
,,
,,
,,
,,
,,
,,
,,
,,
,,
,,
,,
,,
,,
,,
,,
,,
,,
,,
,,
,,
,,
,,
,,
,,
,,
,,
,,
,,
,,
,,
,,
,,
,,
,,
,,
,,
,,
,,
,,
,,
,,
,,
,,
,,
,,
,,
,,
,,
,,
,,
,,
,,
,,
,,
,,
,,
,,
,,
,,
,,
,,
,,
,,
,,
,,
,,
,,
,,
,,
,,
,,
,,
,,
,,
,,
,,
,,
,,
,,
,,
,,
,,
,,
,,
,,
,,
,,
,,
,,
,,
,,
,,
,,
,,
,,
,,
,,
,,
,,
,,
,,
,,
,,
,,
,,
,,
,,
,,
,,
,,
,,
,,
,,
,,
,,
,,
,,
,,
,,
,,
,,
,,
,,
,,
,,
,,
,,
,,
,,
,,
,,
,,
,,
,,
,,
,,
,,
,,
,,
,,
,,
,,
,,
,,
,,
,,
,,
,,
,,
,,
,,
,,
,,
,,
,,
,,
,,
,,
,,
,,
,,
,,
,,
,,
,,
,,
,,
,,
,,
,,
,,
,,
,,
,,
,,
,,
,,
,,
,,
,,
,,
,,
,,
,,
,,
,,
,,
,,
,,
,,
,,
,,
,,
,,
,,
,,
,,
,,
,,
,,
,,
,,
,,
,,
,,
,,
,,
,,
,,
,,
,,
,,
,,
,,
,,
,,
,,
,,
,,
,,
,,
,,
,,
,,
,,
,,
,,
,,
,,
,,
,,
,,
,,
,,
,,
,,
,,
,,
,,
,,
,,
,,
,,
,,
,,
,,
,,
,,
,,
,,
,,
,,
,,
,,
,,
,,
,,
,,
,,
,,
,,
,,
,,
,,
,,
,,
,,
,,
,,
,,
,,
,,
,,
,,
,,
,,
,,
,,
,,
,,
,,
,,
,,
,,
,,
,,
,,
,,
,,
,,
,,
,,
,,
,,
,,
,,
,,
,,
,,
,,
,,
,,
,,
,,
,,
,,
,,
,,
,,
,,
,,
,,
,,
,,
,,
,,
,,
,,
,,
,,
,,
,,
,,
,,
,,
,,
,,
,,
,,
,,
,,
,,
,,
,,
,,
,,
,,
,,
,,
,,
,,
,,
,,
,,
,,
,,
,,
,,
,,
,,
,,
,,
,,
,,
,,
,,
,,
,,
,,
,,
,,
,,
,,
,,
,,
,,
,,
,,
,,
,,
,,
,,
,,
,,
,,
,,
,,
,,
,,
,,
,,
,,
,,
,,
,,
,,
,,
,,
,,
,,
,,
,,
,,
,,
,,
,,
,,
,,
,,
,,
,,
,,
,,
,,
,,
,,
,,
,,
,,
,,
,,
,,
,,
,,
,,
,,
,,
,,
,,
,,
,,
,,
,,
,,
,,
,,
,,
,,
,,
,,
,,
,,
,,
,,
,,
,,
,,
,,
,,
,,
,,
,,
,,
,,
,,
,,
,,
,,
,,
,,
,,
,,
,,
,,
,,
,,
,,
,,
,,
,,
,,
,,
,,
,,
,,
,,
,,
,,
,,
,,
,,
,,
,,
,,
,,
,,
,,
,,
,,
,,
,,
,,
,,
,,
,,
,,
,,
,,
,,
,,
,,
,,
,,
,,
,,
,,
,,
,,
,,
,,
,,
,,
,,
,,
,,
,,
,,
,,
,,
,,
,,
,,
,,
,,
,,
,,
,,
,,
,,
,,
,,
,,
,,
,,
,,
,,
,,
,,
,,
,,
,,
,,
,,
,,
,,
,,
,,
,,
,,
,,
,,
,,
,,
,,
,,
,,
,,
,,
,,
,,
,,
,,
,,
,,
,,
,,
,,
,,
,,
,,
,,
,,
,,
,,
,,
,,
,,
,,
,,
,,
,,
,,
,,
,,
,,
,,
,,
,,
,,
,,
,,
,,
,,
,,
,,
,,
,,
,,
,,
,,
,,
,,
,,
,,
,,
,,
,,
,,
,,
,,
,,
,,
,,
,,
,,
,,
,,
,,
,,
,,
,,
,,
,,
,,
,,
,,
,,
,,
,,
,,
,,
,,
,,
,,
,,
,,
,,
,,
,,
,,
,,
,,
,,
,,
,,
,,
,,
,,
,,
,,
,,
,,
,,
,,
,,
,,
,,
,,
,,
,,
,,
,,
,,
,,
,,
,,
,,
,,
,,
,,
,,
,,
,,
,,
,,
,,
,,
,,
,,
,,
,,
,,
,,
,,
,,
,,
,,
,,
,,
,,
,,
,,
,,
,,
,,
,,
,,
,,
,,
,,
,,
,,
,,
,,
,,
,,
,,
,,
,,
,,
,,
,,
,,
,,
,,
,,
,,
,,
,,
,,
,,
,,
,,
,,
,,
,,
,,
,,
,,
,,
,,
,,
,,
,,
,,
,,
,,
,,
,,
,,
,,
,,
,,
,,
,,
,,
,,
,,
,,
,,
,,
,,
,,
,,
,,
,,
,,
,,
,,
,,
,,
,,
,,
,,
,,
,,
,,
,,
,,
,,
,,
,,
,,
,,
,,
,,
,,
,,
,,
,,
,,
,,
,,
,,
,,
,,
,,
,,
,,
,,
,,
,,
,,
,,
,,
,,
,,
,,
,,
,,
,,
,,
,,
,,
,,
,,
,,
,,
,,
,,
,,
,,
,,
,,
,,
,,
,,
,,
,,
,,
,,
,,
,,
,,
,,
,,
,,
,,
,,
,,
,,
,,
,,
,,
,,
,,
,,
,,
,,
,,
,,
,,
,,
,,
,,
,,
,,
,,
,,
,,
,,
,,
,,
,,
,,
,,
,,
,,
,,
,,
,,
,,
,,
,,
,,
,,
,,
,,
,,
,,
,,
,,
,,
,,
,,
,,
,,
,,
,,
,,
,,
,,
,,
,,
,,
,,
,,
,,
,,
,,
,,
,,
,,
,,
,,
,,
,,
,,
,,
,,
,,
,,
,,
,,
,,
,,
,,
,,
,,
,,
,,
,,
,,
,,
,,
,,
,,
,,
,,
,,
,,
,,
,,
,,
,,
,,
,,
,,
,,
,,
,,
,,
,,
,,
,,
,,
,,
,,
,,
,,
,,
,,
,,
,,
,,
,,
,,
,,
,,
,,
,,
,,
,,
,,
,,
,,
,,
,,
,,
,,
,,
,,
,,
,,
,,
,,
,,
,,
,,
,,
,,
,,
,,
,,
,,
,,
,,
,,
,,
,,
,,
,,
,,
,,
,,
,,
,,
,,
,,
,,
,,
,,
,,
,,
,,
,,
,,
,,
,,
,,
,,
,,
,,
,,
,,
,,
,,
,,
,,
,,
,,
,,
,,
,,
,,
,,
,,
,,
,,
,,
,,
,,
,,
,,
,,
,,
,,
,,
,,
,,
,,
,,
,,
,,
,,
,,
,,
,,
,,
,,
,,
,,
,,
,,
,,
,,
,,
,,
,,
,,
,,
,,
,,
,,
,,
,,
,,
,,
,,
,,
,,
,,
,,
,,
,,
,,
,,
,,
,,
,,
,,
,,
,,
,,
,,
,,
,,
,,
,,
,,
,,
,,
,,
,,
,,
,,
,,
,,
,,
,,
,,
,,
,,
,,
,,
,,
,,
,,
,,
,,
,,
,,
,,
,,
,,
,,
,,
,,
,,
,,
,,
,,
,,
,,
,,
,,
,,
,,
,,
,,
,,
,,
,,
,,
,,
,,
,,
,,
,,
,,
,,
,,
,,
,,
,,
,,
,,
,,
,,
,,
,,
,,
,,
,,
,,
,,
,,
,,
,,
,,
,,
,,
,,
,,
,,
,,
,,
,,
,,
,,
,,
,,
,,
,,
,,
,,
,,
,,
,,
,,
,,
,,
,,
,,
,,
,,
,,
,,
,,
,,
,,
,,
,,
,,
,,
,,
,,
,,
,,
,,
,,
,,
,,
,,
,,
,,
,,
,,
,,
,,
,,
,,
,,
,,
,,
,,
,,
,,
,,
,,
,,
,,
,,
,,
,,
,,
,,
,,
,,
,,
,,
,,
,,
,,
,,
,,
,,
,,
,,
,,
,,
,,
,,
,,
,,
,,
,,
,,
,,
,,
,,
,,
,,
,,
,,
,,
,,
,,
,,
,,
,,
,,
,,
,,
,,
,,
,,
,,
,,
,,
,,
,,
,,
,,
,,
,,
,,
,,
,,
,,
,,
,,
,,
,,
,,
,,
,,
,,
,,
,,
,,
,,
,,
,,
,,
,,
,,
,,
,,
,,
,,
,,
,,
,,
,,
,,
,,
,,
,,
,,
,,
,,
,,
,,
,,
,,
,,
,,
,,
,,
,,
,,
,,
,,
,,
,,
,,
,,
,,
,,
,,
,,
,,
,,
,,
,,
,,
,,
,,
,,
,,
,,
,,
,,
,,
,,
,,
,,
,,
,,
,,
,,
,,
,,
,,
,,
,,
,,
,,
,,
,,
,,
,,
,,
,,
,,
,,
,,
,,
,,
,,
,,
,,
,,
,,
,,
,,
,,
,,
,,
,,
,,
,,
,,
,,
,,
,,
,,
,,
,,
,,
,,
,,
,,
,,
,,
,,
,,
,,
,,
,,
,,
,,
,,
,,
,,
,,
,,
,,
,,
,,
,,
,,
,,
,,
,,
,,
,,
,,
,,
,,
,,
,,
,,
,,
,,
,,
,,
,,
,,
,,
,,
,,
,,
,,
,,
,,
,,
,,
,,
,,
,,
,,
,,
,,
,,
,,
,,
,,
,,
,,
,,
,,
,,
,,
,,
,,
,,
,,
,,
,,
,,
,,
,,
,,
,,
,,
,,
,,
,,
,,
,,
,,
,,
,,
,,
,,
,,
,,
,,
,,
,,
,,
,,
,,
,,
,,
,,
,,
,,
,,
,,
,,
,,
,,
,,
,,
,,
,,
,,
,,
,,
,,
,,
,,
,,
,,
,,
,,
,,
,,
,,
,,
,,
,,
,,
,,
,,
,,
,,
,,
,,
,,
,,
,,
,,
,,
,,
,,
,,
,,
,,
,,
,,
,,
,,
,,
,,
,,
,,
,,
,,
,,
,,
,,
,,
,,
,,
,,
,,
,,
,,
,,
,,
,,
,,
,,
,,
,,
,,
,,
,,
,,
,,
,,
,,
,,
,,
,,
,,
,,
,,
,,
,,
,,
,,
,,
,,
,,
,,
,,
,,
,,
,,
,,
,,
,,
,,
,,
,,
,,
,,
,,
,,
,,
,,
,,
,,
,,
,,
,,
,,
,,
,,
,,
,,
,,
,,
,,
,,
,,
,,
,,
,,
,,
,,
,,
,,
,,
,,
,,
,,
,,
,,
,,
,,
,,
,,
,,
,,
,,
,,
,,
,,
,,
,,
,,
,,
,,
,,
,,
,,
,,
,,
,,
,,
,,
,,
,,
,,
,,
,,
,,
,,
,,
,,
,,
,,
,,
,,
,,
,,
,,
,,
,,
,,
,,
,,
,,
,,
,,
,,
,,
,,
,,
,,
,,
,,
,,
,,
,,
,,
,,
,,
,,
,,
,,
,,
,,
,,
,,
,,
,,
,,
,,
,,
,,
,,
,,
,,
,,
,,
,,
,,
,,
,,
,,
,,
,,
,,
,,
,,
,,
,,
,,
,,
,,
,,
,,
,,
,,
,,
,,
,,
,,
,,
,,
,,
,,
,,
,,
,,
,,
,,
,,
,,
,,
,,
,,
,,
,,
,,
,,
,,
,,
,,
,,
,,
,,
,,
,,
,,
,,
,,
,,
,,
,,
,,
,,
,,
,,
,,
,,
,,
,,
,,
,,
,,
,,
,,
,,
,,
,,
,,
,,
,,
,,
,,
,,
,,
,,
,,
,,
,,
,,
,,
,,
,,
,,
,,
,,
,,
,,
,,
,,
,,
,,
,,
,,
,,
,,
,,
,,
,,
,,
,,
,,
,,
,,
,,
,,
,,
,,
,,
,,
,,
,,
,,
,,
,,
,,
,,
,,
,,
,,
,,
,,
,,
,,
,,
,,
,,
,,
,,
,,
,,
,,
,,
,,
,,
,,
,,
,,
,,
,,
,,
,,
,,
,,
,,
,,
,,
,,
,,
,,
,,
,,
,,
,,
,,
,,
,,
,,
,,
,,
,,
,,
,,
,,
,,
,,
,,
,,
,,
,,
,,
,,
,,
,,
,,
,,
,,
,,
,,
,,
,,
,,
,,
,,
,,
,,
,,
,,
,,
,,
,,
,,
,,
,,
,,
,,
,,
,,
,,
,,
,,
,,
,,
,,
,,
,,
,,
,,
,,
,,
,,
,,
,,
,,
,,
,,
,,
,,
,,
,,
,,
,,
,,
,,
,,
,,
,,
,,
,,
,,
,,
,,
,,
,,
,,
,,
,,
,,
,,
,,
,,
,,
,,
,,
,,
,,
,,
,,
,,
,,
,,
,,
,,
,,
,,
,,
,,
,,
,,
,,
,,
,,
,,
,,
,,
,,
,,
,,
,,
,,
,,
,,
,,
,,
,,
,,
,,
,,
,,
,,
,,
,,
,,
,,
,,
,,
,,
,,
,,
,,
,,
,,
,,
,,
,,
,,
,,
,,
,,
,,
,,
,,
,,
,,
,,
,,
,,
,,
,,
,,
,,
,,
,,
,,
,,
,,
,,
,,
,,
,,
,,
,,
,,
,,
,,
,,
,,
,,
,,
,,
,,
,,
,,
,,
,,
,,
,,
,,
,,
,,
,,
,,
,,
,,
,,
,,
,,
,,
,,
,,
,,
,,
,,
,,
,,
,,
,,
,,
,,
,,
,,
,,
,,
,,
,,
,,
,,
,,
,,
,,
,,
,,
,,
,,
,,
,,
,,
,,
,,
,,
,,
,,
,,
,,
,,
,,
,,
,,
,,
,,
,,
,,
,,
,,
,,
,,
,,
,,
,,
,,
,,
,,
,,
,,
,,
,,
,,
,,
,,
,,
,,
,,
,,
,,
,,
,,
,,
,,
,,
,,
,,
,,
,,
,,
,,
,,
,,
,,
,,
,,
,,
,,
,,
,,
,,
,,
,,
,,
,,
,,
,,
,,
,,
,,
,,
,,
,,
,,
,,
,,
,,
,,
,,
,,
,,
,,
,,
,,
,,
,,
,,
,,
,,
,,
,,
,,
,,
,,
,,
,,
,,
,,
,,
,,
,,
,,
,,
,,
,,
,,
,,
,,
,,
,,
,,
,,
,,
,,
,,
,,
,,
,,
,,
,,
,,
,,
,,
,,
,,
,,
,,
,,
,,
,,
,,
,,
,,
,,
,,
,,
,,
,,
,,
,,
,,
,,
,,
,,
,,
,,
,,
,,
,,
,,
,,
,,
,,
,,
,,
,,
,,
,,
,,
,,
,,
,,
,,
,,
,,
,,
,,
,,
,,
,,
,,
,,
,,
,,
,,
,,
,,
,,
,,
,,
,,
,,
,,
,,
,,
,,
,,
,,
,,
,,
,,
,,
,,
,,
,,
,,
,,
,,
,,
,,
,,
,,
,,
,,
,,
,,
,,
,,
,,
,,
,,
,,
,,
,,
,,
,,
,,
,,
,,
,,
,,
,,
,,
,,
,,
,,
,,
,,
,,
,,
,,
,,
,,
,,
,,
,,
,,
,,
,,
,,
,,
,,
,,
,,
,,
,,
,,
,,
,,
,,
,,
,,
,,
,,
,,
,,
,,
,,
,,
,,
,,
,,
,,
,,
,,
,,
,,
,,
,,
,,
,,
,,
,,
,,
,,
,,
,,
,,
,,
,,
,,
,,
,,
,,
,,
,,
,,
,,
,,
,,
,,
,,
,,
,,
,,
,,
,,
,,
,,
,,
,,
,,
,,
,,
,,
,,
,,
,,
,,
,,
,,
,,
,,
,,
,,
,,
,,
,,
,,
,,
,,
,,
,,
,,
,,
,,
,,
,,
,,
,,
,,
,,
,,
,,
,,
,,
,,
,,
,,
,,
,,
,,
,,
,,
,,
,,
,,
,,
,,
,,
,,
,,
,,
,,
,,
,,
,,
,,
,,
,,
,,
,,
,,
,,
,,
,,
,,
,,
,,
,,
,,
,,
,,
,,
,,
,,
,,
,,
,,
,,
,,
,,
,,
,,
,,
,,
,,
,,
,,
,,
,,
,,
,,
,,
,,
,,
,,
,,
,,
,,
,,
,,
,,
,,
,,
,,
,,
,,
,,
,,
,,
,,
,,
,,
,,
,,
,,
,,
,,
,,
,,
,,
,,
,,
,,
,,
,,
,,
,,
,,
,,
,,
,,
,,
,,
,,
,,
,,
,,
,,
,,
,,
,,
,,
,,
,,
,,
,,
,,
,,
,,
,,
,,
,,
,,
,,
,,
,,
,,
,,
,,
,,
,,
,,
,,
,,
,,
,,
,,
,,
,,
,,
,,
,,
,,
,,
,,
,,
,,
,,
,,
,,
,,
,,
,,
,,
,,
,,
,,
,,
,,
,,
,,
,,
,,
,,
,,
,,
,,
,,
,,
,,
,,
,,
,,
,,
,,
,,
,,
,,
,,
,,
,,
,,
,,
,,
,,
,,
,,
,,
,,
,,
,,
,,
,,
,,
,,
,,
,,
,,
,,
,,
,,
,,
,,
,,
,,
,,
,,
,,
,,
,,
,,
,,
,,
,,
,,
,,
,,
,,
,,
,,
,,
,,
,,
,,
,,
,,
,,
,,
,,
,,
,,
,,
,,
,,
,,
,,
,,
,,
,,
,,
,,
,,
,,
,,
,,
,,
,,
,,
,,
,,
,,
,,
,,
,,
,,
,,
,,
,,
,,
,,
,,
,,
,,
,,
,,
,,
,,
,,
,,
,,
,,
,,
,,
,,
,,
,,
,,
,,
,,
,,
,,
,,
,,
,,
,,
,,
,,
,,
,,
,,
,,
,,
,,
,,
,,
,,
,,
,,
,,
,,
,,
,,
,,
,,
,,
,,
,,
,,
,,
,,
,,
,,
,,
,,
,,
,,
,,
,,
,,
,,
,,
,,
,,
,,
,,
,,
,,
,,
,,
,,
,,
,,
,,
,,
,,
,,
,,
,,
,,
,,
,,
,,
,,
,,
,,
,,
,,
,,
,,
,,
,,
,,
,,
,,
,,
,,
,,
,,
,,
,,
,,
,,
,,
,,
,,
,,
,,
,,
,,
,,
,,
,,
,,
,,
,,
,,
,,
,,
,,
,,
,,
,,
,,
,,
,,
,,
,,
,,
,,
,,
,,
,,
,,
,,
,,
,,
,,
,,
,,
,,
,,
,,
,,
,,
,,
,,
,,
,,
,,
,,
,,
,,
,,
,,
,,
,,
,,
,,
,,
,,
,,
,,
,,
,,
,,
,,
,,
,,
,,
,,
,,
,,
,,
,,
,,
,,
,,
,,
,,
,,
,,
,,
,,
,,
,,
,,
,,
,,
,,
,,
,,
,,
,,
,,
,,
,,
,,
,,
,,
,,
,,
,,
,,
,,
,,
,,
,,
,,
,,
,,
,,
,,
,,
,,
,,
,,
,,
,,
,,
,,
,,
,,
,,
,,
,,
,,
,,
,,
,,
,,
,,
,,
,,
,,
,,
,,
,,
,,
,,
,,
,,
,,
,,
,,
,,
,,
,,
,,
,,
,,
,,
,,
,,
,,
,,
,,
,,
,,
,,
,,
,,
,,
,,
,,
,,
,,
,,
,,
,,
,,
,,
,,
,,
,,
,,
,,
,,
,,
,,
,,
,,
,,
,,
,,
,,
,,
,,
,,
,,
,,
,,
,,
,,
,,
,,
,,
,,
,,
,,
,,
,,
,,
,,
,,
,,
,,
,,
,,
,,
,,
,,
,,
,,
,,
,,
,,
,,
,,
,,
,,
,,
,,
,,
,,
,,
,,
,,
,,
,,
,,
,,
,,
,,
,,
,,
,,
,,
,,
,,
,,
,,
,,
,,
,,
,,
,,
,,
,,
,,
,,
,,
,,
,,
,,
,,
,,
,,
,,
,,
,,
,,
,,
,,
,,
,,
,,
,,
,,
,,
,,
,,
,,
,,
,,
,,
,,
,,
,,
,,
,,
,,
,,
,,
,,
,,
,,
,,
,,
,,
,,
,,
,,
,,
,,
,,
,,
,,
,,
,,
,,
,,
,,
,,
,,
,,
,,
,,
,,
,,
,,
,,
,,
,,
,,
,,
,,
,,
,,
,,
,,
,,
,,
,,
,,
,,
,,
,,
,,
,,
,,
,,
,,
,,
,,
,,
,,
,,
,,
,,
,,
,,
,,
,,
,,
,,
,,
,,
,,
,,
,,
,,
,,
,,
,,
,,
,,
,,
,,
,,
,,
,,
,,
,,
,,
,,
,,
,,
,,
,,
,,
,,
,,
,,
,,
,,
,,
,,
,,
,,
,,
,,
,,
,,
,,
,,
,,
,,
,,
,,
,,
,,
,,
,,
,,
,,
,,
,,
,,
,,
,,
,,
,,
,,
,,
,,
,,
,,
,,
,,
,,
,,
,,
,,
,,
,,
,,
,,
,,
,,
,,
,,
,,
,,
,,
,,
,,
,,
,,
,,
,,
,,
,,
,,
,,
,,
,,
,,
,,
,,
,,
,,
,,
,,
,,
,,
,,
,,
,,
,,
,,
,,
,,
,,
,,
,,
,,
,,
,,
,,
,,
,,
,,
,,
,,
,,
,,
,,
,,
,,
,,
,,
,,
,,
,,
,,
,,
,,
,,
,,
,,
,,
,,
,,
,,
,,
,,
,,
,,
,,
,,
,,
,,
,,
,,
,,
,,
,,
,,
,,
,,
,,
,,
,,
,,
,,
,,
,,
,,
,,
,,
,,
,,
,,
,,
,,
,,
,,
,,
,,
,,
,,
,,
,,
,,
,,
,,
,,
,,
,,
,,
,,
,,
,,
,,
,,
,,
,,
,,
,,
,,
,,
,,
,,
,,
,,
,,
,,
,,
,,
,,
,,
,,
,,
,,
,,
,,
,,
,,
,,
,,
,,
,,
,,
,,
,,
,,
,,
,,
,,
,,
,,
,,
,,
,,
,,
,,
,,
,,
,,
,,
,,
,,
,,
,,
,,
,,
,,
,,
,,
,,
,,
,,
,,
,,
,,
,,
,,
,,
,,
,,
,,
,,
,,
,,
,,
,,
,,
,,
,,
,,
,,
,,
,,
,,
,,
,,
,,
,,
,,
,,
,,
,,
,,
,,
,,
,,
,,
,,
,,
,,
,,
,,
,,
,,
,,
,,
,,
,,
,,
,,
,,
,,
,,
,,
,,
,,
,,
,,
,,
,,
,,
,,
,,
,,
,,
,,
,,
,,
,,
,,
,,
,,
,,
,,
,,
,,
,,
,,
,,
,,
,,
,,
,,
,,
,,
,,
,,
,,
,,
,,
,,
,,
,,
,,
,,
,,
,,
,,
,,
,,
,,
,,
,,
,,
,,
,,
,,
,,
,,
,,
,,
,,
,,
,,
,,
,,
,,
,,
,,
,,
,,
,,
,,
,,
,,
,,
,,
,,
,,
,,
,,
,,
,,
,,
,,
,,
,,
,,
,,
,,
,,
,,
,,
,,
,,
,,
,,
,,
,,
,,
,,
,,
,,
,,
,,
,,
,,
,,
,,
,,
,,
,,
,,
,,
,,
,,
,,
,,
,,
,,
,,
,,
,,
,,
,,
,,
,,
,,
,,
,,
,,
,,
,,
,,
,,
,,
,,
,,
,,
,,
,,
,,
,,
,,
,,
,,
,,
,,
,,
,,
,,
,,
,,
,,
,,
,,
,,
,,
,,
,,
,,
,,
,,
,,
,,
,,
,,
,,
,,
,,
,,
,,
,,
,,
,,
,,
,,
,,
,,
,,
,,
,,
,,
,,
,,
,,
,,
,,
,,
,,
,,
,,
,,
,,
,,
,,
,,
,,
,,
,,
,,
,,
,,
,,
,,
,,
,,
,,
,,
,,
,,
,,
,,
,,
,,
,,
,,
,,
,,
,,
,,
,,
,,
,,
,,
,,
,,
,,
,,
,,
,,
,,
,,
,,
,,
,,
,,
,,
,,
,,
,,
,,
,,
,,
,,
,,
,,
,,
,,
,,
,,
,,
,,
,,
,,
,,
,,
,,
,,
,,
,,
,,
,,
,,
,,
,,
,,
,,
,,
,,
,,
,,
,,
,,
,,
,,
,,
,,
,,
,,
,,
,,
,,
,,
,,
,,
,,
,,
,,
,,
,,
,,
,,
,,
,,
,,
,,
,,
,,
,,
,,
,,
,,
,,
,,
,,
,,
,,
,,
,,
,,
,,
,,
,,
,,
,,
,,
,,
,,
,,
,,
,,
,,
,,
,,
,,
,,
,,
,,
,,
,,
,,
,,
,,
,,
,,
,,
,,
,,
,,
,,
,,
,,
,,
,,
,,
,,
,,
,,
,,
,,
,,
,,
,,
,,
,,
,,
,,
,,
,,
,,
,,
,,
,,
,,
,,
,,
,,
,,
,,
,,
,,
,,
,,
,,
,,
,,
,,
,,
,,
,,
,,
,,
,,
,,
,,
,,
,,
,,
,,
,,
,,
,,
,,
,,
,,
,,
,,
,,
,,
,,
,,
,,
,,
,,
,,
,,
,,
,,
,,
,,
,,
,,
,,
,,
,,
,,
,,
,,
,,
,,
,,
,,
,,
,,
,,
,,
,,
,,
,,
,,
,,
,,
,,
,,
,,
,,
,,
,,
,,
,,
,,
,,
,,
,,
,,
,,
,,
,,
,,
,,
,,
,,
,,
,,
,,
,,
,,
,,
,,
,,
,,
,,
,,
,,
,,
,,
,,
,,
,,
,,
,,
,,
,,
,,
,,
,,
,,
,,
,,
,,
,,
,,
,,
,,
,,
,,
,,
,,
,,
,,
,,
,,
,,
,,
,,
,,
,,
,,
,,
,,
,,
,,
,,
,,
,,
,,
,,
,,
,,
,,
,,
,,
,,
,,
,,
,,
,,
,,
,,
,,
,,
,,
,,
,,
,,
,,
,,
,,
,,
,,
,,
,,
,,
,,
,,
,,
,,
,,
,,
,,
,,
,,
,,
,,
,,
,,
,,
,,
,,
,,
,,
,,
,,
,,
,,
,,
,,
,,
,,
,,
,,
,,
,,
,,
,,
,,
,,
,,
,,
,,
,,
,,
,,
,,
,,
,,
,,
,,
,,
,,
,,
,,
,,
,,
,,
,,
,,
,,
,,
,,
,,
,,
,,
,,
,,
,,
,,
,,
,,
,,
,,
,,
,,
,,
,,
,,
,,
,,
,,
,,
,,
,,
,,
,,
,,
,,
,,
,,
,,
,,
,,
,,
,,
,,
,,
,,
,,
,,
,,
,,
,,
,,
,,
,,
,,
,,
,,
,,
,,
,,
,,
,,
,,
,,
,,
,,
,,
,,
,,
,,
,,
,,
,,
,,
,,
,,
,,
,,
,,
,,
,,
,,
,,
,,
,,
,,
,,
,,
,,
,,
,,
,,
,,
,,
,,
,,
,,
,,
,,
,,
,,
,,
,,
,,
,,
,,
,,
,,
,,
,,
,,
,,
,,
,,
,,
,,
,,
,,
,,
,,
,,
,,
,,
,,
,,
,,
,,
,,
,,
,,
,,
,,
,,
,,
,,
,,
,,
,,
,,
,,
,,
,,
,,
,,
,,
,,
,,
,,
,,
,,
,,
,,
,,
,,
,,
,,
,,
,,
,,
,,
,,
,,
,,
,,
,,
,,
,,
,,
,,
,,
,,
,,
,,
,,
,,
,,
,,
,,
,,
,,
,,
,,
,,
,,
,,
,,
,,
,,
,,
,,
,,
,,
,,
,,
,,
,,
,,
,,
,,
,,
,,
,,
,,
,,
,,
,,
,,
,,
,,
,,
,,
,,
,,
,,
,,
,,
,,
,,
,,
,,
,,
,,
,,
,,
,,
,,
,,
,,
,,
,,
,,
,,
,,
,,
,,
,,
,,
,,
,,
,,
,,
,,
,,
,,
,,
,,
,,
,,
,,
,,
,,
,,
,,
,,
,,
,,
,,
,,
,,
,,
,,
,,
,,
,,
,,
,,
,,
,,
,,
,,
,,
,,
,,
,,
,,
,,
,,
,,
,,
,,
,,
,,
,,
,,
,,
,,
,,
,,
,,
,,
,,
,,
,,
,,
,,
,,
,,
,,
,,
,,
,,
,,
,,
,,
,,
,,
,,
,,
,,
,,
,,
,,
,,
,,
,,
,,
,,
,,
,,
,,
,,
,,
,,
,,
,,
,,
,,
,,
,,
,,
,,
,,
,,
,,
,,
,,
,,
,,
,,
,,
,,
,,
,,
,,
,,
,,
,,
,,
,,
,,
,,
,,
,,
,,
,,
,,
,,
,,
,,
,,
,,
,,
,,
,,
,,
,,
,,
,,
,,
,,
,,
,,
,,
,,
,,
,,
,,
,,
,,
,,
,,
,,
,,
,,
,,
,,
,,
,,
,,
,,
,,
,,
,,
,,
,,
,,
,,
,,
,,
,,
,,
,,
,,
,,
,,
,,
,,
,,
,,
,,
,,
,,
,,
,,
,,
,,
,,
,,
,,
,,
,,
,,
,,
,,
,,
,,
,,
,,
,,
,,
,,
,,
,,
,,
,,
,,
,,
,,
,,
,,
,,
,,
,,
,,
,,
,,
,,
,,
,,
,,
,,
,,
,,
,,
,,
,,
,,
,,
,,
,,
,,
,,
,,
,,
,,
,,
,,
,,
,,
,,
,,
,,
,,
,,
,,
,,
,,
,,
,,
,,
,,
,,
,,
,,
,,
,,
,,
,,
,,
,,
,,
,,
,,
,,
,,
,,
,,
,,
,,
,,
,,
,,
,,
,,
,,
,,
,,
,,
,,
,,
,,
,,
,,
,,
,,
,,
,,
,,
,,
,,
,,
,,
,,
,,
,,
,,
,,
,,
,,
,,
,,
,,
,,
,,
,,
,,
,,
,,
,,
,,
,,
,,
,,
,,
,,
,,
,,
,,
,,
,,
,,
,,
,,
,,
,,
,,
,,
,,
,,
,,
,,
,,
,,
,,
,,
,,
,,
,,
,,
,,
,,
,,
,,
,,
,,
,,
,,
,,
,,
,,
,,
,,
,,
,,
,,
,,
,,
,,
,,
,,
,,
,,
,,
,,
,,
,,
,,
,,
,,
,,
,,
,,
,,
,,
,,
,,
,,
,,
,,
,,
,,
,,
,,
,,
,,
,,
,,
,,
,,
,,
,,
,,
,,
,,
,,
,,
,,
,,
,,
,,
,,
,,
,,
,,
,,
,,
,,
,,
,,
,,
,,
,,
,,
,,
,,
,,
,,
,,
,,
,,
,,
,,
,,
,,
,,
,,
,,
,,
,,
,,
,,
,,
,,
,,
,,
,,
,,
,,
,,
,,
,,
,,
,,
,,
,,
,,
,,
,,
,,
,,
,,
,,
,,
,,
,,
,,
,,
,,
,,
,,
,,
,,
,,
,,
,,
,,
,,
,,
,,
,,
,,
,,
,,
,,
,,
,,
,,
,,
,,
,,
,,
,,
,,
,,
,,
,,
,,
,,
,,
,,
,,
,,
,,
,,
,,
,,
,,
,,
,,
,,
,,
,,
,,
,,
,,
,,
,,
,,
,,
,,
,,
,,
,,
,,
,,
,,
,,
,,
,,
,,
,,
,,
,,
,,
,,
,,
,,
,,
,,
,,
,,
,,
,,
,,
,,
,,
,,
,,
,,
,,
,,
,,
,,
,,
,,
,,
,,
,,
,,
,,
,,
,,
,,
,,
,,
,,
,,
,,
,,
,,
,,
,,
,,
,,
,,
,,
,,
,,
,,
,,
,,
,,
,,
,,
,,
,,
,,
,,
,,
,,
,,
,,
,,
,,
,,
,,
,,
,,
,,
,,
,,
,,
,,
,,
,,
,,
,,
,,
,,
,,
,,
,,
,,
,,
,,
,,
,,
,,
,,
,,
,,
,,
,,
,,
,,
,,
,,
,,
,,
,,
,,
,,
,,
,,
,,
,,
,,
,,
,,
,,
,,
,,
,,
,,
,,
,,
,,
,,
,,
,,
,,
,,
,,
,,
,,
,,
,,
,,
,,
,,
,,
,,
,,
,,
,,
,,
,,
,,
,,
,,
,,
,,
,,
,,
,,
,,
,,
,,
,,
,,
,,
,,
,,
,,
,,
,,
,,
,,
,,
,,
,,
,,
,,
,,
,,
,,
,,
,,
,,
,,
,,
,,
,,
,,
,,
,,
,,
,,
,,
,,
,,
,,
,,
,,
,,
,,
,,
,,
,,
,,
,,
,,
,,
,,
,,
,,
,,
,,
,,
,,
,,
,,
,,
,,
,,
,,
,,
,,
,,
,,
,,
,,
,,
,,
,,
,,
,,
,,
,,
,,
,,
,,
,,
,,
,,
,,
,,
,,
,,
,,
,,
,,
,,
,,
,,
,,
,,
,,
,,
,,
,,
,,
,,
,,
,,
,,
,,
,,
,,
,,
,,
,,
,,
,,
,,
,,
,,
,,
,,
,,
,,
,,
,,
,,
,,
,,
,,
,,
,,
,,
,,
,,
,,
,,
,,
,,
,,
,,
,,
,,
,,
,,
,,
,,
,,
,,
,,
,,
,,
,,
,,
,,
,,
,,
,,
,,
,,
,,
,,
,,
,,
,,
,,
,,
,,
,,
,,
,,
,,
,,
,,
,,
,,
,,
,,
,,
,,
,,
,,
,,
,,
,,
,,
,,
,,
,,
,,
,,
,,
,,
,,
,,
,,
,,
,,
,,
,,
,,
,,
,,
,,
,,
,,
,,
,,
,,
,,
,,
,,
,,
,,
,,
,,
,,
,,
,,
,,
,,
,,
,,
,,
,,
,,
,,
,,
,,
,,
,,
,,
,,
,,
,,
,,
,,
,,
,,
,,
,,
,,
,,
,,
,,
,,
,,
,,
,,
,,
,,
,,
,,
,,
,,
,,
,,
,,
,,
,,
,,
,,
,,
,,
,,
,,
,,
,,
,,
,,
,,
,,
,,
,,
,,
,,
,,
,,
,,
,,
,,
,,
,,
,,
,,
,,
,,
,,
,,
,,
,,
,,
,,
,,
,,
,,
,,
,,
,,
,,
,,
,,
,,
,,
,,
,,
,,
,,
,,
,,
,,
,,
,,
,,
,,
,,
,,
,,
,,
,,
,,
,,
,,
,,
,,
,,
,,
,,
,,
,,
,,
,,
,,
,,
,,
,,
,,
,,
,,
,,
,,
,,
,,
,,
,,
,,
,,
,,
,,
,,
,,
,,
,,
,,
,,
,,
,,
,,
,,
,,
,,
,,
,,
,,
,,
,,
,,
,,
,,
,,
,,
,,
,,
,,
,,
,,
,,
,,
,,
,,
,,
,,
,,
,,
,,
,,
,,
,,
,,
,,
,,
,,
,,
,,
,,
,,
,,
,,
,,
,,
,,
,,
,,
,,
,,
,,
,,
,,
,,
,,
,,
,,
,,
,,
,,
,,
,,
,,
,,
,,
,,
,,
,,
,,
,,
,,
,,
,,
,,
,,
,,
,,
,,
,,
,,
,,
,,
,,
,,
,,
,,
,,
,,
,,
,,
,,
,,
,,
,,
,,
,,
,,
,,
,,
,,
,,
,,
,,
,,
,,
,,
,,
,,
,,
,,
,,
,,
,,
,,
,,
,,
,,
,,
,,
,,
,,
,,
,,
,,
,,
,,
,,
,,
,,
,,
,,
,,
,,
,,
,,
,,
,,
,,
,,
,,
,,
,,
,,
,,
,,
,,
,,
,,
,,
,,
,,
,,
,,
,,
,,
,,
,,
,,
,,
,,
,,
,,
,,
,,
,,
,,
,,
,,
,,
,,
,,
,,
,,
,,
,,
,,
,,
,,
,,
,,
,,
,,
,,
,,
,,
,,
,,
,,
,,
,,
,,
,,
,,
,,
,,
,,
,,
,,
,,
,,
,,
,,
,,
,,
,,
,,
,,
,,
,,
,,
,,
,,
,,
,,
,,
,,
,,
,,
,,
,,
,,
,,
,,
,,
,,
,,
,,
,,
,,
,,
,,
,,
,,
,,
,,
,,
,,
,,
,,
,,
,,
,,
,,
,,
,,
,,
,,
,,
,,
,,
,,
,,
,,
,,
,,
,,
,,
,,
,,
,,
,,
,,
,,
,,
,,
,,
,,
,,
,,
,,
,,
,,
,,
,,
,,
,,
,,
,,
,,
,,
,,
,,
,,
,,
,,
,,
,,
,,
,,
,,
,,
,,
,,
,,
,,
,,
,,
,,
,,
,,
,,
,,
,,
,,
,,
,,
,,
,,
,,
,,
,,
,,
,,
,,
,,
,,
,,
,,
,,
,,
,,
,,
,,
,,
,,
,,
,,
,,
,,
,,
,,
,,
,,
,,
,,
,,
,,
,,
,,
,,
,,
,,
,,
,,
,,
,,
,,
,,
,,
,,
,,
,,
,,
,,
,,
,,
,,
,,
,,
,,
,,
,,
,,
,,
,,
,,
,,
,,
,,
,,
,,
,,
,,
,,
,,
,,
,,
,,
,,
,,
,,
,,
,,
,,
,,
,,
,,
,,
,,
,,
,,
,,
,,
,,
,,
,,
,,
,,
,,
,,
,,
,,
,,
,,
,,
,,
,,
,,
,,
,,
,,
,,
,,
,,
,,
,,
,,
,,
,,
,,
,,
,,
,,
,,
,,
,,
,,
,,
,,
,,
,,
,,
,,
,,
,,
,,
,,
,,
,,
,,
,,
,,
,,
,,
,,
,,
,,
,,
,,
,,
,,
,,
,,
,,
,,
,,
,,
,,
,,
,,
,,
,,
,,
,,
,,
,,
,,
,,
,,
,,
,,
,,
,,
,,
,,
,,
,,
,,
,,
,,
,,
,,
,,
,,
,,
,,
,,
,,
,,
,,
,,
,,
,,
,,
,,
,,
,,
,,
,,
,,
,,
,,
,,
,,
,,
,,
,,
,,
,,
,,
,,
,,
,,
,,
,,
,,
,,
,,
,,
,,
,,
,,
,,
,,
,,
,,
,,
,,
,,
,,
,,
,,
,,
,,
,,
,,
,,
,,
,,
,,
,,
,,
,,
,,
,,
,,
,,
,,
,,
,,
,,
,,
,,
,,
,,
,,
,,
,,
,,
,,
,,
,,
,,
,,
,,
,,
,,
,,
,,
,,
,,
,,
,,
,,
,,
,,
,,
,,
,,
,,
,,
,,
,,
,,
,,
,,
,,
,,
,,
,,
,,
,,
,,
,,
,,
,,
,,
,,
,,
,,
,,
,,
,,
,,
,,
,,
,,
,,
,,
,,
,,
,,
,,
,,
,,
,,
,,
,,
,,
,,
,,
,,
,,
,,
,,
,,
,,
,,
,,
,,
,,
,,
,,
,,
,,
,,
,,
,,
,,
,,
,,
,,
,,
,,
,,
,,
,,
,,
,,
,,
,,
,,
,,
,,
,,
,,
,,
,,
,,
,,
,,
,,
,,
,,
,,
,,
,,
,,
,,
,,
,,
,,
,,
,,
,,
,,
,,
,,
,,
,,
,,
,,
,,
,,
,,
,,
,,
,,
,,
,,
,,
,,
,,
,,
,,
,,
,,
,,
,,
,,
,,
,,
,,
,,
,,
,,
,,
,,
,,
,,
,,
,,
,,
,,
,,
,,
,,
,,
,,
,,
,,
,,
,,
,,
,,
,,
,,
,,
,,
,,
,,
,,
,,
,,
,,
,,
,,
,,
,,
,,
,,
,,
,,
,,
,,
,,
,,
,,
,,
,,
,,
,,
,,
,,
,,
,,
,,
,,
,,
,,
,,
,,
,,
,,
,,
,,
,,
,,
,,
,,
,,
,,
,,
,,
,,
,,
,,
,,
,,
,,
,,
,,
,,
,,
,,
,,
,,
,,
,,
,,
,,
,,
,,
,,
,,
,,
,,
,,
,,
,,
,,
,,
,,
,,
,,
,,
,,
,,
,,
,,
,,
,,
,,
,,
,,
,,
,,
,,
,,
,,
,,
,,
,,
,,
,,
,,
,,
,,
,,
,,
,,
,,
,,
,,
,,
,,
,,
,,
,,
,,
,,
,,
,,
,,
,,
,,
,,
,,
,,
,,
,,
,,
,,
,,
,,
,,
,,
,,
,,
,,
,,
,,
,,
,,
,,
,,
,,
,,
,,
,,
,,
,,
,,
,,
,,
,,
,,
,,
,,
,,
,,
,,
,,
,,
,,
,,
,,
,,
,,
,,
,,
,,
,,
,,
,,
,,
,,
,,
,,
,,
,,
,,
,,
,,
,,
,,
,,
,,
,,
,,
,,
,,
,,
,,
,,
,,
,,
,,
,,
,,
,,
,,
,,
,,
,,
,,
,,
,,
,,
,,
,,
,,
,,
,,
,,
,,
,,
,,
,,
,,
,,
,,
,,
,,
,,
,,
,,
,,
,,
,,
,,
,,
,,
,,
,,
,,
,,
,,
,,
,,
,,
,,
,,
,,
,,
,,
,,
,,
,,
,,
,,
,,
,,
,,
,,
,,
,,
,,
,,
,,
,,
,,
,,
,,
,,
,,
,,
,,
,,
,,
,,
,,
,,
,,
,,
,,
,,
,,
,,
,,
,,
,,
,,
,,
,,
,,
,,
,,
,,
,,
,,
,,
,,
,,
,,
,,
,,
,,
,,
,,
,,
,,
,,
,,
,,
,,
,,
,,
,,
,,
,,
,,
,,
,,
,,
,,
,,
,,
,,
,,
,,
,,
,,
,,
,,
,,
,,
,,
,,
,,
,,
,,
,,
,,
,,
,,
,,
,,
,,
,,
,,
,,
,,
,,
,,
,,
,,
,,
,,
,,
,,
,,
,,
,,
,,
,,
,,
,,
,,
,,
,,
,,
,,
,,
,,
,,
,,
,,
,,
,,
,,
,,
,,
,,
,,
,,
,,
,,
,,
,,
,,
,,
,,
,,
,,
,,
,,
,,
,,
,,
,,
,,
,,
,,
,,
,,
,,
,,
,,
,,
,,
,,
,,
,,
,,
,,
,,
,,
,,
,,
,,
,,
,,
,,
,,
,,
,,
,,
,,
,,
,,
,,
,,
,,
,,
,,
,,
,,
,,
,,
,,
,,
,,
,,
,,
,,
,,
,,
,,
,,
,,
,,
,,
,,
,,
,,
,,
,,
,,
,,
,,
,,
,,
,,
,,
,,
,,
,,
,,
,,
,,
,,
,,
,,
,,
,,
,,
,,
,,
,,
,,
,,
,,
,,
,,
,,
,,
,,
,,
,,
,,
,,
,,
,,
,,
,,
,,
,,
,,
,,
,,
,,
,,
,,
,,
,,
,,
,,
,,
,,
,,
,,
,,
,,
,,
,,
,,
,,
,,
,,
,,
,,
,,
,,
,,
,,
,,
,,
,,
,,
,,
,,
,,
,,
,,
,,
,,
,,
,,
,,
,,
,,
,,
,,
,,
,,
,,
,,
,,
,,
,,
,,
,,
,,
,,
,,
,,
,,
,,
,,
,,
,,
,,
,,
,,
,,
,,
,,
,,
,,
,,
,,
,,
,,
,,
,,
,,
,,
,,
,,
,,
,,
,,
,,
,,
,,
,,
,,
,,
,,
,,
,,
,,
,,
,,
,,
,,
,,
,,
,,
,,
,,
,,
,,
,,
,,
,,
,,
,,
,,
,,
,,
,,
,,
,,
,,
,,
,,
,,
,,
,,
,,
,,
,,
,,
,,
,,
,,
,,
,,
,,
,,
,,
,,
,,
,,
,,
,,
,,
,,
,,
,,
,,
,,
,,
,,
,,
,,
,,
,,
,,
,,
,,
,,
,,
,,
,,
,,
,,
,,
,,
,,
,,
,,
,,
,,
,,
,,
,,
,,
,,
,,
,,
,,
,,
,,
,,
,,
,,
,,
,,
,,
,,
,,
,,
,,
,,
,,
,,
,,
,,
,,
,,
,,
,,
,,
,,
,,
,,
,,
,,
,,
,,
,,
,,
,,
,,
,,
,,
,,
,,
,,
,,
,,
,,
,,
,,
,,
,,
,,
,,
,,
,,
,,
,,
,,
,,
,,
,,
,,
,,
,,
,,
,,
,,
,,
,,
,,
,,
,,
,,
,,
,,
,,
,,
,,
,,
,,
,,
,,
,,
,,
,,
,,
,,
,,
,,
,,
,,
,,
,,
,,
,,
,,
,,
,,
,,
,,
,,
,,
,,
,,
,,
,,
,,
,,
,,
,,
,,
,,
,,
,,
,,
,,
,,
,,
,,
,,
,,
,,
,,
,,
,,
,,
,,
,,
,,
,,
,,
,,
,,
,,
,,
,,
,,
,,
,,
,,
,,
,,
,,
,,
,,
,,
,,
,,
,,
,,
,,
,,
,,
,,
,,
,,
,,
,,
,,
,,
,,
,,
,,
,,
,,
,,
,,
,,
,,
,,
,,
,,
,,
,,
,,
,,
,,
,,
,,
,,
,,
,,
,,
,,
,,
,,
,,
,,
,,
,,
,,
,,
,,
,,
,,
,,
,,
,,
,,
,,
,,
,,
,,
,,
,,
,,
,,
,,
,,
,,
,,
,,
,,
,,
,,
,,
,,
,,
,,
,,
,,
,,
,,
,,
,,
,,
,,
,,
,,
,,
,,
,,
,,
,,
,,
,,
,,
,,
,,
,,
,,
,,
,,
,,
,,
,,
,,
,,
,,
,,
,,
,,
,,
,,
,,
,,
,,
,,
,,
,,
,,
,,
,,
,,
,,
,,
,,
,,
,,
,,
,,
,,
,,
,,
,,
,,
,,
,,
,,
,,
,,
,,
,,
,,
,,
,,
,,
,,
,,
,,
,,
,,
,,
,,
,,
,,
,,
,,
,,
,,
,,
,,
,,
,,
,,
,,
,,
,,
,,
,,
,,
,,
,,
,,
,,
,,
,,
,,
,,
,,
,,
,,
,,
,,
,,
,,
,,
,,
,,
,,
,,
,,
,,
,,
,,
,,
,,
,,
,,
,,
,,
,,
,,
,,
,,
,,
,,
,,
,,
,,
,,
,,
,,
,,
,,
,,
,,
,,
,,
,,
,,
,,
,,
,,
,,
,,
,,
,,
,,
,,
,,
,,
,,
,,
,,
,,
,,
,,
,,
,,
,,
,,
,,
,,
,,
,,
,,
,,
,,
,,
,,
,,
,,
,,
,,
,,
,,
,,
,,
,,
,,
,,
,,
,,
,,
,,
,,
,,
,,
,,
,,
,,
,,
,,
,,
,,
,,
,,
,,
,,
,,
,,
,,
,,
,,
,,
,,
,,
,,
,,
,,
,,
,,
,,
,,
,,
,,
,,
,,
,,
,,
,,
,,
,,
,,
,,
,,
,,
,,
,,
,,
,,
,,
,,
,,
,,
,,
,,
,,
,,
,,
,,
,,
,,
,,
,,
,,
,,
,,
,,
,,
,,
,,
,,
,,
,,
,,
,,
,,
,,
,,
,,
,,
,,
,,
,,
,,
,,
,,
,,
,,
,,
,,
,,
,,
,,
,,
,,
,,
,,
,,
,,
,,
,,
,,
,,
,,
,,
,,
,,
,,
,,
,,
,,
,,
,,
,,
,,
,,
,,
,,
,,
,,
,,
,,
,,
,,
,,
,,
,,
,,
,,
,,
,,
,,
,,
,,
,,
,,
,,
,,
,,
,,
,,
,,
,,
,,
,,
,,
,,
,,
,,
,,
,,
,,
,,
,,
,,
,,
,,
,,
,,
,,
,,
,,
,,
,,
,,
,,
,,
,,
,,
,,
,,
,,
,,
,,
,,
,,
,,
,,
,,
,,
,,
,,
,,
,,
,,
,,
,,
,,
,,
,,
,,
,,
,,
,,
,,
,,
,,
,,
,,
,,
,,
,,
,,
,,
,,
,,
,,
,,
,,
,,
,,
,,
,,
,,
,,
,,
,,
,,
,,
,,
,,
,,
,,
,,
,,
,,
,,
,,
,,
,,
,,
,,
,,
,,
,,
,,
,,
,,
,,
,,
,,
,,
,,
,,
,,
,,
,,
,,
,,
,,
,,
,,
,,
,,
,,
,,
,,
