order_id,sku_id,seller_id,created_at,price
O81,62316095,S001,22-01-2026 14:50,899.5
O82,1982137274,S001,05-01-2026 20:33,750
O82,059035342X,S001,23-02-2026 09:43,650
O82,307474275,S001,17-02-2026 13:16,899
O82,140449132,S001,13-02-2026 08:14,499
O82,61120081,S001,28-01-2026 02:17,620
O82,553386794,S001,20-01-2026 21:39,799
O82,544003411,S001,16-04-2026 21:35,720
O82,62316117,S001,17-01-2026 21:09,950
O82,143127748,S001,25-04-2026 15:53,650
O82,1594634025,S001,23-03-2026 22:17,690
O82,038549081X,S001,07-01-2026 04:07,540
O82,62457713,S001,06-01-2026 18:51,780
O82,142437239,S001,19-01-2026 04:39,550
O82,030788744X,S001,12-02-2026 10:55,720
O96,62315005,S001,15-02-2026 04:16,650
O97,596007120,S001,09-04-2026 03:07,2100
O98,262033844,S001,27-04-2026 21:36,3200
O99,132350882,S001,06-01-2026 03:39,1900
O100,735211299,S001,19-04-2026 23:35,800
O101,385472579,S001,08-02-2026 14:39,690
O102,60850523,S001,16-04-2026 19:36,560
O103,143039954,S001,23-03-2026 11:06,880
O104,1501128035,S001,12-02-2026 19:19,720
O105,525559477,S001,29-03-2026 05:27,680
O105,804139296,S001,25-04-2026 10:10,710
O105,66620996,S001,24-02-2026 00:27,640
O105,006245773X,S001,02-01-2026 06:17,890
O105,451524934,S001,01-02-2026 00:03,420
O105,316769487,S001,24-03-2026 01:31,520
O105,671027034,S001,08-03-2026 01:40,780
O105,1982157283,S001,23-02-2026 22:58,740
O105,593230256,S001,31-01-2026 04:35,600
O105,345803485,S001,11-02-2026 19:26,890
O105,081298160X,S001,07-03-2026 08:38,650
O105,590353403,S001,20-01-2026 20:20,680
O105,143110438,S001,19-01-2026 00:13,840
O118,307465357,S001,15-03-2026 18:35,720
O119,140283331,S001,19-01-2026 18:43,500
O120,62315008,S001,11-03-2026 16:57,670
O121,307346617,S001,08-03-2026 18:56,980
O122,61992275,S001,28-04-2026 05:34,620
O123,006256577X,S001,21-02-2026 08:45,850
O124,1250316774,S001,09-01-2026 10:29,720
O124,62457715,S001,31-03-2026 05:04,980
O124,307277674,S001,15-04-2026 03:00,620
O124,385484518,S001,25-01-2026 05:43,560
O124,1501173219,S001,15-03-2026 12:05,740
O124,143130722,S001,16-01-2026 07:14,630
O124,399590501,S001,18-04-2026 04:41,1100
O124,62316112,S001,26-02-2026 22:18,780
O124,307719227,S001,12-03-2026 05:20,690
O124,143127550,S001,23-04-2026 02:39,640
O124,62315009,S001,07-02-2026 08:07,820
O124,143126562,S001,14-01-2026 12:09,1100
O124,62316113,S001,09-01-2026 21:33,610
O124,307463740,S001,14-02-2026 06:04,720
O124,62871337,S001,26-02-2026 04:38,880
O124,307273601,S001,16-01-2026 11:51,740
O124,1501161933,S001,15-02-2026 04:53,760
O124,140280197,S001,20-01-2026 14:42,580
O142,1455586691,S001,15-03-2026 19:30,690
O143,62316107,S001,23-02-2026 23:27,820
O144,140449266,S001,30-03-2026 01:02,699
O145,679783275,S001,12-03-2026 20:14,599
O146,307743657,S001,01-02-2026 14:01,550
O146,61122415,S001,13-03-2026 21:10,620
O146,142437247,S001,10-03-2026 23:40,799
O146,553213119,S001,10-02-2026 16:22,950
O146,60853983,S001,21-02-2026 20:12,680
O146,131103627,S001,14-01-2026 20:45,3500
O146,1491957660,S001,29-04-2026 06:45,2200
O146,141182803,S001,03-02-2026 05:33,520
O146,60935467,S001,14-04-2026 17:16,580
O146,307387892,S001,17-02-2026 12:54,650
O146,140449334,S001,01-02-2026 17:30,720
O146,812981606,S001,31-03-2026 18:17,630
O146,679734529,S001,15-03-2026 16:23,750
O146,307476463,S001,22-02-2026 10:02,880
O146,62315001,S001,19-04-2026 03:34,650
O146,553573404,S001,12-02-2026 15:28,920
O146,62315002,S001,04-03-2026 23:16,700
O146,1451673319,S001,11-01-2026 20:41,499
O146,261103573,S001,14-02-2026 11:26,1500
O146,140449273,S001,07-01-2026 05:35,680
O146,307949486,S001,03-03-2026 06:07,980
O146,62457716,S001,19-03-2026 21:33,920
O146,140449198,S001,21-02-2026 23:45,680
O146,679410430,S001,13-01-2026 20:27,720
O146,140449181,S001,10-02-2026 23:15,650
O146,307278449,S001,21-04-2026 03:15,700
O146,1591846445,S001,03-03-2026 02:30,740
O146,385545969,S001,11-02-2026 06:54,999
O146,62316114,S001,07-04-2026 22:35,780
O146,143127745,S001,18-03-2026 19:46,880
O146,807014295,S001,31-03-2026 02:24,600
O146,525536291,S001,28-01-2026 17:49,1200
O146,140449204,S001,21-02-2026 10:25,650
O146,307271037,S001,28-01-2026 02:43,699
O146,90711001-BEIGE,S001,17-02-2026 21:22,2100
O146,90711002-WHITE,S001,20-04-2026 00:09,950
O182,90711003-BLACK,S001,15-04-2026 15:48,3400
O183,90711004-GREEN,S001,21-02-2026 00:27,780
O184,90711005-OAK,S001,24-04-2026 12:22,5200
O185,90711006-BLUE,S001,25-03-2026 04:38,1800
O186,90711007-GRAY,S001,24-04-2026 07:27,4300
O187,90711008-WHITE,S001,19-03-2026 13:20,980
O188,90721001-BLACK,S001,12-03-2026 07:01,6200
O189,90721002-WHITE,S001,12-02-2026 14:06,650
O190,90721003-BEIGE,S001,27-01-2026 20:40,7200
O191,90721004-GREEN,S001,09-04-2026 22:33,540
O192,90721005-WOOD,S001,06-04-2026 19:57,3100
O193,90721006-BLUE,S001,18-01-2026 15:40,880
O194,90721007-WHITE,S001,10-01-2026 03:34,1250
O195,90721008-GRAY,S001,22-01-2026 07:00,990
O196,90721009-BLACK,S001,30-01-2026 16:17,7200
O197,90721010-WOOD,S001,01-02-2026 01:34,1150
O198,90731001-WHITE,S001,23-03-2026 23:24,3400
O199,90731002-GRAY,S001,26-04-2026 19:28,7800
O200,90731003-BLACK,S001,13-01-2026 08:03,520
O201,90731004-BEIGE,S001,16-03-2026 17:08,2600
O202,90731005-WOOD,S001,16-03-2026 02:28,9500
O203,90731006-BLUE,S001,26-04-2026 17:02,420
O204,90731007-WHITE,S001,01-04-2026 21:16,750
O205,90731008-GREEN,S001,13-04-2026 17:51,6800
O206,90731009-GRAY,S001,18-02-2026 19:40,32500
O207,90731010-BLACK,S001,18-04-2026 10:13,260
O208,90731011-WHITE,S001,03-01-2026 05:30,1800
O209,90731012-BLACK,S001,23-01-2026 05:50,4200
O210,90731013-GREEN,S001,15-04-2026 06:27,690
O211,90731014-WOOD,S001,21-02-2026 19:29,2100
O212,90731015-GRAY,S001,08-03-2026 01:19,1200
O213,90731016-WHITE,S001,22-01-2026 15:52,850
O214,90731017-BLACK,S001,26-02-2026 23:48,650
O215,90731018-BEIGE,S001,26-03-2026 10:09,8900
O216,90731019-WHITE,S001,31-01-2026 17:04,1200
O217,90731020-BLUE,S001,30-03-2026 02:30,1900
O218,90731021-WHITE,S001,01-01-2026 15:07,980
O217,90731022-GRAY,S001,21-02-2026 03:28,620
O217,90731023-BLACK,S001,08-04-2026 04:54,1450
O217,90731024-WOOD,S001,04-02-2026 16:34,18900
O217,90731025-BLUE,S001,09-04-2026 13:58,580
O217,90731026-GREEN,S001,21-01-2026 15:54,5200
O217,90731027-BLACK,S001,27-02-2026 22:51,1500
O217,90731028-WHITE,S001,09-04-2026 13:52,390
O217,90731029-GRAY,S001,29-04-2026 06:00,2200
O217,90731030-BEIGE,S001,08-02-2026 14:59,3200
O217,90731031-WHITE,S001,30-01-2026 16:16,650
O217,90731032-BLACK,S001,14-03-2026 14:33,4900
O217,90731033-GREEN,S001,01-02-2026 08:52,720
O217,90741001-WHITE,S001,15-04-2026 17:41,6500
O217,90741002-BLACK,S001,13-04-2026 23:37,8200
O217,90741003-GRAY,S001,01-01-2026 02:39,9500
O217,90741004-BEIGE,S001,27-04-2026 07:17,28900
O217,90741005-WOOD,S001,04-03-2026 22:40,7800
O217,90741006-BLUE,S001,05-04-2026 21:04,4200
O217,90741007-WHITE,S001,04-01-2026 18:46,3500
O217,90741008-GREEN,S001,22-01-2026 17:20,600
O217,90741009-BLACK,S001,12-03-2026 11:36,5200
O217,90741010-WHITE,S001,01-03-2026 17:07,4800
O217,90741011-BEIGE,S001,16-02-2026 11:55,4200
O217,90741012-GRAY,S001,12-01-2026 05:57,35500
O217,90741013-WOOD,S001,16-02-2026 18:32,26500
O244,90741014-BLUE,S001,21-04-2026 04:04,2200
O245,90741015-BLACK,S001,16-01-2026 07:02,12900
O246,90741016-WHITE,S001,17-01-2026 15:10,15000
O247,90741017-GREEN,S001,05-04-2026 08:52,1900
O248,90741018-GRAY,S001,14-01-2026 10:33,42000
O249,90741019-BEIGE,S001,14-04-2026 10:35,6500
O250,90741020-WOOD,S001,25-01-2026 10:05,7200
O251,90751001-BLACK,S001,25-01-2026 22:20,1900
O252,90751002-WHITE,S001,03-04-2026 06:58,3200
O253,90751003-GRAY,S001,17-04-2026 18:16,14500
O253,90751004-BEIGE,S001,02-02-2026 01:32,21000
O253,90751005-BLUE,S001,21-02-2026 11:15,8900
O253,90751006-WOOD,S001,13-04-2026 11:08,7200
O253,90751007-BLACK,S001,28-04-2026 18:55,32000
O253,90751008-WHITE,S001,24-03-2026 03:57,5400
O253,90751009-GREEN,S001,11-02-2026 03:03,450
O253,90751010-BLUE,S001,15-04-2026 17:18,900
O253,90751011-WHITE,S001,09-02-2026 01:25,6500
O253,90751012-BLACK,S001,02-03-2026 12:42,2800
O253,90751013-BEIGE,S001,19-03-2026 11:26,28000
O253,90751014-GREEN,S001,14-03-2026 12:15,1200
O253,90751015-WOOD,S001,27-03-2026 01:41,18500
O253,90751016-BLUE,S001,11-04-2026 12:04,650
O253,90751017-GRAY,S001,29-03-2026 16:04,9500
O253,90751018-BLACK,S001,24-01-2026 11:55,2200
O253,90751019-WHITE,S001,18-02-2026 03:19,1800
O253,90751020-BEIGE,S001,13-02-2026 15:09,6200
O253,90751021-GREEN,S001,13-01-2026 10:22,4500
O253,90751022-BLUE,S001,07-03-2026 15:35,7800
O253,90751023-WOOD,S001,05-01-2026 02:01,15500
O253,90751024-GRAY,S001,25-04-2026 05:43,1200
O253,90751025-BEIGE,S001,18-04-2026 13:27,4000
O253,90751026-WHITE,S001,14-02-2026 16:24,900
O277,90751027-BLACK,S001,25-04-2026 06:19,350
O278,90751028-BROWN,S001,12-02-2026 18:17,24500
O279,90732001-500G,S001,02-01-2026 09:30,320
O280,90732002-1KG,S001,14-01-2026 18:51,65
O281,90732003-200G,S001,12-01-2026 10:22,55
O282,90732004-500ML,S001,14-02-2026 10:56,120
O283,90732005-1L,S001,14-01-2026 02:06,68
O284,90732006-250G,S001,07-01-2026 02:23,380
O284,90732007-100G,S001,06-03-2026 03:54,75
O284,90732008-500G,S001,14-01-2026 18:13,40
O284,90732009-200G,S001,10-04-2026 20:08,95
O284,90732010-150G,S001,16-02-2026 05:10,35
O284,90732011-1KG,S001,24-02-2026 01:47,140
O284,90732012-1KG,S001,05-04-2026 06:11,185
O284,90732013-500G,S001,11-02-2026 14:24,120
O284,90732014-200G,S001,15-04-2026 17:00,65
O284,90732015-750ML,S001,26-01-2026 16:37,820
O284,90732016-400G,S001,21-04-2026 21:15,95
O284,90732017-200G,S001,22-04-2026 21:20,110
O284,90732018-500G,S001,02-04-2026 18:48,95
O284,90732019-250G,S001,17-02-2026 04:26,160
O284,90732020-300G,S001,02-04-2026 20:12,210
O299,90732021-1KG,S001,21-03-2026 01:02,160
O300,90732022-500G,S001,06-02-2026 23:22,70
O301,90732023-1L,S001,19-01-2026 07:35,45
O302,90732024-500G,S001,19-01-2026 19:43,55
O303,90732025-200G,S001,25-03-2026 16:50,140
O304,90732026-1KG,S001,10-03-2026 19:08,90
O305,90732027-100G,S001,24-03-2026 06:01,85
O306,90732028-500G,S001,21-03-2026 19:52,110
O306,90732029-750ML,S001,01-04-2026 16:29,140
O306,90732030-500G,S001,11-01-2026 12:27,260
O306,90732031-500G,S001,20-01-2026 02:39,45
O306,90732032-200G,S001,12-01-2026 18:28,60
O306,90732033-500ML,S001,20-03-2026 04:21,210
O306,90732034-100G,S001,07-03-2026 21:15,50
O306,90732035-400G,S001,22-01-2026 05:13,140
O306,90732036-500G,S001,18-02-2026 06:49,65
O306,90732037-250G,S001,07-02-2026 04:52,340
O306,90732038-200G,S001,06-02-2026 22:26,90
O306,90732039-750ML,S001,15-04-2026 03:16,135
O306,90732040-300G,S001,29-03-2026 02:41,185
O306,90732041-1KG,S001,28-01-2026 05:17,180
O306,90732042-500G,S001,23-03-2026 22:06,120
O306,90732043-500G,S001,05-02-2026 15:06,350
O306,90732044-200G,S001,24-02-2026 02:06,420
O306,90732045-1L,S001,31-03-2026 20:00,190
O306,90732046-200G,S001,18-02-2026 12:10,60
O306,90732047-1KG,S001,15-01-2026 15:19,55
O306,90732048-500G,S001,28-03-2026 01:08,85
O327,90732049-250G,S001,17-04-2026 20:42,210
O328,90732050-300G,S001,20-01-2026 00:17,145
O329,90732051-2KG,S001,10-01-2026 19:45,1200
O330,90732052-5KG,S001,15-04-2026 23:19,310
O330,90732053-100G,S001,03-01-2026 20:46,30
O330,90732054-2L,S001,19-01-2026 02:38,360
O330,90732055-500ML,S001,15-02-2026 21:36,35
O330,90732056-100G,S001,02-02-2026 07:03,180
O330,90732057-200G,S001,20-03-2026 22:01,140
O330,90732058-2KG,S001,05-04-2026 07:15,95
O330,90732059-500G,S001,04-04-2026 11:17,210
O330,90732060-300G,S001,11-02-2026 12:08,70
O330,90732101-750G,S001,19-03-2026 20:58,140
O330,90732102-2KG,S001,12-01-2026 09:15,170
O330,90732103-250G,S001,01-02-2026 23:15,40
O330,90732104-750G,S001,15-03-2026 14:08,110
O330,90732105-500G,S001,01-01-2026 10:02,95
O330,90732106-750ML,S001,17-03-2026 19:29,150
O330,90732107-200G,S001,21-02-2026 11:56,120
O330,90732108-500ML,S001,30-03-2026 08:29,25
O330,90732109-100G,S001,25-02-2026 09:21,95
O330,90732110-300G,S001,24-03-2026 03:21,160
O330,90732111-1KG,S001,18-04-2026 22:04,180
O330,90732112-1L,S001,05-04-2026 12:03,380
O330,90732113-250G,S001,31-01-2026 01:24,140
O330,90732114-500G,S001,06-02-2026 20:59,180
O330,90732115-150G,S001,27-02-2026 14:45,120
O330,90732116-400G,S001,12-02-2026 06:33,95
O330,90732117-1KG,S001,12-01-2026 08:33,1200
O330,90732118-300ML,S001,23-04-2026 11:10,120
O330,90732119-1L,S001,16-04-2026 06:48,160
O330,90732120-400G,S001,12-01-2026 20:04,280
O330,90732121-2KG,S001,02-03-2026 21:30,300
O330,90732122-750G,S001,12-01-2026 02:24,95
O330,90732123-300G,S001,10-01-2026 17:40,240
O330,90732124-1KG,S001,24-04-2026 10:27,160
O330,90732125-200G,S001,03-04-2026 13:59,150
O330,90732126-500ML,S001,08-04-2026 15:27,520
O330,90732127-600G,S001,14-04-2026 03:13,55
O330,90732128-300G,S001,31-01-2026 13:41,90
O330,90732129-500G,S001,12-01-2026 01:04,650
O330,90732130-1KG,S001,09-04-2026 14:39,30
O330,90732131-250G,S001,16-01-2026 13:20,450
O330,90732132-200G,S001,06-02-2026 02:00,190
O330,90732133-500G,S001,14-01-2026 07:19,70
O330,90732134-1KG,S001,26-04-2026 13:03,180
O330,90732135-500ML,S001,14-01-2026 04:43,90
O330,90732136-750G,S001,15-02-2026 16:07,85
O330,90732137-400G,S001,20-03-2026 09:43,190
O330,90732138-250G,S001,24-01-2026 06:42,60
O377,90732139-300G,S001,21-04-2026 14:52,420
O378,90733001-BLUE,S001,17-02-2026 19:26,120
O379,90733002-A4,S001,23-04-2026 09:57,95
O380,90733003-SET,S001,26-04-2026 10:39,60
O381,90733004-BLACK,S001,08-01-2026 17:12,45
O382,90733005-500,S001,16-01-2026 22:04,85
O383,90733006-BLUE,S001,23-03-2026 09:43,75
O384,90733007-WHITE,S001,24-04-2026 08:06,35
O385,90733008-METAL,S001,20-04-2026 18:08,40
O386,90733009-GLUE,S001,12-04-2026 12:20,55
O387,90733010-RULER,S001,03-03-2026 10:23,25
O388,90733011-BLUE,S001,20-02-2026 15:15,150
O389,90733012-A4,S001,09-02-2026 15:55,120
O390,90733013-METAL,S001,03-03-2026 00:12,250
O391,90733014-WHITE,S001,16-02-2026 08:21,95
O392,90733015-SET,S001,21-02-2026 13:51,180
O393,90733016-A4,S001,18-03-2026 20:29,40
O394,90733017-BLACK,S001,26-01-2026 09:56,160
O395,90733018-METAL,S001,28-02-2026 06:05,310
O396,90733019-SET,S001,30-03-2026 18:49,140
O397,90733020-A4,S001,03-03-2026 09:29,70
O398,90733021-BLACK,S001,15-01-2026 02:04,120
O399,90733022-A4,S001,02-01-2026 19:24,320
O400,90733023-WHITE,S001,30-03-2026 23:45,60
O401,90733024-BLUE,S001,20-04-2026 07:44,90
O402,90733025-BLACK,S001,20-01-2026 09:56,250
O403,90733026-METAL,S001,15-01-2026 05:25,75
O404,90733027-SET,S001,15-04-2026 09:33,160
O405,90733028-BLUE,S001,11-02-2026 09:22,130
O406,90733029-WHITE,S001,09-04-2026 05:35,110
O407,90733030-BLUE,S001,21-02-2026 11:55,95
O408,90733031-BLUE,S001,26-01-2026 17:17,110
O409,90733032-BLACK,S001,09-03-2026 18:29,130
O410,90733033-SET,S001,14-01-2026 08:35,170
O411,90733034-WHITE,S001,17-02-2026 10:26,65
O412,90733035-METAL,S001,13-03-2026 18:07,120
O413,90733036-SET,S001,25-02-2026 08:08,150
O414,90733037-WHITE,S001,31-01-2026 15:09,140
O415,90733038-BLUE,S001,27-03-2026 02:05,115
O416,90733039-BLACK,S001,16-04-2026 11:34,350
O417,90733040-WHITE,S001,28-02-2026 17:49,55
O418,90733041-BLUE,S001,29-04-2026 18:37,450
O419,90733042-WHITE,S001,13-04-2026 17:02,65
O420,90733043-BLUE,S001,02-01-2026 12:27,85
O421,90733044-METAL,S001,18-04-2026 16:38,95
O422,90733045-SET,S001,28-02-2026 03:12,120
O423,90733046-BLACK,S001,21-01-2026 02:44,140
O424,90733047-BLUE,S001,27-01-2026 01:50,80
O425,90733048-WHITE,S001,21-02-2026 08:30,95
O426,90733049-BLACK,S001,23-01-2026 09:56,160
O427,90733050-SET,S001,21-01-2026 18:49,95
O428,90733051-BLUE,S001,18-04-2026 10:12,200
O429,90733052-A5,S001,31-01-2026 04:26,60
O430,90733053-SET,S001,22-02-2026 21:14,110
O431,90733054-BLACK,S001,24-02-2026 17:04,70
O432,90733055-1000,S001,28-04-2026 10:42,30
O433,90733056-RED,S001,10-02-2026 21:36,75
O434,90733057-WHITE,S001,08-03-2026 13:56,60
O435,90733058-METAL,S001,09-02-2026 12:49,70
O436,90733059-GLUE,S001,21-02-2026 06:15,35
O437,90733060-RULER,S001,09-04-2026 03:22,80
O438,90733061-BLACK,S001,05-04-2026 20:43,280
O439,90733062-YELLOW,S001,18-02-2026 18:18,180
O440,90733063-METAL,S001,10-01-2026 20:44,120
O441,90733064-WHITE,S001,18-01-2026 22:08,110
O442,90733065-SET,S001,24-03-2026 06:00,95
O443,90733066-BROWN,S001,23-02-2026 17:25,55
O444,90733067-BLUE,S001,09-01-2026 13:27,50
O445,90733068-METAL,S001,01-01-2026 16:31,140
O446,90733069-SET,S001,06-03-2026 18:29,80
O447,90733070-A4,S001,26-01-2026 09:39,140
O448,90733071-BLACK,S001,20-02-2026 20:48,130
O449,90733072-A4,S001,01-02-2026 09:01,180
O450,90733073-WHITE,S001,27-03-2026 19:06,110
O451,90733074-SET,S001,18-04-2026 03:01,150
O452,90733075-BLACK,S001,25-03-2026 01:09,350
O453,90733076-METAL,S001,19-04-2026 22:00,130
O454,90733077-SET,S001,02-01-2026 21:03,220
O455,90733078-BLUE,S001,22-01-2026 17:22,150
O456,90733079-WHITE,S001,15-01-2026 14:39,180
O457,90733080-BLUE,S001,29-01-2026 22:38,110
O458,90733081-BLUE,S001,16-04-2026 22:38,450
O459,90733082-A4,S001,07-01-2026 23:54,150
O460,90733083-SET,S001,13-03-2026 16:40,220
O461,90733084-BLACK,S001,24-04-2026 02:41,50
O462,90733085-5000,S001,18-04-2026 06:57,120
O463,90733086-GREEN,S001,29-01-2026 18:10,80
O464,90733087-WHITE,S001,25-03-2026 10:57,110
O465,90733088-METAL,S001,25-01-2026 17:56,120
O466,90733089-GLUE,S001,09-01-2026 02:56,95
O467,90733090-RULER,S001,01-03-2026 20:35,60
O468,90733091-BLUE,S001,12-03-2026 19:23,400
O469,90733092-YELLOW,S001,08-01-2026 17:55,220
O470,90733093-METAL,S001,11-03-2026 11:30,480
O471,90733094-WHITE,S001,10-02-2026 19:01,60
O472,90733095-SET,S001,18-02-2026 10:53,260
O473,90733096-BROWN,S001,20-01-2026 23:03,70
O474,90733097-BLACK,S001,10-03-2026 16:15,300
O475,90733098-METAL,S001,19-04-2026 17:14,220
O476,90734001-STEEL,S001,20-03-2026 21:51,650
O477,90734002-SET,S001,31-01-2026 00:16,520
O478,90734003-STEEL,S001,15-02-2026 23:16,780
O479,90734004-STEEL,S001,01-02-2026 13:18,250
O480,90734005-STEEL,S001,04-02-2026 09:07,430
O481,90734006-BLACK,S001,22-03-2026 01:25,3500
O482,90734007-SET,S001,05-01-2026 19:30,210
O483,90734008-STEEL,S001,04-02-2026 19:52,180
O484,90734009-STEEL,S001,06-03-2026 12:05,290
O485,90734010-BOX,S001,21-03-2026 22:43,150
O486,90734011-STEEL,S001,18-02-2026 04:32,1200
O487,90734012-BLACK,S001,21-02-2026 19:24,3200
O488,90734013-STEEL,S001,31-01-2026 21:54,920
O489,90734014-YELLOW,S001,21-01-2026 23:45,2800
O490,90734015-STEEL,S001,16-03-2026 06:46,540
O491,90734016-STEEL,S001,08-01-2026 12:28,620
O492,90734017-STEEL,S001,02-04-2026 09:34,350
O493,90734018-BLACK,S001,13-02-2026 04:36,240
O494,90734019-STEEL,S001,08-02-2026 18:04,580
O495,90734020-STEEL,S001,31-03-2026 09:10,2100
O496,90734021-STEEL,S001,09-03-2026 21:31,380
O497,90734022-STEEL,S001,01-03-2026 06:17,270
O498,90734023-STEEL,S001,14-02-2026 04:40,320
O499,90734024-STEEL,S001,13-02-2026 06:53,890
O500,90734025-STEEL,S001,05-01-2026 14:17,4200
O501,90734026-STEEL,S002,07-02-2026 12:03,1350
O502,90734027-STEEL,S002,19-03-2026 08:59,310
O503,90734028-STEEL,S002,05-03-2026 17:48,620
O504,90734029-STEEL,S002,24-02-2026 02:23,1800
O505,90734030-STEEL,S002,14-01-2026 11:31,220
O506,90734031-STEEL,S002,24-02-2026 04:49,980
O507,90734032-STEEL,S002,10-03-2026 04:27,740
O508,90734033-BLACK,S002,09-04-2026 22:00,5200
O509,90734034-STEEL,S002,19-03-2026 14:38,2100
O510,90734035-STEEL,S002,15-04-2026 02:56,560
O511,90734036-BLUE,S002,06-03-2026 07:16,3200
O512,90734037-BLACK,S002,06-01-2026 08:37,180
O513,90734038-STEEL,S002,23-01-2026 09:31,920
O514,90734039-STEEL,S002,20-02-2026 17:21,240
O515,90734040-STEEL,S002,04-02-2026 16:11,1650
O516,90734041-STEEL,S002,23-04-2026 17:44,420
O517,90734042-STEEL,S002,21-02-2026 13:09,360
O518,90734043-BLACK,S002,08-01-2026 10:17,3600
O519,90734044-STEEL,S002,22-01-2026 01:11,240
O520,90734045-STEEL,S002,26-04-2026 20:13,780
O521,90734046-STEEL,S002,26-03-2026 09:12,210
O522,90734047-STEEL,S002,09-03-2026 03:01,540
O523,90734048-STEEL,S002,02-03-2026 21:50,420
O524,90734049-STEEL,S002,26-03-2026 17:44,320
O525,90734050-STEEL,S002,28-04-2026 17:08,260
O526,90734051-STEEL,S002,10-04-2026 07:24,180
O527,90734052-STEEL,S002,23-01-2026 10:56,260
O528,90734053-STEEL,S002,16-03-2026 19:08,150
O529,90734054-STEEL,S002,22-04-2026 23:05,160
O530,90734055-STEEL,S002,06-02-2026 21:49,180
O531,90734056-STEEL,S002,19-02-2026 11:05,980
O532,90734057-STEEL,S002,09-01-2026 14:51,420
O533,90734058-STEEL,S002,26-03-2026 16:10,210
O534,90734059-STEEL,S002,01-01-2026 07:52,560
O535,90734060-STEEL,S002,11-04-2026 23:00,120
O536,90734061-STEEL,S002,15-04-2026 13:22,340
O537,90734062-STEEL,S002,08-02-2026 06:15,480
O538,90734063-STEEL,S002,12-03-2026 17:23,260
O539,90734064-STEEL,S002,25-03-2026 17:59,140
O540,90734065-STEEL,S002,14-01-2026 14:06,620
O541,90734066-STEEL,S002,06-03-2026 02:50,980
O542,90734067-STEEL,S002,02-03-2026 22:57,220
O543,90734068-STEEL,S002,25-01-2026 04:47,1800
O544,90734069-STEEL,S002,28-02-2026 07:36,760
O545,90734070-STEEL,S002,09-04-2026 11:21,980
O546,90734071-STEEL,S002,02-03-2026 01:22,780
O547,90734072-STEEL,S002,21-03-2026 07:14,890
O548,90734073-STEEL,S002,05-03-2026 08:07,620
O549,90734074-STEEL,S002,20-03-2026 03:19,420
O550,90734075-STEEL,S002,27-02-2026 09:51,120
O551,90734076-STEEL,S002,18-04-2026 15:44,220
O552,90734077-STEEL,S002,25-01-2026 17:12,160
O553,90734078-STEEL,S002,07-02-2026 06:02,1200
O554,90734079-STEEL,S002,23-03-2026 15:25,260
O555,90734080-STEEL,S002,15-03-2026 14:56,260
O556,90734081-STEEL,S002,03-02-2026 19:01,280
O557,90734082-STEEL,S002,30-04-2026 12:30,190
O558,90734083-STEEL,S002,21-04-2026 12:13,720
O559,90734084-STEEL,S002,28-02-2026 10:31,180
O560,90734085-STEEL,S002,20-03-2026 20:26,320
O561,90734086-STEEL,S002,17-04-2026 09:34,420
O562,90734087-STEEL,S002,01-01-2026 01:53,90
O563,90734088-STEEL,S002,01-03-2026 00:09,320
O564,90734089-STEEL,S002,25-02-2026 17:06,160
O565,90734090-STEEL,S002,10-02-2026 19:31,420
O566,90734091-STEEL,S002,25-03-2026 11:25,260
O567,90734092-STEEL,S002,23-04-2026 14:55,180
O568,90734093-STEEL,S002,28-04-2026 19:14,260
O569,90734094-STEEL,S002,04-03-2026 13:47,420
O570,90734095-STEEL,S002,01-04-2026 07:00,120
O571,90734096-STEEL,S002,27-03-2026 18:52,220
O572,90734097-STEEL,S002,27-03-2026 20:36,260
O573,90734098-STEEL,S002,11-02-2026 11:55,420
O574,90734099-STEEL,S002,10-04-2026 06:14,620
O575,90734100-STEEL,S002,02-04-2026 21:12,260
O576,SKU_LIP_001,S002,02-02-2026 22:49,499
O577,SKU_EYE_001,S002,17-01-2026 11:10,350
O578,SKU_SKIN_001,S002,25-02-2026 02:32,699
O579,SKU_FOUND_001,S002,11-04-2026 02:10,799
O580,SKU_HAIR_001,S002,07-03-2026 02:05,899
O581,SKU_LIP_002,S002,19-01-2026 03:12,199
O582,SKU_EYE_002,S002,15-02-2026 14:34,175
O583,SKU_SKIN_002,S002,02-03-2026 06:39,220
O584,SKU_SKIN_003,S002,13-02-2026 14:54,299
O585,SKU_FOUND_002,S002,08-02-2026 16:00,399
O586,SKU_HAIR_002,S002,29-01-2026 14:43,340
O587,SKU_HAIR_003,S002,05-01-2026 17:49,375
O588,SKU_SKIN_004,S002,09-01-2026 23:22,650
O589,SKU_LIP_003,S002,17-02-2026 13:02,599
O590,SKU_SKIN_005,S002,03-04-2026 06:17,799
O591,SKU_EYE_003,S002,29-04-2026 16:44,699
O592,SKU_SKIN_006,S002,15-01-2026 03:24,275
O593,SKU_HAIR_004,S002,30-03-2026 10:23,320
O594,SKU_SKIN_007,S002,22-03-2026 11:26,950
O595,SKU_EYE_004,S002,22-04-2026 18:49,1200
O596,SKU_NAIL_001,S002,07-02-2026 18:08,299
O597,SKU_SKIN_008,S002,16-03-2026 13:28,850
O598,SKU_LIP_004,S002,06-04-2026 23:57,425
O599,SKU_SKIN_009,S002,19-03-2026 14:31,180
O600,SKU_EYE_005,S002,17-02-2026 09:02,1200
O601,SKU_SKIN_010,S002,29-01-2026 15:43,450
O602,SKU_HAIR_005,S002,02-01-2026 01:50,650
O603,SKU_SKIN_011,S002,21-01-2026 16:43,599
O604,SKU_LIP_005,S002,24-03-2026 13:19,1500
O605,SKU_SKIN_012,S002,12-02-2026 11:52,320
O606,SKU_PERF_001,S002,04-02-2026 03:41,4500
O607,SKU_SKIN_013,S002,11-04-2026 13:51,900
O608,SKU_EYE_006,S002,01-04-2026 04:57,250
O609,SKU_SKIN_014,S002,10-01-2026 18:02,350
O610,SKU_HAIR_006,S002,19-04-2026 05:41,220
O611,SKU_SKIN_015,S002,18-02-2026 09:20,650
O612,SKU_SKIN_016,S002,24-01-2026 13:34,1400
O613,SKU_NAIL_002,S002,30-03-2026 15:15,120
O614,SKU_SKIN_017,S002,26-01-2026 21:24,380
O615,SKU_SKIN_018,S002,01-04-2026 05:23,450
O616,SKU_SKIN_019,S002,14-04-2026 03:15,1650
O617,SKU_SKIN_020,S002,19-04-2026 12:46,790
O618,SKU_MAKE_001,S002,26-04-2026 15:00,2600
O619,SKU_SKIN_021,S002,03-03-2026 14:42,950
O620,SKU_HAIR_007,S002,27-03-2026 22:32,640
O621,SKU_NAIL_003,S002,29-04-2026 23:10,850
O622,SKU_SKIN_022,S002,09-04-2026 00:26,420
O623,SKU_SKIN_023,S002,24-03-2026 20:45,350
O624,SKU_MAKE_002,S002,17-04-2026 09:16,850
O625,SKU_HAIR_008,S002,28-03-2026 14:06,299
O626,SKU_LIP_101,S002,31-01-2026 21:43,499
O627,SKU_LIP_102,S002,03-04-2026 04:08,499
O628,SKU_LIP_103,S002,29-03-2026 09:28,599
O629,SKU_LIP_104,S002,20-02-2026 07:55,550
O630,SKU_SERUM_101,S002,18-02-2026 00:13,699
O631,SKU_SERUM_102,S002,23-02-2026 20:21,699
O632,SKU_SERUM_103,S002,12-04-2026 05:25,790
O633,SKU_FW_101,S002,05-04-2026 02:23,299
O634,SKU_FW_102,S002,16-02-2026 10:57,299
O635,SKU_MOIST_101,S002,23-02-2026 07:43,799
O636,SKU_LIP_401,S002,27-03-2026 09:57,499
O637,SKU_LIP_402,S002,16-01-2026 01:05,599
O638,SKU_LIP_403,S002,25-02-2026 11:35,550
O639,SKU_LIP_404,S002,15-02-2026 12:49,650
O640,SKU_LIP_405,S002,22-02-2026 18:17,599
O641,SKU_LIP_406,S002,07-03-2026 05:09,520
O642,SKU_LIP_407,S002,04-03-2026 01:57,450
O643,SKU_LIP_408,S002,15-04-2026 21:17,499
O644,SKU_LIP_409,S002,16-01-2026 15:31,699
O645,SKU_LIP_410,S002,27-01-2026 20:52,599
O646,SKU_SERUM_401,S002,30-01-2026 06:55,699
O647,SKU_SERUM_402,S002,14-02-2026 21:45,790
O648,SKU_SERUM_403,S002,16-03-2026 09:04,900
O649,SKU_SERUM_404,S002,30-01-2026 16:07,1200
O650,SKU_SERUM_405,S002,11-02-2026 13:05,750
O651,SKU_SERUM_406,S002,13-01-2026 11:19,650
O652,SKU_SERUM_407,S002,22-03-2026 13:25,499
O653,SKU_SERUM_408,S002,21-03-2026 03:33,1100
O654,SKU_SERUM_409,S002,06-03-2026 06:01,1500
O655,SKU_SERUM_410,S002,16-04-2026 08:45,899
O656,SKU_MOIST_401,S002,01-04-2026 11:21,799
O657,SKU_MOIST_402,S002,22-03-2026 17:38,320
O658,SKU_MOIST_403,S002,13-01-2026 02:10,650
O659,SKU_MOIST_404,S002,10-02-2026 03:55,950
O660,SKU_MOIST_405,S002,23-03-2026 14:00,220
O661,SKU_MOIST_406,S002,17-03-2026 15:05,850
O662,SKU_MOIST_407,S002,24-04-2026 10:00,299
O663,SKU_MOIST_408,S002,04-01-2026 19:01,799
O664,SKU_MOIST_409,S002,22-04-2026 18:54,1500
O665,SKU_MOIST_410,S002,15-03-2026 20:42,350
O666,SKU_FOUND_501,S002,03-04-2026 14:53,799
O667,SKU_COMP_502,S002,02-01-2026 03:28,399
O668,SKU_EYE_503,S002,10-03-2026 07:18,350
O669,SKU_EYE_504,S002,27-02-2026 23:38,175
O670,SKU_EYE_505,S002,17-03-2026 17:28,699
O671,SKU_SKIN_506,S002,23-03-2026 08:46,650
O672,SKU_SKIN_507,S002,15-04-2026 12:17,599
O673,SKU_HAIR_508,S002,17-04-2026 01:09,320
O674,SKU_PERF_509,S002,28-04-2026 03:21,4500
O675,SKU_BODY_510,S002,12-02-2026 19:47,420
O676,SKU_EYE_601,S002,05-04-2026 19:18,1500
O677,SKU_NAIL_602,S002,12-02-2026 14:34,299
O678,SKU_SKIN_603,S002,22-02-2026 23:58,275
O679,SKU_SKIN_604,S002,26-03-2026 15:08,450
O680,SKU_SKIN_605,S002,05-04-2026 07:15,180
O681,SKU_HAIR_606,S002,06-01-2026 15:15,250
O682,SKU_HAIR_607,S002,17-03-2026 12:12,650
O683,SKU_SKIN_608,S002,07-03-2026 06:28,250
O684,SKU_BODY_609,S002,20-03-2026 12:15,320
O685,SKU_BODY_610,S002,02-02-2026 01:09,250
O686,SKU_SKIN_611,S002,01-04-2026 18:11,550
O687,SKU_SKIN_612,S002,25-01-2026 18:47,199
O688,SKU_MAKE_613,S002,14-04-2026 17:11,450
O689,SKU_MAKE_614,S002,06-01-2026 05:40,599
O690,SKU_SKIN_615,S002,18-03-2026 12:16,1100
O691,SKU_APP_TSHIRT_051,S002,25-04-2026 22:25,999
O692,SKU_APP_SHIRT_052,S002,20-04-2026 14:15,1799
O693,SKU_APP_JEANS_053,S002,06-01-2026 06:18,2499
O694,SKU_APP_KURTA_054,S002,17-01-2026 07:13,1499
O695,SKU_APP_DRESS_055,S002,25-03-2026 05:28,2999
O696,SKU_APP_HOODIE_056,S002,27-01-2026 08:24,3299
O697,SKU_APP_LEGGINGS_057,S002,31-03-2026 15:40,1999
O698,SKU_APP_JACKET_058,S002,05-02-2026 06:55,4599
O699,SKU_APP_SAREE_059,S002,10-01-2026 18:20,5499
O700,SKU_APP_SHORTS_060,S002,20-02-2026 12:24,1299
O701,SKU_APP_POLO_061,S002,15-03-2026 14:45,2299
O702,SKU_APP_CROPTOP_062,S002,05-03-2026 13:34,899
O703,SKU_APP_CHINOS_063,S002,11-02-2026 02:24,2499
O704,SKU_APP_SKIRT_064,S002,30-03-2026 07:03,1999
O705,SKU_APP_SWEATER_065,S002,05-03-2026 11:12,2899
O706,SKU_APP_TANKTOP_066,S002,07-03-2026 12:51,1499
O707,SKU_APP_TRACKPANT_067,S002,15-03-2026 14:51,2499
O708,SKU_APP_DUPATTA_068,S002,24-02-2026 00:46,1599
O709,SKU_APP_BLAZER_069,S002,23-03-2026 20:38,4999
O710,SKU_APP_PALAZZO_070,S002,18-02-2026 23:40,1399
O711,SKU_APP_CARDIGAN_071,S002,16-01-2026 21:42,2799
O712,SKU_APP_JOGGER_072,S002,02-04-2026 07:47,1999
O713,SKU_APP_BLOUSE_073,S002,04-01-2026 18:19,999
O714,SKU_APP_OVERALLS_074,S002,15-04-2026 17:52,3499
O715,SKU_APP_PONCHO_075,S002,11-01-2026 02:44,2999
O716,SKU_APP_WAISTCOAT_076,S002,09-03-2026 22:56,2299
O717,SKU_APP_SHRUG_077,S002,13-02-2026 12:57,1199
O718,SKU_APP_THERMAL_078,S002,14-01-2026 07:47,1899
O719,SKU_APP_ROMPER_079,S002,08-01-2026 19:36,2199
O720,SKU_APP_OVERCOAT_080,S002,07-01-2026 00:36,7999
O721,SKU_APP_VEST_081,S002,18-02-2026 00:25,599
O722,SKU_APP_CAMISOLE_082,S002,08-02-2026 17:05,799
O723,SKU_APP_CAPRI_083,S002,04-01-2026 22:58,999
O724,SKU_APP_ANARKALI_084,S002,30-01-2026 14:09,3299
O725,SKU_APP_PETTICOAT_085,S002,16-02-2026 07:42,499
O726,SKU_APP_DHOTI_086,S002,25-01-2026 12:13,899
O727,SKU_APP_LUNGI_087,S002,02-04-2026 22:57,699
O728,SKU_APP_PARKA_088,S002,23-01-2026 05:05,6999
O729,SKU_APP_TUXEDO_089,S002,20-04-2026 12:17,9999
O730,SKU_APP_JUMPSUIT_090,S002,12-02-2026 07:47,2599
O731,SKU_APP_PULLOVER_091,S002,01-04-2026 07:12,2699
O732,SKU_APP_BURKHA_092,S002,19-02-2026 18:10,3499
O733,SKU_APP_RAINCOAT_093,S002,13-03-2026 15:10,2499
O734,SKU_APP_BODYSUIT_094,S002,02-02-2026 13:57,1999
O735,SKU_APP_NIGHTSUIT_095,S002,28-04-2026 15:39,1499
O736,SKU_APP_BATHROBE_096,S002,28-04-2026 21:58,2999
O737,SKU_APP_HENLEY_097,S002,23-01-2026 05:45,1299
O738,SKU_APP_KAFTAN_098,S002,01-02-2026 19:12,2199
O739,SKU_APP_GOWN_099,S002,02-03-2026 09:32,4599
O740,SKU_APP_WORKPANT_100,S002,21-01-2026 23:46,3499
O741,SKU_APP_TSHIRT_101,S002,23-04-2026 08:51,999
O742,SKU_APP_TSHIRT_102,S002,05-01-2026 23:40,999
O743,SKU_APP_TSHIRT_103,S002,02-03-2026 13:49,899
O743,SKU_APP_TSHIRT_104,S002,22-04-2026 19:24,1099
O743,SKU_APP_TSHIRT_105,S002,14-03-2026 21:03,1299
O743,SKU_APP_SHIRT_106,S002,19-03-2026 00:32,1799
O743,SKU_APP_SHIRT_107,S002,08-02-2026 12:17,1999
O743,SKU_APP_SHIRT_108,S002,15-01-2026 18:10,2299
O743,SKU_APP_SHIRT_109,S002,25-04-2026 23:22,2499
O743,SKU_APP_SHIRT_110,S002,17-02-2026 03:45,1599
O743,SKU_APP_JEANS_201,S002,20-01-2026 18:53,2499
O743,SKU_APP_JEANS_202,S002,28-02-2026 13:28,2599
O743,SKU_APP_JEANS_203,S002,27-04-2026 14:07,2299
O743,SKU_APP_JEANS_204,S002,24-01-2026 12:09,2699
O743,SKU_APP_JEANS_205,S002,20-04-2026 21:26,2999
O743,SKU_APP_DRESS_206,S002,08-01-2026 23:23,2999
O743,SKU_APP_DRESS_207,S002,09-03-2026 10:05,1999
O743,SKU_APP_DRESS_208,S002,14-04-2026 10:46,3999
O743,SKU_APP_DRESS_209,S002,25-03-2026 04:23,2499
O743,SKU_APP_DRESS_210,S002,13-03-2026 22:59,3499
O743,SKU_APP_KURTA_301,S002,14-01-2026 09:21,1499
O743,SKU_APP_KURTA_302,S002,09-04-2026 05:56,1799
O743,SKU_APP_KURTA_303,S002,08-03-2026 06:15,2499
O743,SKU_APP_KURTA_304,S002,03-01-2026 10:57,1599
O743,SKU_APP_KURTA_305,S002,23-03-2026 13:36,1999
O743,SKU_APP_DRESS_306,S002,06-04-2026 04:30,1999
O767,SKU_APP_DRESS_307,S002,21-01-2026 11:50,3999
O768,SKU_APP_DRESS_308,S002,26-03-2026 04:21,2499
O769,SKU_APP_DRESS_309,S002,12-03-2026 07:55,3499
O770,SKU_APP_DRESS_310,S002,31-03-2026 06:32,2799
O771,SKU_APP_HOODIE_311,S002,30-01-2026 16:59,1499
O772,SKU_APP_HOODIE_312,S002,26-03-2026 13:31,1799
O773,SKU_APP_HOODIE_313,S002,04-02-2026 04:51,2499
O774,SKU_APP_HOODIE_314,S002,12-04-2026 07:30,1599
O775,SKU_APP_HOODIE_315,S002,22-02-2026 10:40,1999
O776,SKU_APP_JACKET_316,S002,30-04-2026 14:21,1999
O777,SKU_APP_JACKET_317,S002,15-04-2026 12:04,3999
O778,SKU_APP_JACKET_318,S002,04-04-2026 21:15,2499
O779,SKU_APP_JACKET_319,S002,01-04-2026 06:28,3499
O780,SKU_APP_JACKET_320,S002,26-03-2026 13:55,2799
O781,SKU_APP_LEGG_321,S002,26-04-2026 01:07,2999
O782,SKU_APP_SAREE_322,S002,22-02-2026 02:48,2599
O783,SKU_APP_SHORTS_323,S002,04-03-2026 14:02,1999
O784,SKU_APP_POLO_324,S002,17-02-2026 16:05,3499
O785,SKU_APP_TOP_325,S002,17-01-2026 19:52,2799
O786,SKU_ELEC_PHONE_101,S002,24-02-2026 03:53,4999
O787,SKU_ELEC_LAPTOP_102,S002,29-03-2026 12:53,3999
O788,SKU_ELEC_EARBUDS_103,S002,17-02-2026 08:29,5999
O789,SKU_ELEC_TV_104,S002,01-04-2026 05:41,4599
O790,SKU_ELEC_SMARTWATCH_105,S002,21-04-2026 15:41,3499
O791,SKU_ELEC_CAMERA_106,S002,29-04-2026 12:21,799
O792,SKU_ELEC_SPEAKER_107,S002,15-03-2026 14:13,5999
O793,SKU_ELEC_TABLET_108,S002,07-03-2026 07:43,999
O794,SKU_ELEC_ROUTER_109,S002,06-01-2026 13:45,1499
O795,SKU_ELEC_POWERBANK_110,S002,06-04-2026 23:38,1299
O796,SKU_ELEC_KEYBOARD_111,S002,05-03-2026 02:40,34999
O797,SKU_ELEC_MOUSE_112,S002,05-02-2026 07:26,119999
O798,SKU_ELEC_MONITOR_113,S002,05-04-2026 16:08,1999
O799,SKU_ELEC_PRINTER_114,S002,11-02-2026 04:33,74999
O800,SKU_ELEC_HARDDRIVE_115,S002,10-03-2026 21:36,9999
O801,SKU_ELEC_SSD_116,S002,20-02-2026 04:00,58999
O802,SKU_ELEC_DRONE_117,S002,08-03-2026 02:05,3499
O803,SKU_ELEC_CONSOLE_118,S002,24-02-2026 07:18,69999
O804,SKU_ELEC_VR_119,S002,26-04-2026 18:17,2499
O805,SKU_ELEC_PROJECTOR_120,S002,23-02-2026 15:30,3499
O806,SKU_ELEC_CABLE_121,S002,18-04-2026 22:10,5999
O807,SKU_ELEC_HEADPHONE_122,S002,02-01-2026 23:18,899
O808,SKU_ELEC_MIC_123,S002,11-04-2026 07:39,38999
O809,SKU_ELEC_CONTROLLER_124,S002,07-02-2026 02:23,12999
O810,SKU_ELEC_DASHCAM_125,S002,17-01-2026 14:59,4999
O811,SKU_ELEC_TRIPOD_126,S002,16-02-2026 20:48,7999
O812,SKU_ELEC_FLASH_127,S002,20-03-2026 22:05,69999
O813,SKU_ELEC_SMARTBULB_128,S002,05-04-2026 20:56,54999
O813,SKU_ELEC_SMARTPLUG_129,S002,18-04-2026 19:18,39999
O813,SKU_ELEC_AIRPURIFIER_130,S002,16-02-2026 15:59,45999
O813,SKU_ELEC_KINDLE_131,S002,03-04-2026 10:45,799
O813,SKU_ELEC_DRAWINGTAB_132,S002,06-04-2026 07:23,19999
O813,SKU_ELEC_WEBCAM_133,S002,29-03-2026 00:38,8999
O813,SKU_ELEC_LENS_134,S002,04-01-2026 08:21,5999
O813,SKU_ELEC_GIMBAL_135,S002,19-01-2026 01:39,15999
O813,SKU_ELEC_SOUNDBAR_136,S002,27-02-2026 03:14,6999
O813,SKU_ELEC_DOORBELL_137,S002,13-02-2026 00:42,12999
O813,SKU_ELEC_THERMOSTAT_138,S002,20-03-2026 12:38,999
O813,SKU_ELEC_KETTLE_139,S002,17-02-2026 05:53,1299
O813,SKU_ELEC_BLENDER_140,S002,01-03-2026 11:01,14999
O813,SKU_ELEC_SMARTLOCK_141,S002,23-04-2026 22:14,14999
O813,SKU_ELEC_ACTIONCAM_142,S002,13-03-2026 15:45,12999
O813,SKU_ELEC_PORTABLESSD_143,S002,02-04-2026 21:33,3999
O813,SKU_ELEC_STREAMSTICK_144,S002,18-04-2026 11:22,18999
O813,SKU_ELEC_SMARTSCALE_145,S002,14-04-2026 02:16,9999
O813,SKU_ELEC_BABYMONITOR_146,S002,08-03-2026 18:01,29999
O813,SKU_ELEC_CLICKER_147,S002,24-03-2026 14:59,12999
O813,SKU_ELEC_DIGITALFRAME_148,S002,17-04-2026 20:59,19999
O834,SKU_ELEC_GAMINGCHAIR_149,S002,06-03-2026 05:35,2999
O835,SKU_ELEC_DESKFAN_150,S002,10-03-2026 07:33,6999
O836,SKU_LAP_601,S002,30-03-2026 02:36,18999
O837,SKU_LAP_602,S002,22-02-2026 14:33,32999
O838,SKU_LAP_603,S002,01-03-2026 12:58,12999
O839,SKU_LAP_604,S002,18-02-2026 19:37,5999
O840,SKU_LAP_605,S002,14-02-2026 18:23,7999
O841,SKU_LAP_606,S002,24-01-2026 10:17,15999
O842,SKU_LAP_607,S002,07-02-2026 09:30,2499
O843,SKU_LAP_608,S002,03-03-2026 06:33,10999
O844,SKU_LAP_609,S002,24-01-2026 05:09,29999
O845,SKU_LAP_610,S002,15-04-2026 01:18,1499
O846,SKU_EAR_510,S002,05-02-2026 22:51,64999
O847,SKU_WATCH_511,S002,07-02-2026 04:38,68999
O848,SKU_WATCH_512,S002,12-02-2026 00:25,55999
O849,SKU_WATCH_513,S002,05-04-2026 00:31,119999
O850,SKU_WATCH_514,S002,23-02-2026 16:34,59999
O851,SKU_WATCH_515,S002,25-04-2026 11:40,74999
O852,SKU_TV_516,S002,12-04-2026 20:59,89999
O853,SKU_TV_517,S002,26-04-2026 21:14,52999
O854,SKU_TV_518,S002,24-02-2026 22:52,84999
O855,SKU_TV_519,S002,20-01-2026 12:29,149999
O856,SKU_TV_520,S002,07-02-2026 16:39,4999
O857,SKU_EAR_506,S002,27-02-2026 12:36,49999
O858,SKU_EAR_507,S002,14-02-2026 04:08,29999
O859,SKU_EAR_508,S002,12-03-2026 01:49,3999
O860,SKU_EAR_509,S002,04-02-2026 20:15,2999
O861,SKU_PHONE_501,S002,28-02-2026 16:40,19999
O862,SKU_PHONE_502,S002,03-01-2026 17:56,49999
O863,SKU_PHONE_503,S002,14-04-2026 17:14,29999
O864,SKU_PHONE_504,S002,25-01-2026 13:55,3999
O865,SKU_PHONE_505,S002,23-02-2026 06:23,2999
O866,SKU_TAB_1001,S002,09-01-2026 20:07,19999
O867,SKU_TAB_1002,S002,11-01-2026 14:06,59999
O868,SKU_TAB_1003,S002,18-04-2026 10:50,129999
O869,SKU_TAB_1004,S002,26-02-2026 17:27,69999
O870,SKU_TAB_1005,S002,25-01-2026 12:30,29999
O871,SKU_SPK_1006,S002,06-04-2026 07:39,49999
O872,SKU_SPK_1007,S002,20-01-2026 22:05,24999
O873,SKU_SPK_1008,S002,03-01-2026 09:09,9999
O874,SKU_SPK_1009,S002,22-04-2026 11:19,5999
O875,SKU_SPK_1010,S002,25-02-2026 05:07,6999
O876,SKU_HEAD_1011,S002,02-04-2026 03:32,4999
O876,SKU_HEAD_1012,S002,03-04-2026 22:58,74999
O876,SKU_HEAD_1013,S002,27-03-2026 12:44,79999
O876,SKU_HEAD_1014,S002,08-03-2026 03:48,39999
O876,SKU_HEAD_1015,S002,05-02-2026 19:11,19999
O876,SKU_CAM_1016,S002,10-01-2026 23:25,32999
O876,SKU_CAM_1017,S002,19-02-2026 00:38,24999
O876,SKU_CAM_1018,S002,03-04-2026 18:22,9999
O876,SKU_CAM_1019,S002,23-01-2026 03:41,5999
O876,SKU_CAM_1020,S002,13-01-2026 16:31,6999
O876,SKU_PB_1021,S002,19-03-2026 19:25,4999
O876,SKU_PB_1022,S002,06-04-2026 11:42,49999
O876,SKU_PB_1023,S002,15-01-2026 09:14,29999
O876,SKU_PB_1024,S002,23-04-2026 01:06,3999
O876,SKU_PB_1025,S002,11-01-2026 09:50,2999
O876,SKU_USB_1201,S002,30-01-2026 11:05,19999
O876,SKU_USB_1202,S002,29-01-2026 23:18,59999
O876,SKU_HDD_1203,S002,20-04-2026 07:01,129999
O876,SKU_HDD_1204,S002,28-02-2026 23:58,69999
O876,SKU_SSD_1205,S002,17-01-2026 12:58,29999
O876,SKU_MON_1206,S002,18-02-2026 04:39,49999
O876,SKU_MON_1207,S002,24-01-2026 00:01,49999
O876,SKU_MON_1208,S002,19-04-2026 08:48,22999
O876,SKU_MON_1209,S002,22-03-2026 19:30,18999
O876,SKU_MON_1210,S002,28-04-2026 17:38,26999
O876,SKU_KEY_1211,S002,26-04-2026 18:09,19999
O876,SKU_KEY_1212,S002,13-02-2026 19:46,14999
O876,SKU_KEY_1213,S002,12-04-2026 11:21,8999
O876,SKU_KEY_1214,S002,15-03-2026 20:41,6999
O876,SKU_KEY_1215,S002,29-03-2026 11:32,2499
O876,SKU_MOU_1216,S002,27-03-2026 23:13,19999
O876,SKU_MOU_1217,S002,27-02-2026 17:45,14999
O876,SKU_PRN_1218,S002,25-04-2026 06:43,12999
O876,SKU_AC_1219,S002,25-03-2026 06:29,1999
O876,SKU_FRG_1220,S002,01-03-2026 07:10,17999
O911,SKU_FRG_1316,S002,21-04-2026 10:00,29999
O912,SKU_FRG_1317,S002,12-01-2026 16:41,79999
O913,SKU_WM_1318,S002,29-04-2026 09:05,74999
O914,SKU_WM_1319,S002,20-01-2026 06:27,69999
O915,SKU_WM_1320,S002,10-02-2026 08:21,84999
O916,SKU_AC_1311,S002,10-02-2026 23:26,59999
O917,SKU_AC_1312,S002,21-02-2026 09:20,1499
O918,SKU_AC_1313,S002,16-01-2026 18:21,999
O919,SKU_AC_1314,S002,31-01-2026 11:56,2999
O920,SKU_AC_1315,S003,16-02-2026 13:51,1299
O921,SKU_PRN_1306,S003,03-02-2026 18:01,1999
O922,SKU_PRN_1307,S003,18-04-2026 04:28,599
O923,SKU_PRN_1308,S003,15-01-2026 13:49,999
O924,SKU_PRN_1309,S003,31-01-2026 09:29,3999
O925,SKU_PRN_1310,S003,01-01-2026 12:28,5999
O926,SKU_MOU_1301,S003,21-03-2026 07:49,7999
O927,SKU_MOU_1302,S003,29-03-2026 11:29,12999
O928,SKU_MOU_1303,S003,26-04-2026 07:21,19999
O929,SKU_MOU_1304,S003,02-04-2026 05:57,24999
O930,SKU_MOU_1305,S003,26-02-2026 13:22,9999
O931,SKU_JEW_RING_151,S003,07-01-2026 08:06,15999
O932,SKU_JEW_NECKLACE_152,S003,14-02-2026 22:45,1999
O933,SKU_JEW_EARRING_153,S003,25-02-2026 22:39,999
O934,SKU_JEW_BRACELET_154,S003,24-02-2026 21:33,1299
O935,SKU_JEW_ANKLET_155,S003,30-03-2026 03:56,3999
O936,SKU_JEW_WATCH_156,S003,14-01-2026 19:43,8999
O937,SKU_JEW_SUNGLASSES_157,S003,15-02-2026 07:50,999
O938,SKU_JEW_HANDBAG_158,S003,21-02-2026 08:54,499
O939,SKU_JEW_BELT_159,S003,25-04-2026 12:37,14999
O940,SKU_JEW_WALLET_160,S003,08-02-2026 09:54,39999
O941,SKU_JEW_HAT_161,S003,24-03-2026 13:17,45999
O942,SKU_JEW_SCARF_162,S003,23-01-2026 06:53,17999
O943,SKU_JEW_BROOCH_163,S003,16-04-2026 17:50,28999
O944,SKU_JEW_CHAIN_164,S003,13-02-2026 15:41,34999
O945,SKU_JEW_TOERING_165,S003,29-01-2026 22:20,18999
O946,SKU_JEW_BACKPACK_166,S003,21-02-2026 13:56,25999
O947,SKU_JEW_HAIRPIN_167,S003,28-01-2026 14:52,42999
O948,SKU_JEW_CUFFLINK_168,S003,14-01-2026 20:47,28999
O949,SKU_JEW_KEYCHAIN_169,S003,12-01-2026 13:56,55999
O950,SKU_JEW_DUFFEL_170,S003,02-02-2026 05:15,37999
O951,SKU_JEW_PENDANT_171,S003,01-03-2026 17:34,44999
O952,SKU_JEW_LOCKET_172,S003,26-04-2026 13:06,8999
O952,SKU_JEW_NOSEPIN_173,S003,21-04-2026 12:41,14999
O952,SKU_JEW_BANGLES_174,S003,26-02-2026 01:01,12999
O952,SKU_JEW_TIARA_175,S003,27-03-2026 06:36,19999
O952,SKU_JEW_HAIRBAND_176,S003,25-01-2026 03:31,24999
O952,SKU_JEW_HAIRCLIP_177,S003,02-04-2026 00:17,799
O952,SKU_JEW_CARDHOLDER_178,S003,01-03-2026 01:10,499
O952,SKU_JEW_LUGGAGETAG_179,S003,20-03-2026 03:49,1499
O952,SKU_JEW_TRAVELWALLET_180,S003,22-02-2026 20:45,8999
O952,SKU_JEW_LAPELPIN_181,S003,08-04-2026 04:22,1999
O952,SKU_JEW_TIECLIP_182,S003,15-04-2026 20:29,3499
O952,SKU_JEW_ARMLET_183,S003,06-04-2026 21:15,2999
O952,SKU_JEW_WAISTCHAIN_184,S003,27-03-2026 00:06,12999
O952,SKU_JEW_SCRUNCHIE_185,S003,16-01-2026 14:53,8999
O952,SKU_JEW_POTLIBAG_186,S003,27-04-2026 03:03,2499
O952,SKU_JEW_SUNGLASSCHAIN_187,S003,08-01-2026 17:45,7999
O952,SKU_JEW_JEWELBOX_188,S003,25-03-2026 21:23,8999
O952,SKU_JEW_WATCHSTRAP_189,S003,04-03-2026 14:07,14999
O952,SKU_JEW_BEADBRACELET_190,S003,28-04-2026 05:30,1999
O952,SKU_JEW_GEMRING_191,S003,18-02-2026 14:47,2499
O952,SKU_JEW_JEWELROLL_192,S003,06-01-2026 00:32,1499
O952,SKU_JEW_CHARMKEY_193,S003,18-01-2026 17:36,12999
O952,SKU_JEW_BROOCHSET_194,S003,14-02-2026 10:51,2999
O952,SKU_JEW_WAISTBELT_195,S003,22-04-2026 16:37,18999
O952,SKU_JEW_SOCKS_196,S003,25-04-2026 00:11,899
O952,SKU_JEW_GLOVES_197,S003,05-01-2026 00:40,2999
O952,SKU_JEW_UMBRELLA_198,S003,22-02-2026 08:00,799
O952,SKU_JEW_PHONECHARM_199,S003,22-04-2026 21:30,3499
O952,SKU_BRACE_201,S003,08-01-2026 19:29,499
O952,SKU_BRACE_202,S003,04-02-2026 00:26,3499
O952,SKU_BRACE_203,S003,02-04-2026 08:41,7999
O952,SKU_BRACE_204,S003,11-04-2026 18:32,1999
O952,SKU_BRACE_205,S003,27-03-2026 20:56,2499
O952,SKU_WATCH_206,S003,24-02-2026 00:18,3999
O952,SKU_WATCH_207,S003,05-02-2026 05:48,9999
O952,SKU_WATCH_208,S003,24-04-2026 15:50,899
O952,SKU_WATCH_209,S003,26-03-2026 15:22,699
O952,SKU_WATCH_210,S003,06-04-2026 11:36,3999
O952,SKU_BAG_211,S003,18-01-2026 17:13,999
O952,SKU_BAG_212,S003,02-04-2026 06:24,1499
O952,SKU_BAG_213,S003,09-03-2026 13:36,999
O952,SKU_BAG_214,S003,21-03-2026 07:02,2499
O952,SKU_BAG_215,S003,06-03-2026 17:19,4999
O952,SKU_WAL_216,S003,04-03-2026 08:14,3999
O952,SKU_WAL_217,S003,21-01-2026 07:28,499
O952,SKU_WAL_218,S003,01-02-2026 05:29,1999
O952,SKU_WAL_219,S003,06-03-2026 00:59,999
O952,SKU_WAL_220,S003,21-03-2026 22:24,2999
O952,SKU_RING_101,S003,07-04-2026 05:03,799
O952,SKU_RING_102,S003,25-02-2026 23:11,1299
O952,SKU_RING_103,S003,19-03-2026 18:14,18999
O952,SKU_RING_104,S003,17-04-2026 19:38,1499
O952,SKU_RING_105,S003,08-01-2026 03:01,1299
O952,SKU_NECK_106,S003,30-03-2026 07:38,4999
O952,SKU_NECK_107,S003,18-01-2026 02:23,1999
O1007,SKU_NECK_108,S003,03-03-2026 01:45,699
O1008,SKU_NECK_109,S003,19-02-2026 00:15,1299
O1009,SKU_NECK_110,S003,04-03-2026 18:33,1499
O1010,SKU_EAR_111,S003,23-01-2026 12:14,599
O1011,SKU_EAR_112,S003,20-03-2026 11:35,8999
O1012,SKU_EAR_113,S003,10-04-2026 22:11,5999
O1013,SKU_EAR_114,S003,01-01-2026 05:21,24999
O1014,SKU_EAR_115,S003,16-04-2026 08:40,1499
O1015,SKU_ANK_301,S003,31-03-2026 16:57,2999
O1016,SKU_ANK_302,S003,22-03-2026 05:52,7999
O1017,SKU_ANK_303,S003,11-01-2026 12:36,2999
O1018,SKU_ANK_304,S003,06-02-2026 10:11,9999
O1019,SKU_ANK_305,S003,11-04-2026 16:06,12999
O1020,SKU_HAIR_306,S003,12-03-2026 06:00,10999
O1021,SKU_HAIR_307,S003,07-04-2026 19:08,15999
O1022,SKU_HAIR_308,S003,27-03-2026 20:03,3999
O1023,SKU_HAIR_309,S003,11-01-2026 00:31,2499
O1024,SKU_HAIR_310,S003,09-02-2026 12:39,1999
O1025,SKU_SUN_311,S003,21-02-2026 20:34,1499
O1026,SKU_SUN_312,S003,17-04-2026 15:32,1999
O1027,SKU_SUN_313,S003,26-01-2026 10:33,2999
O1028,SKU_SUN_314,S003,25-02-2026 22:18,3499
O1029,SKU_SUN_315,S003,27-03-2026 01:46,2499
O1030,SKU_PHA_PARACETAMOL_001,S003,05-04-2026 02:55,999
O1031,SKU_PHA_IBUPROFEN_002,S003,24-01-2026 13:53,3999
O1032,SKU_PHA_ANTACID_003,S003,06-01-2026 14:32,2999
O1033,SKU_PHA_COUGH_004,S003,29-04-2026 05:32,19999
O1034,SKU_PHA_VITC_005,S003,16-02-2026 11:12,17999
O1035,SKU_PHA_MULTIVIT_006,S003,31-01-2026 18:05,1999
O1036,SKU_PHA_BANDAGE_007,S003,02-03-2026 08:12,15999
O1037,SKU_PHA_SANITIZER_008,S003,17-04-2026 23:05,2999
O1038,SKU_PHA_THERMOMETER_009,S003,03-01-2026 15:43,8999
O1039,SKU_PHA_GLUCOSE_010,S003,18-04-2026 05:40,12999
O1040,SKU_PHA_B12_011,S003,21-03-2026 05:22,1999
O1041,SKU_PHA_DIGENE_012,S003,19-01-2026 02:23,7999
O1042,SKU_PHA_VITD_013,S003,13-02-2026 15:10,2499
O1043,SKU_PHA_GASRELIEF_014,S003,23-01-2026 00:46,14999
O1044,SKU_PHA_ANTIFUNGAL_015,S003,31-03-2026 14:30,1999
O1045,SKU_PHA_ANTIBIOTIC_016,S003,23-01-2026 19:25,4999
O1046,SKU_PHA_ALLERGY_017,S003,30-01-2026 21:33,1499
O1047,SKU_PHA_BETADINE_018,S003,07-04-2026 18:35,999
O1048,SKU_PHA_INSULIN_019,S003,26-02-2026 16:10,3999
O1049,SKU_PHA_VITAMINC_020,S003,09-04-2026 19:30,1799
O1050,SKU_PHA_CALCIUM_021,S003,23-02-2026 02:15,2999
O1051,SKU_PHA_IRON_022,S003,22-03-2026 16:19,499
O1052,SKU_PHA_ZINC_023,S003,04-04-2026 16:36,399
O1053,SKU_PHA_ORAL_024,S003,02-04-2026 16:42,799
O1054,SKU_PHA_LOZENGE_025,S003,17-02-2026 07:52,999
O1055,SKU_PHA_ELECTROLYTE_026,S003,30-03-2026 16:46,599
O1056,SKU_PHA_INHALER_027,S003,18-04-2026 01:04,5999
O1057,SKU_PHA_OINTMENT_028,S003,29-01-2026 02:04,1999
O1058,SKU_PHA_GLUCOMETER_029,S003,16-03-2026 11:38,7999
O1059,SKU_PHA_BP_030,S003,07-02-2026 00:18,2499
O1060,SKU_PHA_PAINSPRAY_031,S003,27-04-2026 09:18,1499
O1061,SKU_PHA_COOLGEL_032,S003,09-04-2026 16:34,45
O1062,SKU_PHA_COLDTAB_033,S003,27-01-2026 12:10,60
O1063,SKU_PHA_DIGESTIVE_034,S003,14-01-2026 13:20,120
O1064,SKU_PHA_PROBIOTIC_035,S003,23-02-2026 15:24,150
O1065,SKU_PHA_CALAMINE_036,S003,22-03-2026 13:46,95
O1066,SKU_PHA_LIVER_037,S003,07-03-2026 23:56,180
O1067,SKU_PHA_STEAM_038,S003,09-04-2026 14:13,85
O1068,SKU_PHA_MASK_039,S003,21-02-2026 21:06,75
O1069,SKU_PHA_VAPORUB_040,S003,01-01-2026 11:57,350
O1070,SKU_PHA_PROTEIN_041,S003,24-02-2026 22:07,180
O1071,SKU_PHA_VITAMINK2_042,S003,27-02-2026 23:22,120
O1072,SKU_PHA_MAGNESIUM_043,S003,24-04-2026 23:19,95
O1073,SKU_PHA_PROTEINBAR_044,S003,23-04-2026 14:38,220
O1074,SKU_PHA_COLLAGEN_045,S003,06-04-2026 01:53,60
O1075,SKU_PHA_BANDAGEKIT_046,S003,29-01-2026 20:30,110
O1076,SKU_PHA_HEATINGPAD_047,S003,28-03-2026 17:03,150
O1077,SKU_PHA_PULSE_048,S003,15-04-2026 13:58,180
O1078,SKU_PHA_MASSAGER_049,S003,05-04-2026 01:11,160
O1079,SKU_PHA_STRETCH_050,S003,09-03-2026 00:23,950
O1080,SKU_PHA_PARACETAMOL_101,S003,06-03-2026 13:16,180
O1081,SKU_PHA_ASPIRIN_102,S003,18-04-2026 04:07,210
O1082,SKU_PHA_CETIRIZINE_103,S003,16-04-2026 12:34,140
O1083,SKU_PHA_PANTOP_104,S003,15-03-2026 05:55,170
O1084,SKU_PHA_METFORMIN_105,S003,30-03-2026 10:03,35
O1085,SKU_PHA_OMEGA_106,S003,04-03-2026 11:35,55
O1086,SKU_PHA_BIOTIN_107,S003,06-02-2026 15:11,45
O1087,SKU_PHA_ASHWAGANDHA_108,S003,16-02-2026 08:54,80
O1088,SKU_PHA_GINSENG_109,S003,22-04-2026 00:46,40
O1089,SKU_PHA_CURCUMIN_110,S003,16-03-2026 08:46,1200
O1090,SKU_PHA_WEIGHT_111,S003,15-02-2026 08:28,2500
O1091,SKU_PHA_NEBULIZER_112,S003,21-03-2026 18:21,210
O1092,SKU_PHA_FITNESS_113,S003,09-01-2026 11:24,180
O1093,SKU_PHA_MASSAGER_114,S003,03-03-2026 18:48,90
O1094,SKU_PHA_HEART_115,S003,02-04-2026 20:13,75
O1095,SKU_PHA_ORAL_REHYD_301,S003,16-03-2026 00:39,210
O1096,SKU_PHA_PROBIOTIC_302,S003,16-03-2026 23:15,110
O1097,SKU_PHA_ANTACID_303,S003,30-01-2026 12:51,190
O1098,SKU_PHA_COUGHLOZ_304,S003,07-04-2026 04:23,450
O1099,SKU_PHA_INSULIN_305,S003,08-01-2026 04:31,120
O1100,SKU_PHA_BP_MONITOR_306,S003,25-01-2026 12:21,150
O1101,SKU_PHA_GLUCO_307,S003,08-04-2026 12:50,2200
O1102,SKU_PHA_PULSE_308,S003,25-04-2026 14:26,450
O1103,SKU_PHA_PROTEIN_309,S003,06-03-2026 11:12,380
O1104,SKU_PHA_ELECTROLYTE_310,S003,20-01-2026 11:43,120
O1105,SKU_LIP_301,S003,27-03-2026 11:58,950
O1106,SKU_LIP_302,S003,20-01-2026 08:41,650
O1107,SKU_LIP_303,S003,13-04-2026 03:06,1200
O1108,SKU_LIP_304,S003,30-03-2026 17:26,900
O1109,SKU_LIP_305,S003,03-01-2026 23:31,1600
O1110,SKU_TAB_401,S003,28-01-2026 23:48,120
O1111,SKU_TAB_402,S003,21-03-2026 14:38,65
O1112,SKU_TAB_403,S003,30-01-2026 23:22,40
O1113,SKU_TAB_404,S003,15-01-2026 12:43,55
O1114,SKU_MOU_401,S003,02-04-2026 03:59,120
O1115,SKU_MOU_402,S003,21-02-2026 11:05,85
O1116,SKU_MOU_403,S003,07-03-2026 17:48,450
O1117,SKU_WATCH_411,S003,19-03-2026 04:24,600
O1118,SKU_WATCH_412,S003,16-01-2026 14:17,350
O1119,SKU_WATCH_413,S003,05-03-2026 19:13,550
O1120,SKU_WATCH_414,S003,14-04-2026 14:51,480
O1121,SKU_WATCH_415,S003,15-03-2026 18:58,1200
O1122,SKU_BAG_416,S003,03-03-2026 11:44,1800
O1123,SKU_BAG_417,S003,05-04-2026 18:00,1999
O1124,SKU_BAG_418,S003,16-04-2026 01:19,2500
O1125,SKU_BAG_419,S003,07-01-2026 23:18,3999
O1126,SKU_BAG_420,S003,30-04-2026 21:34,25
O1127,SKU_TAB_421,S003,14-01-2026 06:51,120
O1128,SKU_TAB_422,S003,15-02-2026 14:06,180
O1129,SKU_TAB_423,S003,25-02-2026 19:16,60
O1130,SKU_TAB_424,S003,14-02-2026 04:09,850
O1131,SKU_TAB_425,S003,18-01-2026 13:11,2200
O1132,SKU_MIN_SERUM_501,S003,26-03-2026 06:27,1800
O1133,SKU_MIN_SERUM_502,S003,20-01-2026 02:46,1200
O1134,SKU_MIN_SERUM_503,S003,20-01-2026 12:23,2999
O1135,SKU_MIN_SERUM_504,S003,28-03-2026 03:41,500
O1136,SKU_MIN_MOIST_505,S003,02-02-2026 07:18,499
O1137,SKU_MIN_MOIST_506,S003,28-02-2026 03:36,499
O1138,SKU_MIN_TONER_507,S003,06-01-2026 14:54,499
O1139,SKU_MIN_FW_508,S003,09-01-2026 22:20,599
O1140,SKU_MIN_SUN_509,S003,04-03-2026 23:41,599
O1141,SKU_CB_701,S003,11-01-2026 21:32,65
O1142,SKU_CB_702,S003,26-02-2026 23:11,55
O1143,SKU_CB_703,S003,11-03-2026 14:33,55
O1144,SKU_HB_704,S003,14-03-2026 18:53,85
O1145,SKU_HB_705,S003,25-03-2026 15:08,999
O1146,SKU_HB_706,S003,29-01-2026 06:24,999
O1147,SKU_AN_707,S003,17-02-2026 10:02,499
O1148,SKU_AN_708,S003,14-04-2026 03:24,699
O1149,SKU_TF_709,S003,22-03-2026 00:18,699
O1150,SKU_TF_710,S003,20-04-2026 21:24,790
O1151,SKU_CH_711,S003,04-02-2026 23:07,899
O1152,SKU_DHC_713,S003,03-02-2026 00:10,799
O1153,SKU_OPI_714,S003,03-02-2026 23:52,799
O1154,SKU_NYX_715,S003,16-01-2026 08:01,650
O1155,SKU_LU_716,S003,29-04-2026 08:26,320
O1156,SKU_VL_717,S003,16-03-2026 06:47,399
O1157,SKU_AS_801,S003,16-02-2026 18:20,499
O1158,SKU_AS_802,S003,07-04-2026 15:17,7999
O1159,SKU_VH_803,S003,24-04-2026 05:42,2999
O1160,SKU_VH_804,S003,28-01-2026 18:58,9999
O1161,SKU_GD_805,S003,15-02-2026 02:04,12999
O1162,SKU_GD_806,S003,31-03-2026 13:06,10999
O1163,SKU_AU_807,S003,19-02-2026 07:37,15999
O1164,SKU_AU_808,S003,31-03-2026 05:45,3999
O1165,SKU_CO_809,S003,19-02-2026 13:54,2499
O1166,SKU_CO_810,S003,02-01-2026 19:47,1999
O1167,SKU_BQ_901,S003,01-04-2026 08:14,1499
O1168,SKU_BQ_902,S003,25-02-2026 20:27,50
O1169,SKU_WA_903,S003,17-04-2026 03:19,60
O1170,SKU_WA_904,S003,31-01-2026 16:13,55
O1171,SKU_RO_905,S003,15-01-2026 08:13,85
O1172,SKU_RO_906,S003,27-03-2026 18:36,120
O1173,SKU_NX_907,S003,09-03-2026 02:27,699
O1174,SKU_NX_908,S003,25-04-2026 02:16,899
O1175,SKU_KS_909,S003,28-02-2026 02:09,599
O1176,SKU_KS_910,S003,24-03-2026 09:25,799
O1177,SKU_AM_901,S003,18-02-2026 13:32,599
O1178,SKU_AM_902,S003,30-03-2026 17:00,799
O1179,SKU_AM_903,S003,28-02-2026 15:59,699
O1180,SKU_BS_904,S003,08-02-2026 16:25,399
O1181,SKU_BS_905,S003,16-03-2026 16:48,599
O1182,SKU_BS_906,S003,04-04-2026 19:54,699
O1183,SKU_MB_907,S003,21-01-2026 17:02,799
O1184,SKU_MB_908,S003,16-02-2026 01:27,499
O1185,SKU_MB_909,S003,16-03-2026 01:17,1499
O1186,SKU_DA_901,S003,22-04-2026 01:21,2499
O1187,SKU_DA_902,S003,11-03-2026 16:52,2999
O1188,SKU_EN_903,S003,22-04-2026 14:49,1299
O1189,SKU_EN_904,S003,27-02-2026 10:51,1399
O1190,SKU_SS_905,S003,27-02-2026 07:52,2499
O1191,SKU_SS_906,S003,05-01-2026 06:14,1899
O1192,SKU_FU_907,S003,18-03-2026 20:35,5999
O1193,SKU_FU_908,S003,23-02-2026 07:10,1899
O1194,SKU_LP_901,S003,02-01-2026 13:44,899
O1195,SKU_LP_902,S003,20-04-2026 21:25,799
O1196,SKU_LP_903,S003,10-01-2026 12:33,899
O1197,SKU_LP_904,S003,28-04-2026 18:03,599
O1198,SKU_LP_905,S003,07-04-2026 10:55,1999
O1199,SKU_FC_906,S003,25-02-2026 13:45,999
O1200,SKU_FC_907,S003,14-02-2026 16:25,2499
O1201,SKU_FC_908,S003,28-04-2026 21:07,2999
O1202,SKU_FC_909,S003,10-03-2026 09:56,1799
O1203,SKU_FC_910,S003,12-02-2026 12:38,2199
O1204,SKU_ET_911,S003,06-02-2026 22:04,1999
O1205,SKU_ET_912,S003,18-02-2026 16:00,799
O1206,SKU_ET_913,S003,27-01-2026 13:26,4999
O1207,SKU_ET_914,S003,19-01-2026 20:49,2999
O1208,SKU_ET_915,S003,08-01-2026 15:43,12999
O1209,SKU_ST_916,S003,01-03-2026 23:43,18999
O1210,SKU_ST_917,S003,27-03-2026 14:23,6999
O1211,SKU_ST_918,S003,07-01-2026 11:29,9999
O1212,SKU_ST_919,S003,23-04-2026 13:00,3999
O1213,SKU_ST_920,S003,12-03-2026 20:22,5999
O1214,SKU_MIC_1001,S003,26-01-2026 12:25,8999
O1215,SKU_LIGHT_1002,S003,18-01-2026 12:03,12999
O1216,SKU_STAND_1003,S003,27-02-2026 07:18,1299
O1217,SKU_GP_1004,S003,05-03-2026 10:37,2999
O1218,SKU_GP_1005,S003,22-03-2026 16:23,25999
O1219,SKU_INH_1001,S003,04-02-2026 02:32,45999
O1220,SKU_INH_1002,S003,08-02-2026 23:46,15999
O1221,SKU_INH_1003,S003,26-01-2026 15:54,34999
O1222,SKU_INH_1004,S003,15-04-2026 17:49,28999
O1223,SKU_INH_1005,S003,13-03-2026 01:01,19999
O1224,SKU_NEB_1006,S003,14-04-2026 01:57,21999
O1225,SKU_NEB_1007,S003,08-04-2026 10:31,55999
O1226,SKU_NEB_1008,S003,22-02-2026 22:04,17999
O1227,SKU_NEB_1009,S003,01-02-2026 22:49,120
O1228,SKU_NEB_1010,S003,19-02-2026 21:34,150
O1229,SKU_HP_1011,S003,04-04-2026 13:34,350
O1230,SKU_HP_1012,S003,27-02-2026 07:27,550
O1231,SKU_HP_1013,S003,07-03-2026 18:31,450
O1232,SKU_HP_1014,S003,23-01-2026 08:43,399
O1233,SKU_HP_1015,S003,01-04-2026 22:34,500
O1234,SKU_JOG_1001,S003,15-01-2026 14:55,550
O1235,SKU_JOG_1002,S003,28-01-2026 07:58,699
O1236,SKU_JOG_1003,S003,13-02-2026 19:26,799
O1237,SKU_JOG_1004,S003,19-03-2026 04:04,899
O1238,SKU_KAF_1005,S003,19-04-2026 05:15,1499
O1239,SKU_KAF_1006,S003,13-03-2026 00:38,999
O1240,SKU_KAF_1007,S003,18-01-2026 12:50,399
O1241,SKU_KAF_1008,S003,18-03-2026 14:51,299
O1242,SKU_NS_1009,S003,03-01-2026 16:51,250
O1243,SKU_NS_1010,S003,21-02-2026 08:27,350
O1244,SKU_NS_1011,S003,15-04-2026 04:36,799
O1245,SKU_NS_1012,S003,24-01-2026 23:57,299
O1246,SKU_000001,S003,30-03-2026 07:27,799
O1247,SKU_000002,S003,13-03-2026 13:44,199
O1248,SKU_000003,S003,20-02-2026 21:45,499
O1249,SKU_000004,S003,24-04-2026 12:14,399
O1250,SKU_000005,S003,15-03-2026 23:42,499
O1251,SKU_000006,S003,14-03-2026 03:11,799
O1252,SKU_000007,S003,22-01-2026 00:55,1999
O1253,SKU_000008,S003,15-02-2026 09:41,299
O1254,SKU_000009,S003,02-04-2026 13:14,199
O1255,SKU_000010,S003,05-01-2026 20:37,2999
O1256,SKU_000011,S003,20-04-2026 00:20,1999
O1257,SKU_000012,S003,05-03-2026 16:37,499
O1258,SKU_000013,S003,29-04-2026 11:11,1499
O1259,SKU_000014,S003,12-02-2026 23:38,999
O1260,SKU_000015,S003,13-01-2026 06:36,350
O1261,SKU_000016,S003,01-04-2026 03:38,320
O1262,SKU_000017,S003,28-02-2026 16:18,450
O1263,SKU_000018,S003,21-03-2026 06:47,500
O1264,SKU_000019,S003,23-01-2026 15:44,550
O1265,SKU_000020,S003,28-01-2026 03:24,2499
O1266,SKU_000021,S003,09-01-2026 19:19,2999
O1267,SKU_000022,S003,08-01-2026 05:25,1999
O1268,SKU_000023,S003,01-03-2026 02:26,1799
O1269,SKU_000024,S003,06-04-2026 15:47,2799
O1270,SKU_000025,S003,23-01-2026 13:09,1299
O1271,SKU_000026,S003,19-01-2026 20:56,799
O1272,SKU_000027,S003,15-02-2026 14:14,1999
O1273,SKU_000028,S003,15-04-2026 09:08,399
O1274,SKU_000029,S003,27-01-2026 08:14,1599
O1275,SKU_000030,S003,17-03-2026 11:13,1999
O1276,SKU_000031,S003,30-03-2026 02:07,1999
O1277,SKU_000032,S003,14-03-2026 01:02,1799
O1278,SKU_000033,S003,15-04-2026 21:28,1799
O1279,SKU_000034,S003,23-03-2026 09:16,2499
O1280,SKU_000035,S003,25-04-2026 01:12,2499
O1281,SKU_000036,S003,31-01-2026 00:07,2999
O1282,SKU_000037,S003,22-03-2026 13:30,2999
O1283,SKU_000038,S003,20-01-2026 05:28,1499
O1284,SKU_000039,S003,06-04-2026 00:31,1499
O1285,SKU_000040,S003,30-04-2026 13:08,1299
O1286,SKU_000041,S003,21-03-2026 05:57,1299
O1287,SKU_000042,S003,24-02-2026 07:41,75.13
O1288,SKU_000043,S003,07-01-2026 08:28,56.67
O1289,SKU_000044,S003,13-03-2026 22:47,83.61
O1290,SKU_000045,S003,12-02-2026 04:33,71.4
O1291,SKU_000046,S003,28-03-2026 02:18,77.75
O1292,SKU_000047,S003,28-03-2026 08:25,98.15
O1293,SKU_000048,S003,15-02-2026 20:21,87.05
O1294,SKU_000049,S003,12-03-2026 10:14,80.91
O1295,SKU_000050,S003,20-01-2026 07:01,108.64
O1296,SKU_000051,S003,13-03-2026 07:54,106.42
O1297,SKU_000052,S003,16-04-2026 17:23,221.94
O1298,SKU_000053,S003,11-03-2026 15:32,198.34
O1299,SKU_000054,S003,12-01-2026 18:11,236.29
O1300,SKU_000055,S003,19-03-2026 07:27,278.63
O1301,SKU_000056,S003,23-02-2026 13:42,271.51
O1302,SKU_000057,S003,06-02-2026 20:34,458.39
O1303,SKU_000058,S003,24-01-2026 17:18,411.33
O1304,SKU_000059,S003,30-03-2026 07:08,463.29
O1305,SKU_000060,S003,18-01-2026 19:13,368.5
O1306,SKU_000061,S003,11-02-2026 04:29,413.48
O1307,SKU_000062,S003,26-04-2026 22:54,102.59
O1308,SKU_000063,S003,05-01-2026 03:31,115.09
O1309,SKU_000064,S003,10-01-2026 19:42,136.47
O1310,SKU_000065,S003,06-03-2026 18:15,133.23
O1311,SKU_000066,S003,17-02-2026 07:06,143.84
O1312,SKU_000067,S003,25-01-2026 10:50,840.98
O1313,SKU_000068,S003,20-04-2026 15:07,1077.95
O1314,SKU_000069,S003,09-02-2026 20:19,981.53
O1315,SKU_000070,S003,14-01-2026 07:44,982.14
O1316,SKU_000071,S003,18-04-2026 14:47,915.96
O1317,SKU_000072,S003,10-02-2026 05:25,72.57
O1318,SKU_000073,S003,24-04-2026 20:44,55.39
O1319,SKU_000074,S003,11-02-2026 22:24,65.81
O1320,SKU_000075,S004,15-02-2026 05:51,54.51
O1321,SKU_000076,S004,05-03-2026 19:11,64.92
O1322,SKU_000077,S004,29-01-2026 15:39,132.98
O1323,SKU_000078,S004,26-04-2026 17:28,99.45
O1324,SKU_000079,S004,01-01-2026 13:12,109.03
O1325,SKU_000080,S004,23-02-2026 20:11,97.23
O1326,SKU_000081,S004,29-01-2026 02:17,135.42
O1327,SKU_000082,S004,26-01-2026 05:48,563.96
O1328,SKU_000083,S004,15-04-2026 21:35,637.32
O1329,SKU_000084,S004,18-02-2026 16:07,699.82
O1330,SKU_000085,S004,03-02-2026 21:12,564.39
O1331,SKU_000086,S004,22-01-2026 08:17,707.31
O1332,SKU_000087,S004,06-01-2026 00:08,718.2
O1333,SKU_000088,S004,26-01-2026 14:14,644.6
O1334,SKU_000089,S004,03-01-2026 21:15,663.14
O1335,SKU_000090,S004,11-03-2026 13:31,642.8
O1336,SKU_000091,S004,16-02-2026 04:50,866.69
O1337,SKU_000092,S004,25-04-2026 08:15,631.18
O1338,SKU_000093,S004,04-03-2026 20:53,744.16
O1339,SKU_000094,S004,04-01-2026 01:32,715.83
O1340,SKU_000095,S004,03-02-2026 20:02,766.33
O1341,SKU_000096,S004,21-02-2026 12:42,804.82
O1342,SKU_000097,S004,11-01-2026 04:11,2084.42
O1343,SKU_000098,S004,25-01-2026 14:44,1869.65
O1344,SKU_000099,S004,23-03-2026 17:49,2144.93
O1345,SKU_000100,S004,13-04-2026 03:44,1737.42
O1346,SKU_000101,S004,23-01-2026 01:38,1819.8
O1347,SKU_000102,S004,13-01-2026 08:12,1005.48
O1348,SKU_000103,S004,03-04-2026 11:28,1091.54
O1349,SKU_000104,S004,29-03-2026 01:06,1231.83
O1350,SKU_000105,S004,12-03-2026 07:13,992.58
O1351,SKU_000106,S004,10-04-2026 15:51,1053.48
O1352,SKU_000107,S004,26-04-2026 06:41,86792.06
O1353,SKU_000108,S004,22-01-2026 04:13,66625.86
O1354,SKU_000109,S004,29-03-2026 18:29,63662.02
O1355,SKU_000110,S004,08-04-2026 20:03,63322.29
O1356,SKU_000111,S004,13-02-2026 00:29,73636.04
O1357,SKU_000112,S004,30-04-2026 10:36,3380.66
O1358,SKU_000113,S004,09-01-2026 10:05,3397.37
O1359,SKU_000114,S004,12-04-2026 06:08,3034.99
O1360,SKU_000115,S004,28-02-2026 13:41,3397.52
O1361,SKU_000116,S004,30-03-2026 22:37,3031.16
O1362,SKU_000117,S004,07-01-2026 01:10,807.28
O1363,SKU_000118,S004,12-01-2026 19:28,559.72
O1364,SKU_000119,S004,04-04-2026 00:13,603.39
O1365,SKU_000120,S004,19-03-2026 23:40,806.43
O1366,SKU_000121,S004,24-03-2026 18:34,779.37
O1367,SKU_000122,S004,21-01-2026 23:08,925.5
O1368,SKU_000123,S004,06-04-2026 04:49,1221.35
O1369,SKU_000124,S004,28-03-2026 03:09,1222.99
O1370,SKU_000125,S004,15-01-2026 06:29,947.74
O1371,SKU_000126,S004,16-01-2026 16:30,1164
O1372,SKU_000127,S004,04-03-2026 13:08,2757.04
O1373,SKU_000128,S004,29-04-2026 02:52,3782.3
O1374,SKU_000129,S004,29-01-2026 19:17,3461.46
O1375,SKU_000130,S004,13-01-2026 18:06,3363.72
O1376,SKU_000131,S004,25-01-2026 12:05,3579.51
O1377,SKU_000132,S004,23-02-2026 09:40,2684.5
O1378,SKU_000133,S004,24-04-2026 15:59,2572.82
O1379,SKU_000134,S004,17-04-2026 11:31,2502.03
O1380,SKU_000135,S004,05-03-2026 03:28,2839.2
O1381,SKU_000136,S004,15-03-2026 23:08,2102.52
O1382,SKU_000137,S004,27-04-2026 00:02,215.39
O1383,SKU_000138,S004,14-04-2026 00:34,207.75
O1384,SKU_000139,S004,27-02-2026 06:19,199.84
O1385,SKU_000140,S004,30-03-2026 02:28,193.82
O1386,SKU_000141,S004,09-04-2026 04:02,160.34
O1387,SKU_000142,S004,28-04-2026 13:29,2313.28
O1388,SKU_000143,S004,25-03-2026 12:52,1990.97
O1389,SKU_000144,S004,20-01-2026 06:12,1619.27
O1390,SKU_000145,S004,23-01-2026 05:12,2043.57
O1391,SKU_000146,S004,18-04-2026 01:24,1957.03
O1392,SKU_000147,S004,11-02-2026 18:04,928.93
O1393,SKU_000148,S004,25-03-2026 12:16,966.69
O1394,SKU_000149,S004,29-03-2026 16:23,1046.23
O1395,SKU_000150,S004,14-02-2026 08:51,987.64
O1396,SKU_000151,S004,22-03-2026 08:30,870.71
O1397,SKU_000152,S004,07-03-2026 19:32,2348.39
O1398,SKU_000153,S004,30-03-2026 01:27,2822.95
O1399,SKU_000154,S004,19-03-2026 10:13,2906.44
O1400,SKU_000155,S004,22-03-2026 18:39,2871.71
O1401,SKU_000156,S004,19-01-2026 11:07,2735.39
O1402,SKU_000157,S004,02-03-2026 16:34,16090.66
O1403,SKU_000158,S004,24-03-2026 20:51,16994.81
O1404,SKU_000159,S004,02-03-2026 16:27,15432.64
O1405,SKU_000160,S004,19-02-2026 11:52,12529.79
O1406,SKU_000161,S004,14-03-2026 16:22,13106.77
O1407,SKU_000162,S004,30-01-2026 15:20,1686.7
O1408,SKU_000163,S004,03-04-2026 02:14,1638.32
O1409,SKU_000164,S004,14-01-2026 00:51,1342.22
O1410,SKU_000165,S004,18-01-2026 17:08,1224.56
O1411,SKU_000166,S004,17-01-2026 13:49,1575.26
O1412,SKU_000167,S004,19-01-2026 02:29,16001.72
O1413,SKU_000168,S004,25-03-2026 20:41,15624.31
O1414,SKU_000169,S004,19-01-2026 18:01,13427.75
O1415,SKU_000170,S004,14-03-2026 08:39,15238.82
O1416,SKU_000171,S004,26-01-2026 06:22,18913.63
O1417,SKU_000172,S004,19-04-2026 00:52,50798.12
O1418,SKU_000173,S004,12-01-2026 15:31,44606.29
O1419,SKU_000174,S004,24-04-2026 21:07,43089.04
O1420,SKU_000175,S004,20-04-2026 01:10,51220.83
O1421,SKU_000176,S004,20-04-2026 01:38,41485.41
O1422,SKU_000177,S004,06-03-2026 00:15,29689.03
O1423,SKU_000178,S004,24-01-2026 17:38,25746.36
O1424,SKU_000179,S004,21-03-2026 18:30,29388.35
O1425,SKU_000180,S004,10-03-2026 15:53,22056.62
O1426,SKU_000181,S004,24-03-2026 03:01,29086.85
O1427,SKU_000182,S004,10-01-2026 23:45,5325.65
O1428,SKU_000183,S004,25-02-2026 20:27,5388.6
O1429,SKU_000184,S004,27-04-2026 14:06,4236.74
O1430,SKU_000185,S004,02-03-2026 16:07,5071.61
O1431,SKU_000186,S004,10-03-2026 06:47,5880.7
O1432,SKU_000187,S004,21-01-2026 02:48,10289.13
O1433,SKU_000188,S004,23-04-2026 05:17,7784.8
O1434,SKU_000189,S004,09-04-2026 12:42,7822.83
O1435,SKU_000190,S004,11-02-2026 07:26,9946.06
O1436,SKU_000191,S004,31-01-2026 01:05,9655.88
O1437,SKU_000192,S004,04-04-2026 15:09,146.97
O1438,SKU_000193,S004,13-02-2026 13:03,138.17
O1439,SKU_000194,S004,22-01-2026 00:20,140.41
O1440,SKU_000195,S004,09-03-2026 23:38,127
O1441,SKU_000196,S004,19-04-2026 00:23,118.66
O1442,SKU_000197,S004,13-03-2026 08:57,66.69
O1443,SKU_000198,S004,23-01-2026 07:24,55.54
O1444,SKU_000199,S004,24-02-2026 02:13,68.7
O1445,SKU_000200,S004,22-04-2026 11:29,55.3
O1446,SKU_000201,S004,13-02-2026 21:58,69.01
O1447,SKU_000202,S004,25-03-2026 07:48,1148.76
O1448,SKU_000203,S004,19-04-2026 22:17,1501.01
O1449,SKU_000204,S004,30-04-2026 03:27,1139.62
O1450,SKU_000205,S004,19-04-2026 02:35,1156.1
O1451,SKU_000206,S004,06-01-2026 02:21,1149.88
O1452,SKU_000207,S004,29-04-2026 06:07,1370.71
O1453,SKU_000208,S004,21-02-2026 22:23,1112.28
O1454,SKU_000209,S004,06-01-2026 14:55,1235.38
O1455,SKU_000210,S004,05-02-2026 00:47,1040.12
O1456,SKU_000211,S004,23-02-2026 01:31,1247.43
O1457,SKU_000212,S004,01-03-2026 23:58,671.47
O1458,SKU_000213,S004,07-03-2026 23:41,602.47
O1459,SKU_000214,S004,10-03-2026 03:53,756.32
O1460,SKU_000215,S004,02-01-2026 04:27,563.07
O1461,SKU_000216,S004,05-02-2026 05:24,812.77
O1462,SKU_000217,S004,28-01-2026 19:36,3015.58
O1463,SKU_000218,S004,20-04-2026 23:14,2967.1
O1464,SKU_000219,S004,19-03-2026 19:47,2855.67
O1465,SKU_000220,S004,14-01-2026 12:17,3102.74
O1466,SKU_000221,S004,28-01-2026 13:11,3208.33
O1467,SKU_000222,S004,06-01-2026 22:52,762.09
O1468,SKU_000223,S004,18-01-2026 19:37,807.34
O1469,SKU_000224,S004,14-04-2026 00:13,689.94
O1470,SKU_000225,S004,11-02-2026 18:35,949.05
O1471,SKU_000226,S004,15-03-2026 01:11,743.4
O1472,SKU_000227,S004,23-03-2026 12:33,3141.63
O1473,SKU_000228,S004,30-03-2026 02:08,3065.4
O1474,SKU_000229,S004,08-03-2026 04:41,3125.84
O1475,SKU_000230,S004,31-01-2026 13:34,2934.41
O1476,SKU_000231,S004,13-03-2026 20:34,3482.49
O1477,SKU_000232,S004,02-03-2026 12:20,21837.34
O1478,SKU_000233,S004,04-03-2026 23:44,24413.43
O1479,SKU_000234,S004,21-04-2026 05:10,20451.09
O1480,SKU_000235,S004,26-04-2026 18:36,25584.83
O1481,SKU_000236,S004,17-01-2026 11:55,27321.53
O1482,SKU_000237,S004,11-01-2026 05:10,9611.85
O1483,SKU_000238,S004,31-01-2026 05:03,9772.75
O1484,SKU_000239,S004,31-01-2026 13:34,9777.03
O1485,SKU_000240,S004,30-04-2026 23:20,9605.62
O1486,SKU_000241,S004,10-01-2026 15:54,7675.86
O1487,SKU_000242,S004,16-01-2026 20:11,127721.85
O1488,SKU_000243,S004,22-02-2026 20:05,126706.77
O1489,SKU_000244,S004,28-03-2026 01:03,143919.3
O1490,SKU_000245,S004,24-03-2026 08:03,125552.72
O1491,SKU_000246,S004,05-04-2026 07:20,124699.32
O1492,SKU_000247,S004,28-04-2026 21:10,99749.4
O1493,SKU_000248,S004,27-03-2026 20:04,133156.14
O1494,SKU_000249,S004,22-03-2026 10:14,103291.29
O1495,SKU_000250,S004,23-02-2026 01:02,142070.39
O1496,SKU_000251,S004,11-02-2026 20:37,130234.06
O1497,SKU_000252,S004,10-04-2026 11:42,74528.96
O1498,SKU_000253,S004,23-01-2026 02:25,85335.23
O1499,SKU_000254,S004,09-03-2026 00:37,85777.53
O1500,SKU_000255,S004,25-03-2026 11:32,84728.85
O1501,SKU_000256,S004,22-01-2026 12:47,85399.93
O1502,SKU_000257,S004,25-02-2026 00:01,46930.9
O1503,SKU_000258,S004,26-04-2026 04:12,53433.58
O1504,SKU_000259,S004,05-04-2026 11:52,58943.36
O1505,SKU_000260,S004,13-04-2026 07:41,53549.51
O1506,SKU_000261,S004,01-03-2026 21:20,47804.27
O1507,SKU_000262,S004,09-01-2026 19:39,58363.68
O1508,SKU_000263,S004,12-02-2026 19:41,52150
O1509,SKU_000264,S004,18-03-2026 18:03,44270.12
O1510,SKU_000265,S004,27-04-2026 09:03,40343.84
O1511,SKU_000266,S004,11-01-2026 15:18,47992.19
O1512,SKU_000267,S004,02-01-2026 11:49,104.3
O1513,SKU_000268,S004,09-02-2026 16:40,83.84
O1514,SKU_000269,S004,28-02-2026 12:42,84.66
O1515,SKU_000270,S004,11-02-2026 00:25,84.95
O1516,SKU_000271,S004,27-01-2026 15:33,77.43
O1517,SKU_000272,S004,19-02-2026 14:48,34.64
O1518,SKU_000273,S004,26-02-2026 04:55,34.83
O1519,SKU_000274,S004,05-03-2026 17:09,38.13
O1520,SKU_000275,S004,24-01-2026 07:10,34.53
O1521,SKU_000276,S004,02-01-2026 12:01,39.54
O1522,SKU_000277,S004,07-04-2026 13:59,103.66
O1523,SKU_000278,S004,25-03-2026 14:59,81.94
O1524,SKU_000279,S004,04-02-2026 02:47,81.59
O1525,SKU_000280,S004,26-01-2026 02:02,77.08
O1526,SKU_000281,S004,15-03-2026 19:53,93.54
O1527,SKU_000282,S004,14-04-2026 10:00,36.79
O1528,SKU_000283,S004,14-02-2026 16:23,28.87
O1529,SKU_000284,S004,08-04-2026 03:23,37.27
O1530,SKU_000285,S004,19-04-2026 11:50,37.33
O1531,SKU_000286,S004,10-03-2026 18:32,35.29
O1532,SKU_000287,S004,14-01-2026 23:53,1584.56
O1533,SKU_000288,S004,19-03-2026 02:29,2088.42
O1534,SKU_000289,S004,09-01-2026 05:08,1460.2
O1535,SKU_000290,S004,26-03-2026 16:55,2054.85
O1536,SKU_000291,S004,04-01-2026 15:20,2098.85
O1537,SKU_000292,S004,31-03-2026 06:36,545.36
O1538,SKU_000293,S004,16-01-2026 02:51,607.76
O1539,SKU_000294,S004,02-03-2026 18:58,454.15
O1540,SKU_000295,S004,22-04-2026 19:13,550.78
O1541,SKU_000296,S004,25-03-2026 08:36,651.4
O1542,SKU_000297,S004,22-04-2026 08:14,49247.85
O1543,SKU_000298,S004,20-03-2026 12:44,50201.76
O1544,SKU_000299,S004,23-03-2026 02:35,67940.03
O1545,SKU_000300,S004,26-02-2026 05:14,54750.64
O1546,SKU_000301,S004,23-01-2026 08:44,48716.87
O1547,SKU_000302,S004,20-03-2026 15:35,2301.09
O1548,SKU_000303,S004,05-01-2026 01:11,2262.93
O1549,SKU_000304,S004,05-03-2026 01:31,2295.04
O1550,SKU_000305,S004,03-02-2026 08:59,2197.71
O1551,SKU_000306,S004,31-03-2026 08:12,2397.33
O1552,SKU_000307,S004,12-03-2026 06:21,694.39
O1553,SKU_000308,S004,18-01-2026 02:42,797.2
O1554,SKU_000309,S004,26-03-2026 19:13,917.41
O1555,SKU_000310,S004,21-01-2026 13:21,923.56
O1556,SKU_000311,S004,17-02-2026 05:56,823.18
O1557,SKU_000312,S004,26-03-2026 14:23,1769.45
O1558,SKU_000313,S004,25-04-2026 08:20,1328.81
O1559,SKU_000314,S004,19-03-2026 18:13,1614.7
O1560,SKU_000315,S004,12-04-2026 17:50,1330.3
O1561,SKU_000316,S004,16-01-2026 06:31,1356.3
O1562,SKU_000317,S004,18-03-2026 20:24,814.42
O1563,SKU_000318,S004,02-03-2026 05:59,814.49
O1564,SKU_000319,S004,07-03-2026 22:14,899.06
O1565,SKU_000320,S004,13-02-2026 00:36,785.15
O1566,SKU_000321,S004,06-03-2026 16:12,778.29
O1567,SKU_000322,S004,02-02-2026 15:33,88.65
O1568,SKU_000323,S004,15-01-2026 19:57,112.06
O1569,SKU_000324,S004,10-04-2026 03:01,126.68
O1570,SKU_000325,S004,23-01-2026 03:24,110.14
O1571,SKU_000326,S004,14-04-2026 00:47,109.05
O1572,SKU_000327,S004,10-04-2026 00:32,256.7
O1573,SKU_000328,S004,07-02-2026 15:39,299.25
O1574,SKU_000329,S004,09-03-2026 20:12,213.34
O1575,SKU_000330,S004,10-03-2026 04:14,260.31
O1576,SKU_000331,S004,29-01-2026 16:17,211.64
O1577,SKU_000332,S004,15-02-2026 21:05,2669.49
O1578,SKU_000333,S004,20-01-2026 23:06,2795.29
O1579,SKU_000334,S004,29-01-2026 10:28,2938.08
O1580,SKU_000335,S004,19-02-2026 16:53,2521.44
O1581,SKU_000336,S004,08-02-2026 07:21,3062.05
O1582,SKU_000337,S004,03-02-2026 16:33,98.61
O1583,SKU_000338,S004,27-04-2026 23:22,94.36
O1584,SKU_000339,S004,30-01-2026 16:25,90.09
O1585,SKU_000340,S004,15-01-2026 15:10,87.55
O1586,SKU_000341,S004,04-02-2026 09:33,94.31
O1587,SKU_000342,S004,06-04-2026 22:45,946.37
O1588,SKU_000343,S004,01-04-2026 02:10,809.76
O1589,SKU_000344,S004,20-04-2026 11:11,1033.12
O1590,SKU_000345,S004,23-04-2026 12:31,786.19
O1591,SKU_000346,S004,29-03-2026 04:03,1120.05
O1592,SKU_000347,S004,20-04-2026 14:43,863.1
O1593,SKU_000348,S004,04-03-2026 18:15,867.43
O1594,SKU_000349,S004,03-03-2026 09:18,799.17
O1595,SKU_000350,S004,30-01-2026 07:30,1004.62
O1596,SKU_000351,S004,27-03-2026 09:26,1056.93
O1597,SKU_000352,S004,14-01-2026 06:14,746.34
O1598,SKU_000353,S004,02-04-2026 01:19,601.7
O1599,SKU_000354,S004,27-03-2026 20:50,736.78
O1600,SKU_000355,S004,28-02-2026 19:14,690.59
O1601,SKU_000356,S004,23-02-2026 08:04,516.21
O1602,SKU_000357,S004,25-04-2026 20:12,688.16
O1603,SKU_000358,S004,11-01-2026 21:46,723.58
O1604,SKU_000359,S004,10-03-2026 08:10,935.65
O1605,SKU_000360,S004,09-04-2026 12:21,779.7
O1606,SKU_000361,S004,15-01-2026 09:45,831.7
O1607,SKU_000362,S004,02-03-2026 06:36,765.45
O1608,SKU_000363,S004,31-03-2026 15:52,695.15
O1609,SKU_000364,S004,29-03-2026 18:04,755.21
O1610,SKU_000365,S004,08-01-2026 07:15,748.27
O1611,SKU_000366,S004,12-01-2026 01:07,836.29
O1612,SKU_000367,S004,13-03-2026 14:26,1624.22
O1613,SKU_000368,S004,25-02-2026 17:52,1229.25
O1614,SKU_000369,S004,15-01-2026 21:35,1454.83
O1615,SKU_000370,S004,18-01-2026 12:48,1726.2
O1616,SKU_000371,S004,30-04-2026 10:08,1633.27
O1617,SKU_000372,S004,26-04-2026 08:36,611.8
O1618,SKU_000373,S004,09-04-2026 11:06,553.23
O1619,SKU_000374,S004,16-03-2026 15:49,772.44
O1620,SKU_000375,S004,31-03-2026 20:23,693.15
O1621,SKU_000376,S004,23-04-2026 16:31,677.91
O1622,SKU_000377,S004,18-04-2026 15:18,485.3
O1623,SKU_000378,S004,08-01-2026 23:10,533.68
O1624,SKU_000379,S004,29-03-2026 07:54,567.54
O1625,SKU_000380,S004,22-04-2026 00:06,510.73
O1626,SKU_000381,S004,06-02-2026 13:15,468.83
O1627,SKU_000382,S004,04-03-2026 10:25,396.71
O1628,SKU_000383,S004,28-04-2026 11:31,284.66
O1629,SKU_000384,S004,03-04-2026 08:35,280
O1630,SKU_000385,S004,08-04-2026 08:32,281.07
O1631,SKU_000386,S004,30-01-2026 07:03,288.16
O1632,SKU_000387,S004,13-01-2026 00:21,13006.66
O1633,SKU_000388,S004,29-03-2026 11:35,14334.36
O1634,SKU_000389,S004,21-01-2026 02:21,13476.01
O1635,SKU_000390,S004,08-03-2026 16:32,16819.42
O1636,SKU_000391,S004,17-01-2026 09:00,14353.22
O1637,SKU_000392,S004,08-04-2026 23:22,10664.29
O1638,SKU_000393,S004,03-02-2026 12:10,11590.14
O1639,SKU_000394,S004,08-01-2026 14:24,10811.17
O1640,SKU_000395,S004,18-02-2026 02:34,11791.42
O1641,SKU_000396,S004,27-03-2026 00:06,12940.46
O1642,SKU_000397,S004,27-03-2026 07:51,52297.02
O1643,SKU_000398,S004,12-04-2026 18:20,54577.37
O1644,SKU_000399,S004,12-04-2026 12:10,47261.24
O1645,SKU_000400,S004,29-04-2026 09:53,44824.1
O1646,SKU_000401,S004,31-01-2026 19:48,42334.49
O1647,SKU_000402,S004,12-03-2026 15:53,163.44
O1648,SKU_000403,S004,14-03-2026 09:36,120.75
O1649,SKU_000404,S004,24-02-2026 22:22,121.04
O1650,SKU_000405,S004,17-03-2026 05:29,173.06
O1651,SKU_000406,S004,21-03-2026 09:00,125.17
O1652,SKU_000407,S004,07-03-2026 16:54,156.35
O1653,SKU_000408,S004,27-04-2026 02:21,185.17
O1654,SKU_000409,S004,11-01-2026 04:02,140.29
O1655,SKU_000410,S004,06-03-2026 23:34,144.88
O1656,SKU_000411,S004,13-01-2026 19:10,181.6
O1657,SKU_000412,S004,06-03-2026 00:28,1634.98
O1658,SKU_000413,S004,19-01-2026 08:25,2187.18
O1659,SKU_000414,S004,19-04-2026 08:17,1644.27
O1660,SKU_000415,S004,17-03-2026 01:31,1603.21
O1661,SKU_000416,S004,25-02-2026 04:13,2380.15
O1662,SKU_000417,S004,18-02-2026 22:23,2973.6
O1663,SKU_000418,S004,28-04-2026 00:47,2252.68
O1664,SKU_000419,S004,30-01-2026 04:47,2323.77
O1665,SKU_000420,S004,06-03-2026 17:34,2188.39
O1666,SKU_000421,S004,16-01-2026 19:49,2889.09
O1667,SKU_000422,S004,24-04-2026 03:45,1232.73
O1668,SKU_000423,S004,28-01-2026 11:06,1430.19
O1669,SKU_000424,S004,09-03-2026 22:16,1430.83
O1670,SKU_000425,S004,02-03-2026 05:47,1299.95
O1671,SKU_000426,S004,18-03-2026 02:39,1296.59
O1672,SKU_000427,S004,26-01-2026 00:57,1634.19
O1673,SKU_000428,S004,26-04-2026 13:05,2257.66
O1674,SKU_000429,S004,17-01-2026 10:49,1856.9
O1675,SKU_000430,S004,02-03-2026 02:45,2006.35
O1676,SKU_000431,S004,19-04-2026 12:45,2235.74
O1677,SKU_000432,S004,15-03-2026 03:27,630.53
O1678,SKU_000433,S004,05-03-2026 18:48,653.6
O1679,SKU_000434,S004,25-01-2026 19:33,489.48
O1680,SKU_000435,S004,13-04-2026 05:10,616.47
O1681,SKU_000436,S004,19-01-2026 03:31,634.81
O1682,SKU_000437,S004,24-03-2026 05:13,1241.23
O1683,SKU_000438,S004,09-04-2026 17:43,1613.15
O1684,SKU_000439,S004,12-03-2026 06:14,1267.43
O1685,SKU_000440,S004,04-01-2026 12:57,1465.93
O1686,SKU_000441,S004,12-03-2026 09:49,1556.95
O1687,SKU_000442,S004,01-03-2026 23:25,2199.62
O1688,SKU_000443,S004,05-02-2026 00:05,2360.98
O1689,SKU_000444,S004,11-02-2026 14:12,2135.84
O1690,SKU_000445,S004,08-03-2026 08:35,2265.94
O1691,SKU_000446,S004,05-04-2026 10:11,2048.68
O1692,SKU_000447,S004,07-02-2026 06:48,1478.74
O1693,SKU_000448,S004,13-02-2026 23:46,1231.92
O1694,SKU_000449,S004,27-01-2026 17:06,1671.82
O1695,SKU_000450,S004,31-01-2026 02:05,1312.89
O1696,SKU_000451,S004,15-01-2026 23:36,1294.61
O1697,SKU_000452,S004,27-02-2026 10:29,2387.47
O1698,SKU_000453,S004,20-01-2026 15:21,2319.96
O1699,SKU_000454,S004,09-04-2026 14:00,1921.91
O1700,SKU_000455,S004,15-04-2026 19:30,1605.93
O1701,SKU_000456,S004,13-04-2026 05:48,2109.75
O1702,SKU_000457,S004,08-01-2026 07:54,850.28
O1703,SKU_000458,S004,07-03-2026 09:26,1064.41
O1704,SKU_000459,S004,26-01-2026 10:43,1178.23
O1705,SKU_000460,S004,26-04-2026 23:22,922.55
O1706,SKU_000461,S004,15-03-2026 03:38,1014.22
O1707,SKU_000462,S004,30-01-2026 22:52,751.26
O1708,SKU_000463,S004,01-02-2026 12:07,878.74
O1709,SKU_000464,S004,05-02-2026 02:48,936.81
O1710,SKU_000465,S004,02-02-2026 03:28,835.8
O1711,SKU_000466,S004,26-03-2026 23:42,829.87
O1712,SKU_000467,S004,09-01-2026 11:37,2286.86
O1713,SKU_000468,S004,21-03-2026 18:44,2163.99
O1714,SKU_000469,S004,12-03-2026 17:45,2695.24
O1715,SKU_000470,S004,16-02-2026 02:58,2655.66
O1716,SKU_000471,S004,28-03-2026 06:06,2213.99
O1717,SKU_000472,S004,29-04-2026 13:34,1682.02
O1718,SKU_000473,S004,25-02-2026 07:51,1308.99
O1719,SKU_000474,S005,29-03-2026 04:09,1644.14
O1720,SKU_000475,S005,15-02-2026 10:31,1666.95
O1721,SKU_000476,S005,14-04-2026 16:40,1742.47
O1722,SKU_000477,S005,16-02-2026 10:36,1005.63
O1723,SKU_000478,S005,02-03-2026 02:13,1095.51
O1724,SKU_000479,S005,02-04-2026 01:46,858.5
O1725,SKU_000480,S005,07-02-2026 16:10,956.86
O1726,SKU_000481,S005,13-03-2026 10:15,1096.03
O1727,SKU_000482,S005,21-04-2026 18:20,1774.05
O1728,SKU_000483,S005,27-03-2026 13:19,1703.09
O1729,SKU_000484,S005,31-03-2026 15:35,1967.08
O1730,SKU_000485,S005,24-02-2026 17:09,1963.19
O1731,SKU_000486,S005,16-03-2026 03:39,1614.34
O1732,SKU_000487,S005,08-04-2026 15:42,8231.83
O1733,SKU_000488,S005,13-04-2026 10:08,8269.68
O1734,SKU_000489,S005,23-03-2026 07:06,9394.95
O1735,SKU_000490,S005,01-02-2026 11:14,8751.64
O1736,SKU_000491,S005,08-02-2026 18:39,8177.29
O1737,SKU_000492,S005,28-04-2026 09:56,3358.34
O1738,SKU_000493,S005,27-01-2026 20:59,2900.32
O1739,SKU_000494,S005,18-02-2026 13:05,3230.76
O1740,SKU_000495,S005,11-01-2026 03:10,2999.06
O1741,SKU_000496,S005,04-04-2026 07:42,3498.47
O1742,SKU_000497,S005,14-03-2026 01:58,46121.64
O1743,SKU_000498,S005,18-04-2026 16:20,50045.66
O1744,SKU_000499,S005,20-01-2026 22:06,51984.73
O1745,SKU_000500,S005,11-04-2026 04:18,48924.98
O1746,SKU_000501,S005,25-01-2026 05:02,46313.29
O1747,SKU_000502,S005,25-02-2026 08:29,20629.66
O1748,SKU_000503,S005,17-01-2026 06:53,22819.78
O1749,SKU_000504,S005,01-02-2026 03:06,20676.65
O1750,SKU_000505,S005,22-02-2026 23:17,16752.76
O1751,SKU_000506,S005,29-03-2026 05:58,22901.85
O1752,SKU_000507,S005,10-04-2026 16:23,33706.11
O1753,SKU_000508,S005,29-01-2026 14:41,25338.92
O1754,SKU_000509,S005,26-03-2026 22:46,23934.99
O1755,SKU_000510,S005,18-01-2026 19:24,34728.37
O1756,SKU_000511,S005,13-02-2026 02:46,29535.87
O1757,SKU_000512,S005,29-03-2026 14:24,34555.11
O1758,SKU_000513,S005,09-03-2026 21:11,31135.86
O1759,SKU_000514,S005,06-01-2026 04:17,41938.47
O1760,SKU_000515,S005,22-03-2026 13:33,28873.91
O1761,SKU_000516,S005,11-01-2026 08:11,41879.89
O1762,SKU_000517,S005,18-03-2026 23:36,16005.25
O1763,SKU_000518,S005,08-04-2026 11:31,22625.48
O1764,SKU_000519,S005,14-03-2026 14:47,20197.11
O1765,SKU_000520,S005,15-02-2026 18:48,17494.93
O1766,SKU_000521,S005,16-03-2026 23:39,22150.76
O1767,SKU_000522,S005,16-01-2026 20:18,6429.21
O1768,SKU_000523,S005,14-03-2026 19:13,7530.08
O1769,SKU_000524,S005,13-02-2026 14:25,8725.25
O1770,SKU_000525,S005,06-01-2026 11:21,7394.94
O1771,SKU_000526,S005,03-03-2026 21:10,7570.75
O1772,SKU_000527,S005,20-01-2026 05:45,1880.16
O1773,SKU_000528,S005,07-03-2026 02:33,2151.51
O1774,SKU_000529,S005,29-01-2026 08:38,1704.89
O1775,SKU_000530,S005,27-01-2026 17:15,2096.12
O1776,SKU_000531,S005,08-01-2026 10:30,1529.18
O1777,SKU_000532,S005,25-02-2026 16:57,1502.65
O1778,SKU_000533,S005,02-04-2026 17:47,1331.02
O1779,SKU_000534,S005,27-01-2026 22:49,1498.17
O1780,SKU_000535,S005,02-04-2026 02:12,1294.69
O1781,SKU_000536,S005,29-03-2026 02:38,1135.92
O1782,SKU_000537,S005,30-04-2026 11:43,6383.92
O1783,SKU_000538,S005,02-01-2026 00:28,6915.9
O1784,SKU_000539,S005,16-01-2026 09:13,5878.83
O1785,SKU_000540,S005,04-01-2026 16:33,6845.92
O1786,SKU_000541,S005,19-02-2026 16:41,6446.31
O1787,SKU_000542,S005,11-02-2026 21:01,1690.48
O1788,SKU_000543,S005,30-01-2026 00:48,2027.63
O1789,SKU_000544,S005,17-04-2026 13:36,1757.77
O1790,SKU_000545,S005,29-04-2026 05:35,1614.45
O1791,SKU_000546,S005,13-04-2026 11:35,2001.6
O1792,SKU_000547,S005,24-03-2026 04:30,2047.39
O1793,SKU_000548,S005,22-01-2026 14:10,1608.19
O1794,SKU_000549,S005,25-02-2026 22:39,2181.77
O1795,SKU_000550,S005,16-02-2026 03:29,1752.41
O1796,SKU_000551,S005,28-02-2026 11:27,1694.37
O1797,SKU_000552,S005,24-01-2026 15:51,2940.3
O1798,SKU_000553,S005,10-01-2026 06:31,3084.14
O1799,SKU_000554,S005,16-02-2026 07:12,2421.65
O1800,SKU_000555,S005,23-03-2026 12:31,2598.65
O1801,SKU_000556,S005,30-03-2026 18:18,3069.84
O1802,SKU_000557,S005,13-01-2026 04:42,681.24
O1803,SKU_000558,S005,22-01-2026 12:38,848.25
O1804,SKU_000559,S005,08-04-2026 01:22,948.9
O1805,SKU_000560,S005,26-04-2026 21:00,805.7
O1806,SKU_000561,S005,15-04-2026 02:11,761.32
O1807,SKU_000562,S005,04-01-2026 04:35,45.52
O1808,SKU_000563,S005,11-04-2026 01:49,32.59
O1809,SKU_000564,S005,22-04-2026 15:54,36.2
O1810,SKU_000565,S005,16-02-2026 23:30,41.54
O1811,SKU_000566,S005,28-01-2026 21:06,40.19
O1812,SKU_000567,S005,26-02-2026 13:25,194.57
O1813,SKU_000568,S005,25-03-2026 08:23,155.2
O1814,SKU_000569,S005,01-01-2026 07:17,181.63
O1815,SKU_000570,S005,30-04-2026 09:13,180.7
O1816,SKU_000571,S005,10-03-2026 12:14,207.45
O1817,SKU_000572,S005,16-02-2026 17:06,684.54
O1818,SKU_000573,S005,21-04-2026 19:29,724.12
O1819,SKU_000574,S005,22-03-2026 21:20,794.45
O1820,SKU_000575,S005,06-02-2026 08:56,798.13
O1821,SKU_000576,S005,17-01-2026 14:59,849.48
O1822,SKU_000577,S005,12-04-2026 15:36,2141.94
O1823,SKU_000578,S005,12-03-2026 00:32,2048.12
O1824,SKU_000579,S005,14-01-2026 03:24,1765.2
O1825,SKU_000580,S005,13-04-2026 03:36,1701.48
O1826,SKU_000581,S005,16-04-2026 15:36,1514.46
O1827,SKU_000582,S005,09-04-2026 12:19,358.1
O1828,SKU_000583,S005,09-04-2026 13:41,372.02
O1829,SKU_000584,S005,18-04-2026 14:32,348.39
O1830,SKU_000585,S005,04-01-2026 22:45,345.93
O1831,SKU_000586,S005,17-03-2026 19:38,315.2
O1832,SKU_000587,S005,02-04-2026 06:59,204.38
O1833,SKU_000588,S005,09-01-2026 10:53,147.3
O1834,SKU_000589,S005,17-03-2026 02:59,199.1
O1835,SKU_000590,S005,14-03-2026 11:42,154.19
O1836,SKU_000591,S005,19-02-2026 06:05,154.67
O1837,SKU_000592,S005,04-01-2026 03:41,362.71
O1838,SKU_000593,S005,11-03-2026 08:10,362.31
O1839,SKU_000594,S005,14-01-2026 02:51,356
O1840,SKU_000595,S005,08-03-2026 22:53,318.61
O1841,SKU_000596,S005,16-02-2026 19:43,314.21
O1842,SKU_000597,S005,21-01-2026 03:06,301.65
O1843,SKU_000598,S005,23-04-2026 23:51,268.23
O1844,SKU_000599,S005,06-03-2026 13:38,330.65
O1845,SKU_000600,S005,26-01-2026 21:44,283.6
O1846,SKU_000601,S005,09-01-2026 14:37,263.16
O1847,SKU_000602,S005,10-03-2026 09:49,1110.86
O1848,SKU_000603,S005,17-04-2026 00:36,1100.1
O1849,SKU_000604,S005,07-03-2026 17:44,1045.55
O1850,SKU_000605,S005,03-02-2026 23:58,1040.74
O1851,SKU_000606,S005,01-04-2026 05:17,832.63
O1852,SKU_000607,S005,03-04-2026 22:07,522.86
O1853,SKU_000608,S005,05-02-2026 09:28,523.14
O1854,SKU_000609,S005,27-01-2026 04:27,691.78
O1855,SKU_000610,S005,13-01-2026 06:04,529.65
O1856,SKU_000611,S005,30-03-2026 20:56,614.89
O1857,SKU_000612,S005,08-01-2026 04:21,181.8
O1858,SKU_000613,S005,26-02-2026 23:32,213.85
O1859,SKU_000614,S005,09-02-2026 03:28,162.81
O1860,SKU_000615,S005,09-01-2026 12:09,190.9
O1861,SKU_000616,S005,08-02-2026 17:35,154.46
O1862,SKU_000617,S005,09-01-2026 03:17,335.13
O1863,SKU_000618,S005,03-03-2026 06:46,373.22
O1864,SKU_000619,S005,02-03-2026 05:03,425.24
O1865,SKU_000620,S005,11-04-2026 01:51,380.58
O1866,SKU_000621,S005,19-03-2026 07:51,348.51
O1867,SKU_000622,S005,16-04-2026 10:42,246.15
O1868,SKU_000623,S005,02-04-2026 22:12,290.69
O1869,SKU_000624,S005,19-02-2026 04:31,263.74
O1870,SKU_000625,S005,08-01-2026 02:39,311.12
O1871,SKU_000626,S005,07-02-2026 02:36,301.72
O1872,SKU_000627,S005,25-02-2026 13:22,559.58
O1873,SKU_000628,S005,11-03-2026 07:37,678.22
O1874,SKU_000629,S005,10-01-2026 06:46,630.98
O1875,SKU_000630,S005,06-03-2026 10:52,604.4
O1876,SKU_000631,S005,23-02-2026 01:16,705.01
O1877,SKU_000632,S005,25-01-2026 04:05,2932.09
O1878,SKU_000633,S005,13-03-2026 11:05,2306.38
O1879,SKU_000634,S005,26-03-2026 20:20,2597.8
O1880,SKU_000635,S005,19-03-2026 16:14,3208.71
O1881,SKU_000636,S005,27-03-2026 09:19,2315.59
O1882,SKU_000637,S005,17-03-2026 01:53,3379.29
O1883,SKU_000638,S005,07-03-2026 20:01,3345.55
O1884,SKU_000639,S005,06-02-2026 06:37,3202.74
O1885,SKU_000640,S005,07-04-2026 08:28,3047.13
O1886,SKU_000641,S005,07-04-2026 14:37,2878.75
O1887,SKU_000642,S005,13-03-2026 07:57,3103.65
O1888,SKU_000643,S005,11-04-2026 20:00,3126.89
O1889,SKU_000644,S005,21-02-2026 19:00,3309.2
O1890,SKU_000645,S005,17-01-2026 00:59,3493.23
O1891,SKU_000646,S005,24-03-2026 10:18,2680.99
O1892,SKU_000647,S005,16-01-2026 07:49,721.64
O1893,SKU_000648,S005,25-03-2026 14:46,786.15
O1894,SKU_000649,S005,27-04-2026 23:38,655.78
O1895,SKU_000650,S005,05-02-2026 00:59,880.35
O1896,SKU_000651,S005,16-04-2026 22:05,743.3
O1897,SKU_000652,S005,27-02-2026 01:03,275.78
O1898,SKU_000653,S005,04-03-2026 08:57,264.03
O1899,SKU_000654,S005,20-01-2026 22:08,228.03
O1900,SKU_000655,S005,16-01-2026 13:08,302.86
O1901,SKU_000656,S005,05-03-2026 16:13,297.93
O1902,SKU_000657,S005,27-02-2026 09:46,224.96
O1903,SKU_000658,S005,01-03-2026 12:22,214.54
O1904,SKU_000659,S005,28-03-2026 14:07,220.22
O1905,SKU_000660,S005,28-04-2026 00:25,215.59
O1906,SKU_000661,S005,24-03-2026 17:50,201.72
O1907,SKU_000662,S005,02-02-2026 08:37,21549.31
O1908,SKU_000663,S005,28-03-2026 04:45,20373.07
O1909,SKU_000664,S005,10-03-2026 06:19,20125.72
O1910,SKU_000665,S005,28-03-2026 19:46,19879.22
O1911,SKU_000666,S005,09-01-2026 05:23,18452.08
O1912,SKU_000667,S005,10-03-2026 11:02,29531.26
O1913,SKU_000668,S005,30-04-2026 09:24,33199.08
O1914,SKU_000669,S005,26-03-2026 10:58,26783.09
O1915,SKU_000670,S005,23-02-2026 07:31,32187.61
O1916,SKU_000671,S005,12-01-2026 03:18,27259.98
O1917,SKU_000672,S005,15-01-2026 13:43,31698.61
O1918,SKU_000673,S005,20-03-2026 21:04,34252.45
O1919,SKU_000674,S005,12-03-2026 13:09,34394.04
O1920,SKU_000675,S005,10-04-2026 15:09,32928.11
O1921,SKU_000676,S005,01-02-2026 01:35,35733.18
O1922,SKU_000677,S005,07-01-2026 01:07,44.55
O1923,SKU_000678,S005,28-01-2026 17:24,36.59
O1924,SKU_000679,S005,28-04-2026 23:29,44.41
O1925,SKU_000680,S005,27-03-2026 02:02,44.89
O1926,SKU_000681,S005,07-01-2026 18:10,53.15
O1927,SKU_000682,S005,25-01-2026 12:16,38.64
O1928,SKU_000683,S005,14-01-2026 01:19,30.29
O1929,SKU_000684,S005,15-02-2026 19:49,32.38
O1930,SKU_000685,S005,13-03-2026 03:12,39.82
O1931,SKU_000686,S005,12-03-2026 07:44,36.41
O1932,SKU_000687,S005,16-03-2026 08:13,708.23
O1933,SKU_000688,S005,21-04-2026 03:33,734.9
O1934,SKU_000689,S005,07-01-2026 06:55,784.95
O1935,SKU_000690,S005,28-04-2026 11:56,748.36
O1936,SKU_000691,S005,30-01-2026 19:04,715.3
O1937,SKU_000692,S005,29-03-2026 08:47,71.05
O1938,SKU_000693,S005,14-03-2026 00:49,65.01
O1939,SKU_000694,S005,14-03-2026 05:42,64.14
O1940,SKU_000695,S005,28-03-2026 04:54,69.05
O1941,SKU_000696,S005,15-01-2026 22:18,65.65
O1942,SKU_000697,S005,22-04-2026 10:40,187.63
O1943,SKU_000698,S005,27-01-2026 17:42,188.28
O1944,SKU_000699,S005,13-04-2026 19:27,222.73
O1945,SKU_000700,S005,13-03-2026 06:06,240.79
O1946,SKU_000701,S005,19-03-2026 06:58,183.91
O1947,SKU_000702,S005,03-03-2026 01:08,54.05
O1948,SKU_000703,S005,24-02-2026 02:47,61.03
O1949,SKU_000704,S005,18-02-2026 11:16,63.78
O1950,SKU_000705,S005,23-01-2026 00:42,59.34
O1951,SKU_000706,S005,06-01-2026 00:45,63.2
O1952,SKU_000707,S005,06-02-2026 03:02,9431.65
O1953,SKU_000708,S005,07-04-2026 21:42,8676.18
O1954,SKU_000709,S005,11-04-2026 12:52,7685.4
O1955,SKU_000710,S005,17-03-2026 03:29,8241.4
O1956,SKU_000711,S005,20-04-2026 01:35,7031.43
O1957,SKU_000712,S005,23-01-2026 20:48,166.4
O1958,SKU_000713,S005,20-02-2026 19:58,141.37
O1959,SKU_000714,S005,20-02-2026 13:02,159.42
O1960,SKU_000715,S005,28-03-2026 15:47,179.05
O1961,SKU_000716,S005,11-02-2026 15:58,200.56
O1962,SKU_000717,S005,29-04-2026 19:33,50.9
O1963,SKU_000718,S005,25-02-2026 10:53,51.74
O1964,SKU_000719,S005,06-04-2026 09:09,48.43
O1965,SKU_000720,S005,08-02-2026 20:53,50.17
O1966,SKU_000721,S005,24-01-2026 19:31,59.53
O1967,SKU_000722,S005,27-01-2026 08:32,49.56
O1968,SKU_000723,S005,15-01-2026 09:06,46.1
O1969,SKU_000724,S005,29-03-2026 18:40,37.82
O1970,SKU_000725,S005,03-02-2026 12:38,52.98
O1971,SKU_000726,S005,28-03-2026 10:22,53.52
O1972,SKU_000727,S005,18-01-2026 01:08,117.59
O1973,SKU_000728,S005,04-03-2026 01:23,119.11
O1974,SKU_000729,S005,09-03-2026 11:07,105
O1975,SKU_000730,S005,13-01-2026 14:38,95.58
O1976,SKU_000731,S005,17-04-2026 19:10,116.47
O1977,SKU_000732,S005,16-04-2026 06:42,49837.65
O1978,SKU_000733,S005,26-02-2026 09:11,62720.79
O1979,SKU_000734,S005,28-02-2026 05:53,48723.15
O1980,SKU_000735,S005,31-01-2026 14:01,55151.88
O1981,SKU_000736,S005,03-02-2026 19:19,51107.33
O1982,SKU_000737,S005,12-03-2026 04:40,64709.56
O1983,SKU_000738,S005,09-04-2026 18:58,77089.29
O1984,SKU_000739,S005,13-02-2026 13:02,72475.89
O1985,SKU_000740,S005,24-01-2026 13:35,87811.9
O1986,SKU_000741,S005,09-02-2026 00:38,78744.84
O1987,SKU_000742,S005,27-01-2026 23:12,20892.57
O1988,SKU_000743,S005,15-02-2026 23:16,22779.85
O1989,SKU_000744,S005,06-04-2026 22:18,18101.25
O1990,SKU_000745,S005,06-01-2026 02:29,18404.49
O1991,SKU_000746,S005,12-03-2026 01:53,22206.76
O1992,SKU_000747,S005,18-04-2026 13:55,10394.87
O1993,SKU_000748,S005,22-04-2026 03:00,8335.03
O1994,SKU_000749,S005,13-03-2026 15:15,8932.85
O1995,SKU_000750,S005,01-04-2026 18:16,9509.94
O1996,SKU_000751,S005,18-04-2026 02:51,9814.9
O1997,SKU_000752,S005,26-01-2026 04:46,3363.26
O1998,SKU_000753,S005,29-04-2026 19:53,2843.8
O1999,SKU_000754,S005,17-01-2026 17:47,2567.21
O2000,SKU_000755,S005,13-01-2026 18:24,3554.55
O2001,SKU_000756,S005,02-03-2026 01:23,2774.71
O2002,SKU_000757,S005,19-03-2026 07:33,29713.06
O2003,SKU_000758,S005,03-04-2026 22:44,28450.62
O2004,SKU_000759,S005,13-04-2026 01:55,23216.18
O2005,SKU_000760,S005,21-03-2026 18:26,21812.98
O2006,SKU_000761,S005,21-03-2026 12:05,28589.81
O2007,SKU_000762,S005,22-04-2026 15:13,10781.69
O2008,SKU_000763,S005,15-01-2026 07:42,10848.35
O2009,SKU_000764,S005,25-01-2026 08:03,13436.8
O2010,SKU_000765,S005,03-03-2026 13:27,13211.1
O2011,SKU_000766,S005,15-01-2026 09:38,11215.74
O2012,SKU_000767,S005,29-03-2026 09:01,17926.36
O2013,SKU_000768,S005,01-04-2026 10:56,22133.54
O2014,SKU_000769,S005,11-04-2026 11:04,22363.53
O2015,SKU_000770,S005,08-03-2026 21:33,20329.25
O2016,SKU_000771,S005,25-01-2026 22:04,16964.65
O2017,SKU_000772,S005,18-04-2026 01:15,13095.25
O2018,SKU_000773,S005,25-04-2026 03:16,14451.4
O2019,SKU_000774,S005,05-02-2026 08:00,14342.52
O2020,SKU_000775,S005,26-01-2026 01:20,10503.78
O2021,SKU_000776,S005,26-03-2026 00:08,14161.44
O2022,SKU_000777,S005,08-04-2026 15:30,109.12
O2023,SKU_000778,S005,11-01-2026 18:14,102.6
O2024,SKU_000779,S005,25-01-2026 02:37,123.6
O2025,SKU_000780,S005,11-04-2026 14:31,101.8
O2026,SKU_000781,S005,30-01-2026 17:06,137.15
O2027,SKU_000782,S005,01-03-2026 01:19,2813.04
O2028,SKU_000783,S005,01-02-2026 23:21,2644.98
O2029,SKU_000784,S005,01-02-2026 10:49,2416.73
O2030,SKU_000785,S005,04-03-2026 15:42,2489.21
O2031,SKU_000786,S005,13-02-2026 18:46,3264.96
O2032,SKU_000787,S005,09-03-2026 04:35,2590.37
O2033,SKU_000788,S005,11-04-2026 18:14,2929.33
O2034,SKU_000789,S005,25-02-2026 03:45,3133.9
O2035,SKU_000790,S005,16-01-2026 07:30,3438.59
O2036,SKU_000791,S005,18-02-2026 15:54,3527.29
O2037,SKU_000792,S005,08-02-2026 02:49,348.1
O2038,SKU_000793,S005,17-04-2026 23:06,303.38
O2039,SKU_000794,S005,23-02-2026 07:02,384.54
O2040,SKU_000795,S005,25-01-2026 07:20,286.28
O2041,SKU_000796,S005,28-02-2026 19:15,378.51
O2042,SKU_000797,S005,30-04-2026 07:26,3904.46
O2043,SKU_000798,S005,14-04-2026 14:11,3604.93
O2044,SKU_000799,S005,19-01-2026 03:24,3928.42
O2045,SKU_000800,S005,08-04-2026 14:09,4196.99
O2046,SKU_000801,S005,02-02-2026 17:54,4154.88
O2047,SKU_000802,S005,25-04-2026 22:01,80.14
O2048,SKU_000803,S005,23-04-2026 18:00,112.24
O2049,SKU_000804,S005,30-01-2026 22:35,97.22
O2050,SKU_000805,S005,03-02-2026 05:51,77.42
O2051,SKU_000806,S005,28-04-2026 12:09,102.48
O2052,SKU_000807,S005,07-03-2026 13:25,235.48
O2053,SKU_000808,S005,20-04-2026 10:39,274.47
O2054,SKU_000809,S005,08-01-2026 23:58,297.82
O2055,SKU_000810,S005,06-01-2026 12:13,227.75
O2056,SKU_000811,S005,16-01-2026 18:31,223.42
O2057,SKU_000812,S005,09-01-2026 19:52,615.83
O2058,SKU_000813,S005,22-04-2026 23:56,507.55
O2059,SKU_000814,S005,21-02-2026 09:23,592.34
O2060,SKU_000815,S005,10-02-2026 22:26,490.6
O2061,SKU_000816,S005,22-04-2026 02:21,591.28
O2062,SKU_000817,S005,22-03-2026 21:26,822.04
O2063,SKU_000818,S005,06-01-2026 21:08,885.26
O2064,SKU_000819,S005,07-04-2026 17:01,858.18
O2065,SKU_000820,S005,16-04-2026 22:34,866.68
O2066,SKU_000821,S005,26-02-2026 05:58,651.26
O2067,SKU_000822,S005,28-02-2026 15:51,45.82
O2068,SKU_000823,S005,04-04-2026 18:41,56.41
O2069,SKU_000824,S005,17-02-2026 13:12,45.14
O2070,SKU_000825,S005,20-03-2026 20:31,63.79
O2071,SKU_000826,S005,27-02-2026 18:08,53.91
O2072,SKU_000827,S005,30-03-2026 01:40,4150.41
O2073,SKU_000828,S005,15-01-2026 04:04,4289.03
O2074,SKU_000829,S005,12-01-2026 15:12,4617.2
O2075,SKU_000830,S005,31-01-2026 16:42,4103.09
O2076,SKU_000831,S005,27-03-2026 08:42,3613.67
O2077,SKU_000832,S005,22-03-2026 16:56,5243.81
O2078,SKU_000833,S005,05-04-2026 00:46,4962.3
O2079,SKU_000834,S005,01-04-2026 04:27,5216.75
O2080,SKU_000835,S005,09-02-2026 14:48,5070.92
O2081,SKU_000836,S005,08-03-2026 01:24,7012.13
O2082,SKU_000837,S005,28-04-2026 19:14,107.98
O2083,SKU_000838,S005,28-01-2026 21:32,99.1
O2084,SKU_000839,S005,02-03-2026 16:44,92.86
O2085,SKU_000840,S005,04-03-2026 00:07,91.97
O2086,SKU_000841,S005,09-03-2026 01:32,81.32
O2087,SKU_000842,S005,19-03-2026 10:09,350.55
O2088,SKU_000843,S005,26-01-2026 09:24,388.96
O2089,SKU_000844,S005,13-03-2026 22:50,292.02
O2090,SKU_000845,S005,10-04-2026 23:58,391.26
O2091,SKU_000846,S005,20-04-2026 01:29,284.07
O2092,SKU_000847,S005,21-01-2026 14:51,70.23
O2093,SKU_000848,S005,03-03-2026 23:11,71.91
O2094,SKU_000849,S005,16-02-2026 22:34,64.95
O2095,SKU_000850,S005,01-04-2026 13:55,76.62
O2096,SKU_000851,S005,24-01-2026 18:59,82.34
O2097,SKU_000852,S005,21-02-2026 22:30,77.76
O2098,SKU_000853,S005,29-03-2026 07:16,101.26
O2099,SKU_000854,S005,18-02-2026 03:23,82.72
O2100,SKU_000855,S005,28-01-2026 08:32,91.16
O2101,SKU_000856,S005,19-01-2026 19:10,93.01
O2102,SKU_000857,S005,10-01-2026 19:50,594.21
O2103,SKU_000858,S005,26-02-2026 08:29,792.04
O2104,SKU_000859,S005,16-03-2026 14:16,693.71
O2105,SKU_000860,S005,30-04-2026 11:52,699.69
O2106,SKU_000861,S005,23-03-2026 04:38,799.31
O2107,SKU_000862,S005,18-02-2026 05:01,1625.36
O2108,SKU_000863,S005,01-02-2026 00:15,1663.83
O2109,SKU_000864,S005,05-03-2026 13:57,1266.98
O2110,SKU_000865,S005,23-04-2026 04:13,1778.26
O2111,SKU_000866,S005,02-03-2026 17:21,1391.74
O2112,SKU_000867,S005,06-02-2026 20:41,4666.16
O2113,SKU_000868,S005,31-01-2026 22:35,4192.59
O2114,SKU_000869,S005,07-04-2026 18:05,3370.26
O2115,SKU_000870,S005,10-04-2026 22:47,4601.78
O2116,SKU_000871,S005,01-04-2026 15:30,4212.6
O2117,SKU_000872,S005,07-04-2026 20:23,445.98
O2118,SKU_000873,S005,01-03-2026 21:54,445.69
O2119,SKU_000874,S005,07-04-2026 13:54,455.16
O2120,SKU_000875,S006,05-01-2026 12:00,402.05
O2121,SKU_000876,S006,18-01-2026 11:39,458.12
O2122,SKU_000877,S006,18-03-2026 08:38,593.23
O2123,SKU_000878,S006,09-04-2026 03:32,566.38
O2124,SKU_000879,S006,30-03-2026 18:50,528.63
O2125,SKU_000880,S006,16-02-2026 17:52,562.42
O2126,SKU_000881,S006,11-02-2026 18:38,468.85
O2127,SKU_000882,S006,24-04-2026 06:34,1002.94
O2128,SKU_000883,S006,10-03-2026 12:36,883.85
O2129,SKU_000884,S006,10-01-2026 10:45,885.08
O2130,SKU_000885,S006,10-01-2026 19:32,824.1
O2131,SKU_000886,S006,24-02-2026 15:12,967.83
O2132,SKU_000887,S006,07-04-2026 02:22,536.14
O2133,SKU_000888,S006,27-04-2026 00:38,533.9
O2134,SKU_000889,S006,02-04-2026 09:05,505.41
O2135,SKU_000890,S006,25-02-2026 11:41,508.64
O2136,SKU_000891,S006,15-04-2026 05:09,568.82
O2137,SKU_000892,S006,02-01-2026 14:06,649.06
O2138,SKU_000893,S006,21-01-2026 20:58,934.01
O2139,SKU_000894,S006,25-03-2026 16:16,831.24
O2140,SKU_000895,S006,27-01-2026 00:10,751.31
O2141,SKU_000896,S006,21-02-2026 08:31,921.22
O2142,SKU_000897,S006,13-03-2026 00:38,2431.54
O2143,SKU_000898,S006,20-03-2026 07:18,3143.7
O2144,SKU_000899,S006,13-03-2026 01:23,2731.33
O2145,SKU_000900,S006,09-01-2026 18:50,3333.58
O2146,SKU_000901,S006,19-03-2026 18:50,2627.5
O2147,SKU_000902,S006,10-01-2026 22:24,4564.07
O2148,SKU_000903,S006,21-04-2026 17:42,5382
O2149,SKU_000904,S006,20-04-2026 02:15,4560.32
O2150,SKU_000905,S006,07-02-2026 19:09,4454.41
O2151,SKU_000906,S006,12-03-2026 09:28,5259.67
O2152,SKU_000907,S006,18-04-2026 10:12,5900.4
O2153,SKU_000908,S006,26-02-2026 00:58,6554.2
O2154,SKU_000909,S006,15-01-2026 06:40,8306.07
O2155,SKU_000910,S006,17-03-2026 00:30,7967.68
O2156,SKU_000911,S006,08-04-2026 22:00,6901.53
O2157,SKU_000912,S006,29-03-2026 10:48,3413.1
O2158,SKU_000913,S006,17-04-2026 18:31,2456.78
O2159,SKU_000914,S006,24-02-2026 07:35,2427.67
O2160,SKU_000915,S006,29-04-2026 15:40,2982.16
O2161,SKU_000916,S006,24-01-2026 01:41,3299.56
O2162,SKU_000917,S006,25-01-2026 23:36,51.47
O2163,SKU_000918,S006,19-01-2026 18:34,45.73
O2164,SKU_000919,S006,18-03-2026 11:43,50.38
O2165,SKU_000920,S006,14-03-2026 11:13,48.42
O2166,SKU_000921,S006,07-03-2026 20:15,37.06
O2167,SKU_000922,S006,19-04-2026 07:41,1164.96
O2168,SKU_000923,S006,12-03-2026 23:50,1368.22
O2169,SKU_000924,S006,29-01-2026 00:20,1393.66
O2170,SKU_000925,S006,08-02-2026 15:40,1328.15
O2171,SKU_000926,S006,27-04-2026 23:40,1356.36
O2172,SKU_000927,S006,09-04-2026 20:40,612.3
O2173,SKU_000928,S006,19-03-2026 22:35,762.56
O2174,SKU_000929,S006,08-04-2026 02:31,800.43
O2175,SKU_000930,S006,08-01-2026 19:36,597.14
O2176,SKU_000931,S006,09-01-2026 19:07,652.12
O2177,SKU_000932,S006,08-01-2026 13:21,1555.77
O2178,SKU_000933,S006,27-01-2026 14:38,1553.75
O2179,SKU_000934,S006,06-03-2026 16:04,1817.24
O2180,SKU_000935,S006,02-04-2026 23:48,1865.47
O2181,SKU_000936,S006,11-04-2026 20:15,1414.67
O2182,SKU_000937,S006,30-03-2026 17:43,9069.8
O2183,SKU_000938,S006,29-01-2026 22:06,9990.95
O2184,SKU_000939,S006,28-04-2026 17:22,9612.13
O2185,SKU_000940,S006,11-04-2026 02:25,9122.11
O2186,SKU_000941,S006,28-01-2026 03:25,11036.13
O2187,SKU_000942,S006,05-03-2026 16:25,80274.9
O2188,SKU_000943,S006,30-04-2026 01:06,72557.34
O2189,SKU_000944,S006,03-03-2026 20:27,60114.11
O2190,SKU_000945,S006,01-02-2026 13:18,64608.77
O2191,SKU_000946,S006,18-03-2026 07:18,63616.88
O2192,SKU_000947,S006,30-04-2026 17:06,294.95
O2193,SKU_000948,S006,28-02-2026 02:31,310.96
O2194,SKU_000949,S006,26-04-2026 06:57,277.17
O2195,SKU_000950,S006,07-03-2026 07:36,232.36
O2196,SKU_000951,S006,09-04-2026 12:15,292.96
O2197,SKU_000952,S006,09-04-2026 23:26,202.69
O2198,SKU_000953,S006,14-04-2026 08:53,208.53
O2199,SKU_000954,S006,06-04-2026 02:51,191.46
O2200,SKU_000955,S006,20-04-2026 07:25,199.16
O2201,SKU_000956,S006,28-02-2026 05:07,197.4
O2202,SKU_000957,S006,03-04-2026 05:09,44138.23
O2203,SKU_000958,S006,04-01-2026 05:32,35058.19
O2204,SKU_000959,S006,13-03-2026 12:40,37418.89
O2205,SKU_000960,S006,06-03-2026 07:41,39402.53
O2206,SKU_000961,S006,22-01-2026 06:47,39296.05
O2207,SKU_000962,S006,22-03-2026 21:13,12508.91
O2208,SKU_000963,S006,24-04-2026 08:14,11476.48
O2209,SKU_000964,S006,01-03-2026 17:52,12353.1
O2210,SKU_000965,S006,06-01-2026 04:11,8887.75
O2211,SKU_000966,S006,26-04-2026 21:48,9967.7
O2212,SKU_000967,S006,03-04-2026 03:45,9988.61
O2213,SKU_000968,S006,21-02-2026 13:27,12295.29
O2214,SKU_000969,S006,23-04-2026 07:53,8872.85
O2215,SKU_000970,S006,23-04-2026 03:58,12169.99
O2216,SKU_000971,S006,14-02-2026 04:25,12625.25
O2217,SKU_000972,S006,10-01-2026 23:19,136.39
O2218,SKU_000973,S006,24-04-2026 07:24,137.45
O2219,SKU_000974,S006,04-04-2026 07:03,139.65
O2220,SKU_000975,S006,03-02-2026 02:38,112.03
O2221,SKU_000976,S006,12-04-2026 19:05,103.21
O2222,SKU_000977,S006,15-03-2026 19:48,104.82
O2223,SKU_000978,S006,29-01-2026 16:41,125.21
O2224,SKU_000979,S006,17-02-2026 00:43,138.55
O2225,SKU_000980,S006,07-01-2026 03:07,117.43
O2226,SKU_000981,S006,22-04-2026 04:22,105.51
O2227,SKU_000982,S006,22-01-2026 08:09,174.58
O2228,SKU_000983,S006,07-02-2026 01:07,167.49
O2229,SKU_000984,S006,04-01-2026 16:15,125.08
O2230,SKU_000985,S006,27-03-2026 15:23,175.84
O2231,SKU_000986,S006,02-03-2026 21:54,128.3
O2232,SKU_000987,S006,23-03-2026 07:39,868.09
O2233,SKU_000988,S006,30-01-2026 09:43,649.04
O2234,SKU_000989,S006,22-03-2026 04:32,765.66
O2235,SKU_000990,S006,09-02-2026 14:12,705.65
O2236,SKU_000991,S006,21-03-2026 16:29,670.59
O2237,SKU_000992,S006,08-04-2026 10:38,1847.88
O2238,SKU_000993,S006,29-04-2026 17:41,1757.36
O2239,SKU_000994,S006,02-04-2026 13:50,2005.18
O2240,SKU_000995,S006,13-01-2026 02:15,2034.45
O2241,SKU_000996,S006,27-01-2026 19:30,2414.54
O2242,SKU_000997,S006,11-04-2026 17:14,3376.78
O2243,SKU_000998,S006,10-02-2026 06:16,4027.67
O2244,SKU_000999,S006,19-04-2026 21:55,4108.63
O2245,SKU_001000,S006,05-03-2026 02:50,4467.47
O2246,SKU_001001,S006,03-04-2026 21:22,3942.21
O2247,SKU_001002,S006,13-04-2026 00:54,849.56
O2248,SKU_001003,S006,15-03-2026 04:07,1025.41
O2249,SKU_001004,S006,02-03-2026 22:11,834
O2250,SKU_001005,S006,03-02-2026 15:05,1098.88
O2251,SKU_001006,S006,31-03-2026 06:11,903.26
O2252,SKU_001007,S006,14-04-2026 12:33,1301.02
O2253,SKU_001008,S006,08-03-2026 11:21,1203.06
O2254,SKU_001009,S006,17-04-2026 01:49,1125.06
O2255,SKU_001010,S006,10-03-2026 19:05,1047.89
O2256,SKU_001011,S006,21-02-2026 08:01,1124.68
O2257,SKU_001012,S006,29-04-2026 11:09,783.99
O2258,SKU_001013,S006,05-04-2026 00:26,781.2
O2259,SKU_001014,S006,07-02-2026 08:00,716.71
O2260,SKU_001015,S006,17-02-2026 20:51,836.5
O2261,SKU_001016,S006,24-02-2026 04:15,740.96
O2262,SKU_001017,S006,19-04-2026 08:52,19214.88
O2263,SKU_001018,S006,27-02-2026 23:06,23584.75
O2264,SKU_001019,S006,13-02-2026 15:57,21878.05
O2265,SKU_001020,S006,27-02-2026 18:59,18867.96
O2266,SKU_001021,S006,26-02-2026 02:51,21225.77
O2267,SKU_001022,S006,10-02-2026 05:59,38648.66
O2268,SKU_001023,S006,05-04-2026 22:55,38243.42
O2269,SKU_001024,S006,03-03-2026 13:31,38177.4
O2270,SKU_001025,S006,04-04-2026 04:02,37671.82
O2271,SKU_001026,S006,09-03-2026 17:32,37985.28
O2272,SKU_001027,S006,19-04-2026 20:03,69881.03
O2273,SKU_001028,S006,23-02-2026 02:24,54144.77
O2274,SKU_001029,S006,25-02-2026 21:11,75288.72
O2275,SKU_001030,S006,24-01-2026 15:58,64509.02
O2276,SKU_001031,S006,22-04-2026 08:35,75427.54
O2277,SKU_001032,S006,16-04-2026 11:27,64.01
O2278,SKU_001033,S006,15-03-2026 17:30,67.58
O2279,SKU_001034,S006,18-03-2026 14:39,67.22
O2280,SKU_001035,S006,09-03-2026 00:26,60.05
O2281,SKU_001036,S006,29-01-2026 10:37,60.09
O2282,SKU_001037,S006,26-02-2026 09:36,95.46
O2283,SKU_001038,S006,09-01-2026 04:02,98.97
O2284,SKU_001039,S006,25-02-2026 20:27,100.19
O2285,SKU_001040,S006,16-01-2026 08:18,92.26
O2286,SKU_001041,S006,09-03-2026 06:10,107.68
O2287,SKU_001042,S006,27-03-2026 21:37,37.77
O2288,SKU_001043,S006,19-02-2026 19:06,36.65
O2289,SKU_001044,S006,04-04-2026 00:40,37.81
O2290,SKU_001045,S006,11-02-2026 13:15,34.5
O2291,SKU_001046,S006,09-02-2026 05:42,36.81
O2292,SKU_001047,S006,15-04-2026 13:57,182.85
O2293,SKU_001048,S006,22-02-2026 15:34,152.15
O2294,SKU_001049,S006,20-04-2026 03:11,170.31
O2295,SKU_001050,S006,22-02-2026 17:50,189.57
O2296,SKU_001051,S006,27-01-2026 15:44,182.37
O2297,SKU_001052,S006,22-01-2026 05:01,719.06
O2298,SKU_001053,S006,30-04-2026 13:15,773.2
O2299,SKU_001054,S006,24-04-2026 22:49,782.38
O2300,SKU_001055,S006,16-02-2026 11:08,879.59
O2301,SKU_001056,S006,17-02-2026 01:56,832.29
O2302,SKU_001057,S006,10-01-2026 20:35,846.96
O2303,SKU_001058,S006,14-04-2026 02:49,1015.34
O2304,SKU_001059,S006,13-02-2026 19:42,904.1
O2305,SKU_001060,S006,15-02-2026 05:05,857.8
O2306,SKU_001061,S006,11-01-2026 04:37,725.6
O2307,SKU_001062,S006,20-01-2026 10:57,754.66
O2308,SKU_001063,S006,22-03-2026 06:07,734.52
O2309,SKU_001064,S006,06-03-2026 03:16,994.1
O2310,SKU_001065,S006,02-04-2026 17:33,780.25
O2311,SKU_001066,S006,20-01-2026 12:34,839.06
O2312,SKU_001067,S006,27-01-2026 16:38,278.7
O2313,SKU_001068,S006,02-01-2026 00:08,392.45
O2314,SKU_001069,S006,17-04-2026 20:49,329.1
O2315,SKU_001070,S006,31-01-2026 16:03,283.94
O2316,SKU_001071,S006,21-03-2026 00:19,288.46
O2317,SKU_001072,S006,03-04-2026 08:55,1006.49
O2318,SKU_001073,S006,03-04-2026 17:04,745.11
O2319,SKU_001074,S006,08-02-2026 17:31,1031.81
O2320,SKU_001075,S006,25-02-2026 18:39,817.57
O2321,SKU_001076,S006,04-03-2026 08:44,974.38
O2322,SKU_001077,S006,25-02-2026 10:07,292.93
O2323,SKU_001078,S006,12-01-2026 11:43,286.11
O2324,SKU_001079,S006,18-01-2026 08:55,310.13
O2325,SKU_001080,S006,22-04-2026 11:39,302.24
O2326,SKU_001081,S006,15-02-2026 02:13,304.95
O2327,SKU_001082,S006,14-04-2026 21:59,754.45
O2328,SKU_001083,S006,08-01-2026 05:49,577.27
O2329,SKU_001084,S006,03-02-2026 23:51,637.08
O2330,SKU_001085,S006,23-03-2026 03:29,566.1
O2331,SKU_001086,S006,04-02-2026 03:14,723.54
O2332,SKU_001087,S006,08-01-2026 01:21,386.16
O2333,SKU_001088,S006,19-03-2026 02:07,501.16
O2334,SKU_001089,S006,07-04-2026 04:39,419.44
O2335,SKU_001090,S006,06-02-2026 04:16,386.12
O2336,SKU_001091,S006,26-02-2026 05:00,448.43
O2337,SKU_001092,S006,08-01-2026 06:36,1219.57
O2338,SKU_001093,S006,02-01-2026 19:11,1371.56
O2339,SKU_001094,S006,27-02-2026 22:36,1178.22
O2340,SKU_001095,S006,21-04-2026 06:53,1316.26
O2341,SKU_001096,S006,28-04-2026 01:10,1347.24
O2342,SKU_001097,S006,21-01-2026 20:03,1237.54
O2343,SKU_001098,S006,07-03-2026 01:24,1385.28
O2344,SKU_001099,S006,25-02-2026 06:09,1213.37
O2345,SKU_001100,S006,30-03-2026 05:25,1423.55
O2346,SKU_001101,S006,16-04-2026 11:57,1373.77
O2347,SKU_001102,S006,12-04-2026 19:30,1400.52
O2348,SKU_001103,S006,06-04-2026 21:47,1539.47
O2349,SKU_001104,S006,27-01-2026 01:25,1078.84
O2350,SKU_001105,S006,08-04-2026 21:48,1254.46
O2351,SKU_001106,S006,01-04-2026 21:08,1422.7
O2352,SKU_001107,S006,22-02-2026 23:30,1871.38
O2353,SKU_001108,S006,07-02-2026 10:33,1897.95
O2354,SKU_001109,S006,22-01-2026 20:58,2330.77
O2355,SKU_001110,S006,06-03-2026 05:05,2193.29
O2356,SKU_001111,S006,01-02-2026 13:16,1932.19
O2357,SKU_001112,S006,31-03-2026 02:41,221.68
O2358,SKU_001113,S006,19-02-2026 22:56,215.35
O2359,SKU_001114,S006,06-02-2026 03:45,219.45
O2360,SKU_001115,S006,03-01-2026 17:38,184.02
O2361,SKU_001116,S006,07-03-2026 11:03,195.28
O2362,SKU_001117,S006,27-02-2026 06:54,20.93
O2363,SKU_001118,S006,21-04-2026 06:03,28.34
O2364,SKU_001119,S006,07-02-2026 12:11,24.26
O2365,SKU_001120,S006,04-02-2026 01:51,24.05
O2366,SKU_001121,S006,29-04-2026 15:15,21.26
O2367,SKU_001122,S006,20-03-2026 17:43,554.38
O2368,SKU_001123,S006,25-03-2026 01:14,653.29
O2369,SKU_001124,S006,11-04-2026 01:22,471.01
O2370,SKU_001125,S006,05-03-2026 16:14,547.19
O2371,SKU_001126,S006,17-01-2026 20:13,607.26
O2372,SKU_001127,S006,19-03-2026 20:01,383.39
O2373,SKU_001128,S006,19-01-2026 12:31,377.89
O2374,SKU_001129,S006,05-02-2026 21:08,315.08
O2375,SKU_001130,S006,28-01-2026 07:17,340.63
O2376,SKU_001131,S006,03-04-2026 17:05,294.4
O2377,SKU_001132,S006,04-03-2026 20:05,42.14
O2378,SKU_001133,S006,18-02-2026 03:58,51.82
O2379,SKU_001134,S006,02-01-2026 07:49,42.4
O2380,SKU_001135,S006,20-02-2026 15:20,46.5
O2381,SKU_001136,S006,16-03-2026 11:35,47.69
O2382,SKU_001137,S006,15-02-2026 17:36,14940.64
O2383,SKU_001138,S006,28-03-2026 17:56,10448.22
O2384,SKU_001139,S006,21-02-2026 20:17,15539.28
O2385,SKU_001140,S006,06-03-2026 00:09,14693.01
O2386,SKU_001141,S006,28-02-2026 15:10,15565.11
O2387,SKU_001142,S006,24-04-2026 02:27,13946.13
O2388,SKU_001143,S006,22-04-2026 05:48,13926.39
O2389,SKU_001144,S006,03-01-2026 05:17,13270.06
O2390,SKU_001145,S006,20-02-2026 18:55,12269.51
O2391,SKU_001146,S006,11-03-2026 19:38,16700.57
O2392,SKU_001147,S006,15-02-2026 21:14,65.65
O2393,SKU_001148,S006,13-01-2026 01:31,46.19
O2394,SKU_001149,S006,23-01-2026 22:58,46.05
O2395,SKU_001150,S006,01-04-2026 08:53,47.5
O2396,SKU_001151,S006,01-03-2026 13:49,47.6
O2397,SKU_001152,S006,01-02-2026 00:20,824.2
O2398,SKU_001153,S006,20-03-2026 17:22,1067.16
O2399,SKU_001154,S006,08-04-2026 13:54,1014.86
O2400,SKU_001155,S006,02-03-2026 09:15,942.06
O2401,SKU_001156,S006,23-01-2026 19:11,1072.61
O2402,SKU_001157,S006,27-02-2026 06:58,4591.92
O2403,SKU_001158,S006,13-03-2026 08:52,5798.8
O2404,SKU_001159,S006,30-04-2026 08:21,5347.56
O2405,SKU_001160,S006,12-02-2026 21:13,5994.33
O2406,SKU_001161,S006,12-02-2026 13:12,5848.74
O2407,SKU_001162,S006,26-01-2026 22:28,122.78
O2408,SKU_001163,S006,03-04-2026 20:29,146.65
O2409,SKU_001164,S006,30-01-2026 17:53,143.21
O2410,SKU_001165,S006,30-03-2026 08:21,141.25
O2411,SKU_001166,S006,28-04-2026 14:56,122.41
O2412,SKU_001167,S006,14-03-2026 13:13,111.53
O2413,SKU_001168,S006,22-03-2026 17:58,106.4
O2414,SKU_001169,S006,17-04-2026 15:37,84.82
O2415,SKU_001170,S006,02-04-2026 10:13,83.72
O2416,SKU_001171,S006,15-04-2026 09:00,99.23
O2417,SKU_001172,S006,12-02-2026 09:52,1736.36
O2418,SKU_001173,S006,18-02-2026 01:16,1787.2
O2419,SKU_001174,S006,26-04-2026 16:41,1932.98
O2420,SKU_001175,S006,16-01-2026 21:32,1849.55
O2421,SKU_001176,S006,13-04-2026 01:02,2041.18
O2422,SKU_001177,S006,28-03-2026 17:59,885.75
O2423,SKU_001178,S006,13-04-2026 13:27,1054.94
O2424,SKU_001179,S006,12-03-2026 06:02,961.78
O2425,SKU_001180,S006,16-01-2026 03:59,1172.82
O2426,SKU_001181,S006,20-04-2026 13:13,1016.11
O2427,SKU_001182,S006,22-01-2026 18:55,590.05
O2428,SKU_001183,S006,12-01-2026 23:48,487.88
O2429,SKU_001184,S006,17-04-2026 08:13,477.53
O2430,SKU_001185,S006,09-04-2026 03:44,439.57
O2431,SKU_001186,S006,09-02-2026 06:07,467.77
O2432,SKU_001187,S006,22-04-2026 04:58,484.86
O2433,SKU_001188,S006,15-04-2026 05:01,567.81
O2434,SKU_001189,S006,30-01-2026 02:21,497.13
O2435,SKU_001190,S006,01-02-2026 22:47,585.76
O2436,SKU_001191,S006,05-03-2026 17:08,414.72
O2437,SKU_001192,S006,12-04-2026 00:58,1992.62
O2438,SKU_001193,S006,27-03-2026 19:07,1761.6
O2439,SKU_001194,S006,23-01-2026 13:43,2371.52
O2440,SKU_001195,S006,09-02-2026 21:14,1813.71
O2441,SKU_001196,S006,24-04-2026 05:39,2178.4
O2442,SKU_001197,S006,05-04-2026 22:06,51.07
O2443,SKU_001198,S006,18-01-2026 15:49,45.6
O2444,SKU_001199,S006,10-04-2026 02:31,45.47
O2445,SKU_001200,S006,28-03-2026 12:05,54.5
O2446,SKU_001201,S006,11-01-2026 19:16,50.44
O2447,SKU_001202,S006,30-03-2026 01:08,224.43
O2448,SKU_001203,S006,26-01-2026 14:54,286.62
O2449,SKU_001204,S006,10-04-2026 15:54,309.65
O2450,SKU_001205,S006,22-03-2026 16:01,281.26
O2451,SKU_001206,S006,30-03-2026 16:50,283.96
O2452,SKU_001207,S006,20-04-2026 12:00,9199.22
O2453,SKU_001208,S006,12-01-2026 05:04,10320.48
O2454,SKU_001209,S006,19-04-2026 12:11,10570.07
O2455,SKU_001210,S006,31-03-2026 18:50,9981.58
O2456,SKU_001211,S006,01-03-2026 20:10,8484.13
O2457,SKU_001212,S006,05-01-2026 05:27,20108.8
O2458,SKU_001213,S006,18-03-2026 21:15,22860.89
O2459,SKU_001214,S006,19-02-2026 09:51,16593.96
O2460,SKU_001215,S006,01-01-2026 14:03,23668.76
O2461,SKU_001216,S006,12-02-2026 07:29,23019.14
O2462,SKU_001217,S006,23-04-2026 07:07,10388.53
O2463,SKU_001218,S006,15-01-2026 04:20,11287.19
O2464,SKU_001219,S006,09-01-2026 19:03,10915.18
O2465,SKU_001220,S006,24-03-2026 06:34,9480.77
O2466,SKU_001221,S006,08-03-2026 21:37,11666.85
O2467,SKU_001222,S006,13-01-2026 09:08,8712.68
O2468,SKU_001223,S006,16-04-2026 02:00,9471.34
O2469,SKU_001224,S006,12-01-2026 16:48,11357.85
O2470,SKU_001225,S006,14-01-2026 09:39,8238.88
O2471,SKU_001226,S006,02-04-2026 16:00,11980.67
O2472,SKU_001227,S006,07-01-2026 03:53,730.06
O2473,SKU_001228,S006,25-02-2026 17:56,854.04
O2474,SKU_001229,S006,21-03-2026 09:27,708.5
O2475,SKU_001230,S006,04-02-2026 22:46,787.59
O2476,SKU_001231,S006,27-01-2026 07:08,687.49
O2477,SKU_001232,S006,23-03-2026 15:01,2581.39
O2478,SKU_001233,S006,14-03-2026 17:06,2567.71
O2479,SKU_001234,S006,16-03-2026 06:29,2600.17
O2480,SKU_001235,S006,29-03-2026 02:20,2639.05
O2481,SKU_001236,S006,15-03-2026 07:15,2075.22
O2482,SKU_001237,S006,14-03-2026 22:38,3044.72
O2483,SKU_001238,S006,16-01-2026 13:59,2534.82
O2484,SKU_001239,S006,15-04-2026 17:19,3101.73
O2485,SKU_001240,S006,26-01-2026 19:46,3007.79
O2486,SKU_001241,S006,09-03-2026 12:43,2971.03
O2487,SKU_001242,S006,24-01-2026 00:52,1361.11
O2488,SKU_001243,S006,04-02-2026 15:44,975.97
O2489,SKU_001244,S006,15-04-2026 07:48,1095.93
O2490,SKU_001245,S006,18-03-2026 07:47,1097.33
O2491,SKU_001246,S006,13-04-2026 16:35,1336.94
O2492,SKU_001247,S006,25-01-2026 17:28,4128.04
O2493,SKU_001248,S006,13-02-2026 05:48,4124.54
O2494,SKU_001249,S006,01-01-2026 16:11,3081.79
O2495,SKU_001250,S006,05-01-2026 09:57,3821.62
O2496,SKU_001251,S006,27-02-2026 22:28,4184.72
O2497,SKU_001252,S006,31-03-2026 21:45,141.93
O2498,SKU_001253,S006,16-04-2026 17:17,122.23
O2499,SKU_001254,S006,24-03-2026 08:34,140.71
O2500,SKU_001255,S006,14-04-2026 06:59,118.87
O2501,SKU_001256,S006,15-03-2026 15:33,141.32
O2502,SKU_001257,S006,14-02-2026 14:18,200.33
O2503,SKU_001258,S006,18-02-2026 01:29,207.55
O2504,SKU_001259,S006,31-03-2026 10:40,215.52
O2505,SKU_001260,S006,09-03-2026 05:13,211.88
O2506,SKU_001261,S006,31-01-2026 02:55,171.27
O2507,SKU_001262,S006,23-02-2026 12:37,2391.37
O2508,SKU_001263,S006,06-02-2026 14:22,2755.38
O2509,SKU_001264,S006,22-01-2026 21:53,2248.05
O2510,SKU_001265,S006,07-01-2026 06:08,2379.93
O2511,SKU_001266,S006,23-03-2026 09:48,2572.82
O2512,SKU_001267,S006,30-04-2026 09:44,8417.23
O2513,SKU_001268,S006,04-01-2026 00:54,6730.97
O2514,SKU_001269,S006,16-02-2026 17:35,7769.83
O2515,SKU_001270,S006,10-02-2026 00:24,6663.69
O2516,SKU_001271,S006,14-01-2026 01:35,6761.24
O2517,SKU_001272,S006,20-01-2026 14:12,6441.03
O2518,SKU_001273,S006,26-04-2026 07:58,8973.11
O2519,SKU_001274,S006,07-01-2026 12:28,8518.91
O2520,SKU_001275,S007,28-03-2026 16:33,7491.52
O2521,SKU_001276,S007,27-04-2026 01:52,9251.38
O2522,SKU_001277,S007,10-01-2026 10:50,8628.65
O2523,SKU_001278,S007,17-02-2026 12:32,9428.64
O2524,SKU_001279,S007,09-01-2026 14:09,7341.72
O2525,SKU_001280,S007,20-03-2026 02:41,7197.52
O2526,SKU_001281,S007,27-03-2026 05:42,7179.67
O2527,SKU_001282,S007,15-02-2026 12:06,2892.35
O2528,SKU_001283,S007,15-04-2026 19:27,2500.01
O2529,SKU_001284,S007,12-02-2026 04:32,3196.84
O2530,SKU_001285,S007,11-01-2026 23:02,3418.73
O2531,SKU_001286,S007,28-01-2026 05:04,3421.85
O2532,SKU_001287,S007,08-04-2026 20:19,757.18
O2533,SKU_001288,S007,26-02-2026 04:03,675.48
O2534,SKU_001289,S007,15-02-2026 11:16,762.48
O2535,SKU_001290,S007,22-04-2026 20:52,811.84
O2536,SKU_001291,S007,03-03-2026 22:11,824.61
O2537,SKU_001292,S007,23-04-2026 03:13,75124.15
O2538,SKU_001293,S007,27-04-2026 02:29,88294.47
O2539,SKU_001294,S007,04-03-2026 06:24,84791.35
O2540,SKU_001295,S007,16-02-2026 00:03,95766.73
O2541,SKU_001296,S007,28-02-2026 14:19,100387.56
O2542,SKU_001297,S007,28-01-2026 19:38,530.55
O2543,SKU_001298,S007,12-04-2026 05:12,490.57
O2544,SKU_001299,S007,12-02-2026 22:08,414.65
O2545,SKU_001300,S007,22-03-2026 07:19,426.22
O2546,SKU_001301,S007,28-02-2026 08:26,439.32
O2547,SKU_001302,S007,23-02-2026 10:18,1542.21
O2548,SKU_001303,S007,12-01-2026 20:04,1107.64
O2549,SKU_001304,S007,19-04-2026 02:29,1499.12
O2550,SKU_001305,S007,25-04-2026 21:22,1394.65
O2551,SKU_001306,S007,04-02-2026 00:10,1106.04
O2552,SKU_001307,S007,24-03-2026 22:53,13255.17
O2553,SKU_001308,S007,18-04-2026 22:27,17417.05
O2554,SKU_001309,S007,07-04-2026 05:45,18084.98
O2555,SKU_001310,S007,10-01-2026 02:29,15950.46
O2556,SKU_001311,S007,08-03-2026 21:05,17312.96
O2557,SKU_001312,S007,16-03-2026 00:18,4501.02
O2558,SKU_001313,S007,12-04-2026 20:10,3824.98
O2559,SKU_001314,S007,03-03-2026 21:24,4389.1
O2560,SKU_001315,S007,22-03-2026 20:12,3832.64
O2561,SKU_001316,S007,21-03-2026 06:37,4784.02
O2562,SKU_001317,S007,29-01-2026 23:24,411.62
O2563,SKU_001318,S007,28-02-2026 05:34,358.04
O2564,SKU_001319,S007,15-03-2026 02:25,393
O2565,SKU_001320,S007,05-02-2026 16:56,395.53
O2566,SKU_001321,S007,15-04-2026 10:55,346.41
O2567,SKU_001322,S007,02-04-2026 22:45,293.26
O2568,SKU_001323,S007,16-02-2026 18:59,320.35
O2569,SKU_001324,S007,13-02-2026 18:10,285.16
O2570,SKU_001325,S007,28-02-2026 09:31,296.89
O2571,SKU_001326,S007,29-01-2026 00:43,325.57
O2572,SKU_001327,S007,31-03-2026 21:51,317.87
O2573,SKU_001328,S007,12-01-2026 04:32,320.06
O2574,SKU_001329,S007,20-04-2026 04:54,322.24
O2575,SKU_001330,S007,22-03-2026 03:12,276.73
O2576,SKU_001331,S007,22-03-2026 21:04,260.93
O2577,SKU_001332,S007,19-04-2026 05:08,406.28
O2578,SKU_001333,S007,13-04-2026 21:56,429.18
O2579,SKU_001334,S007,27-01-2026 00:55,562.93
O2580,SKU_001335,S007,17-03-2026 10:09,597.95
O2581,SKU_001336,S007,17-02-2026 03:48,466.83
O2582,SKU_001337,S007,19-02-2026 12:21,68.84
O2583,SKU_001338,S007,09-02-2026 11:37,53.37
O2584,SKU_001339,S007,06-03-2026 03:08,55.82
O2585,SKU_001340,S007,16-01-2026 08:29,64.23
O2586,SKU_001341,S007,29-03-2026 08:09,71.45
O2587,SKU_001342,S007,14-03-2026 01:20,209.35
O2588,SKU_001343,S007,18-01-2026 22:54,237.33
O2589,SKU_001344,S007,15-04-2026 00:14,236.41
O2590,SKU_001345,S007,06-02-2026 23:42,278.77
O2591,SKU_001346,S007,11-01-2026 00:10,230.53
O2592,SKU_001347,S007,22-02-2026 03:07,155.86
O2593,SKU_001348,S007,15-03-2026 05:43,188.13
O2594,SKU_001349,S007,28-04-2026 11:21,212.06
O2595,SKU_001350,S007,28-04-2026 01:49,150.35
O2596,SKU_001351,S007,08-01-2026 16:18,154.1
O2597,SKU_001352,S007,15-01-2026 03:11,131.19
O2598,SKU_001353,S007,06-02-2026 12:54,111.52
O2599,SKU_001354,S007,25-04-2026 02:20,109.45
O2600,SKU_001355,S007,19-04-2026 12:25,106.53
O2601,SKU_001356,S007,12-02-2026 03:22,130.65
O2602,SKU_001357,S007,04-04-2026 02:08,423.95
O2603,SKU_001358,S007,10-02-2026 13:29,504.45
O2604,SKU_001359,S007,06-03-2026 15:43,593.31
O2605,SKU_001360,S007,28-02-2026 20:57,408.26
O2606,SKU_001361,S007,03-01-2026 23:27,555.06
O2607,SKU_001362,S007,11-02-2026 03:05,1618.84
O2608,SKU_001363,S007,06-02-2026 21:34,1688.11
O2609,SKU_001364,S007,23-01-2026 18:43,2312.38
O2610,SKU_001365,S007,03-04-2026 23:55,2321.25
O2611,SKU_001366,S007,17-02-2026 02:33,1976.57
O2612,SKU_001367,S007,28-04-2026 08:42,504.48
O2613,SKU_001368,S007,09-02-2026 17:06,507.38
O2614,SKU_001369,S007,19-03-2026 00:26,563.99
O2615,SKU_001370,S007,16-02-2026 11:21,422.87
O2616,SKU_001371,S007,18-04-2026 04:52,568.72
O2617,SKU_001372,S007,04-03-2026 10:50,402.95
O2618,SKU_001373,S007,24-02-2026 23:09,454.97
O2619,SKU_001374,S007,15-03-2026 22:00,427.94
O2620,SKU_001375,S007,01-04-2026 12:53,361.36
O2621,SKU_001376,S007,14-04-2026 14:59,432.4
O2622,SKU_001377,S007,11-03-2026 18:16,2226.98
O2623,SKU_001378,S007,01-03-2026 21:21,2216.34
O2624,SKU_001379,S007,20-02-2026 18:57,2416.1
O2625,SKU_001380,S007,11-03-2026 20:03,2055.64
O2626,SKU_001381,S007,10-04-2026 13:53,2022.88
O2627,SKU_001382,S007,07-04-2026 13:28,2792.04
O2628,SKU_001383,S007,01-04-2026 11:44,3491.8
O2629,SKU_001384,S007,20-01-2026 03:32,2716.07
O2630,SKU_001385,S007,02-04-2026 03:59,2632.29
O2631,SKU_001386,S007,04-03-2026 04:23,3413.84
O2632,SKU_001387,S007,09-02-2026 10:38,1764.7
O2633,SKU_001388,S007,13-03-2026 23:36,1780.43
O2634,SKU_001389,S007,02-03-2026 18:19,1906.43
O2635,SKU_001390,S007,22-03-2026 09:03,1665.8
O2636,SKU_001391,S007,09-01-2026 21:02,1966.31
O2637,SKU_001392,S007,20-04-2026 05:33,1985.82
O2638,SKU_001393,S007,12-02-2026 23:12,2566.61
O2639,SKU_001394,S007,29-01-2026 08:02,2586.63
O2640,SKU_001395,S007,04-01-2026 03:35,2191.94
O2641,SKU_001396,S007,20-02-2026 15:17,1893.31
O2642,SKU_001397,S007,18-04-2026 10:37,1334.26
O2643,SKU_001398,S007,24-04-2026 09:47,1251.36
O2644,SKU_001399,S007,23-04-2026 11:00,1361.77
O2645,SKU_001400,S007,23-03-2026 02:03,1356.23
O2646,SKU_001401,S007,27-02-2026 07:41,1209.34
O2647,SKU_001402,S007,30-01-2026 14:17,79.46
O2648,SKU_001403,S007,08-02-2026 02:19,68.69
O2649,SKU_001404,S007,06-03-2026 01:17,82.93
O2650,SKU_001405,S007,14-02-2026 15:57,98.6
O2651,SKU_001406,S007,15-03-2026 18:10,89.25
O2652,SKU_001407,S007,21-04-2026 15:24,35183.64
O2653,SKU_001408,S007,17-02-2026 17:11,32567.22
O2654,SKU_001409,S007,07-04-2026 22:54,37478.18
O2655,SKU_001410,S007,17-04-2026 22:10,37670.42
O2656,SKU_001411,S007,07-03-2026 13:09,35868.33
O2657,SKU_001412,S007,19-02-2026 23:13,12028.43
O2658,SKU_001413,S007,05-04-2026 21:08,11009.15
O2659,SKU_001414,S007,06-04-2026 06:20,12592.04
O2660,SKU_001415,S007,31-03-2026 11:37,13804.98
O2661,SKU_001416,S007,02-02-2026 16:01,11386.02
O2662,SKU_001417,S007,10-03-2026 09:15,3242.17
O2663,SKU_001418,S007,02-02-2026 20:50,3530.29
O2664,SKU_001419,S007,28-01-2026 04:15,2578.62
O2665,SKU_001420,S007,17-04-2026 03:05,3326.05
O2666,SKU_001421,S007,05-04-2026 19:43,2840.54
O2667,SKU_001422,S007,05-02-2026 17:43,1325.71
O2668,SKU_001423,S007,16-04-2026 06:32,1742.42
O2669,SKU_001424,S007,12-01-2026 09:42,1622.77
O2670,SKU_001425,S007,12-04-2026 17:45,1561.55
O2671,SKU_001426,S007,07-01-2026 13:37,1513.88
O2672,SKU_001427,S007,15-01-2026 10:24,437.13
O2673,SKU_001428,S007,10-01-2026 10:05,351.24
O2674,SKU_001429,S007,02-01-2026 05:45,448.26
O2675,SKU_001430,S007,22-03-2026 01:53,450.93
O2676,SKU_001431,S007,27-01-2026 16:45,452.82
O2677,SKU_001432,S007,14-02-2026 22:33,444.95
O2678,SKU_001433,S007,14-01-2026 04:45,590.1
O2679,SKU_001434,S007,30-01-2026 07:50,470.5
O2680,SKU_001435,S007,02-01-2026 18:36,454.64
O2681,SKU_001436,S007,12-02-2026 11:18,475.67
O2682,SKU_001437,S007,09-04-2026 04:53,1287.95
O2683,SKU_001438,S007,30-03-2026 13:09,1434.07
O2684,SKU_001439,S007,14-03-2026 11:14,1781.89
O2685,SKU_001440,S007,12-01-2026 17:43,1345.83
O2686,SKU_001441,S007,30-04-2026 23:19,1291.52
O2687,SKU_001442,S007,30-04-2026 17:11,1866.28
O2688,SKU_001443,S007,04-04-2026 19:53,2215.78
O2689,SKU_001444,S007,05-04-2026 17:33,1640.51
O2690,SKU_001445,S007,04-01-2026 01:18,1877.4
O2691,SKU_001446,S007,02-01-2026 06:48,1857.49
O2692,SKU_001447,S007,14-04-2026 08:17,1780.85
O2693,SKU_001448,S007,18-04-2026 02:50,2299.45
O2694,SKU_001449,S007,21-03-2026 20:58,2005.56
O2695,SKU_001450,S007,03-01-2026 07:13,1966.62
O2696,SKU_001451,S007,04-01-2026 05:56,2138.76
O2697,SKU_001452,S007,13-04-2026 19:15,1492.36
O2698,SKU_001453,S007,23-02-2026 08:23,1421.73
O2699,SKU_001454,S007,15-04-2026 00:43,1303.81
O2700,SKU_001455,S007,25-02-2026 16:03,1734.29
O2701,SKU_001456,S007,04-01-2026 07:53,1626.44
O2702,SKU_001457,S007,08-04-2026 12:29,845.96
O2703,SKU_001458,S007,25-03-2026 14:36,1057.53
O2704,SKU_001459,S007,04-02-2026 19:26,799.19
O2705,SKU_001460,S007,21-01-2026 18:43,903.57
O2706,SKU_001461,S007,19-01-2026 16:51,859.86
O2707,SKU_001462,S007,12-04-2026 19:48,1556.79
O2708,SKU_001463,S007,29-01-2026 21:54,1439.83
O2709,SKU_001464,S007,16-02-2026 18:59,1428.49
O2710,SKU_001465,S007,07-02-2026 06:28,1479.51
O2711,SKU_001466,S007,13-04-2026 05:27,1524.81
O2712,SKU_001467,S007,19-02-2026 00:21,2314.44
O2713,SKU_001468,S007,10-03-2026 19:48,3216.35
O2714,SKU_001469,S007,21-02-2026 21:49,2906.61
O2715,SKU_001470,S007,19-03-2026 01:40,2921.98
O2716,SKU_001471,S007,16-01-2026 08:15,2601
O2717,SKU_001472,S007,14-03-2026 10:32,500.47
O2718,SKU_001473,S007,20-03-2026 20:13,448.85
O2719,SKU_001474,S007,31-03-2026 03:05,568.57
O2720,SKU_001475,S007,20-04-2026 17:06,499.99
O2721,SKU_001476,S007,17-02-2026 05:25,402.05
O2722,SKU_001477,S007,13-02-2026 20:34,804.69
O2723,SKU_001478,S007,28-02-2026 05:58,1089.77
O2724,SKU_001479,S007,16-01-2026 15:42,1032.74
O2725,SKU_001480,S007,07-01-2026 03:39,950.54
O2726,SKU_001481,S007,19-01-2026 03:44,1187.88
O2727,SKU_001482,S007,20-03-2026 16:44,548.59
O2728,SKU_001483,S007,15-03-2026 15:29,564.65
O2729,SKU_001484,S007,15-03-2026 05:44,492.49
O2730,SKU_001485,S007,18-04-2026 07:46,516.63
O2731,SKU_001486,S007,03-04-2026 10:20,447.6
O2732,SKU_001487,S007,11-01-2026 21:30,8593.48
O2733,SKU_001488,S007,02-01-2026 20:02,9618.02
O2734,SKU_001489,S007,03-02-2026 06:42,9646.86
O2735,SKU_001490,S007,17-01-2026 01:20,10430.55
O2736,SKU_001491,S007,08-04-2026 01:30,11643.45
O2737,SKU_001492,S007,26-03-2026 06:09,79952.14
O2738,SKU_001493,S007,06-03-2026 07:49,58275.7
O2739,SKU_001494,S007,20-04-2026 21:04,61280.63
O2740,SKU_001495,S007,19-01-2026 12:25,61293.15
O2741,SKU_001496,S007,13-04-2026 13:24,62336.44
O2742,SKU_001497,S007,09-01-2026 06:18,896.47
O2743,SKU_001498,S007,14-02-2026 14:47,970.63
O2744,SKU_001499,S007,11-02-2026 01:16,861.19
O2745,SKU_001500,S007,21-04-2026 01:24,839.39
O2746,SKU_001501,S007,03-04-2026 07:59,945.05
O2747,SKU_001502,S007,22-02-2026 15:23,14569.58
O2748,SKU_001503,S007,10-01-2026 00:59,16233.91
O2749,SKU_001504,S007,15-01-2026 10:29,13089.7
O2750,SKU_001505,S007,24-02-2026 10:37,13563.12
O2751,SKU_001506,S007,16-04-2026 10:42,12326.51
O2752,SKU_001507,S007,20-04-2026 10:08,1111.87
O2753,SKU_001508,S007,07-01-2026 09:20,1117.87
O2754,SKU_001509,S007,04-02-2026 19:51,943.87
O2755,SKU_001510,S007,03-03-2026 01:36,1140.63
O2756,SKU_001511,S007,04-01-2026 00:58,942.88
O2757,SKU_001512,S007,10-02-2026 05:25,104.1
O2758,SKU_001513,S007,24-04-2026 23:47,142.64
O2759,SKU_001514,S007,28-01-2026 23:58,116.68
O2760,SKU_001515,S007,19-03-2026 08:11,104.1
O2761,SKU_001516,S007,15-01-2026 22:33,112.4
O2762,SKU_001517,S007,28-02-2026 02:43,397.06
O2763,SKU_001518,S007,01-02-2026 13:04,405.22
O2764,SKU_001519,S007,20-04-2026 12:14,364.11
O2765,SKU_001520,S007,16-02-2026 16:40,272.4
O2766,SKU_001521,S007,21-04-2026 00:59,357.19
O2767,SKU_001522,S007,17-03-2026 13:36,898.72
O2768,SKU_001523,S007,15-04-2026 23:12,811.74
O2769,SKU_001524,S007,06-03-2026 09:58,774.41
O2770,SKU_001525,S007,16-03-2026 12:51,887.71
O2771,SKU_001526,S007,28-01-2026 04:13,788.83
O2772,SKU_001527,S007,16-01-2026 05:29,770.16
O2773,SKU_001528,S007,08-04-2026 05:51,827.04
O2774,SKU_001529,S007,09-03-2026 03:49,782.28
O2775,SKU_001530,S007,11-01-2026 10:14,789.53
O2776,SKU_001531,S007,19-01-2026 23:14,817.97
O2777,SKU_001532,S007,26-03-2026 20:58,931.66
O2778,SKU_001533,S007,15-02-2026 01:52,879.52
O2779,SKU_001534,S007,15-01-2026 18:16,989.14
O2780,SKU_001535,S007,08-03-2026 03:16,846.85
O2781,SKU_001536,S007,28-04-2026 12:17,1090.54
O2782,SKU_001537,S007,30-04-2026 04:49,799.54
O2783,SKU_001538,S007,26-04-2026 15:44,780.65
O2784,SKU_001539,S007,19-03-2026 00:46,802.9
O2785,SKU_001540,S007,05-03-2026 09:01,721.21
O2786,SKU_001541,S007,06-01-2026 18:03,833.82
O2787,SKU_001542,S007,23-02-2026 01:47,665.44
O2788,SKU_001543,S007,29-03-2026 11:42,704.54
O2789,SKU_001544,S007,06-04-2026 06:22,552.54
O2790,SKU_001545,S007,14-02-2026 07:12,675.9
O2791,SKU_001546,S007,11-03-2026 02:12,666.56
O2792,SKU_001547,S007,18-04-2026 09:20,718.26
O2793,SKU_001548,S007,14-03-2026 21:36,708.17
O2794,SKU_001549,S007,25-03-2026 20:33,666.84
O2795,SKU_001550,S007,06-02-2026 01:36,682.59
O2796,SKU_001551,S007,24-04-2026 18:22,697.36
O2797,SKU_001552,S007,15-03-2026 19:16,528.19
O2798,SKU_001553,S007,17-01-2026 15:21,668.71
O2799,SKU_001554,S007,27-02-2026 08:34,607.51
O2800,SKU_001555,S007,17-02-2026 20:32,672.07
O2801,SKU_001556,S007,15-01-2026 06:33,606.52
O2802,SKU_001557,S007,16-01-2026 22:19,714.75
O2803,SKU_001558,S007,22-02-2026 00:50,903.91
O2804,SKU_001559,S007,30-01-2026 22:43,901.68
O2805,SKU_001560,S007,15-03-2026 18:55,808.19
O2806,SKU_001561,S007,30-01-2026 22:58,923.95
O2807,SKU_001562,S007,17-03-2026 15:46,565.9
O2808,SKU_001563,S007,03-03-2026 11:49,561.8
O2809,SKU_001564,S007,12-03-2026 00:59,498.21
O2810,SKU_001565,S007,21-01-2026 16:33,636.19
O2811,SKU_001566,S007,18-01-2026 18:30,582.56
O2812,SKU_001567,S007,02-01-2026 00:12,608.63
O2813,SKU_001568,S007,01-03-2026 20:37,697.28
O2814,SKU_001569,S007,28-03-2026 08:37,717.57
O2815,SKU_001570,S007,11-03-2026 21:20,701.68
O2816,SKU_001571,S007,22-02-2026 09:12,558.22
O2817,SKU_001572,S007,20-01-2026 20:25,1564.53
O2818,SKU_001573,S007,26-01-2026 17:31,1790.79
O2819,SKU_001574,S007,17-01-2026 22:50,1475.18
O2820,SKU_001575,S007,06-02-2026 09:18,1424.18
O2821,SKU_001576,S007,25-03-2026 16:30,1429.36
O2822,SKU_001577,S007,29-03-2026 03:45,563.96
O2823,SKU_001578,S007,19-04-2026 03:44,468.93
O2824,SKU_001579,S007,18-04-2026 17:16,459.08
O2825,SKU_001580,S007,10-04-2026 12:08,647.15
O2826,SKU_001581,S007,21-03-2026 05:37,474.7
O2827,SKU_001582,S007,21-01-2026 01:22,663.13
O2828,SKU_001583,S007,06-01-2026 02:23,665.95
O2829,SKU_001584,S007,18-01-2026 09:39,816.32
O2830,SKU_001585,S007,10-03-2026 17:21,742.55
O2831,SKU_001586,S007,18-04-2026 14:51,681.1
O2832,SKU_001587,S007,19-01-2026 01:42,800.79
O2833,SKU_001588,S007,26-04-2026 21:52,691.61
O2834,SKU_001589,S007,27-04-2026 03:05,798.16
O2835,SKU_001590,S007,04-03-2026 23:57,613.5
O2836,SKU_001591,S007,16-03-2026 19:20,735.92
O2837,SKU_001592,S007,03-01-2026 09:30,514
O2838,SKU_001593,S007,26-02-2026 16:06,568.15
O2839,SKU_001594,S007,22-03-2026 08:29,610.39
O2840,SKU_001595,S007,17-03-2026 07:16,465.18
O2841,SKU_001596,S007,17-01-2026 10:43,480.59
O2842,SKU_001597,S007,19-04-2026 15:37,376.1
O2843,SKU_001598,S007,17-02-2026 03:15,347.14
O2844,SKU_001599,S007,22-04-2026 01:31,385.95
O2845,SKU_001600,S007,12-04-2026 04:31,363.26
O2846,SKU_001601,S007,02-02-2026 22:18,443
O2847,SKU_001602,S007,15-03-2026 22:20,300.51
O2848,SKU_001603,S007,02-02-2026 21:56,316.19
O2849,SKU_001604,S007,27-01-2026 23:02,273.09
O2850,SKU_001605,S007,22-02-2026 05:15,309.76
O2851,SKU_001606,S007,28-02-2026 11:22,271.3
O2852,SKU_001607,S007,22-02-2026 02:51,499.57
O2853,SKU_001608,S007,06-04-2026 18:07,440.88
O2854,SKU_001609,S007,29-01-2026 08:06,563.16
O2855,SKU_001610,S007,13-01-2026 06:50,501.15
O2856,SKU_001611,S007,02-02-2026 11:14,428.9
O2857,SKU_001612,S007,26-03-2026 09:44,2059.32
O2858,SKU_001613,S007,23-02-2026 14:04,2227.16
O2859,SKU_001614,S007,23-03-2026 18:28,2516.58
O2860,SKU_001615,S007,28-02-2026 04:56,2274.06
O2861,SKU_001616,S007,05-04-2026 00:40,1767.33
O2862,SKU_001617,S007,15-01-2026 22:28,617.42
O2863,SKU_001618,S007,12-03-2026 02:57,650.84
O2864,SKU_001619,S007,18-02-2026 21:00,550.48
O2865,SKU_001620,S007,17-02-2026 21:11,664.1
O2866,SKU_001621,S007,07-04-2026 06:36,651.57
O2867,SKU_001622,S007,26-04-2026 07:20,151.23
O2868,SKU_001623,S007,30-04-2026 17:53,191.03
O2869,SKU_001624,S007,07-02-2026 23:19,180.04
O2870,SKU_001625,S007,30-03-2026 21:47,155.09
O2871,SKU_001626,S007,21-01-2026 18:31,144.16
O2872,SKU_001627,S007,27-01-2026 07:25,285.03
O2873,SKU_001628,S007,01-03-2026 03:48,207.85
O2874,SKU_001629,S007,02-01-2026 07:32,226.33
O2875,SKU_001630,S007,18-03-2026 20:03,268.36
O2876,SKU_001631,S007,06-03-2026 12:14,290.04
O2877,SKU_001632,S007,15-03-2026 18:24,249.92
O2878,SKU_001633,S007,05-03-2026 23:46,297.78
O2879,SKU_001634,S007,27-03-2026 11:35,302.85
O2880,SKU_001635,S007,06-03-2026 23:59,326.55
O2881,SKU_001636,S007,25-03-2026 14:49,311.84
O2882,SKU_001637,S007,26-04-2026 10:04,244.19
O2883,SKU_001638,S007,27-01-2026 10:23,287.34
O2884,SKU_001639,S007,28-02-2026 08:07,289.16
O2885,SKU_001640,S007,04-03-2026 06:24,264.42
O2886,SKU_001641,S007,28-04-2026 03:10,269.63
O2887,SKU_001642,S007,09-02-2026 00:02,310.94
O2888,SKU_001643,S007,04-04-2026 00:20,337.92
O2889,SKU_001644,S007,03-03-2026 00:12,388.88
O2890,SKU_001645,S007,04-02-2026 11:50,391.09
O2891,SKU_001646,S007,19-03-2026 07:55,364.42
O2892,SKU_001647,S007,03-03-2026 23:17,45134.1
O2893,SKU_001648,S007,26-02-2026 14:14,53796.6
O2894,SKU_001649,S007,06-04-2026 08:15,47782.96
O2895,SKU_001650,S007,22-04-2026 19:47,37169.14
O2896,SKU_001651,S007,17-02-2026 01:46,43784.12
O2897,SKU_001652,S007,05-03-2026 06:44,55917.24
O2898,SKU_001653,S007,15-03-2026 00:32,55296.88
O2899,SKU_001654,S007,24-02-2026 10:17,55941.1
O2900,SKU_001655,S007,18-03-2026 07:12,47361.29
O2901,SKU_001656,S007,12-03-2026 21:05,47697.23
O2902,SKU_001657,S007,23-01-2026 02:45,658.45
O2903,SKU_001658,S007,20-04-2026 11:44,815.41
O2904,SKU_001659,S007,08-02-2026 19:08,776.06
O2905,SKU_001660,S007,25-04-2026 23:58,742.24
O2906,SKU_001661,S007,16-04-2026 22:48,696.83
O2907,SKU_001662,S007,04-02-2026 22:31,1314.37
O2908,SKU_001663,S007,17-04-2026 19:38,893.97
O2909,SKU_001664,S007,06-01-2026 05:26,927.05
O2910,SKU_001665,S007,31-03-2026 15:18,1120.5
O2911,SKU_001666,S007,10-02-2026 17:01,1131.75
O2912,SKU_001667,S007,27-03-2026 03:20,3326.49
O2913,SKU_001668,S007,26-02-2026 13:42,2496.71
O2914,SKU_001669,S007,14-01-2026 10:18,3283.84
O2915,SKU_001670,S007,21-03-2026 10:44,2636.65
O2916,SKU_001671,S007,07-04-2026 22:55,2451.2
O2917,SKU_001672,S007,28-01-2026 00:37,1419.1
O2918,SKU_001673,S007,28-02-2026 19:18,976.43
O2919,SKU_001674,S007,16-02-2026 23:54,1230.42
O2920,SKU_001675,S008,19-02-2026 01:34,1369.67
O2921,SKU_001676,S008,30-01-2026 22:21,1260.38
O2922,SKU_001677,S008,24-03-2026 03:55,2766.88
O2923,SKU_001678,S008,15-03-2026 04:54,2199.52
O2924,SKU_001679,S008,15-01-2026 08:42,2674.79
O2925,SKU_001680,S008,29-03-2026 04:48,2532.14
O2926,SKU_001681,S008,27-04-2026 02:34,2535.41
O2927,SKU_001682,S008,04-04-2026 01:23,1232.75
O2928,SKU_001683,S008,24-04-2026 01:27,1653.21
O2929,SKU_001684,S008,19-03-2026 19:53,1503.28
O2930,SKU_001685,S008,14-04-2026 18:19,1390.43
O2931,SKU_001686,S008,09-04-2026 08:59,1202.17
O2932,SKU_001687,S008,23-03-2026 05:25,1480
O2933,SKU_001688,S008,16-04-2026 13:34,1204.77
O2934,SKU_001689,S008,08-01-2026 03:20,1310.38
O2935,SKU_001690,S008,11-03-2026 19:31,1250.67
O2936,SKU_001691,S008,15-04-2026 06:09,1667.11
O2937,SKU_001692,S008,26-04-2026 07:24,2091.59
O2938,SKU_001693,S008,17-01-2026 12:02,2109.11
O2939,SKU_001694,S008,22-01-2026 05:41,2761.57
O2940,SKU_001695,S008,18-02-2026 04:50,2809.39
O2941,SKU_001696,S008,10-03-2026 22:27,2145.4
O2942,SKU_001697,S008,02-02-2026 07:11,28434.59
O2943,SKU_001698,S008,29-04-2026 23:17,27122.58
O2944,SKU_001699,S008,09-01-2026 14:26,26587.15
O2945,SKU_001700,S008,20-04-2026 08:47,30025.64
O2946,SKU_001701,S008,19-03-2026 14:21,22403.87
O2947,SKU_001702,S008,06-03-2026 09:21,1203.44
O2948,SKU_001703,S008,25-03-2026 14:04,1341.77
O2949,SKU_001704,S008,21-01-2026 13:44,1403.78
O2950,SKU_001705,S008,03-01-2026 01:09,1213.34
O2951,SKU_001706,S008,20-01-2026 03:32,1180.02
O2952,SKU_001707,S008,20-02-2026 05:48,4931.32
O2953,SKU_001708,S008,13-02-2026 02:36,5848.94
O2954,SKU_001709,S008,10-04-2026 03:55,5532.31
O2955,SKU_001710,S008,11-04-2026 17:46,5465.52
O2956,SKU_001711,S008,19-04-2026 08:26,5915.6
O2957,SKU_001712,S008,23-04-2026 17:24,7360.66
O2958,SKU_001713,S008,22-04-2026 16:47,8894.9
O2959,SKU_001714,S008,12-02-2026 22:04,7816.03
O2960,SKU_001715,S008,28-03-2026 13:28,7101.67
O2961,SKU_001716,S008,14-03-2026 15:31,7531.95
O2962,SKU_001717,S008,17-03-2026 22:49,25348.47
O2963,SKU_001718,S008,31-03-2026 22:01,26519.63
O2964,SKU_001719,S008,25-04-2026 07:01,23078.77
O2965,SKU_001720,S008,08-04-2026 04:20,22322.77
O2966,SKU_001721,S008,30-01-2026 06:31,23628.88
O2967,SKU_001722,S008,08-03-2026 23:39,17217.76
O2968,SKU_001723,S008,05-01-2026 18:28,14125.27
O2969,SKU_001724,S008,04-04-2026 17:52,15070.29
O2970,SKU_001725,S008,21-01-2026 07:14,12058.19
O2971,SKU_001726,S008,27-02-2026 08:48,12107.74
O2972,SKU_001727,S008,22-03-2026 18:35,4299.52
O2973,SKU_001728,S008,17-01-2026 16:06,4041.57
O2974,SKU_001729,S008,23-01-2026 12:55,3758.33
O2975,SKU_001730,S008,28-01-2026 12:15,5145.98
O2976,SKU_001731,S008,09-03-2026 15:19,4403.01
O2977,SKU_001732,S008,02-03-2026 13:30,1097.98
O2978,SKU_001733,S008,08-03-2026 14:48,1206.8
O2979,SKU_001734,S008,30-03-2026 10:00,1371.17
O2980,SKU_001735,S008,10-02-2026 04:04,1170.86
O2981,SKU_001736,S008,12-04-2026 04:34,1401.29
O2982,SKU_001737,S008,04-04-2026 18:35,8554.38
O2983,SKU_001738,S008,09-03-2026 15:11,6902.79
O2984,SKU_001739,S008,03-04-2026 11:04,8625.59
O2985,SKU_001740,S008,19-01-2026 22:57,9495.6
O2986,SKU_001741,S008,27-03-2026 02:00,8664.54
O2987,SKU_001742,S008,29-03-2026 20:33,4953.74
O2988,SKU_001743,S008,03-03-2026 22:13,5652.47
O2989,SKU_001744,S008,14-01-2026 01:03,5638.55
O2990,SKU_001745,S008,28-02-2026 07:19,4841.93
O2991,SKU_001746,S008,09-01-2026 16:14,4379.29
O2992,SKU_001747,S008,23-01-2026 08:20,3011.68
O2993,SKU_001748,S008,05-01-2026 09:15,3209.08
O2994,SKU_001749,S008,08-03-2026 14:51,2922.19
O2995,SKU_001750,S008,22-01-2026 05:40,2692.45
O2996,SKU_001751,S008,01-02-2026 21:56,3799.81
O2997,SKU_001752,S008,17-02-2026 08:43,4641.18
O2998,SKU_001753,S008,11-04-2026 04:42,3452.6
O2999,SKU_001754,S008,03-02-2026 21:00,4671.77
O3000,SKU_001755,S008,18-04-2026 04:05,5039.9
O3001,SKU_001756,S008,01-02-2026 02:17,5034.67
O3002,SKU_001757,S008,06-03-2026 06:31,17064.13
O3003,SKU_001758,S008,19-04-2026 17:05,18305.42
O3004,SKU_001759,S008,24-03-2026 19:01,23361.59
O3005,SKU_001760,S008,31-03-2026 17:19,23500.23
O3006,SKU_001761,S008,15-02-2026 00:31,24425.09
O3007,SKU_001762,S008,20-03-2026 15:39,10386.78
O3008,SKU_001763,S008,05-02-2026 19:36,10964.76
O3009,SKU_001764,S008,06-02-2026 04:37,7744.78
O3010,SKU_001765,S008,25-03-2026 21:53,9285.97
O3011,SKU_001766,S008,18-03-2026 19:32,9900.02
O3012,SKU_001767,S008,06-01-2026 16:02,25444.54
O3013,SKU_001768,S008,30-04-2026 05:56,28611.21
O3014,SKU_001769,S008,08-02-2026 07:35,28685.94
O3015,SKU_001770,S008,29-03-2026 07:10,33619.71
O3016,SKU_001771,S008,25-04-2026 23:52,24004.18
O3017,SKU_001772,S008,25-03-2026 09:51,11173.9
O3018,SKU_001773,S008,17-03-2026 12:06,9131.12
O3019,SKU_001774,S008,01-01-2026 20:44,10274.16
O3020,SKU_001775,S008,11-02-2026 17:01,9274.82
O3021,SKU_001776,S008,09-02-2026 23:01,9433.53
O3022,SKU_001777,S008,24-02-2026 01:10,6414.6
O3023,SKU_001778,S008,13-01-2026 03:34,8468.67
O3024,SKU_001779,S008,23-04-2026 02:38,6689.54
O3025,SKU_001780,S008,20-01-2026 18:11,7923.34
O3026,SKU_001781,S008,15-04-2026 06:05,8671.06
O3027,SKU_001782,S008,06-02-2026 07:17,14121.95
O3028,SKU_001783,S008,13-03-2026 00:43,13368.25
O3029,SKU_001784,S008,05-03-2026 07:11,11046.68
O3030,SKU_001785,S008,08-02-2026 06:25,13976.88
O3031,SKU_001786,S008,30-03-2026 20:20,14917.77
O3032,SKU_001787,S008,23-01-2026 03:04,3322.17
O3033,SKU_001788,S008,20-02-2026 22:39,4157.89
O3034,SKU_001789,S008,06-04-2026 01:09,3387.96
O3035,SKU_001790,S008,13-04-2026 11:19,3303.23
O3036,SKU_001791,S008,02-03-2026 20:34,2808.94
O3037,SKU_001792,S008,26-04-2026 22:05,671.73
O3038,SKU_001793,S008,17-03-2026 11:11,738.33
O3039,SKU_001794,S008,29-04-2026 16:54,698.32
O3040,SKU_001795,S008,18-03-2026 05:23,600.7
O3041,SKU_001796,S008,24-04-2026 23:38,679.85
O3042,SKU_001797,S008,23-01-2026 04:21,541.8
O3043,SKU_001798,S008,09-03-2026 13:26,455.58
O3044,SKU_001799,S008,10-03-2026 08:22,457.21
O3045,SKU_001800,S008,30-03-2026 21:47,616.9
O3046,SKU_001801,S008,30-04-2026 21:07,510.15
O3047,SKU_001802,S008,03-02-2026 12:02,787.84
O3048,SKU_001803,S008,27-02-2026 18:11,924.25
O3049,SKU_001804,S008,30-04-2026 07:42,787.49
O3050,SKU_001805,S008,25-04-2026 14:23,987.6
O3051,SKU_001806,S008,17-01-2026 10:58,1111.31
O3052,SKU_001807,S008,27-01-2026 00:14,848.28
O3053,SKU_001808,S008,02-03-2026 19:33,935.59
O3054,SKU_001809,S008,23-01-2026 21:16,789.08
O3055,SKU_001810,S008,16-02-2026 07:49,905.13
O3056,SKU_001811,S008,01-03-2026 07:10,916.29
O3057,SKU_001812,S008,23-01-2026 17:01,1731.99
O3058,SKU_001813,S008,05-02-2026 13:02,1825.02
O3059,SKU_001814,S008,14-03-2026 11:43,2072.33
O3060,SKU_001815,S008,28-01-2026 10:46,2398.94
O3061,SKU_001816,S008,10-04-2026 04:36,2384.12
O3062,SKU_001817,S008,17-03-2026 10:22,3978.3
O3063,SKU_001818,S008,23-03-2026 05:08,5002.3
O3064,SKU_001819,S008,26-04-2026 19:32,5034.29
O3065,SKU_001820,S008,27-01-2026 18:30,4081.21
O3066,SKU_001821,S008,22-04-2026 14:47,4224.78
O3067,SKU_001822,S008,16-03-2026 12:13,3069.29
O3068,SKU_001823,S008,24-03-2026 03:30,2797.6
O3069,SKU_001824,S008,06-02-2026 01:40,2746.24
O3070,SKU_001825,S008,05-04-2026 12:02,2254.64
O3070,SKU_001826,S008,15-04-2026 08:22,2138.32
O3070,SKU_001827,S008,03-02-2026 15:19,315.94
O3070,SKU_001828,S008,18-04-2026 18:04,323.55
O3070,SKU_001829,S008,02-02-2026 09:38,356.28
O3070,SKU_001830,S008,06-04-2026 01:53,396.37
O3070,SKU_001831,S008,26-02-2026 02:04,380.46
O3070,SKU_001832,S008,28-01-2026 05:49,1079.08
O3070,SKU_001833,S008,06-02-2026 07:56,1044.18
O3070,SKU_001834,S008,03-03-2026 02:02,1107.03
O3070,SKU_001835,S008,29-03-2026 13:49,862.05
O3070,SKU_001836,S008,11-01-2026 09:50,1130.05
O3070,SKU_001837,S008,11-03-2026 17:14,963.46
O3070,SKU_001838,S008,02-01-2026 20:39,891.1
O3070,SKU_001839,S008,05-04-2026 02:26,1126.81
O3070,SKU_001840,S008,27-01-2026 12:17,1012.57
O3070,SKU_001841,S008,07-02-2026 21:21,956.28
O3070,SKU_001842,S008,16-03-2026 13:18,793.94
O3070,SKU_001843,S008,20-04-2026 01:09,1073.48
O3070,SKU_001844,S008,09-04-2026 03:30,1024.1
O3070,SKU_001845,S008,07-04-2026 02:43,1160.73
O3070,SKU_001846,S008,21-03-2026 10:42,989.09
O3070,SKU_001847,S008,06-04-2026 11:36,2968.15
O3070,SKU_001848,S008,22-03-2026 16:58,3505.75
O3070,SKU_001849,S008,28-03-2026 04:29,3291.5
O3070,SKU_001850,S008,05-04-2026 21:30,3927.07
O3070,SKU_001851,S008,02-02-2026 11:27,2843.21
O3070,SKU_001852,S008,17-01-2026 01:16,8195.3
O3070,SKU_001853,S008,20-04-2026 18:56,8015.63
O3070,SKU_001854,S008,06-01-2026 23:49,7249.76
O3070,SKU_001855,S008,12-02-2026 19:44,8044.36
O3070,SKU_001856,S008,26-02-2026 17:14,7919.71
O3070,SKU_001857,S008,07-01-2026 08:22,6648.44
O3070,SKU_001858,S008,23-02-2026 08:54,6999.24
O3070,SKU_001859,S008,13-02-2026 15:50,7161.71
O3070,SKU_001860,S008,15-04-2026 09:26,6297.71
O3070,SKU_001861,S008,26-02-2026 01:18,5936.71
O3070,SKU_001862,S008,02-02-2026 15:54,2900.74
O3070,SKU_001863,S008,30-03-2026 19:16,3019.05
O3070,SKU_001864,S008,20-04-2026 20:07,3167.13
O3070,SKU_001865,S008,07-04-2026 04:19,3426.74
O3070,SKU_001866,S008,17-04-2026 17:54,3181.2
O3070,SKU_001867,S008,10-04-2026 04:31,1392.84
O3070,SKU_001868,S008,22-01-2026 23:36,1340.21
O3070,SKU_001869,S008,22-04-2026 05:02,1363.55
O3070,SKU_001870,S008,23-01-2026 04:14,1384.53
O3070,SKU_001871,S008,22-02-2026 00:27,1401.87
O3070,SKU_001872,S008,16-04-2026 11:03,91.83
O3070,SKU_001873,S008,13-03-2026 05:41,96.72
O3070,SKU_001874,S008,16-04-2026 06:06,82.4
O3070,SKU_001875,S008,09-01-2026 01:55,75.64
O3070,SKU_001876,S008,27-03-2026 16:55,83.75
O3070,SKU_001877,S008,17-04-2026 02:11,182.12
O3070,SKU_001878,S008,12-02-2026 10:28,178.73
O3070,SKU_001879,S008,24-03-2026 13:21,199.53
O3070,SKU_001880,S008,20-01-2026 21:17,190.28
O3070,SKU_001881,S008,18-02-2026 01:34,149.57
O3070,SKU_001882,S008,27-02-2026 19:25,13218.18
O3070,SKU_001883,S008,07-01-2026 06:12,12094.51
O3070,SKU_001884,S008,29-03-2026 07:54,13222.49
O3070,SKU_001885,S008,21-02-2026 00:48,13367.06
O3070,SKU_001886,S008,09-03-2026 16:29,12331.34
O3070,SKU_001887,S008,17-01-2026 21:22,6272.85
O3133,SKU_001888,S008,27-03-2026 06:12,6535.55
O3134,SKU_001889,S008,23-01-2026 19:03,8189.94
O3135,SKU_001890,S008,16-02-2026 00:14,8194.07
O3136,SKU_001891,S008,10-02-2026 18:06,6730.21
O3137,SKU_001892,S008,25-04-2026 03:55,12962.35
O3138,SKU_001893,S008,10-03-2026 02:03,12320.55
O3139,SKU_001894,S008,29-04-2026 12:01,12917.86
O3140,SKU_001895,S008,25-03-2026 03:24,12652.17
O3141,SKU_001896,S008,02-02-2026 05:31,13946.2
O3142,SKU_001897,S008,30-04-2026 15:28,3355.22
O3143,SKU_001898,S008,28-01-2026 00:52,3937.97
O3144,SKU_001899,S008,10-02-2026 02:55,3875.15
O3145,SKU_001900,S008,10-02-2026 04:25,3598.6
O3146,SKU_001901,S008,12-01-2026 12:37,2847.03
O3147,SKU_001902,S008,21-04-2026 16:44,4546.14
O3148,SKU_001903,S008,10-03-2026 02:55,5161.44
O3149,SKU_001904,S008,14-04-2026 08:36,4945.06
O3150,SKU_001905,S008,24-02-2026 13:57,5182.45
O3151,SKU_001906,S008,26-04-2026 21:33,5028.42
O3152,SKU_001907,S008,15-04-2026 14:50,655.78
O3153,SKU_001908,S008,02-02-2026 16:41,540.01
O3154,SKU_001909,S008,04-03-2026 20:20,499.03
O3155,SKU_001910,S008,26-02-2026 19:46,548.74
O3156,SKU_001911,S008,26-02-2026 04:23,550.15
O3157,SKU_001912,S008,22-04-2026 05:08,1970.7
O3158,SKU_001913,S008,21-02-2026 21:54,1599.01
O3159,SKU_001914,S008,10-04-2026 21:20,1655.81
O3160,SKU_001915,S008,19-01-2026 11:46,2067.3
O3161,SKU_001916,S008,27-01-2026 07:53,1998.71
O3162,SKU_001917,S008,21-03-2026 22:10,6852.53
O3163,SKU_001918,S008,12-01-2026 12:17,5559.27
O3164,SKU_001919,S008,23-02-2026 20:25,4861.84
O3165,SKU_001920,S008,25-01-2026 15:20,6596.5
O3166,SKU_001921,S008,26-01-2026 18:23,5655.14
O3167,SKU_001922,S008,18-02-2026 11:34,1718.73
O3168,SKU_001923,S008,29-01-2026 09:32,1302.7
O3169,SKU_001924,S008,04-03-2026 13:04,1323.08
O3170,SKU_001925,S008,18-02-2026 01:41,1675.71
O3171,SKU_001926,S008,18-03-2026 06:07,1490.12
O3172,SKU_001927,S008,06-04-2026 01:02,1341
O3173,SKU_001928,S008,28-01-2026 14:34,1705.31
O3174,SKU_001929,S008,23-04-2026 02:59,1622.16
O3175,SKU_001930,S008,22-02-2026 04:18,1726.07
O3176,SKU_001931,S008,22-03-2026 10:25,1343.61
O3177,SKU_001932,S008,14-03-2026 20:25,873.87
O3178,SKU_001933,S008,29-03-2026 18:26,864.34
O3179,SKU_001934,S008,15-01-2026 15:55,744.5
O3180,SKU_001935,S008,19-01-2026 01:51,724.76
O3181,SKU_001936,S008,20-03-2026 05:25,880.17
O3182,SKU_001937,S008,11-04-2026 02:55,96.62
O3183,SKU_001938,S008,24-02-2026 00:37,71.62
O3184,SKU_001939,S008,13-03-2026 15:59,89.31
O3185,SKU_001940,S008,30-03-2026 07:02,96.05
O3186,SKU_001941,S008,05-04-2026 18:27,76.72
O3187,SKU_001942,S008,05-03-2026 13:16,94.53
O3188,SKU_001943,S008,24-04-2026 00:06,108.92
O3189,SKU_001944,S008,01-01-2026 11:31,105.63
O3190,SKU_001945,S008,19-01-2026 02:04,90.28
O3191,SKU_001946,S008,31-03-2026 00:31,103.05
O3192,SKU_001947,S008,11-03-2026 13:26,3407.46
O3193,SKU_001948,S008,13-01-2026 07:08,2835.55
O3194,SKU_001949,S008,14-04-2026 18:35,2418.3
O3195,SKU_001950,S008,19-03-2026 05:29,3495.57
O3196,SKU_001951,S008,12-02-2026 07:09,2832.82
O3197,SKU_001952,S008,25-03-2026 10:16,1404.21
O3198,SKU_001953,S008,11-02-2026 03:17,1500.28
O3199,SKU_001954,S008,07-04-2026 01:32,1190.26
O3200,SKU_001955,S008,22-02-2026 03:28,1500.2
O3201,SKU_001956,S008,04-03-2026 16:39,1241.73
O3202,SKU_001957,S008,25-02-2026 01:38,2077.1
O3203,SKU_001958,S008,07-03-2026 14:03,2509.36
O3204,SKU_001959,S008,17-04-2026 06:39,2857.82
O3205,SKU_001960,S008,23-04-2026 05:21,2826.79
O3206,SKU_001961,S008,26-01-2026 08:36,2193.03
O3207,SKU_001962,S008,20-04-2026 22:24,128.11
O3208,SKU_001963,S008,05-04-2026 05:50,120.15
O3209,SKU_001964,S008,08-03-2026 17:56,154.95
O3210,SKU_001965,S008,10-01-2026 09:36,142.59
O3211,SKU_001966,S008,09-01-2026 22:06,140.29
O3212,SKU_001967,S008,20-01-2026 08:03,88.81
O3213,SKU_001968,S008,31-03-2026 05:48,92.18
O3214,SKU_001969,S008,04-01-2026 03:52,106.36
O3215,SKU_001970,S008,25-01-2026 02:59,102.04
O3216,SKU_001971,S008,31-01-2026 16:15,94.96
O3217,SKU_001972,S008,27-03-2026 16:32,155.76
O3218,SKU_001973,S008,30-03-2026 15:31,132.58
O3219,SKU_001974,S008,01-01-2026 03:09,145.85
O3220,SKU_001975,S008,25-03-2026 01:41,146.34
O3221,SKU_001976,S008,09-02-2026 06:52,121.75
O3222,SKU_001977,S008,26-01-2026 14:45,706.08
O3223,SKU_001978,S008,28-02-2026 14:47,554.78
O3224,SKU_001979,S008,31-01-2026 20:53,584.42
O3225,SKU_001980,S008,23-02-2026 05:01,800.25
O3226,SKU_001981,S008,19-01-2026 02:59,762.16
O3227,SKU_001982,S008,11-03-2026 23:45,14497.86
O3228,SKU_001983,S008,18-02-2026 14:53,11450.45
O3229,SKU_001984,S008,17-01-2026 00:06,12826.85
O3230,SKU_001985,S008,14-03-2026 04:55,11442.82
O3231,SKU_001986,S008,02-02-2026 03:24,14507.33
O3232,SKU_001987,S008,11-01-2026 01:20,38341.26
O3233,SKU_001988,S008,18-03-2026 23:05,39571.07
O3234,SKU_001989,S008,01-03-2026 07:46,45352.2
O3235,SKU_001990,S008,15-02-2026 11:11,41675.22
O3236,SKU_001991,S008,25-03-2026 08:21,39607.6
O3237,SKU_001992,S008,18-01-2026 17:01,20358.14
O3238,SKU_001993,S008,19-01-2026 11:35,17294.68
O3239,SKU_001994,S008,01-01-2026 05:03,20226.83
O3240,SKU_001995,S008,11-02-2026 10:36,19879.48
O3241,SKU_001996,S008,03-04-2026 14:04,15879.29
O3242,SKU_001997,S008,16-01-2026 03:13,30344.3
O3243,SKU_001998,S008,26-01-2026 18:25,37397.13
O3244,SKU_001999,S008,26-04-2026 06:44,30205.93
O3245,SKU_002000,S008,13-02-2026 22:07,34686.42
O3246,SKU_002001,S008,11-04-2026 20:47,35413.2
O3247,SKU_002002,S008,28-03-2026 10:09,142667.35
O3248,SKU_002003,S008,02-01-2026 19:16,134642.04
O3249,SKU_002004,S008,02-01-2026 13:34,139873.31
O3250,SKU_002005,S008,08-03-2026 17:10,135706.97
O3251,SKU_002006,S008,24-01-2026 10:00,141683
O3252,SKU_002007,S008,24-03-2026 00:07,94.42
O3253,SKU_002008,S008,26-01-2026 15:58,92.21
O3254,SKU_002009,S008,03-04-2026 18:14,89.54
O3255,SKU_002010,S008,14-01-2026 18:05,115.33
O3256,SKU_002011,S008,14-02-2026 10:58,105.73
O3257,SKU_002012,S008,16-03-2026 09:14,355.21
O3258,SKU_002013,S008,18-01-2026 08:18,300.23
O3259,SKU_002014,S008,20-01-2026 21:20,319.99
O3260,SKU_002015,S008,21-01-2026 00:57,329.89
O3261,SKU_002016,S008,02-03-2026 20:19,388.38
O3262,SKU_002017,S008,13-03-2026 08:57,357.53
O3263,SKU_002018,S008,28-02-2026 02:37,347.92
O3264,SKU_002019,S008,27-01-2026 15:04,399.87
O3265,SKU_002020,S008,16-03-2026 07:36,425.28
O3266,SKU_002021,S008,26-01-2026 20:30,412.51
O3267,SKU_002022,S008,28-01-2026 17:44,952.77
O3268,SKU_002023,S008,14-01-2026 06:49,758.05
O3269,SKU_002024,S008,14-04-2026 00:20,851.84
O3270,SKU_002025,S008,20-04-2026 09:07,905.52
O3271,SKU_002026,S008,02-01-2026 15:29,648.04
O3272,SKU_002027,S008,29-04-2026 12:17,532.42
O3273,SKU_002028,S008,01-02-2026 20:50,449.99
O3274,SKU_002029,S008,27-03-2026 11:00,411.65
O3275,SKU_002030,S008,10-03-2026 04:39,559.05
O3276,SKU_002031,S008,11-02-2026 08:54,412.9
O3277,SKU_002032,S008,30-01-2026 09:27,722.62
O3278,SKU_002033,S008,21-03-2026 22:42,560.52
O3279,SKU_002034,S008,30-04-2026 15:07,694.11
O3280,SKU_002035,S008,27-03-2026 21:39,660.45
O3281,SKU_002036,S008,12-02-2026 04:26,608.12
O3282,SKU_002037,S008,17-01-2026 19:59,358
O3283,SKU_002038,S008,20-01-2026 12:12,301.3
O3284,SKU_002039,S008,28-01-2026 04:30,284.14
O3285,SKU_002040,S008,24-01-2026 21:57,313.53
O3286,SKU_002041,S008,25-04-2026 11:36,353.76
O3287,SKU_002042,S008,16-03-2026 13:43,112.22
O3288,SKU_002043,S008,10-03-2026 06:16,117.29
O3289,SKU_002044,S008,25-03-2026 09:05,97.91
O3290,SKU_002045,S008,03-03-2026 01:41,141.85
O3291,SKU_002046,S008,28-01-2026 03:39,101.36
O3292,SKU_002047,S008,18-02-2026 02:46,454.75
O3293,SKU_002048,S008,23-02-2026 18:45,425.75
O3294,SKU_002049,S008,17-01-2026 08:37,340.88
O3295,SKU_002050,S008,18-02-2026 04:32,410.35
O3296,SKU_002051,S008,18-04-2026 11:00,424.39
O3297,SKU_002052,S008,27-04-2026 16:51,12923.54
O3298,SKU_002053,S008,27-04-2026 12:14,15398.51
O3299,SKU_002054,S008,28-04-2026 23:35,14762.47
O3300,SKU_002055,S008,25-02-2026 07:49,13890.87
O3301,SKU_002056,S008,06-01-2026 05:00,13292.96
O3302,SKU_002057,S008,28-02-2026 13:47,473.87
O3303,SKU_002058,S008,09-02-2026 21:26,557.36
O3304,SKU_002059,S008,11-04-2026 12:53,542.72
O3305,SKU_002060,S008,28-04-2026 20:29,416.54
O3306,SKU_002061,S008,09-04-2026 22:32,523.22
O3307,SKU_002062,S008,06-02-2026 15:09,66592.04
O3308,SKU_002063,S008,18-03-2026 01:41,45709.99
O3309,SKU_002064,S008,27-02-2026 09:19,67053.03
O3310,SKU_002065,S008,11-01-2026 14:18,64764.71
O3311,SKU_002066,S008,16-02-2026 11:24,51007.62
O3312,SKU_002067,S008,07-04-2026 02:20,15478.64
O3313,SKU_002068,S008,16-03-2026 22:21,16732.38
O3314,SKU_002069,S008,22-01-2026 21:25,18832.46
O3315,SKU_002070,S008,16-02-2026 19:31,22078.28
O3316,SKU_002071,S008,08-04-2026 00:13,21389.74
O3317,SKU_002072,S008,26-04-2026 07:54,1753.89
O3318,SKU_002073,S008,14-01-2026 18:56,1630.19
O3319,SKU_002074,S008,13-04-2026 13:59,2230.34
O3320,SKU_002075,S009,03-01-2026 08:14,1981.8
O3321,SKU_002076,S009,12-03-2026 02:50,1615.37
O3322,SKU_002077,S009,03-03-2026 10:52,4658.32
O3323,SKU_002078,S009,26-01-2026 15:05,3551
O3324,SKU_002079,S009,17-03-2026 02:47,3930.04
O3325,SKU_002080,S009,21-04-2026 08:50,3243.51
O3326,SKU_002081,S009,23-03-2026 17:21,4171.06
O3327,SKU_002082,S009,12-03-2026 22:56,2743.1
O3328,SKU_002083,S009,17-04-2026 02:12,2960.42
O3329,SKU_002084,S009,03-02-2026 13:10,2039.06
O3330,SKU_002085,S009,02-04-2026 11:05,2842.82
O3331,SKU_002086,S009,15-01-2026 04:09,2002.24
O3332,SKU_002087,S009,04-01-2026 05:46,3585.62
O3333,SKU_002088,S009,25-04-2026 01:18,2995.28
O3334,SKU_002089,S009,14-01-2026 02:43,4134.47
O3335,SKU_002090,S009,03-01-2026 16:16,3184.07
O3336,SKU_002091,S009,20-02-2026 21:52,3788.47
O3337,SKU_002092,S009,11-02-2026 21:26,2176.58
O3338,SKU_002093,S009,08-01-2026 17:36,1640.33
O3339,SKU_002094,S009,12-01-2026 17:48,1769.12
O3340,SKU_002095,S009,19-03-2026 06:41,1744.41
O3341,SKU_002096,S009,09-04-2026 08:58,2272.17
O3342,SKU_002097,S009,25-02-2026 15:07,189.35
O3343,SKU_002098,S009,08-04-2026 07:03,180.06
O3344,SKU_002099,S009,22-03-2026 16:03,156.09
O3345,SKU_002100,S009,24-03-2026 06:00,172.48
O3346,SKU_002101,S009,20-03-2026 02:44,160.37
O3347,SKU_002102,S009,17-01-2026 00:08,131.31
O3348,SKU_002103,S009,15-04-2026 04:34,138.68
O3349,SKU_002104,S009,15-04-2026 09:39,150.25
O3350,SKU_002105,S009,30-04-2026 14:59,147.52
O3351,SKU_002106,S009,30-01-2026 15:32,164.09
O3352,SKU_002107,S009,23-02-2026 21:05,573.07
O3353,SKU_002108,S009,17-01-2026 05:35,603.9
O3354,SKU_002109,S009,02-03-2026 04:16,425.5
O3355,SKU_002110,S009,16-01-2026 08:16,495.55
O3356,SKU_002111,S009,10-04-2026 06:51,535.53
O3357,SKU_002112,S009,09-02-2026 10:58,670.68
O3358,SKU_002113,S009,31-01-2026 04:06,498.18
O3359,SKU_002114,S009,15-04-2026 03:45,710
O3360,SKU_002115,S009,05-03-2026 10:46,539.33
O3361,SKU_002116,S009,17-03-2026 20:56,708.87
O3362,SKU_002117,S009,24-04-2026 20:59,197.1
O3363,SKU_002118,S009,13-01-2026 20:07,165.05
O3364,SKU_002119,S009,02-03-2026 05:29,224.06
O3365,SKU_002120,S009,26-03-2026 22:49,157.66
O3366,SKU_002121,S009,16-02-2026 08:07,184.95
O3367,SKU_002122,S009,12-01-2026 05:51,116.97
O3368,SKU_002123,S009,17-02-2026 11:21,142.2
O3369,SKU_002124,S009,17-01-2026 17:46,120.06
O3370,SKU_002125,S009,26-03-2026 08:50,151.43
O3371,SKU_002126,S009,23-01-2026 12:32,121.11
O3372,SKU_002127,S009,30-03-2026 00:51,38319.07
O3373,SKU_002128,S009,29-04-2026 21:30,39523.71
O3374,SKU_002129,S009,29-04-2026 05:21,37579.49
O3375,SKU_002130,S009,11-01-2026 16:27,44975.38
O3376,SKU_002131,S009,02-03-2026 01:23,40226.87
O3377,SKU_002132,S009,04-02-2026 02:34,825.43
O3378,SKU_002133,S009,24-01-2026 04:38,941.76
O3379,SKU_002134,S009,03-01-2026 11:01,1111.01
O3380,SKU_002135,S009,27-01-2026 15:27,898.56
O3381,SKU_002136,S009,03-01-2026 04:53,1156.75
O3382,SKU_002137,S009,01-02-2026 19:30,2156.71
O3383,SKU_002138,S009,07-04-2026 09:27,2123.3
O3384,SKU_002139,S009,09-03-2026 07:45,2220.34
O3385,SKU_002140,S009,12-04-2026 13:22,2286.43
O3386,SKU_002141,S009,11-04-2026 10:25,1721.3
O3387,SKU_002142,S009,20-02-2026 08:10,1011.14
O3388,SKU_002143,S009,02-02-2026 10:06,930.22
O3389,SKU_002144,S009,14-03-2026 05:02,1073.28
O3390,SKU_002145,S009,25-01-2026 15:32,833.67
O3391,SKU_002146,S009,22-02-2026 04:31,935.33
O3392,SKU_002147,S009,23-01-2026 22:11,6065.6
O3393,SKU_002148,S009,06-01-2026 16:48,6642
O3394,SKU_002149,S009,07-03-2026 01:15,5450.2
O3395,SKU_002150,S009,25-03-2026 08:47,6704
O3396,SKU_002151,S009,22-02-2026 19:31,4824.53
O3397,SKU_002152,S009,12-04-2026 17:20,4259.09
O3398,SKU_002153,S009,13-01-2026 09:39,3641.24
O3399,SKU_002154,S009,21-02-2026 01:26,3651.91
O3400,SKU_002155,S009,22-04-2026 23:23,4364.54
O3401,SKU_002156,S009,15-01-2026 23:10,3637.99
O3402,SKU_002157,S009,07-04-2026 08:12,1010.61
O3403,SKU_002158,S009,30-03-2026 09:22,979.45
O3404,SKU_002159,S009,10-04-2026 04:24,803.42
O3405,SKU_002160,S009,11-03-2026 22:17,838.73
O3406,SKU_002161,S009,11-01-2026 18:21,1012.86
O3407,SKU_002162,S009,08-04-2026 00:21,745.59
O3408,SKU_002163,S009,21-04-2026 01:52,768.51
O3409,SKU_002164,S009,02-02-2026 09:43,682.67
O3410,SKU_002165,S009,13-03-2026 09:32,685.24
O3411,SKU_002166,S009,31-01-2026 13:07,627.41
O3412,SKU_002167,S009,19-02-2026 12:55,686.44
O3413,SKU_002168,S009,20-01-2026 23:34,633.97
O3414,SKU_002169,S009,22-04-2026 10:37,753.89
O3415,SKU_002170,S009,23-01-2026 09:29,645.38
O3416,SKU_002171,S009,14-02-2026 08:26,721.8
O3417,SKU_002172,S009,09-04-2026 19:17,901.59
O3418,SKU_002173,S009,01-01-2026 11:58,764.61
O3419,SKU_002174,S009,09-01-2026 13:13,881.19
O3420,SKU_002175,S009,03-01-2026 09:15,824.76
O3421,SKU_002176,S009,17-02-2026 11:41,838.56
O3422,SKU_002177,S009,09-01-2026 22:17,649.04
O3423,SKU_002178,S009,02-04-2026 14:34,711.55
O3424,SKU_002179,S009,12-03-2026 16:15,657.72
O3425,SKU_002180,S009,16-03-2026 08:48,578.1
O3426,SKU_002181,S009,30-01-2026 03:26,684.4
O3427,SKU_002182,S009,04-02-2026 18:01,983.37
O3428,SKU_002183,S009,07-01-2026 20:48,852.38
O3429,SKU_002184,S009,18-04-2026 08:32,762.9
O3430,SKU_002185,S009,23-03-2026 10:24,1047.17
O3431,SKU_002186,S009,13-02-2026 14:19,859.3
O3432,SKU_002187,S009,04-03-2026 11:42,328.52
O3433,SKU_002188,S009,18-02-2026 04:59,327.85
O3434,SKU_002189,S009,22-03-2026 19:53,329.56
O3435,SKU_002190,S009,04-03-2026 03:00,281.39
O3436,SKU_002191,S009,22-02-2026 16:09,323.43
O3437,SKU_002192,S009,16-01-2026 02:58,372.75
O3438,SKU_002193,S009,21-04-2026 23:33,476.81
O3439,SKU_002194,S009,14-03-2026 09:24,487.97
O3440,SKU_002195,S009,24-01-2026 04:26,524.57
O3441,SKU_002196,S009,08-04-2026 11:40,486.2
O3442,SKU_002197,S009,11-01-2026 05:28,761.02
O3443,SKU_002198,S009,04-02-2026 19:48,945.45
O3444,SKU_002199,S009,13-02-2026 08:07,797.22
O3445,SKU_002200,S009,11-04-2026 03:40,741.24
O3446,SKU_002201,S009,09-01-2026 22:02,1074.04
O3447,SKU_002202,S009,19-03-2026 20:26,897.43
O3448,SKU_002203,S009,14-01-2026 09:13,639.22
O3449,SKU_002204,S009,01-04-2026 07:29,927.5
O3450,SKU_002205,S009,24-02-2026 19:38,922.97
O3451,SKU_002206,S009,02-03-2026 07:57,929.04
O3452,SKU_002207,S009,05-03-2026 13:19,733.93
O3453,SKU_002208,S009,17-01-2026 18:35,667.42
O3454,SKU_002209,S009,18-04-2026 09:35,660.46
O3455,SKU_002210,S009,30-03-2026 16:35,757.66
O3456,SKU_002211,S009,02-01-2026 13:08,542.84
O3457,SKU_002212,S009,13-03-2026 15:17,1549.25
O3458,SKU_002213,S009,08-02-2026 23:11,1465.43
O3459,SKU_002214,S009,26-02-2026 14:55,1651.02
O3460,SKU_002215,S009,20-04-2026 11:31,1150.46
O3460,SKU_002216,S009,01-03-2026 00:19,1555.16
O3460,SKU_002217,S009,17-02-2026 02:31,66.13
O3460,SKU_002218,S009,01-04-2026 02:03,86.64
O3460,SKU_002219,S009,13-03-2026 12:16,69.87
O3460,SKU_002220,S009,25-04-2026 21:28,85.41
O3460,SKU_002221,S009,06-04-2026 19:13,80.03
O3460,SKU_002222,S009,07-02-2026 22:44,12902.99
O3460,SKU_002223,S009,17-04-2026 03:09,17770.77
O3460,SKU_002224,S009,17-02-2026 14:22,17103.6
O3460,SKU_002225,S009,30-01-2026 05:41,15570.59
O3460,SKU_002226,S009,02-01-2026 05:43,17197.1
O3460,SKU_002227,S009,21-03-2026 14:54,81930.19
O3460,SKU_002228,S009,05-01-2026 15:25,81022.54
O3460,SKU_002229,S009,15-02-2026 05:50,107948.43
O3460,SKU_002230,S009,16-04-2026 03:47,72640.92
O3460,SKU_002231,S009,09-03-2026 06:27,98564.57
O3460,SKU_002232,S009,02-01-2026 20:42,41.81
O3460,SKU_002233,S009,07-03-2026 01:17,41.95
O3460,SKU_002234,S009,01-01-2026 06:48,35
O3460,SKU_002235,S009,15-03-2026 01:34,41.25
O3460,SKU_002236,S009,01-03-2026 17:06,44.67
O3460,SKU_002237,S009,21-01-2026 04:26,62.23
O3460,SKU_002238,S009,09-02-2026 20:16,64.57
O3460,SKU_002239,S009,13-04-2026 21:06,48.13
O3460,SKU_002240,S009,16-02-2026 05:56,47.16
O3460,SKU_002241,S009,23-03-2026 12:29,52.59
O3460,SKU_002242,S009,06-04-2026 13:01,51.03
O3460,SKU_002243,S009,12-01-2026 15:07,59.85
O3460,SKU_002244,S009,28-01-2026 15:30,49.01
O3460,SKU_002245,S009,24-02-2026 08:04,60.19
O3460,SKU_002246,S009,19-01-2026 01:32,52.66
O3460,SKU_002247,S009,09-01-2026 12:35,17023.4
O3460,SKU_002248,S009,14-02-2026 22:44,20393.35
O3460,SKU_002249,S009,11-04-2026 22:15,21317.28
O3460,SKU_002250,S009,22-03-2026 04:59,19483.39
O3460,SKU_002251,S009,14-03-2026 07:56,16944.78
O3460,SKU_002252,S009,31-03-2026 00:34,65010.86
O3460,SKU_002253,S009,17-01-2026 11:40,66633.46
O3460,SKU_002254,S009,23-04-2026 18:35,66400.48
O3460,SKU_002255,S009,19-01-2026 13:25,46302.9
O3460,SKU_002256,S009,09-04-2026 03:27,56390.16
O3460,SKU_002257,S009,26-01-2026 22:13,19227.62
O3460,SKU_002258,S009,18-03-2026 13:48,22345.41
O3460,SKU_002259,S009,15-01-2026 12:44,21544.03
O3460,SKU_002260,S009,25-04-2026 22:26,22525.6
O3460,SKU_002261,S009,21-04-2026 06:14,18969.27
O3460,SKU_002262,S009,13-01-2026 02:15,20981.42
O3460,SKU_002263,S009,26-03-2026 11:10,20610.26
O3460,SKU_002264,S009,26-01-2026 09:08,17709.8
O3460,SKU_002265,S009,15-02-2026 23:26,16531.73
O3460,SKU_002266,S009,26-02-2026 15:18,17690.31
O3460,SKU_002267,S009,20-02-2026 16:18,18353.32
O3460,SKU_002268,S009,03-03-2026 04:02,18127.41
O3460,SKU_002269,S009,18-03-2026 07:17,17620.94
O3460,SKU_002270,S009,05-03-2026 08:26,17248.19
O3460,SKU_002271,S009,03-03-2026 18:15,16225.27
O3460,SKU_002272,S009,29-03-2026 22:00,735.35
O3460,SKU_002273,S009,22-02-2026 19:24,763.45
O3460,SKU_002274,S009,15-02-2026 08:42,769.05
O3460,SKU_002275,S009,15-01-2026 12:04,770.6
O3460,SKU_002276,S009,09-02-2026 08:42,591.42
O3460,SKU_002277,S009,27-01-2026 10:19,6059.25
O3460,SKU_002278,S009,24-04-2026 12:56,7923.7
O3460,SKU_002279,S009,22-01-2026 03:51,6438.84
O3460,SKU_002280,S009,31-01-2026 04:15,8369.88
O3460,SKU_002281,S009,21-01-2026 12:24,7184.57
O3460,SKU_002282,S009,01-02-2026 22:02,2098
O3460,SKU_002283,S009,29-03-2026 07:07,2256.31
O3460,SKU_002284,S009,01-04-2026 11:58,1652.21
O3460,SKU_002285,S009,02-03-2026 23:30,1668.08
O3460,SKU_002286,S009,20-03-2026 22:29,2234.12
O3460,SKU_002287,S009,24-01-2026 10:40,3879.65
O3460,SKU_002288,S009,15-04-2026 01:35,4152.96
O3460,SKU_002289,S009,11-03-2026 13:44,3412.4
O3460,SKU_002290,S009,10-02-2026 07:39,3484.15
O3460,SKU_002291,S009,29-03-2026 18:05,4780.34
O3460,SKU_002292,S009,01-03-2026 20:49,4608.82
O3460,SKU_002293,S009,31-03-2026 23:21,4179.04
O3460,SKU_002294,S009,21-02-2026 11:01,4405.91
O3460,SKU_002295,S009,24-01-2026 06:50,4545.29
O3460,SKU_002296,S009,18-01-2026 13:23,3861.33
O3460,SKU_002297,S009,31-01-2026 14:32,107.53
O3460,SKU_002298,S009,01-03-2026 01:44,101.61
O3460,SKU_002299,S009,28-04-2026 03:35,137.96
O3460,SKU_002300,S009,08-01-2026 19:57,129.31
O3460,SKU_002301,S009,11-02-2026 18:04,104.34
O3460,SKU_002302,S009,05-03-2026 15:37,23.32
O3460,SKU_002303,S009,29-01-2026 19:14,26.46
O3460,SKU_002304,S009,18-01-2026 17:04,28.46
O3460,SKU_002305,S009,18-02-2026 04:47,27.07
O3460,SKU_002306,S009,11-03-2026 01:52,29.31
O3460,SKU_002307,S009,18-03-2026 22:37,144.91
O3460,SKU_002308,S009,10-04-2026 16:53,121.02
O3460,SKU_002309,S009,10-01-2026 12:07,171.11
O3460,SKU_002310,S009,28-02-2026 00:41,148.19
O3460,SKU_002311,S009,20-02-2026 12:27,179.66
O3460,SKU_002312,S009,03-02-2026 18:16,2744.54
O3460,SKU_002313,S009,07-01-2026 00:51,2557.07
O3460,SKU_002314,S009,20-03-2026 12:36,2915.57
O3560,SKU_002315,S009,29-03-2026 19:24,3296.94
O3561,SKU_002316,S009,18-04-2026 22:55,3110.88
O3562,SKU_002317,S009,17-04-2026 19:44,2308.57
O3563,SKU_002318,S009,18-02-2026 12:23,3036.57
O3564,SKU_002319,S009,19-01-2026 09:27,2859.63
O3565,SKU_002320,S009,31-03-2026 17:16,2858.67
O3566,SKU_002321,S009,20-01-2026 18:55,3212.66
O3567,SKU_002322,S009,28-01-2026 03:28,373.89
O3568,SKU_002323,S009,24-01-2026 14:00,398.44
O3569,SKU_002324,S009,03-01-2026 07:43,374.39
O3570,SKU_002325,S009,12-01-2026 23:23,405.01
O3571,SKU_002326,S009,13-02-2026 03:56,391.47
O3572,SKU_002327,S009,26-01-2026 09:10,879.47
O3573,SKU_002328,S009,08-02-2026 11:22,736.9
O3574,SKU_002329,S009,19-03-2026 18:50,670.58
O3575,SKU_002330,S009,14-03-2026 06:45,952.31
O3576,SKU_002331,S009,17-01-2026 07:39,721.45
O3577,SKU_002332,S009,24-04-2026 01:49,539.57
O3578,SKU_002333,S009,24-04-2026 19:30,581.37
O3579,SKU_002334,S009,20-02-2026 06:11,495.55
O3580,SKU_002335,S009,15-01-2026 13:27,516.86
O3581,SKU_002336,S009,05-01-2026 05:35,698.32
O3582,SKU_002337,S009,13-01-2026 12:27,606.22
O3583,SKU_002338,S009,08-02-2026 09:35,712.78
O3584,SKU_002339,S009,28-03-2026 02:32,534.16
O3585,SKU_002340,S009,26-01-2026 00:12,549.5
O3586,SKU_002341,S009,18-01-2026 20:39,665.56
O3587,SKU_002342,S009,06-03-2026 09:08,875.13
O3588,SKU_002343,S009,24-01-2026 19:01,727.27
O3589,SKU_002344,S009,09-01-2026 06:58,643.7
O3590,SKU_002345,S009,31-03-2026 12:23,807.19
O3591,SKU_002346,S009,10-01-2026 19:59,807.33
O3592,SKU_002347,S009,02-02-2026 14:53,43741.45
O3593,SKU_002348,S009,22-04-2026 10:29,37682.22
O3594,SKU_002349,S009,26-03-2026 02:39,33862.88
O3595,SKU_002350,S009,18-03-2026 16:49,41010.81
O3596,SKU_002351,S009,07-04-2026 08:06,36324.9
O3597,SKU_002352,S009,06-01-2026 17:23,2228.15
O3598,SKU_002353,S009,16-03-2026 07:38,1857.34
O3599,SKU_002354,S009,24-03-2026 20:23,1814.21
O3600,SKU_002355,S009,03-02-2026 13:20,2228.24
O3601,SKU_002356,S009,10-03-2026 17:29,2323.39
O3602,SKU_002357,S009,11-02-2026 16:38,15917.74
O3603,SKU_002358,S009,06-02-2026 08:11,17042.07
O3604,SKU_002359,S009,23-02-2026 09:30,14136.95
O3605,SKU_002360,S009,24-02-2026 08:13,15396.24
O3606,SKU_002361,S009,28-03-2026 14:33,15033.77
O3607,SKU_002362,S009,29-01-2026 20:40,16634.01
O3608,SKU_002363,S009,07-01-2026 17:28,14659.72
O3609,SKU_002364,S009,30-04-2026 05:56,18781.65
O3610,SKU_002365,S009,30-04-2026 19:19,16801.57
O3611,SKU_002366,S009,17-02-2026 17:26,15993.31
O3612,SKU_002367,S009,27-02-2026 07:17,435.83
O3613,SKU_002368,S009,07-04-2026 21:00,426.99
O3614,SKU_002369,S009,22-03-2026 00:01,413.88
O3615,SKU_002370,S009,17-04-2026 22:23,356.49
O3616,SKU_002371,S009,04-04-2026 00:26,420.44
O3617,SKU_002372,S009,12-01-2026 20:10,629.75
O3618,SKU_002373,S009,18-01-2026 00:48,577.57
O3619,SKU_002374,S009,24-02-2026 07:51,619.84
O3620,SKU_002375,S009,16-03-2026 08:58,518.36
O3621,SKU_002376,S009,27-01-2026 15:33,483.3
O3622,SKU_002377,S009,23-03-2026 09:46,586.8
O3623,SKU_002378,S009,08-02-2026 17:32,819.46
O3624,SKU_002379,S009,13-04-2026 02:28,632.5
O3625,SKU_002380,S009,18-02-2026 09:06,817.35
O3626,SKU_002381,S009,16-04-2026 13:37,675.32
O3627,SKU_002382,S009,04-01-2026 19:00,503.19
O3628,SKU_002383,S009,16-03-2026 06:34,684.87
O3629,SKU_002384,S009,11-03-2026 17:35,652.06
O3630,SKU_002385,S009,04-04-2026 03:29,568.79
O3631,SKU_002386,S009,16-04-2026 17:38,673.85
O3632,SKU_002387,S009,05-04-2026 02:46,581.03
O3633,SKU_002388,S009,08-03-2026 19:18,692.91
O3634,SKU_002389,S009,20-04-2026 20:07,712.23
O3635,SKU_002390,S009,08-04-2026 13:19,660.72
O3636,SKU_002391,S009,04-03-2026 10:47,684.41
O3637,SKU_002392,S009,17-03-2026 09:59,3078.55
O3638,SKU_002393,S009,22-02-2026 12:19,3257.72
O3639,SKU_002394,S009,04-02-2026 22:00,3801.23
O3640,SKU_002395,S009,06-01-2026 01:27,3901.91
O3641,SKU_002396,S009,03-03-2026 22:04,3427.59
O3642,SKU_002397,S009,26-04-2026 22:45,196.08
O3643,SKU_002398,S009,12-02-2026 12:42,201.74
O3644,SKU_002399,S009,06-01-2026 16:33,169.06
O3645,SKU_002400,S009,24-02-2026 13:14,175.83
O3646,SKU_002401,S009,12-01-2026 09:03,200.37
O3647,SKU_002402,S009,02-04-2026 14:12,118.01
O3648,SKU_002403,S009,13-04-2026 19:19,122.85
O3649,SKU_002404,S009,11-03-2026 09:45,125.47
O3650,SKU_002405,S009,24-04-2026 09:35,106.13
O3651,SKU_002406,S009,15-02-2026 04:45,102.65
O3652,SKU_002407,S009,31-01-2026 23:54,998.81
O3653,SKU_002408,S009,20-01-2026 10:39,946.94
O3654,SKU_002409,S009,18-02-2026 03:05,919.43
O3655,SKU_002410,S009,16-02-2026 19:51,987.82
O3656,SKU_002411,S009,21-02-2026 18:06,698.15
O3657,SKU_002412,S009,14-04-2026 15:10,697.52
O3658,SKU_002413,S009,11-01-2026 20:33,826.58
O3659,SKU_002414,S009,12-02-2026 14:31,750.56
O3660,SKU_002415,S009,22-04-2026 18:55,886.69
O3661,SKU_002416,S009,17-03-2026 10:10,936.53
O3662,SKU_002417,S009,10-03-2026 21:30,1154.39
O3663,SKU_002418,S009,03-02-2026 17:33,1093.7
O3664,SKU_002419,S009,04-02-2026 04:41,1124.03
O3665,SKU_002420,S009,15-02-2026 22:24,1094.4
O3666,SKU_002421,S009,26-04-2026 01:20,1002.33
O3667,SKU_002422,S009,03-03-2026 18:00,480.27
O3668,SKU_002423,S009,11-03-2026 16:03,590.02
O3669,SKU_002424,S009,25-04-2026 20:52,583.13
O3670,SKU_002425,S009,06-01-2026 11:27,573.16
O3671,SKU_002426,S009,10-03-2026 06:57,515.79
O3672,SKU_002427,S009,21-04-2026 05:26,13039.74
O3673,SKU_002428,S009,20-04-2026 10:35,19027.38
O3674,SKU_002429,S009,28-01-2026 14:14,13469.38
O3675,SKU_002430,S009,20-04-2026 08:16,16796.65
O3676,SKU_002431,S009,06-02-2026 13:13,13075.54
O3677,SKU_002432,S009,06-04-2026 13:56,316.54
O3678,SKU_002433,S009,16-04-2026 06:29,360.93
O3679,SKU_002434,S009,02-03-2026 00:17,257.41
O3680,SKU_002435,S009,04-02-2026 02:09,293.68
O3681,SKU_002436,S009,06-04-2026 05:35,326.19
O3682,SKU_002437,S009,08-01-2026 08:55,133.02
O3683,SKU_002438,S009,18-01-2026 12:37,141.09
O3684,SKU_002439,S009,11-01-2026 21:45,138.83
O3685,SKU_002440,S009,15-02-2026 04:06,187.87
O3686,SKU_002441,S009,27-04-2026 19:57,137.52
O3687,SKU_002442,S009,12-02-2026 11:43,55.2
O3688,SKU_002443,S009,04-01-2026 20:52,52.29
O3689,SKU_002444,S009,13-04-2026 05:25,48.16
O3690,SKU_002445,S009,03-04-2026 19:35,52.19
O3691,SKU_002446,S009,01-01-2026 03:11,64.05
O3692,SKU_002447,S009,06-03-2026 09:59,434.23
O3693,SKU_002448,S009,30-04-2026 06:04,403.58
O3694,SKU_002449,S009,09-02-2026 02:53,449.32
O3695,SKU_002450,S009,26-01-2026 08:07,372.31
O3696,SKU_002451,S009,08-03-2026 04:03,412.62
O3697,SKU_002452,S009,04-02-2026 11:01,144.03
O3698,SKU_002453,S009,04-03-2026 20:01,176.25
O3699,SKU_002454,S009,12-01-2026 13:33,176.6
O3700,SKU_002455,S009,05-01-2026 06:07,128.92
O3701,SKU_002456,S009,29-01-2026 16:23,173.98
O3702,SKU_002457,S009,24-04-2026 21:47,280.47
O3703,SKU_002458,S009,28-01-2026 12:08,322.01
O3704,SKU_002459,S009,22-01-2026 12:55,361.14
O3705,SKU_002460,S009,13-04-2026 04:42,250.37
O3706,SKU_002461,S009,12-03-2026 20:30,332.02
O3707,SKU_002462,S009,15-01-2026 02:01,305.37
O3708,SKU_002463,S009,14-03-2026 13:03,426.93
O3709,SKU_002464,S009,18-03-2026 19:36,421.69
O3710,SKU_002465,S009,24-04-2026 19:02,354.32
O3711,SKU_002466,S009,20-01-2026 14:50,324.41
O3712,SKU_002467,S009,07-03-2026 08:29,22705.85
O3713,SKU_002468,S009,28-02-2026 14:19,20972.86
O3714,SKU_002469,S009,04-03-2026 15:26,17780.69
O3715,SKU_002470,S009,27-01-2026 11:54,22125.31
O3716,SKU_002471,S009,31-01-2026 14:01,16995.83
O3717,SKU_002472,S009,26-03-2026 19:57,102.44
O3718,SKU_002473,S009,05-04-2026 14:30,107.5
O3719,SKU_002474,S009,03-03-2026 14:38,133.65
O3720,SKU_002475,S010,03-02-2026 19:50,100.15
O3721,SKU_002476,S010,20-04-2026 03:00,102.59
O3722,SKU_002477,S010,30-04-2026 04:05,642.92
O3723,SKU_002478,S010,11-03-2026 06:55,694.58
O3724,SKU_002479,S010,13-02-2026 08:21,546.16
O3725,SKU_002480,S010,25-04-2026 08:42,766.11
O3726,SKU_002481,S010,04-02-2026 01:11,638.79
O3727,SKU_002482,S010,15-03-2026 11:23,1061.66
O3728,SKU_002483,S010,01-03-2026 13:53,1075.48
O3729,SKU_002484,S010,27-02-2026 04:32,986.79
O3730,SKU_002485,S010,25-01-2026 17:29,1026.19
O3731,SKU_002486,S010,04-02-2026 12:10,944.67
O3732,SKU_002487,S010,01-01-2026 08:22,625.26
O3733,SKU_002488,S010,22-04-2026 05:36,687.74
O3734,SKU_002489,S010,18-03-2026 00:59,731.04
O3735,SKU_002490,S010,21-04-2026 04:39,638.03
O3736,SKU_002491,S010,07-01-2026 06:54,592.04
O3737,SKU_002492,S010,05-02-2026 08:33,711.14
O3738,SKU_002493,S010,27-04-2026 23:20,895.33
O3739,SKU_002494,S010,03-03-2026 18:59,764.06
O3740,SKU_002495,S010,29-04-2026 17:14,686.7
O3741,SKU_002496,S010,12-02-2026 21:26,806.91
O3742,SKU_002497,S010,20-04-2026 19:39,2198.73
O3743,SKU_002498,S010,21-01-2026 05:11,2306.06
O3744,SKU_002499,S010,07-04-2026 08:23,2021.71
O3745,SKU_002500,S010,28-01-2026 07:26,1750.21
O3746,SKU_002501,S010,06-03-2026 07:21,2125.08
O3747,SKU_002502,S010,16-01-2026 02:36,2704.27
O3748,SKU_002503,S010,16-02-2026 05:08,3278.97
O3749,SKU_002504,S010,09-03-2026 08:15,2921.26
O3750,SKU_002505,S010,04-03-2026 01:03,2718.08
O3751,SKU_002506,S010,02-02-2026 14:24,3539.84
O3752,SKU_002507,S010,18-01-2026 05:29,968.18
O3753,SKU_002508,S010,07-03-2026 04:42,813.72
O3754,SKU_002509,S010,28-03-2026 17:26,1188.01
O3755,SKU_002510,S010,03-01-2026 05:06,982.22
O3756,SKU_002511,S010,21-02-2026 11:58,805.33
O3757,SKU_002512,S010,10-02-2026 17:11,1110.88
O3758,SKU_002513,S010,18-02-2026 10:56,1187.69
O3759,SKU_002514,S010,14-01-2026 03:56,940.52
O3760,SKU_002515,S010,10-03-2026 01:21,970.23
O3761,SKU_002516,S010,19-02-2026 20:06,1016.93
O3762,SKU_002517,S010,21-01-2026 23:28,6020.34
O3763,SKU_002518,S010,01-01-2026 05:58,4946.48
O3764,SKU_002519,S010,10-01-2026 08:23,5357.72
O3765,SKU_002520,S010,16-03-2026 22:35,6518.53
O3766,SKU_002521,S010,27-03-2026 02:15,5419.58
O3767,SKU_002522,S010,23-03-2026 11:43,81444.88
O3768,SKU_002523,S010,02-02-2026 07:11,69713.76
O3769,SKU_002524,S010,22-03-2026 09:28,58752.14
O3770,SKU_002525,S010,06-04-2026 17:55,60104.49
O3771,SKU_002526,S010,15-03-2026 12:55,64355.11
O3772,SKU_002527,S010,10-03-2026 04:51,15392.07
O3773,SKU_002528,S010,17-04-2026 00:39,12139.45
O3774,SKU_002529,S010,14-03-2026 21:14,14826.59
O3775,SKU_002530,S010,20-01-2026 16:41,14392.89
O3776,SKU_002531,S010,04-04-2026 02:34,10882.75
O3777,SKU_002532,S010,23-04-2026 05:56,207.15
O3778,SKU_002533,S010,13-02-2026 19:17,208.66
O3779,SKU_002534,S010,01-02-2026 14:02,207.29
O3780,SKU_002535,S010,29-03-2026 15:09,238.26
O3781,SKU_002536,S010,15-01-2026 07:30,191.58
O3782,SKU_002537,S010,07-01-2026 11:42,300.11
O3783,SKU_002538,S010,27-02-2026 06:22,295.15
O3784,SKU_002539,S010,04-01-2026 21:34,285.33
O3785,SKU_002540,S010,03-03-2026 21:19,293.4
O3786,SKU_002541,S010,20-02-2026 16:56,291.36
O3787,SKU_002542,S010,21-01-2026 08:03,471.08
O3788,SKU_002543,S010,15-01-2026 09:47,515.46
O3789,SKU_002544,S010,08-03-2026 08:56,401.96
O3790,SKU_002545,S010,03-02-2026 00:44,577.54
O3791,SKU_002546,S010,14-03-2026 21:45,497.46
O3792,SKU_002547,S010,01-02-2026 05:52,281.32
O3793,SKU_002548,S010,15-01-2026 13:32,412.29
O3794,SKU_002549,S010,17-04-2026 05:25,343.57
O3795,SKU_002550,S010,19-01-2026 01:53,354.6
O3796,SKU_002551,S010,07-03-2026 14:57,338.58
O3797,SKU_002552,S010,26-04-2026 08:22,356.85
O3798,SKU_002553,S010,30-04-2026 03:47,269.72
O3799,SKU_002554,S010,04-04-2026 17:42,319.99
O3800,SKU_002555,S010,07-01-2026 00:26,308.6
O3801,SKU_002556,S010,25-03-2026 18:06,295.17
O3802,SKU_002557,S010,02-02-2026 00:56,166.99
O3803,SKU_002558,S010,28-04-2026 22:18,209
O3804,SKU_002559,S010,26-03-2026 07:31,234.74
O3805,SKU_002560,S010,31-01-2026 12:09,225.33
O3806,SKU_002561,S010,11-01-2026 09:35,198.92
O3807,SKU_002562,S010,20-01-2026 15:53,9522.82
O3808,SKU_002563,S010,06-03-2026 07:00,8133.79
O3809,SKU_002564,S010,09-02-2026 21:56,7247.94
O3810,SKU_002565,S010,06-02-2026 21:23,8641.24
O3811,SKU_002566,S010,21-03-2026 11:22,9780.95
O3812,SKU_002567,S010,18-04-2026 14:21,9526.25
O3813,SKU_002568,S010,15-04-2026 21:10,10041.25
O3814,SKU_002569,S010,21-02-2026 12:13,11804.45
O3815,SKU_002570,S010,24-02-2026 15:59,12293.19
O3816,SKU_002571,S010,27-02-2026 17:59,11695.6
O3817,SKU_002572,S010,16-02-2026 03:03,4680.86
O3818,SKU_002573,S010,19-01-2026 15:00,4703.47
O3819,SKU_002574,S010,10-01-2026 15:19,3965.31
O3820,SKU_002575,S010,18-03-2026 07:03,4475.43
O3821,SKU_002576,S010,22-04-2026 00:38,4267.76
O3822,SKU_002577,S010,17-04-2026 17:36,1126.58
O3823,SKU_002578,S010,06-04-2026 07:59,1093.29
O3824,SKU_002579,S010,30-01-2026 19:46,947.36
O3825,SKU_002580,S010,11-01-2026 14:00,896.06
O3826,SKU_002581,S010,12-03-2026 01:35,1018.86
O3827,SKU_002582,S010,01-01-2026 17:46,972.74
O3828,SKU_002583,S010,25-03-2026 00:47,800.49
O3829,SKU_002584,S010,18-01-2026 00:22,769.95
O3830,SKU_002585,S010,27-02-2026 04:41,1003.17
O3831,SKU_002586,S010,27-04-2026 13:12,732.74
O3832,SKU_002587,S010,04-04-2026 06:29,514.45
O3833,SKU_002588,S010,08-02-2026 18:33,483.41
O3834,SKU_002589,S010,19-01-2026 19:59,623.63
O3835,SKU_002590,S010,05-01-2026 23:56,652.17
O3836,SKU_002591,S010,10-02-2026 04:28,511.62
O3837,SKU_002592,S010,03-02-2026 04:08,444.62
O3838,SKU_002593,S010,26-02-2026 15:56,361.99
O3839,SKU_002594,S010,16-01-2026 21:50,470.87
O3840,SKU_002595,S010,02-04-2026 22:59,381.67
O3841,SKU_002596,S010,23-01-2026 10:18,363.47
O3842,SKU_002597,S010,01-03-2026 21:01,6567.01
O3843,SKU_002598,S010,19-03-2026 04:19,8381.76
O3844,SKU_002599,S010,02-04-2026 10:45,7089.37
O3845,SKU_002600,S010,05-04-2026 23:21,5948.31
O3846,SKU_002601,S010,21-02-2026 11:00,6462.45
O3847,SKU_002602,S010,18-01-2026 16:43,487.05
O3848,SKU_002603,S010,16-04-2026 15:48,445.94
O3849,SKU_002604,S010,17-03-2026 06:00,511.54
O3850,SKU_002605,S010,05-02-2026 21:36,505.97
O3851,SKU_002606,S010,14-03-2026 01:04,585.41
O3852,SKU_002607,S010,16-03-2026 01:39,466.87
O3853,SKU_002608,S010,13-03-2026 17:32,382.89
O3854,SKU_002609,S010,06-02-2026 05:32,393.64
O3855,SKU_002610,S010,28-03-2026 13:27,420.97
O3856,SKU_002611,S010,09-01-2026 15:55,468.54
O3857,SKU_002612,S010,21-02-2026 03:02,1036.05
O3858,SKU_002613,S010,27-03-2026 09:20,725.63
O3859,SKU_002614,S010,01-04-2026 07:19,989.99
O3860,SKU_002615,S010,21-02-2026 03:32,1002.74
O3861,SKU_002616,S010,13-02-2026 22:21,1059.48
O3862,SKU_002617,S010,22-02-2026 03:35,885.33
O3863,SKU_002618,S010,20-04-2026 13:34,788.54
O3864,SKU_002619,S010,12-01-2026 23:15,773.8
O3865,SKU_002620,S010,30-01-2026 08:19,790.52
O3866,SKU_002621,S010,19-01-2026 18:40,745.88
O3867,SKU_002622,S010,17-01-2026 15:25,2425.38
O3868,SKU_002623,S010,08-03-2026 18:11,2180.73
O3869,SKU_002624,S010,16-04-2026 03:20,2463.92
O3870,SKU_002625,S010,22-03-2026 09:19,2378.79
O3871,SKU_002626,S010,25-04-2026 12:19,2259.54
O3872,SKU_002627,S010,14-02-2026 04:17,6890.74
O3873,SKU_002628,S010,18-04-2026 11:58,6545.85
O3874,SKU_002629,S010,12-01-2026 20:12,7202.98
O3875,SKU_002630,S010,17-03-2026 04:02,6861.45
O3876,SKU_002631,S010,12-04-2026 11:24,7123.87
O3877,SKU_002632,S010,23-03-2026 06:58,104.05
O3878,SKU_002633,S010,14-04-2026 23:40,137.06
O3879,SKU_002634,S010,03-04-2026 04:50,138.8
O3880,SKU_002635,S010,22-04-2026 05:02,155.16
O3881,SKU_002636,S010,15-02-2026 18:10,133.98
O3882,SKU_002637,S010,03-04-2026 11:32,90.96
O3883,SKU_002638,S010,28-02-2026 00:45,85.09
O3884,SKU_002639,S010,16-01-2026 07:57,64.71
O3885,SKU_002640,S010,18-03-2026 15:55,83.81
O3886,SKU_002641,S010,07-01-2026 17:50,85.94
O3887,SKU_002642,S010,08-04-2026 11:57,134.17
O3888,SKU_002643,S010,21-04-2026 22:04,176.59
O3889,SKU_002644,S010,11-04-2026 08:32,165.55
O3890,SKU_002645,S010,21-04-2026 23:18,128.57
O3891,SKU_002646,S010,29-01-2026 15:09,139.31
O3892,SKU_002647,S010,24-01-2026 08:33,927.41
O3893,SKU_002648,S010,29-03-2026 04:40,958.78
O3894,SKU_002649,S010,03-02-2026 13:40,1011.26
O3895,SKU_002650,S010,02-02-2026 11:02,839.02
O3896,SKU_002651,S010,11-02-2026 03:28,876.33
O3897,SKU_002652,S010,07-02-2026 10:10,1378.95
O3898,SKU_002653,S010,25-01-2026 12:04,1098.89
O3899,SKU_002654,S010,09-01-2026 06:53,1357.01
O3900,SKU_002655,S010,24-03-2026 05:04,1082.01
O3901,SKU_002656,S010,16-01-2026 05:13,993.63
O3902,SKU_002657,S010,26-03-2026 13:04,2400.86
O3903,SKU_002658,S010,09-02-2026 05:00,2483.91
O3904,SKU_002659,S010,29-01-2026 17:09,1828.75
O3905,SKU_002660,S010,26-04-2026 13:07,2240.85
O3906,SKU_002661,S010,20-02-2026 01:50,2264.34
O3907,SKU_002662,S010,04-03-2026 02:08,2280.41
O3908,SKU_002663,S010,14-01-2026 00:17,2275.39
O3909,SKU_002664,S010,17-01-2026 21:34,2958.39
O3910,SKU_002665,S010,17-03-2026 08:40,2163.94
O3911,SKU_002666,S010,19-04-2026 00:50,2594.82
O3912,SKU_002667,S010,19-03-2026 03:48,1576.71
O3913,SKU_002668,S010,18-04-2026 04:45,1841.71
O3914,SKU_002669,S010,05-03-2026 07:51,1971.44
O3915,SKU_002670,S010,23-02-2026 15:11,1929
O3916,SKU_002671,S010,11-04-2026 21:55,2157.73
O3917,SKU_002672,S010,30-03-2026 23:10,410.63
O3918,SKU_002673,S010,03-01-2026 09:37,413.71
O3919,SKU_002674,S010,25-04-2026 02:18,332.61
O3920,SKU_002675,S010,12-04-2026 11:18,368.57
O3921,SKU_002676,S010,23-03-2026 11:26,393.04
O3922,SKU_002677,S010,22-01-2026 20:22,2616.12
O3923,SKU_002678,S010,22-03-2026 11:26,2017.25
O3924,SKU_002679,S010,30-01-2026 01:23,2468.81
O3925,SKU_002680,S010,29-01-2026 18:39,2577.9
O3926,SKU_002681,S010,21-04-2026 00:31,2287.08
O3927,SKU_002682,S010,25-04-2026 03:58,6242.44
O3928,SKU_002683,S010,24-04-2026 03:28,6396.83
O3929,SKU_002684,S010,20-01-2026 10:59,6762.51
O3930,SKU_002685,S010,21-01-2026 12:17,5460.58
O3931,SKU_002686,S010,20-04-2026 06:17,6843.51
O3932,SKU_002687,S010,20-01-2026 14:38,47899.12
O3933,SKU_002688,S010,25-02-2026 13:17,49138.75
O3934,SKU_002689,S010,15-04-2026 00:13,57151.98
O3935,SKU_002690,S010,08-03-2026 18:32,49384.54
O3936,SKU_002691,S010,21-03-2026 18:53,51386.2
O3937,SKU_002692,S010,21-02-2026 06:57,33050.83
O3938,SKU_002693,S010,16-03-2026 09:06,32686.45
O3939,SKU_002694,S010,05-04-2026 06:59,40023.3
O3940,SKU_002695,S010,22-04-2026 01:49,36724.91
O3941,SKU_002696,S010,29-04-2026 05:58,40258.96
O3942,SKU_002697,S010,02-04-2026 20:33,3168.11
O3943,SKU_002698,S010,08-01-2026 06:36,3125.6
O3944,SKU_002699,S010,03-02-2026 10:30,2493.22
O3945,SKU_002700,S010,23-02-2026 11:31,2886.76
O3946,SKU_002701,S010,20-03-2026 05:59,2333.19
O3947,SKU_002702,S010,28-01-2026 22:24,2653.65
O3948,SKU_002703,S010,29-04-2026 04:32,2665.6
O3949,SKU_002704,S010,20-03-2026 00:09,2750.2
O3950,SKU_002705,S010,08-01-2026 12:44,3500.82
O3951,SKU_002706,S010,18-03-2026 20:31,3237.46
O3952,SKU_002707,S010,06-03-2026 08:52,50.64
O3953,SKU_002708,S010,16-02-2026 03:11,56.42
O3954,SKU_002709,S010,10-01-2026 13:42,49.75
O3955,SKU_002710,S010,03-04-2026 06:40,62.68
O3956,SKU_002711,S010,22-02-2026 03:41,63.39
O3957,SKU_002712,S010,14-03-2026 07:41,779.22
O3958,SKU_002713,S010,04-01-2026 22:17,849.14
O3959,SKU_002714,S010,07-03-2026 14:34,1126.32
O3960,SKU_002715,S010,28-02-2026 20:20,1121.13
O3961,SKU_002716,S010,02-03-2026 09:07,988.07
O3962,SKU_002717,S010,24-02-2026 10:30,576.8
O3963,SKU_002718,S010,06-04-2026 11:06,518.39
O3964,SKU_002719,S010,20-01-2026 01:43,585.72
O3965,SKU_002720,S010,14-02-2026 06:21,677.01
O3966,SKU_002721,S010,27-01-2026 02:16,624.42
O3967,SKU_002722,S010,28-02-2026 08:20,69119.59
O3968,SKU_002723,S010,28-03-2026 01:02,66837.69
O3969,SKU_002724,S010,04-03-2026 07:21,68132.23
O3970,SKU_002725,S010,22-02-2026 07:35,52196.97
O3971,SKU_002726,S010,22-03-2026 22:18,71427.65
O3972,SKU_002727,S010,28-04-2026 11:24,1062.35
O3973,SKU_002728,S010,18-01-2026 08:06,1554.36
O3974,SKU_002729,S010,06-02-2026 11:50,1406.23
O3975,SKU_002730,S010,27-03-2026 18:32,1266.72
O3976,SKU_002731,S010,11-02-2026 01:09,1221.45
O3977,SKU_002732,S010,21-03-2026 01:33,2905.2
O3978,SKU_002733,S010,05-04-2026 01:44,2990.26
O3979,SKU_002734,S010,11-04-2026 07:04,3583.27
O3980,SKU_002735,S010,14-03-2026 14:32,2773.4
O3981,SKU_002736,S010,11-01-2026 21:56,3068.46
O3982,SKU_002737,S010,11-04-2026 01:19,8594.62
O3983,SKU_002738,S010,31-01-2026 20:51,8915.86
O3984,SKU_002739,S010,13-01-2026 17:47,9467.95
O3985,SKU_002740,S010,02-03-2026 09:56,8434.67
O3986,SKU_002741,S010,09-04-2026 09:50,8612.15
O3987,SKU_002742,S010,20-03-2026 07:54,6931.05
O3988,SKU_002743,S010,27-01-2026 08:10,4847.02
O3989,SKU_002744,S010,12-04-2026 19:21,5190.13
O3990,SKU_002745,S010,21-04-2026 10:12,6357.25
O3991,SKU_002746,S010,06-01-2026 14:54,5853.73
O3992,SKU_002747,S010,03-02-2026 17:40,3055.81
O3993,SKU_002748,S010,07-02-2026 10:20,2830.74
O3994,SKU_002749,S010,08-02-2026 23:27,2988.99
O3995,SKU_002750,S010,12-01-2026 04:33,2713.91
O3996,SKU_002751,S010,18-02-2026 10:42,2886.77
O3997,SKU_002752,S010,07-01-2026 10:07,769.4
O3998,SKU_002753,S010,30-03-2026 15:12,836.96
O3999,SKU_002754,S010,10-01-2026 19:37,947.59
O4000,SKU_002755,S010,11-03-2026 23:28,963
O4001,SKU_002756,S010,08-02-2026 15:55,862.06
O4002,SKU_002757,S010,23-02-2026 04:49,122.95
O4003,SKU_002758,S010,13-03-2026 12:38,105.74
O4004,SKU_002759,S010,01-04-2026 03:24,99.68
O4005,SKU_002760,S010,09-04-2026 02:03,117.45
O4006,SKU_002761,S010,19-03-2026 01:53,125.14
O4007,SKU_002762,S010,25-01-2026 01:17,343.29
O4008,SKU_002763,S010,06-01-2026 22:26,262.87
O4009,SKU_002764,S010,16-02-2026 23:30,364.27
O4010,SKU_002765,S010,14-03-2026 07:49,300.47
O4011,SKU_002766,S010,05-04-2026 21:54,335.4
O4012,SKU_002767,S010,26-04-2026 08:26,175.69
O4013,SKU_002768,S010,28-03-2026 14:59,175.69
O4014,SKU_002769,S010,04-02-2026 11:35,243
O4015,SKU_002770,S010,03-04-2026 03:42,186.43
O4016,SKU_002771,S010,24-04-2026 23:03,169.75
O4017,SKU_002772,S010,18-04-2026 01:24,455.58
O4018,SKU_002773,S010,09-03-2026 21:59,384.01
O4019,SKU_002774,S010,08-03-2026 20:18,439.53
O4020,SKU_002775,S010,01-02-2026 18:01,370.97
O4021,SKU_002776,S010,20-02-2026 05:26,492.56
O4022,SKU_002777,S010,18-01-2026 13:15,196.11
O4023,SKU_002778,S010,25-02-2026 08:31,215.23
O4024,SKU_002779,S010,06-01-2026 07:55,190.52
O4025,SKU_002780,S010,17-03-2026 01:31,182.73
O4026,SKU_002781,S010,10-01-2026 15:23,246.62
O4027,SKU_002782,S010,01-02-2026 15:12,3023.95
O4028,SKU_002783,S010,22-04-2026 02:54,2975.9
O4029,SKU_002784,S010,11-02-2026 14:47,3482.79
O4030,SKU_002785,S010,12-02-2026 23:34,2662.84
O4031,SKU_002786,S010,13-02-2026 17:05,2925.37
O4032,SKU_002787,S010,10-02-2026 03:26,819.09
O4033,SKU_002788,S010,22-02-2026 06:01,652.3
O4034,SKU_002789,S010,21-03-2026 12:26,835.93
O4035,SKU_002790,S010,10-04-2026 16:03,665.72
O4036,SKU_002791,S010,04-01-2026 21:27,707.23
O4037,SKU_002792,S010,02-01-2026 17:28,471.65
O4038,SKU_002793,S010,03-04-2026 01:27,562.97
O4039,SKU_002794,S010,26-01-2026 16:37,462.9
O4040,SKU_002795,S010,03-02-2026 15:10,477.57
O4041,SKU_002796,S010,27-04-2026 17:31,407.72
O4042,SKU_002797,S010,02-01-2026 15:26,1042.22
O4043,SKU_002798,S010,13-02-2026 10:50,911.07
O4044,SKU_002799,S010,19-02-2026 00:13,988.7
O4045,SKU_002800,S010,29-04-2026 03:05,897.47
O4046,SKU_002801,S010,01-03-2026 07:32,908.34
O4047,SKU_002802,S010,23-02-2026 11:21,1034.86
O4048,SKU_002803,S010,24-03-2026 07:04,928.02
O4049,SKU_002804,S010,15-03-2026 02:30,896.17
O4050,SKU_002805,S010,09-03-2026 17:06,1042.68
O4051,SKU_002806,S010,31-03-2026 03:05,888.37
O4052,SKU_002807,S010,18-02-2026 22:23,673.3
O4053,SKU_002808,S010,12-02-2026 08:55,706.17
O4054,SKU_002809,S010,01-04-2026 14:58,714.13
O4055,SKU_002810,S010,28-02-2026 16:05,724.79
O4056,SKU_002811,S010,12-04-2026 02:20,665.28
O4057,SKU_002812,S010,19-03-2026 02:51,596.18
O4058,SKU_002813,S010,24-04-2026 11:54,759.83
O4059,SKU_002814,S010,20-01-2026 20:48,590.5
O4060,SKU_002815,S010,02-01-2026 10:14,671.45
O4061,SKU_002816,S010,10-04-2026 07:49,746.84
O4062,SKU_002817,S010,14-03-2026 16:02,699.81
O4063,SKU_002818,S010,20-04-2026 00:34,527.65
O4064,SKU_002819,S010,26-04-2026 07:10,557.71
O4065,SKU_002820,S010,29-04-2026 06:22,619.01
O4066,SKU_002821,S010,24-02-2026 21:22,489.98
O4067,SKU_002822,S010,27-02-2026 22:59,1052.09
O4068,SKU_002823,S010,21-01-2026 23:48,809.6
O4069,SKU_002824,S010,04-04-2026 13:03,1045.53
O4070,SKU_002825,S010,13-01-2026 09:30,975.88
O4071,SKU_002826,S010,07-03-2026 07:11,812.02
O4072,SKU_002827,S010,23-02-2026 16:30,1041.04
O4073,SKU_002828,S010,05-03-2026 03:14,846.88
O4074,SKU_002829,S010,23-02-2026 18:22,1114.52
O4075,SKU_002830,S010,20-02-2026 17:01,841.84
O4076,SKU_002831,S010,28-02-2026 00:28,1120.77
O4077,SKU_002832,S010,06-02-2026 13:49,644.57
O4078,SKU_002833,S010,30-01-2026 02:43,632.62
O4079,SKU_002834,S010,11-04-2026 10:45,503.81
O4080,SKU_002835,S010,16-02-2026 15:53,606.74
O4081,SKU_002836,S010,12-01-2026 00:35,589.34
O4082,SKU_002837,S010,27-04-2026 12:21,1048.93
O4083,SKU_002838,S010,20-03-2026 11:14,1045.87
O4084,SKU_002839,S010,04-03-2026 01:22,780.56
O4085,SKU_002840,S010,28-01-2026 04:07,993.04
O4086,SKU_002841,S010,05-01-2026 22:37,900.36
O4087,SKU_002842,S010,07-04-2026 13:55,98.64
O4088,SKU_002843,S010,27-02-2026 09:37,111.15
O4089,SKU_002844,S010,20-02-2026 09:00,96.51
O4090,SKU_002845,S010,23-03-2026 06:39,112.26
O4091,SKU_002846,S010,20-03-2026 13:34,143.29
O4092,SKU_002847,S010,17-03-2026 09:29,341.98
O4093,SKU_002848,S010,07-01-2026 20:35,297.61
O4094,SKU_002849,S010,24-04-2026 05:05,309.5
O4095,SKU_002850,S010,22-04-2026 01:54,265.16
O4096,SKU_002851,S010,06-02-2026 21:04,285.41
O4097,SKU_002852,S010,08-03-2026 15:16,3170.39
O4098,SKU_002853,S010,13-02-2026 04:17,3319.15
O4099,SKU_002854,S010,14-04-2026 19:34,2697.3
O4100,SKU_002855,S010,03-04-2026 09:05,3504.63
O4101,SKU_002856,S010,11-03-2026 14:43,2791.03
O4102,SKU_002857,S010,09-04-2026 12:15,1019.3
O4103,SKU_002858,S010,28-02-2026 07:00,1101.52
O4104,SKU_002859,S010,03-02-2026 00:11,1054.27
O4105,SKU_002860,S010,19-04-2026 09:37,1141.13
O4106,SKU_002861,S010,05-02-2026 04:09,936.86
O4107,SKU_002862,S010,27-02-2026 01:07,2572.76
O4108,SKU_002863,S010,19-01-2026 22:51,2765.34
O4109,SKU_002864,S010,02-04-2026 09:59,2539.31
O4110,SKU_002865,S010,25-01-2026 20:15,3382.87
O4111,SKU_002866,S010,20-02-2026 05:24,2649.2
O4112,SKU_002867,S010,19-04-2026 13:16,158.21
O4113,SKU_002868,S010,05-02-2026 13:09,146.15
O4114,SKU_002869,S010,07-03-2026 04:09,159.73
O4115,SKU_002870,S010,18-01-2026 08:10,170.85
O4116,SKU_002871,S010,13-02-2026 03:46,140.5
O4117,SKU_002872,S010,10-03-2026 23:44,320.8
O4118,SKU_002873,S010,13-02-2026 08:47,340.55
O4119,SKU_002874,S010,01-03-2026 15:07,386.13
O4120,SKU_002875,S011,23-03-2026 15:32,404.58
O4121,SKU_002876,S011,06-03-2026 08:02,360.13
O4122,SKU_002877,S011,14-03-2026 04:09,661.75
O4123,SKU_002878,S011,20-02-2026 14:17,752.66
O4124,SKU_002879,S011,24-04-2026 16:57,583.38
O4125,SKU_002880,S011,27-02-2026 02:22,660.07
O4126,SKU_002881,S011,01-04-2026 01:16,835.46
O4127,SKU_002882,S011,23-01-2026 20:54,659.91
O4128,SKU_002883,S011,02-04-2026 08:51,859.12
O4129,SKU_002884,S011,11-01-2026 10:09,872.6
O4130,SKU_002885,S011,24-04-2026 07:39,904.52
O4131,SKU_002886,S011,23-04-2026 16:27,732.79
O4132,SKU_002887,S011,14-01-2026 19:53,462.1
O4133,SKU_002888,S011,02-04-2026 16:42,416.39
O4134,SKU_002889,S011,07-02-2026 18:38,385.58
O4135,SKU_002890,S011,08-04-2026 04:23,429.83
O4136,SKU_002891,S011,24-01-2026 06:22,433.44
O4137,SKU_002892,S011,16-03-2026 02:42,259.29
O4138,SKU_002893,S011,13-04-2026 21:13,372.82
O4139,SKU_002894,S011,27-02-2026 22:26,341.71
O4140,SKU_002895,S011,22-03-2026 05:13,362.52
O4141,SKU_002896,S011,11-01-2026 11:56,261.69
O4142,SKU_002897,S011,30-01-2026 06:40,793.61
O4143,SKU_002898,S011,27-01-2026 16:10,741.7
O4144,SKU_002899,S011,08-02-2026 21:26,693.06
O4145,SKU_002900,S011,08-03-2026 12:57,627.43
O4146,SKU_002901,S011,21-03-2026 10:58,641.72
O4147,SKU_002902,S011,21-04-2026 13:36,845.66
O4148,SKU_002903,S011,30-03-2026 20:26,746.25
O4149,SKU_002904,S011,28-01-2026 19:28,659.17
O4150,SKU_002905,S011,03-03-2026 10:27,648.74
O4151,SKU_002906,S011,05-02-2026 00:31,789.66
O4152,SKU_002907,S011,16-01-2026 16:36,789.34
O4153,SKU_002908,S011,05-04-2026 16:17,623.76
O4154,SKU_002909,S011,06-03-2026 14:09,644.58
O4155,SKU_002910,S011,04-02-2026 08:03,674.9
O4156,SKU_002911,S011,02-03-2026 20:36,825.32
O4157,SKU_002912,S011,12-01-2026 06:21,691.61
O4158,SKU_002913,S011,01-01-2026 21:57,745.17
O4159,SKU_002914,S011,29-03-2026 18:43,689.34
O4160,SKU_002915,S011,23-02-2026 02:43,662.42
O4161,SKU_002916,S011,10-02-2026 15:47,826.29
O4162,SKU_002917,S011,02-02-2026 17:45,2239.32
O4163,SKU_002918,S011,22-04-2026 21:39,2209.82
O4164,SKU_002919,S011,31-01-2026 18:21,1610.6
O4165,SKU_002920,S011,06-04-2026 01:35,2156.7
O4166,SKU_002921,S011,18-01-2026 02:18,1887.99
O4167,SKU_002922,S011,26-01-2026 03:04,2339.39
O4168,SKU_002923,S011,30-04-2026 07:40,2336.79
O4169,SKU_002924,S011,26-03-2026 05:14,2110.55
O4170,SKU_002925,S011,25-03-2026 09:11,1756.06
O4171,SKU_002926,S011,20-03-2026 07:56,2080.04
O4172,SKU_002927,S011,25-03-2026 07:24,4014.55
O4173,SKU_002928,S011,03-04-2026 16:50,3990.71
O4174,SKU_002929,S011,16-03-2026 10:23,4055.2
O4175,SKU_002930,S011,01-01-2026 21:45,4042.04
O4176,SKU_002931,S011,08-01-2026 07:48,2873.84
O4177,SKU_002932,S011,14-04-2026 15:36,1855.22
O4178,SKU_002933,S011,08-02-2026 17:20,1475.28
O4179,SKU_002934,S011,14-03-2026 10:46,1766.88
O4180,SKU_002935,S011,03-01-2026 17:36,1531.81
O4181,SKU_002936,S011,04-03-2026 13:37,1869.26
O4182,SKU_002937,S011,14-04-2026 02:47,3000.43
O4183,SKU_002938,S011,07-02-2026 00:09,2799.37
O4184,SKU_002939,S011,04-01-2026 11:29,3117.95
O4185,SKU_002940,S011,01-01-2026 19:13,2316.08
O4186,SKU_002941,S011,18-02-2026 07:35,2541.22
O4187,SKU_002942,S011,13-02-2026 22:28,3098.89
O4188,SKU_002943,S011,08-03-2026 20:47,3159.88
O4189,SKU_002944,S011,02-03-2026 14:27,3472.99
O4190,SKU_002945,S011,26-01-2026 00:51,3614.28
O4191,SKU_002946,S011,20-01-2026 22:39,3494.88
O4192,SKU_002947,S011,16-03-2026 11:28,1995.59
O4193,SKU_002948,S011,08-04-2026 17:43,2107.99
O4194,SKU_002949,S011,25-04-2026 07:24,1829.18
O4195,SKU_002950,S011,01-03-2026 10:35,2377.09
O4196,SKU_002951,S011,02-02-2026 10:22,1712.92
O4197,SKU_002952,S011,13-01-2026 16:15,866.03
O4198,SKU_002953,S011,09-01-2026 21:03,777.35
O4199,SKU_002954,S011,27-02-2026 21:43,1018.86
O4200,SKU_002955,S011,26-02-2026 11:21,949.56
O4201,SKU_002956,S011,30-03-2026 12:46,737.2
O4202,SKU_002957,S011,12-04-2026 00:43,2065.49
O4203,SKU_002958,S011,26-04-2026 19:17,1956.28
O4204,SKU_002959,S011,12-04-2026 18:33,2214.43
O4205,SKU_002960,S011,07-03-2026 14:25,2238.02
O4206,SKU_002961,S011,26-03-2026 05:01,1660.81
O4207,SKU_002962,S011,26-01-2026 23:30,71.71
O4208,SKU_002963,S011,08-03-2026 13:15,68.62
O4209,SKU_002964,S011,06-04-2026 04:23,59.52
O4210,SKU_002965,S011,11-03-2026 18:13,55.8
O4211,SKU_002966,S011,06-02-2026 14:07,62.34
O4212,SKU_002967,S011,02-02-2026 00:24,944.81
O4213,SKU_002968,S011,20-03-2026 07:56,959.7
O4214,SKU_002969,S011,04-01-2026 17:07,794.41
O4215,SKU_002970,S011,14-02-2026 08:30,894.9
O4216,SKU_002971,S011,13-02-2026 13:24,776.6
O4217,SKU_002972,S011,26-01-2026 11:27,769.36
O4218,SKU_002973,S011,11-02-2026 00:13,589.46
O4219,SKU_002974,S011,05-01-2026 06:07,630.6
O4220,SKU_002975,S011,25-04-2026 12:10,717.51
O4221,SKU_002976,S011,08-04-2026 23:45,630.37
O4222,SKU_002977,S011,02-02-2026 19:31,681.65
O4223,SKU_002978,S011,24-01-2026 21:58,785.88
O4224,SKU_002979,S011,13-03-2026 04:26,921.44
O4225,SKU_002980,S011,08-01-2026 06:07,726.9
O4226,SKU_002981,S011,14-03-2026 20:31,702.54
O4227,SKU_002982,S011,19-02-2026 16:03,773.89
O4228,SKU_002983,S011,14-04-2026 20:02,638.53
O4229,SKU_002984,S011,10-01-2026 10:25,576.24
O4230,SKU_002985,S011,26-04-2026 07:53,575.31
O4231,SKU_002986,S011,10-01-2026 07:30,602.78
O4232,SKU_002987,S011,21-01-2026 23:50,731.35
O4233,SKU_002988,S011,04-01-2026 20:00,795.08
O4234,SKU_002989,S011,10-01-2026 08:47,945.09
O4235,SKU_002990,S011,23-01-2026 11:37,777.19
O4236,SKU_002991,S011,22-03-2026 22:18,851.11
O4237,SKU_002992,S011,28-03-2026 06:39,6612.23
O4238,SKU_002993,S011,15-03-2026 20:06,5115.54
O4239,SKU_002994,S011,24-01-2026 23:59,7065.25
O4240,SKU_002995,S011,17-04-2026 06:31,5069.75
O4241,SKU_002996,S011,19-02-2026 01:50,6871.29
O4242,SKU_002997,S011,03-04-2026 02:50,9888.71
O4243,SKU_002998,S011,30-01-2026 17:37,8806.22
O4244,SKU_002999,S011,09-02-2026 21:40,10735.06
O4245,SKU_003000,S011,02-01-2026 19:21,7674.87
O4246,SKU_003001,S011,28-02-2026 11:18,7366.18
O4247,SKU_003002,S011,23-03-2026 17:24,10642.23
O4248,SKU_003003,S011,20-01-2026 14:36,9655.08
O4249,SKU_003004,S011,12-04-2026 00:49,9266.31
O4250,SKU_003005,S011,22-02-2026 10:11,8412.29
O4251,SKU_003006,S011,28-04-2026 14:27,10665.9
O4252,SKU_003007,S011,27-01-2026 15:13,2337.18
O4253,SKU_003008,S011,23-03-2026 07:52,2646.4
O4254,SKU_003009,S011,21-01-2026 08:56,2489.35
O4255,SKU_003010,S011,10-04-2026 08:09,2326.09
O4256,SKU_003011,S011,30-04-2026 22:40,2169.41
O4257,SKU_003012,S011,23-01-2026 20:40,161183.67
O4258,SKU_003013,S011,24-02-2026 21:30,130555.45
O4259,SKU_003014,S011,23-01-2026 03:20,124912.9
O4260,SKU_003015,S011,21-01-2026 15:13,126250.73
O4261,SKU_003016,S011,07-04-2026 15:37,120252.03
O4262,SKU_003017,S011,08-02-2026 13:45,27530.16
O4263,SKU_003018,S011,29-04-2026 06:09,31383.31
O4264,SKU_003019,S011,08-02-2026 18:53,27624.93
O4265,SKU_003020,S011,21-02-2026 01:38,35040.95
O4266,SKU_003021,S011,12-04-2026 14:02,26638.43
O4267,SKU_003022,S011,09-02-2026 03:51,144.65
O4268,SKU_003023,S011,11-03-2026 12:02,167.63
O4269,SKU_003024,S011,21-03-2026 13:36,163.36
O4270,SKU_003025,S011,27-02-2026 08:26,119.76
O4271,SKU_003026,S011,01-02-2026 03:23,141.74
O4272,SKU_003027,S011,08-01-2026 15:38,464.74
O4273,SKU_003028,S011,17-04-2026 10:30,522.41
O4274,SKU_003029,S011,07-04-2026 09:10,477.42
O4275,SKU_003030,S011,10-02-2026 07:55,504.57
O4276,SKU_003031,S011,04-04-2026 08:03,695.36
O4277,SKU_003032,S011,06-03-2026 04:43,837.45
O4278,SKU_003033,S011,15-02-2026 12:52,939.84
O4279,SKU_003034,S011,01-01-2026 12:45,829.73
O4280,SKU_003035,S011,03-01-2026 11:24,945.04
O4281,SKU_003036,S011,18-01-2026 06:46,1025.11
O4282,SKU_003037,S011,22-01-2026 10:38,5519.07
O4283,SKU_003038,S011,22-04-2026 11:44,5416.82
O4284,SKU_003039,S011,06-04-2026 22:41,4356.53
O4285,SKU_003040,S011,29-01-2026 23:03,4713.85
O4286,SKU_003041,S011,18-01-2026 11:48,4617.85
O4287,SKU_003042,S011,10-04-2026 08:43,23083.37
O4288,SKU_003043,S011,15-01-2026 13:45,20574.3
O4289,SKU_003044,S011,20-01-2026 16:02,23949.34
O4290,SKU_003045,S011,19-02-2026 16:32,16901.66
O4291,SKU_003046,S011,14-02-2026 21:17,16702.52
O4292,SKU_003047,S011,30-03-2026 16:36,1687.53
O4293,SKU_003048,S011,27-02-2026 11:33,1753.69
O4294,SKU_003049,S011,21-02-2026 06:54,1252.44
O4295,SKU_003050,S011,01-04-2026 03:41,1441.52
O4296,SKU_003051,S011,10-01-2026 17:23,1324.62
O4297,SKU_003052,S011,20-01-2026 09:08,4069.68
O4298,SKU_003053,S011,03-02-2026 22:10,3951.45
O4299,SKU_003054,S011,08-01-2026 15:49,3986.5
O4300,SKU_003055,S011,26-02-2026 10:08,4473.29
O4301,SKU_003056,S011,11-03-2026 22:43,4755.01
O4302,SKU_003057,S011,02-03-2026 17:19,2331.01
O4303,SKU_003058,S011,24-03-2026 17:16,2246.04
O4304,SKU_003059,S011,23-01-2026 12:08,1608.36
O4305,SKU_003060,S011,19-01-2026 10:43,2366.04
O4306,SKU_003061,S011,09-01-2026 21:51,1959.15
O4307,SKU_003062,S011,02-01-2026 21:04,1478.22
O4308,SKU_003063,S011,27-01-2026 20:57,1306.07
O4309,SKU_003064,S011,03-02-2026 02:38,1441.41
O4310,SKU_003065,S011,05-03-2026 19:40,1485.08
O4311,SKU_003066,S011,11-03-2026 10:11,1430.52
O4312,SKU_003067,S011,26-03-2026 23:53,584.02
O4313,SKU_003068,S011,22-02-2026 02:24,762.08
O4314,SKU_003069,S011,19-01-2026 01:11,630.07
O4315,SKU_003070,S011,14-03-2026 08:32,682.29
O4316,SKU_003071,S011,08-03-2026 13:12,544.66
O4317,SKU_003072,S011,05-02-2026 12:13,105.5
O4318,SKU_003073,S011,23-01-2026 02:29,116.29
O4319,SKU_003074,S011,19-03-2026 19:45,113.84
O4320,SKU_003075,S011,19-03-2026 17:18,114.15
O4321,SKU_003076,S011,30-03-2026 15:37,128.5
O4322,SKU_003077,S011,22-02-2026 18:50,1428.23
O4323,SKU_003078,S011,16-03-2026 21:33,1219.44
O4324,SKU_003079,S011,03-04-2026 20:46,1370.36
O4325,SKU_003080,S011,23-03-2026 21:27,1289.04
O4326,SKU_003081,S011,02-02-2026 09:14,1194.31
O4327,SKU_003082,S011,22-01-2026 22:52,12573.28
O4328,SKU_003083,S011,26-01-2026 17:32,10709.06
O4329,SKU_003084,S011,12-01-2026 09:18,13752.1
O4330,SKU_003085,S011,31-01-2026 22:50,11885.19
O4331,SKU_003086,S011,21-01-2026 03:20,12319.25
O4332,SKU_003087,S011,22-03-2026 18:49,5605.44
O4333,SKU_003088,S011,25-04-2026 17:05,5920.74
O4334,SKU_003089,S011,04-04-2026 17:25,5910.48
O4335,SKU_003090,S011,21-04-2026 11:28,4950.69
O4336,SKU_003091,S011,27-03-2026 01:59,6375.01
O4337,SKU_003092,S011,05-02-2026 04:44,4491.56
O4338,SKU_003093,S011,29-04-2026 16:58,3895.74
O4339,SKU_003094,S011,15-03-2026 17:46,4651.44
O4340,SKU_003095,S011,11-03-2026 15:11,4776.94
O4341,SKU_003096,S011,29-04-2026 17:08,3998.28
O4342,SKU_003097,S011,06-01-2026 14:17,2133.76
O4343,SKU_003098,S011,26-01-2026 08:53,2060.38
O4344,SKU_003099,S011,04-04-2026 19:18,1955.48
O4345,SKU_003100,S011,05-04-2026 18:49,2114.94
O4346,SKU_003101,S011,22-01-2026 22:19,1655.18
O4347,SKU_003102,S011,21-03-2026 20:43,1022.59
O4348,SKU_003103,S011,27-03-2026 13:45,1117.96
O4349,SKU_003104,S011,09-01-2026 22:14,983.23
O4350,SKU_003105,S011,13-01-2026 07:10,810.85
O4351,SKU_003106,S011,20-02-2026 19:12,822.71
O4352,SKU_003107,S011,03-03-2026 00:27,1850.49
O4353,SKU_003108,S011,03-01-2026 09:36,2338.67
O4354,SKU_003109,S011,12-04-2026 21:49,1804.08
O4355,SKU_003110,S011,22-04-2026 23:22,1610.04
O4356,SKU_003111,S011,20-04-2026 17:08,1894.23
O4357,SKU_003112,S011,13-02-2026 11:50,11460.03
O4358,SKU_003113,S011,07-03-2026 16:35,9341.12
O4359,SKU_003114,S011,11-04-2026 19:10,9733.38
O4360,SKU_003115,S011,12-04-2026 13:50,11852.8
O4361,SKU_003116,S011,19-01-2026 11:51,9091.95
O4362,SKU_003117,S011,26-03-2026 01:13,28082.29
O4363,SKU_003118,S011,18-02-2026 06:27,24091.26
O4364,SKU_003119,S011,04-04-2026 13:57,28575.74
O4365,SKU_003120,S011,09-03-2026 03:18,22448.63
O4366,SKU_003121,S011,16-03-2026 17:39,27809.58
O4367,SKU_003122,S011,29-01-2026 20:46,85748.33
O4368,SKU_003123,S011,19-04-2026 10:04,68731.04
O4369,SKU_003124,S011,30-04-2026 00:23,74459.32
O4370,SKU_003125,S011,11-01-2026 14:17,74954.62
O4371,SKU_003126,S011,03-01-2026 06:16,78221.4
O4372,SKU_003127,S011,31-01-2026 11:20,70919.48
O4373,SKU_003128,S011,09-04-2026 04:06,76925.31
O4374,SKU_003129,S011,02-04-2026 03:02,82358.28
O4375,SKU_003130,S011,07-04-2026 06:45,57645.27
O4376,SKU_003131,S011,02-02-2026 02:50,71864.53
O4377,SKU_003132,S011,15-01-2026 12:53,52829.3
O4378,SKU_003133,S011,06-04-2026 11:14,41270.7
O4379,SKU_003134,S011,04-03-2026 06:15,40845.2
O4380,SKU_003135,S011,16-02-2026 18:38,52762.19
O4381,SKU_003136,S011,06-03-2026 06:04,44521.22
O4382,SKU_003137,S011,24-02-2026 00:18,19691.53
O4383,SKU_003138,S011,10-01-2026 18:39,19243.49
O4384,SKU_003139,S011,09-04-2026 10:27,20316.51
O4385,SKU_003140,S011,13-02-2026 05:53,15474.02
O4386,SKU_003141,S011,17-04-2026 21:29,15547.78
O4387,SKU_003142,S011,15-03-2026 12:34,52666.12
O4388,SKU_003143,S011,20-03-2026 07:24,68296.95
O4389,SKU_003144,S011,15-02-2026 15:10,71370.07
O4390,SKU_003145,S011,16-01-2026 07:22,53758.78
O4391,SKU_003146,S011,31-03-2026 03:32,71675.02
O4392,SKU_003147,S011,28-03-2026 06:04,62905.98
O4393,SKU_003148,S011,22-04-2026 06:32,77548.78
O4394,SKU_003149,S011,29-03-2026 00:17,62059.53
O4395,SKU_003150,S011,18-01-2026 02:12,74500.72
O4396,SKU_003151,S011,07-04-2026 18:58,74522.54
O4397,SKU_003152,S011,28-03-2026 19:29,36997.58
O4398,SKU_003153,S011,03-03-2026 08:57,31912.15
O4399,SKU_003154,S011,24-01-2026 01:12,36763.59
O4400,SKU_003155,S011,07-04-2026 13:55,28003.05
O4401,SKU_003156,S011,04-01-2026 10:48,40278.06
O4402,SKU_003157,S011,20-01-2026 22:21,26551.44
O4403,SKU_003158,S011,20-03-2026 08:09,20855.94
O4404,SKU_003159,S011,22-03-2026 01:38,19162.48
O4405,SKU_003160,S011,07-01-2026 22:59,22560.96
O4406,SKU_003161,S011,19-04-2026 04:25,22751.22
O4407,SKU_003162,S011,17-04-2026 14:59,8193.63
O4408,SKU_003163,S011,01-01-2026 00:47,6799.75
O4409,SKU_003164,S011,18-01-2026 15:36,8395.7
O4410,SKU_003165,S011,28-04-2026 07:47,7221.21
O4411,SKU_003166,S011,01-03-2026 03:31,7131.31
O4412,SKU_003167,S011,09-04-2026 17:01,7270.19
O4413,SKU_003168,S011,20-04-2026 04:39,8793.88
O4414,SKU_003169,S011,10-02-2026 03:59,8610.33
O4415,SKU_003170,S011,30-03-2026 14:04,8104.3
O4416,SKU_003171,S011,08-03-2026 04:29,9329.48
O4417,SKU_003172,S011,12-03-2026 13:17,35346.14
O4418,SKU_003173,S011,11-01-2026 12:56,27206.58
O4419,SKU_003174,S011,13-02-2026 06:52,31831.84
O4420,SKU_003175,S011,30-03-2026 05:56,24730.19
O4421,SKU_003176,S011,06-03-2026 11:06,35415.08
O4422,SKU_003177,S011,19-04-2026 18:29,527.78
O4423,SKU_003178,S011,27-04-2026 11:58,545.43
O4424,SKU_003179,S011,02-04-2026 20:57,538.54
O4425,SKU_003180,S011,12-03-2026 13:04,664.46
O4426,SKU_003181,S011,29-03-2026 20:57,701.49
O4427,SKU_003182,S011,23-01-2026 03:23,15420.75
O4428,SKU_003183,S011,19-01-2026 22:05,14088.47
O4429,SKU_003184,S011,13-02-2026 01:24,12777.34
O4430,SKU_003185,S011,01-01-2026 10:14,14791.55
O4431,SKU_003186,S011,08-03-2026 06:50,11265.42
O4432,SKU_003187,S011,10-03-2026 23:04,667.47
O4433,SKU_003188,S011,26-02-2026 16:44,658.12
O4434,SKU_003189,S011,17-04-2026 08:25,665.45
O4435,SKU_003190,S011,12-04-2026 08:37,545.59
O4436,SKU_003191,S011,14-03-2026 14:27,640.75
O4437,SKU_003192,S011,21-01-2026 15:29,658.6
O4438,SKU_003193,S011,09-01-2026 21:20,590.3
O4439,SKU_003194,S011,01-02-2026 21:01,676.84
O4440,SKU_003195,S011,06-04-2026 14:51,527.85
O4441,SKU_003196,S011,28-01-2026 06:32,715.68
O4442,SKU_003197,S011,21-03-2026 11:03,529.44
O4443,SKU_003198,S011,21-01-2026 18:28,569.06
O4444,SKU_003199,S011,19-02-2026 09:04,515.88
O4445,SKU_003200,S011,29-04-2026 14:46,573.68
O4446,SKU_003201,S011,08-02-2026 01:03,512.72
O4447,SKU_003202,S011,06-02-2026 10:00,594.46
O4448,SKU_003203,S011,24-01-2026 10:42,564.93
O4449,SKU_003204,S011,18-03-2026 07:01,711.96
O4450,SKU_003205,S011,11-02-2026 20:43,542.27
O4451,SKU_003206,S011,30-03-2026 17:59,638.69
O4452,SKU_003207,S011,07-02-2026 00:09,305.53
O4453,SKU_003208,S011,07-03-2026 14:53,304.83
O4454,SKU_003209,S011,21-01-2026 22:13,350.78
O4455,SKU_003210,S011,22-03-2026 11:34,371.48
O4456,SKU_003211,S011,10-01-2026 00:42,316.11
O4457,SKU_003212,S011,25-04-2026 08:03,636.86
O4458,SKU_003213,S011,24-01-2026 22:14,512.03
O4459,SKU_003214,S011,29-03-2026 11:30,525.88
O4460,SKU_003215,S011,30-03-2026 19:34,736.51
O4461,SKU_003216,S011,25-04-2026 10:24,725.76
O4462,SKU_003217,S011,08-04-2026 21:43,5808.68
O4463,SKU_003218,S011,27-01-2026 03:26,5866.52
O4464,SKU_003219,S011,07-04-2026 20:42,4280.54
O4465,SKU_003220,S011,01-01-2026 20:12,4292.9
O4466,SKU_003221,S011,13-04-2026 23:40,5836.93
O4467,SKU_003222,S011,10-01-2026 10:21,4195.6
O4468,SKU_003223,S011,18-04-2026 10:13,3908.18
O4469,SKU_003224,S011,26-03-2026 01:02,3806.23
O4470,SKU_003225,S011,24-04-2026 14:51,3683.28
O4471,SKU_003226,S011,04-04-2026 18:37,4409.41
O4472,SKU_003227,S011,09-04-2026 17:00,14401.28
O4473,SKU_003228,S011,04-02-2026 09:49,16695.06
O4474,SKU_003229,S011,23-04-2026 08:15,19937.72
O4475,SKU_003230,S011,03-02-2026 17:16,20511.9
O4476,SKU_003231,S011,25-01-2026 22:18,17678.07
O4477,SKU_003232,S011,21-01-2026 02:35,1104.72
O4478,SKU_003233,S011,17-03-2026 05:26,1376.01
O4479,SKU_003234,S011,27-04-2026 14:44,1113.95
O4480,SKU_003235,S011,28-04-2026 16:54,1108.63
O4481,SKU_003236,S011,04-03-2026 11:54,1270.19
O4482,SKU_003237,S011,08-04-2026 21:19,212.42
O4483,SKU_003238,S011,16-03-2026 16:39,234.18
O4484,SKU_003239,S011,23-03-2026 07:07,233.08
O4485,SKU_003240,S011,29-04-2026 06:06,235.65
O4486,SKU_003241,S011,18-02-2026 04:52,244.11
O4487,SKU_003242,S011,23-02-2026 03:02,78.36
O4488,SKU_003243,S011,19-03-2026 06:12,82.41
O4489,SKU_003244,S011,08-03-2026 13:50,75.2
O4490,SKU_003245,S011,27-02-2026 02:56,90.01
O4491,SKU_003246,S011,29-03-2026 22:24,88.53
O4492,SKU_003247,S011,26-01-2026 21:33,1057.28
O4493,SKU_003248,S011,27-01-2026 19:57,1197.16
O4494,SKU_003249,S011,22-03-2026 03:31,1186.83
O4495,SKU_003250,S011,27-04-2026 23:58,1183.89
O4496,SKU_003251,S011,10-04-2026 11:27,1110.37
O4497,SKU_003252,S011,28-02-2026 01:02,2815.08
O4498,SKU_003253,S011,17-04-2026 08:57,3303.18
O4499,SKU_003254,S011,02-03-2026 22:55,3365.74
O4500,SKU_003255,S011,18-04-2026 11:52,3415.17
O4501,SKU_003256,S011,12-02-2026 04:53,3834.64
O4502,SKU_003257,S011,09-02-2026 00:12,1082.66
O4503,SKU_003258,S011,10-02-2026 17:19,1235.6
O4504,SKU_003259,S011,26-02-2026 10:11,1532.76
O4505,SKU_003260,S011,09-03-2026 01:11,1210.13
O4506,SKU_003261,S011,26-01-2026 18:17,1523.45
O4507,SKU_003262,S011,04-02-2026 12:40,4786.37
O4508,SKU_003263,S011,08-04-2026 20:18,4342.11
O4509,SKU_003264,S011,16-04-2026 08:11,3932.66
O4510,SKU_003265,S011,04-03-2026 14:24,3595.31
O4511,SKU_003266,S011,23-01-2026 09:49,3387.43
O4512,SKU_003267,S011,10-03-2026 09:32,1072.84
O4513,SKU_003268,S011,20-04-2026 04:24,915.76
O4514,SKU_003269,S011,04-04-2026 06:41,1048.53
O4515,SKU_003270,S011,24-04-2026 04:04,1027.69
O4516,SKU_003271,S011,21-04-2026 19:22,797.73
O4517,SKU_003272,S011,23-03-2026 01:35,3639.1
O4518,SKU_003273,S011,14-04-2026 16:10,3980.84
O4519,SKU_003274,S011,25-02-2026 12:31,4339.68
O4520,SKU_003275,S012,24-03-2026 00:27,3315.59
O4521,SKU_003276,S012,03-01-2026 11:30,3509.01
O4522,SKU_003277,S012,12-04-2026 12:05,530
O4523,SKU_003278,S012,21-01-2026 16:11,532.78
O4524,SKU_003279,S012,05-01-2026 21:46,366.55
O4525,SKU_003280,S012,15-03-2026 22:59,493.24
O4526,SKU_003281,S012,29-01-2026 05:16,501.37
O4527,SKU_003282,S012,11-01-2026 07:18,329.99
O4528,SKU_003283,S012,11-01-2026 23:47,358.83
O4529,SKU_003284,S012,08-02-2026 19:36,383.05
O4530,SKU_003285,S012,21-02-2026 20:12,324.45
O4531,SKU_003286,S012,01-02-2026 06:00,389.61
O4532,SKU_003287,S012,25-02-2026 15:43,236.11
O4533,SKU_003288,S012,18-02-2026 15:41,199.82
O4534,SKU_003289,S012,29-01-2026 10:24,241.87
O4535,SKU_003290,S012,13-01-2026 01:05,247.85
O4536,SKU_003291,S012,27-02-2026 07:27,227.07
O4537,SKU_003292,S012,09-02-2026 14:42,473.27
O4538,SKU_003293,S012,16-04-2026 02:02,413.39
O4539,SKU_003294,S012,07-01-2026 06:33,358.4
O4540,SKU_003295,S012,11-03-2026 15:34,481.75
O4541,SKU_003296,S012,29-03-2026 21:14,411.08
O4542,SKU_003297,S012,20-01-2026 21:35,1196.33
O4543,SKU_003298,S012,30-04-2026 15:16,1133.38
O4544,SKU_003299,S012,20-04-2026 02:34,966.54
O4545,SKU_003300,S012,13-02-2026 13:20,1016.33
O4546,SKU_003301,S012,19-04-2026 23:42,825.61
O4547,SKU_003302,S012,17-03-2026 12:20,515.77
O4548,SKU_003303,S012,16-02-2026 03:16,635.58
O4549,SKU_003304,S012,10-04-2026 05:04,506.03
O4550,SKU_003305,S012,25-02-2026 20:29,573.97
O4551,SKU_003306,S012,10-01-2026 02:56,582.31
O4552,SKU_003307,S012,16-03-2026 02:18,583.62
O4553,SKU_003308,S012,17-03-2026 06:08,410.85
O4554,SKU_003309,S012,22-03-2026 21:20,538.43
O4555,SKU_003310,S012,02-03-2026 17:04,552.43
O4556,SKU_003311,S012,18-04-2026 05:05,524.76
O4557,SKU_003312,S012,11-01-2026 10:44,75.71
O4558,SKU_003313,S012,03-01-2026 12:25,72.12
O4559,SKU_003314,S012,18-02-2026 19:20,84.13
O4560,SKU_003315,S012,09-02-2026 10:27,77.95
O4561,SKU_003316,S012,28-03-2026 00:49,82.42
O4562,SKU_003317,S012,13-02-2026 19:07,2305.5
O4563,SKU_003318,S012,13-03-2026 09:47,2648.2
O4564,SKU_003319,S012,25-04-2026 06:04,2178.27
O4565,SKU_003320,S012,17-04-2026 03:24,2762.94
O4566,SKU_003321,S012,28-04-2026 03:59,2769.44
O4567,SKU_003322,S012,08-02-2026 03:36,3257.37
O4568,SKU_003323,S012,07-02-2026 13:45,2780.6
O4569,SKU_003324,S012,27-02-2026 02:58,3501.97
O4570,SKU_003325,S012,29-03-2026 03:37,3243.66
O4571,SKU_003326,S012,04-02-2026 10:51,3068.01
O4572,SKU_003327,S012,15-01-2026 11:03,2725.58
O4573,SKU_003328,S012,06-02-2026 07:22,2266.47
O4574,SKU_003329,S012,03-02-2026 17:56,2074.75
O4575,SKU_003330,S012,10-04-2026 18:41,2656.12
O4576,SKU_003331,S012,24-01-2026 04:13,2002.27
O4577,SKU_003332,S012,15-03-2026 05:52,145.47
O4578,SKU_003333,S012,08-01-2026 21:22,140.89
O4579,SKU_003334,S012,25-03-2026 04:59,169.98
O4580,SKU_003335,S012,24-02-2026 04:45,182.22
O4581,SKU_003336,S012,19-04-2026 01:56,176.07
O4582,SKU_003337,S012,21-02-2026 07:26,65.76
O4583,SKU_003338,S012,26-01-2026 06:09,70.06
O4584,SKU_003339,S012,01-02-2026 05:58,76.69
O4585,SKU_003340,S012,24-04-2026 09:34,73.2
O4586,SKU_003341,S012,19-02-2026 12:27,67.01
O4587,SKU_003342,S012,02-01-2026 02:18,101.81
O4588,SKU_003343,S012,06-03-2026 04:32,92.91
O4589,SKU_003344,S012,01-04-2026 13:15,114.05
O4590,SKU_003345,S012,31-01-2026 01:26,119.53
O4591,SKU_003346,S012,08-01-2026 18:08,94.66
O4592,SKU_003347,S012,30-01-2026 20:18,9185.63
O4593,SKU_003348,S012,04-03-2026 15:33,8024.01
O4594,SKU_003349,S012,26-04-2026 21:39,10084.54
O4595,SKU_003350,S012,10-01-2026 21:00,10773.46
O4596,SKU_003351,S012,30-04-2026 12:56,8459.22
O4597,SKU_003352,S012,28-02-2026 11:28,19702.06
O4598,SKU_003353,S012,06-04-2026 06:07,23876.01
O4599,SKU_003354,S012,22-04-2026 04:52,22377.31
O4600,SKU_003355,S012,17-04-2026 19:55,16197.3
O4601,SKU_003356,S012,11-03-2026 12:47,21407.08
O4602,SKU_003357,S012,15-01-2026 03:38,17972.13
O4603,SKU_003358,S012,03-03-2026 17:19,16017.9
O4604,SKU_003359,S012,13-04-2026 00:31,15903.51
O4605,SKU_003360,S012,12-02-2026 17:05,12501.85
O4606,SKU_003361,S012,05-02-2026 16:53,15894.67
O4607,SKU_003362,S012,12-04-2026 02:12,86389.81
O4608,SKU_003363,S012,14-01-2026 05:43,84187.63
O4609,SKU_003364,S012,09-04-2026 02:07,78856.22
O4610,SKU_003365,S012,31-01-2026 22:43,80749
O4611,SKU_003366,S012,22-03-2026 18:22,74587.9
O4612,SKU_003367,S012,16-04-2026 10:56,53870.98
O4613,SKU_003368,S012,15-04-2026 06:46,48594.46
O4614,SKU_003369,S012,20-03-2026 08:03,49651.97
O4615,SKU_003370,S012,18-01-2026 20:29,51998.16
O4616,SKU_003371,S012,09-03-2026 20:20,56175.55
O4617,SKU_003372,S012,12-02-2026 22:51,71583.9
O4618,SKU_003373,S012,11-02-2026 10:18,62956.23
O4619,SKU_003374,S012,06-03-2026 10:41,79885.2
O4620,SKU_003375,S012,06-03-2026 06:52,82529.31
O4621,SKU_003376,S012,12-03-2026 01:26,78158.31
O4622,SKU_003377,S012,27-02-2026 00:09,68945.35
O4623,SKU_003378,S012,12-02-2026 10:01,72960.74
O4624,SKU_003379,S012,14-04-2026 00:18,89154.29
O4625,SKU_003380,S012,03-04-2026 04:59,73746.62
O4626,SKU_003381,S012,20-04-2026 00:00,73290.45
O4627,SKU_003382,S012,02-01-2026 17:01,643.64
O4628,SKU_003383,S012,23-01-2026 06:38,868.63
O4629,SKU_003384,S012,09-03-2026 04:30,866.06
O4630,SKU_003385,S012,28-03-2026 12:57,932.38
O4631,SKU_003386,S012,16-02-2026 16:06,920.01
O4632,SKU_003387,S012,30-04-2026 04:03,110.69
O4633,SKU_003388,S012,17-02-2026 08:19,117.06
O4634,SKU_003389,S012,08-01-2026 17:50,135.9
O4635,SKU_003390,S012,04-03-2026 07:40,99.37
O4636,SKU_003391,S012,16-03-2026 01:19,110.9
O4637,SKU_003392,S012,23-01-2026 00:21,830.6
O4638,SKU_003393,S012,16-03-2026 22:18,856.61
O4639,SKU_003394,S012,19-02-2026 19:47,596.01
O4640,SKU_003395,S012,15-04-2026 21:41,660.93
O4641,SKU_003396,S012,24-02-2026 22:04,882.75
O4642,SKU_003397,S012,05-01-2026 19:08,234.67
O4643,SKU_003398,S012,11-04-2026 08:46,192.84
O4644,SKU_003399,S012,14-03-2026 19:25,217.14
O4645,SKU_003400,S012,10-04-2026 20:51,235.99
O4646,SKU_003401,S012,09-04-2026 18:52,190.32
O4647,SKU_003402,S012,28-03-2026 12:26,144.26
O4648,SKU_003403,S012,05-04-2026 12:40,211.71
O4649,SKU_003404,S012,09-01-2026 12:21,187.5
O4650,SKU_003405,S012,27-02-2026 13:28,176.97
O4651,SKU_003406,S012,07-02-2026 09:10,156.69
O4652,SKU_003407,S012,04-03-2026 04:45,1007.74
O4653,SKU_003408,S012,10-04-2026 18:55,757.51
O4654,SKU_003409,S012,16-01-2026 23:45,872.52
O4655,SKU_003410,S012,19-01-2026 15:11,995.11
O4656,SKU_003411,S012,02-02-2026 12:06,1018.53
O4657,SKU_003412,S012,15-04-2026 11:08,287.36
O4658,SKU_003413,S012,14-04-2026 12:55,323.15
O4659,SKU_003414,S012,02-01-2026 10:09,222.63
O4660,SKU_003415,S012,13-01-2026 17:07,247.44
O4661,SKU_003416,S012,10-02-2026 22:18,225.89
O4662,SKU_003417,S012,11-02-2026 09:28,982.29
O4663,SKU_003418,S012,24-03-2026 08:57,922.65
O4664,SKU_003419,S012,21-01-2026 04:20,940.64
O4665,SKU_003420,S012,09-02-2026 22:04,922.3
O4666,SKU_003421,S012,15-04-2026 10:06,895.31
O4667,SKU_003422,S012,26-03-2026 12:21,620.02
O4668,SKU_003423,S012,15-01-2026 00:06,430.3
O4669,SKU_003424,S012,30-01-2026 20:32,509.42
O4670,SKU_003425,S012,05-01-2026 14:41,618.28
O4671,SKU_003426,S012,31-03-2026 04:08,476.74
O4672,SKU_003427,S012,06-03-2026 09:54,1062.93
O4673,SKU_003428,S012,08-01-2026 08:33,896.19
O4674,SKU_003429,S012,17-01-2026 23:52,750.09
O4675,SKU_003430,S012,15-01-2026 05:21,1102.21
O4676,SKU_003431,S012,11-01-2026 12:54,1058.46
O4677,SKU_003432,S012,04-02-2026 13:30,200.14
O4678,SKU_003433,S012,18-02-2026 21:58,258.75
O4679,SKU_003434,S012,19-04-2026 08:51,233.28
O4680,SKU_003435,S012,14-01-2026 16:17,239.27
O4681,SKU_003436,S012,22-04-2026 15:31,207.49
O4682,SKU_003437,S012,14-02-2026 04:54,657.13
O4683,SKU_003438,S012,20-02-2026 05:23,463.21
O4684,SKU_003439,S012,21-03-2026 03:42,555.44
O4685,SKU_003440,S012,17-03-2026 08:21,616.3
O4686,SKU_003441,S012,29-03-2026 14:23,483.69
O4687,SKU_003442,S012,20-03-2026 12:51,347.87
O4688,SKU_003443,S012,26-03-2026 02:02,278.88
O4689,SKU_003444,S012,03-03-2026 10:33,348.42
O4690,SKU_003445,S012,04-01-2026 06:43,266.14
O4691,SKU_003446,S012,17-03-2026 15:12,332.88
O4692,SKU_003447,S012,23-01-2026 23:20,611.29
O4693,SKU_003448,S012,14-04-2026 20:30,594.7
O4694,SKU_003449,S012,02-01-2026 03:29,624.1
O4695,SKU_003450,S012,13-01-2026 06:42,655.65
O4696,SKU_003451,S012,24-04-2026 17:07,500.83
O4697,SKU_003452,S012,09-01-2026 20:07,59.08
O4698,SKU_003453,S012,15-01-2026 02:17,51.19
O4699,SKU_003454,S012,11-03-2026 11:00,55.42
O4700,SKU_003455,S012,08-04-2026 15:23,63.07
O4701,SKU_003456,S012,21-01-2026 14:37,70.27
O4702,SKU_003457,S012,26-02-2026 06:44,675.99
O4703,SKU_003458,S012,28-02-2026 12:23,516.57
O4704,SKU_003459,S012,28-04-2026 18:48,618.06
O4705,SKU_003460,S012,17-01-2026 19:08,653.91
O4706,SKU_003461,S012,24-02-2026 15:57,490.93
O4707,SKU_003462,S012,26-03-2026 23:43,119.53
O4708,SKU_003463,S012,16-03-2026 01:30,163.63
O4709,SKU_003464,S012,18-03-2026 17:21,152.52
O4710,SKU_003465,S012,06-01-2026 23:37,146.55
O4711,SKU_003466,S012,03-04-2026 00:56,114.14
O4712,SKU_003467,S012,31-01-2026 08:31,128.17
O4713,SKU_003468,S012,14-04-2026 14:08,113.5
O4714,SKU_003469,S012,12-02-2026 16:38,106.4
O4715,SKU_003470,S012,27-01-2026 11:35,95.15
O4716,SKU_003471,S012,17-03-2026 22:09,97.62
O4717,SKU_003472,S012,16-04-2026 23:15,180.33
O4718,SKU_003473,S012,27-02-2026 06:41,198.71
O4719,SKU_003474,S012,28-01-2026 23:26,190.92
O4720,SKU_003475,S012,27-02-2026 21:02,159.92
O4721,SKU_003476,S012,14-03-2026 10:54,160.86
O4722,SKU_003477,S012,03-01-2026 03:57,9153.73
O4723,SKU_003478,S012,18-04-2026 11:36,8511.8
O4724,SKU_003479,S012,18-04-2026 18:48,10799.36
O4725,SKU_003480,S012,28-01-2026 10:50,11955.85
O4726,SKU_003481,S012,24-01-2026 22:19,11829.5
O4727,SKU_003482,S012,09-01-2026 02:40,3586.64
O4728,SKU_003483,S012,01-01-2026 23:26,3269.65
O4729,SKU_003484,S012,22-04-2026 05:03,3382.96
O4730,SKU_003485,S012,26-04-2026 20:36,2494.88
O4731,SKU_003486,S012,18-03-2026 12:33,2810.19
O4732,SKU_003487,S012,15-04-2026 07:18,4179.67
O4733,SKU_003488,S012,17-04-2026 07:39,4745.95
O4734,SKU_003489,S012,17-01-2026 12:43,5318.38
O4735,SKU_003490,S012,01-03-2026 03:57,4446.6
O4736,SKU_003491,S012,10-02-2026 18:55,4482.84
O4737,SKU_003492,S012,08-03-2026 18:27,2805.43
O4738,SKU_003493,S012,11-02-2026 02:45,2151.85
O4739,SKU_003494,S012,22-03-2026 03:06,2731.92
O4740,SKU_003495,S012,10-04-2026 12:40,2412.69
O4741,SKU_003496,S012,28-01-2026 15:53,2435.08
O4742,SKU_003497,S012,01-02-2026 06:06,1444.28
O4743,SKU_003498,S012,05-02-2026 17:28,1369.02
O4744,SKU_003499,S012,12-02-2026 20:56,1369.48
O4745,SKU_003500,S012,30-04-2026 18:53,1181.76
O4746,SKU_003501,S012,19-02-2026 01:51,1181.1
O4747,SKU_003502,S012,07-02-2026 17:37,3313.07
O4748,SKU_003503,S012,23-01-2026 06:10,4032.97
O4749,SKU_003504,S012,05-02-2026 05:11,3935.92
O4750,SKU_003505,S012,21-04-2026 03:46,3577.59
O4751,SKU_003506,S012,11-01-2026 13:28,3029.35
O4752,SKU_003507,S012,17-04-2026 13:49,4460.16
O4753,SKU_003508,S012,31-03-2026 13:39,4199.55
O4754,SKU_003509,S012,17-04-2026 17:37,4043.01
O4755,SKU_003510,S012,15-01-2026 04:52,4661.4
O4756,SKU_003511,S012,26-02-2026 10:32,3785.04
O4757,SKU_003512,S012,14-01-2026 01:55,7498.28
O4758,SKU_003513,S012,18-02-2026 16:17,7603.74
O4759,SKU_003514,S012,20-01-2026 01:39,10325.76
O4760,SKU_003515,S012,08-02-2026 08:01,7930.49
O4761,SKU_003516,S012,23-04-2026 17:46,8139.68
O4762,SKU_003517,S012,05-04-2026 14:28,2535.57
O4763,SKU_003518,S012,06-03-2026 05:52,2046.16
O4764,SKU_003519,S012,11-03-2026 08:23,2003.43
O4765,SKU_003520,S012,25-01-2026 21:31,2137.82
O4766,SKU_003521,S012,15-02-2026 13:00,2551.84
O4767,SKU_003522,S012,20-01-2026 10:14,7561.33
O4768,SKU_003523,S012,25-02-2026 08:50,7948.81
O4769,SKU_003524,S012,14-01-2026 13:19,6666
O4770,SKU_003525,S012,07-02-2026 13:46,6558.66
O4771,SKU_003526,S012,03-03-2026 16:59,8182.59
O4772,SKU_003527,S012,05-04-2026 08:16,416.27
O4773,SKU_003528,S012,29-03-2026 12:09,444.36
O4774,SKU_003529,S012,05-03-2026 18:12,396.84
O4775,SKU_003530,S012,30-04-2026 16:21,451.63
O4776,SKU_003531,S012,01-03-2026 08:33,464.92
O4777,SKU_003532,S012,24-04-2026 10:25,452.24
O4778,SKU_003533,S012,30-01-2026 14:12,497.58
O4779,SKU_003534,S012,20-04-2026 19:39,516.21
O4780,SKU_003535,S012,21-04-2026 01:46,555.35
O4781,SKU_003536,S012,12-03-2026 18:39,522.62
O4782,SKU_003537,S012,03-03-2026 10:13,697.63
O4783,SKU_003538,S012,25-03-2026 04:03,608.61
O4784,SKU_003539,S012,02-02-2026 17:55,500.47
O4785,SKU_003540,S012,01-01-2026 22:31,660.43
O4786,SKU_003541,S012,02-03-2026 19:41,588.48
O4787,SKU_003542,S012,17-02-2026 19:15,300.88
O4788,SKU_003543,S012,13-02-2026 00:23,356.5
O4789,SKU_003544,S012,26-03-2026 16:29,411.46
O4790,SKU_003545,S012,23-02-2026 17:25,412.98
O4791,SKU_003546,S012,11-03-2026 19:19,402.78
O4792,SKU_003547,S012,27-01-2026 01:54,251.83
O4793,SKU_003548,S012,06-03-2026 09:11,223.88
O4794,SKU_003549,S012,04-04-2026 04:44,287.27
O4795,SKU_003550,S012,31-03-2026 21:01,250.95
O4796,SKU_003551,S012,28-03-2026 11:31,228.49
O4797,SKU_003552,S012,11-03-2026 15:51,295.89
O4798,SKU_003553,S012,01-03-2026 07:36,304.69
O4799,SKU_003554,S012,05-04-2026 13:27,236.99
O4800,SKU_003555,S012,18-04-2026 02:58,245.04
O4801,SKU_003556,S012,22-01-2026 03:11,223.35
O4802,SKU_003557,S012,04-02-2026 03:08,322.3
O4803,SKU_003558,S012,28-04-2026 19:05,271.67
O4804,SKU_003559,S012,16-01-2026 22:01,234.94
O4805,SKU_003560,S012,24-02-2026 11:45,295.28
O4806,SKU_003561,S012,28-01-2026 04:27,262.88
O4807,SKU_003562,S012,15-04-2026 14:08,2279.44
O4808,SKU_003563,S012,08-02-2026 03:26,2022.66
O4809,SKU_003564,S012,21-02-2026 02:45,1783.89
O4810,SKU_003565,S012,15-01-2026 20:20,2419.25
O4811,SKU_003566,S012,15-01-2026 15:23,1910.36
O4812,SKU_003567,S012,04-01-2026 14:49,250.9
O4813,SKU_003568,S012,09-04-2026 11:37,175.65
O4814,SKU_003569,S012,07-01-2026 01:22,187.17
O4815,SKU_003570,S012,23-04-2026 23:48,220.54
O4816,SKU_003571,S012,23-04-2026 09:52,233.16
O4817,SKU_003572,S012,20-03-2026 16:03,251.31
O4818,SKU_003573,S012,25-04-2026 13:46,274.61
O4819,SKU_003574,S012,11-02-2026 07:32,285.04
O4820,SKU_003575,S012,08-01-2026 02:49,259.8
O4821,SKU_003576,S012,18-04-2026 02:36,265.96
O4822,SKU_003577,S012,20-02-2026 14:33,3213.77
O4823,SKU_003578,S012,16-04-2026 12:45,3084.93
O4824,SKU_003579,S012,15-04-2026 19:04,3614.09
O4825,SKU_003580,S012,02-04-2026 16:09,2740.49
O4826,SKU_003581,S012,29-01-2026 20:40,2958.18
O4827,SKU_003582,S012,13-03-2026 00:50,227.27
O4828,SKU_003583,S012,18-03-2026 05:10,273.31
O4829,SKU_003584,S012,13-02-2026 08:41,283.04
O4830,SKU_003585,S012,25-04-2026 11:44,257.13
O4831,SKU_003586,S012,26-02-2026 12:09,237.05
O4832,SKU_003587,S012,26-01-2026 23:55,1673.94
O4833,SKU_003588,S012,01-04-2026 05:39,1959.76
O4834,SKU_003589,S012,08-04-2026 07:24,1567.72
O4835,SKU_003590,S012,10-04-2026 02:41,2100.18
O4836,SKU_003591,S012,18-01-2026 14:00,2005.31
O4837,SKU_003592,S012,19-03-2026 01:09,729.86
O4838,SKU_003593,S012,12-03-2026 15:44,682.76
O4839,SKU_003594,S012,08-04-2026 12:16,828.84
O4840,SKU_003595,S012,03-01-2026 01:21,794.99
O4841,SKU_003596,S012,16-02-2026 09:15,811.46
O4842,SKU_003597,S012,30-04-2026 05:36,151.8
O4843,SKU_003598,S012,02-02-2026 04:53,170.68
O4844,SKU_003599,S012,10-04-2026 20:03,127.49
O4845,SKU_003600,S012,28-01-2026 06:10,167.54
O4846,SKU_003601,S012,28-03-2026 15:32,145.45
O4847,SKU_003602,S012,31-01-2026 22:01,161.77
O4848,SKU_003603,S012,04-02-2026 18:52,135.38
O4849,SKU_003604,S012,20-04-2026 23:24,152.53
O4850,SKU_003605,S012,20-04-2026 20:52,178.3
O4851,SKU_003606,S012,29-01-2026 09:20,163.68
O4852,SKU_003607,S012,04-04-2026 21:17,745.33
O4853,SKU_003608,S012,11-03-2026 16:06,920.23
O4854,SKU_003609,S012,08-01-2026 20:22,745.57
O4855,SKU_003610,S012,12-02-2026 11:46,773.81
O4856,SKU_003611,S012,05-04-2026 16:34,846.2
O4857,SKU_003612,S012,15-02-2026 00:01,1393.11
O4858,SKU_003613,S012,13-01-2026 04:57,1160.11
O4859,SKU_003614,S012,21-02-2026 07:59,1535.11
O4860,SKU_003615,S012,13-03-2026 17:41,1226.47
O4861,SKU_003616,S012,15-02-2026 10:36,1383.44
O4862,SKU_003617,S012,09-01-2026 07:30,35.39
O4863,SKU_003618,S012,10-02-2026 03:38,31.71
O4864,SKU_003619,S012,11-04-2026 13:31,29.88
O4865,SKU_003620,S012,12-03-2026 03:33,24.65
O4866,SKU_003621,S012,17-03-2026 08:38,27.36
O4867,SKU_003622,S012,02-04-2026 04:50,59.07
O4868,SKU_003623,S012,30-03-2026 06:47,75.31
O4869,SKU_003624,S012,10-01-2026 00:24,70.27
O4870,SKU_003625,S012,08-01-2026 17:58,69.02
O4871,SKU_003626,S012,04-03-2026 22:16,62.58
O4872,SKU_003627,S012,21-01-2026 01:03,369.56
O4873,SKU_003628,S012,12-04-2026 05:46,366.18
O4874,SKU_003629,S012,23-02-2026 02:34,322.13
O4875,SKU_003630,S012,21-02-2026 03:08,358.64
O4876,SKU_003631,S012,23-04-2026 08:37,325.81
O4877,SKU_003632,S012,16-04-2026 16:51,134.19
O4878,SKU_003633,S012,21-04-2026 17:08,150.11
O4879,SKU_003634,S012,03-02-2026 18:11,126.15
O4880,SKU_003635,S012,15-03-2026 03:21,114.24
O4881,SKU_003636,S012,15-03-2026 12:01,166.58
O4882,SKU_003637,S012,12-03-2026 22:24,96.86
O4883,SKU_003638,S012,25-04-2026 02:46,80.96
O4884,SKU_003639,S012,16-01-2026 02:44,81.91
O4885,SKU_003640,S012,11-04-2026 07:49,85.37
O4886,SKU_003641,S012,18-02-2026 20:28,103.82
O4887,SKU_003642,S012,15-03-2026 01:49,844.39
O4888,SKU_003643,S012,13-02-2026 06:47,744.61
O4889,SKU_003644,S012,11-04-2026 06:28,865.53
O4890,SKU_003645,S012,20-03-2026 19:21,959.18
O4891,SKU_003646,S012,10-03-2026 12:37,1014.75
O4892,SKU_003647,S012,08-03-2026 23:58,893.36
O4893,SKU_003648,S012,05-04-2026 12:56,1203.38
O4894,SKU_003649,S012,04-04-2026 14:47,975.4
O4895,SKU_003650,S012,28-04-2026 07:49,985.34
O4896,SKU_003651,S012,02-01-2026 06:44,1134.74
O4897,SKU_003652,S012,08-04-2026 10:43,931.49
O4898,SKU_003653,S012,27-01-2026 23:38,1246.99
O4899,SKU_003654,S012,27-03-2026 10:04,1107.53
O4900,SKU_003655,S012,02-02-2026 03:46,1044.12
O4901,SKU_003656,S012,14-02-2026 15:50,1275.08
O4902,SKU_003657,S012,15-01-2026 23:15,437.45
O4903,SKU_003658,S012,10-04-2026 21:56,376.64
O4904,SKU_003659,S012,24-02-2026 12:40,466.81
O4905,SKU_003660,S012,11-02-2026 01:44,442.29
O4906,SKU_003661,S012,30-01-2026 04:10,509.31
O4907,SKU_003662,S012,06-02-2026 07:02,737.01
O4908,SKU_003663,S012,31-01-2026 13:20,909.81
O4909,SKU_003664,S012,12-03-2026 08:04,889.68
O4910,SKU_003665,S012,27-04-2026 21:37,727.93
O4911,SKU_003666,S012,23-01-2026 23:27,939.72
O4912,SKU_003667,S012,14-02-2026 17:29,683.56
O4913,SKU_003668,S012,22-03-2026 12:14,763.56
O4914,SKU_003669,S012,06-03-2026 02:57,576.17
O4915,SKU_003670,S012,23-01-2026 00:11,684.52
O4916,SKU_003671,S012,04-04-2026 12:01,789.87
O4917,SKU_003672,S012,03-04-2026 23:26,553.75
O4918,SKU_003673,S012,04-04-2026 00:24,761.3
O4919,SKU_003674,S012,10-02-2026 21:57,779.4
O4920,SKU_003675,S013,25-04-2026 17:17,701.4
O4921,SKU_003676,S014,01-02-2026 07:27,618.75
O4922,SKU_003677,S015,21-03-2026 18:55,11171.81
O4923,SKU_003678,S016,05-01-2026 08:36,11888.85
O4924,SKU_003679,S017,17-02-2026 07:35,11362.08
O4925,SKU_003680,S018,09-01-2026 09:04,15528.99
O4926,SKU_003681,S019,25-01-2026 19:59,14891.66
O4927,SKU_003682,S020,22-04-2026 08:38,14224.56
O4928,SKU_003683,S021,26-04-2026 00:32,10734.78
O4929,SKU_003684,S022,01-02-2026 06:54,12078.75
O4930,SKU_003685,S023,27-01-2026 03:51,14147.43
O4931,SKU_003686,S024,10-04-2026 13:05,10556.83
O4932,SKU_003687,S025,08-01-2026 14:38,2688.28
O4933,SKU_003688,S026,22-04-2026 02:58,2505.85
O4934,SKU_003689,S027,29-01-2026 12:26,2184.25
O4935,SKU_003690,S028,11-01-2026 20:34,2280.74
O4936,SKU_003691,S029,02-02-2026 07:12,2097.69
O4937,SKU_003692,S030,20-02-2026 03:34,3383.94
O4938,SKU_003693,S031,04-02-2026 23:02,3280.13
O4939,SKU_003694,S032,11-04-2026 07:43,3188.81
O4940,SKU_003695,S033,20-03-2026 17:33,3357.21
O4941,SKU_003696,S034,27-04-2026 09:12,3492.06
O4942,SKU_003697,S035,20-04-2026 10:35,2164.05
O4943,SKU_003698,S036,04-01-2026 14:46,2608.62
O4944,SKU_003699,S037,25-02-2026 00:59,1955.51
O4945,SKU_003700,S038,17-01-2026 15:37,2290.97
O4946,SKU_003701,S039,12-02-2026 01:23,2225.73
O4947,SKU_003702,S040,29-03-2026 05:26,2877.9
O4948,SKU_003703,S041,28-04-2026 18:36,2152.53
O4949,SKU_003704,S042,02-04-2026 12:56,2052.13
O4950,SKU_003705,S043,04-04-2026 12:44,1999.61
O4951,SKU_003706,S044,03-02-2026 02:53,2273.22
O4952,SKU_003707,S045,12-02-2026 14:18,1764.18
O4953,SKU_003708,S046,21-03-2026 18:18,2001.17
O4954,SKU_003709,S047,27-04-2026 16:06,1844.44
O4955,SKU_003710,S048,28-01-2026 17:05,2084.33
O4956,SKU_003711,S049,24-04-2026 03:19,1584.73
O4957,SKU_003712,S050,05-02-2026 07:38,1339.09
O4958,SKU_003713,S051,10-04-2026 04:31,1417.69
O4959,SKU_003714,S052,21-02-2026 08:45,1270.8
O4960,SKU_003715,S053,02-02-2026 13:38,1246.75
O4961,SKU_003716,S054,08-03-2026 12:57,1690.43
O4962,SKU_003717,S055,30-03-2026 01:19,405.33
O4963,SKU_003718,S056,26-04-2026 20:02,427.39
O4964,SKU_003719,S057,25-04-2026 16:22,398.08
O4965,SKU_003720,S058,14-01-2026 08:49,368.36
O4966,SKU_003721,S059,14-02-2026 15:00,330.79
O4967,SKU_003722,S060,15-03-2026 10:35,728.72
O4968,SKU_003723,S061,16-03-2026 20:22,542.39
O4969,SKU_003724,S062,26-01-2026 16:09,621.93
O4970,SKU_003725,S063,22-01-2026 01:58,634.89
O4971,SKU_003726,S064,04-01-2026 05:11,670.35
O4972,SKU_003727,S065,09-02-2026 07:00,721.8
O4973,SKU_003728,S066,12-04-2026 12:00,592.5
O4974,SKU_003729,S067,08-04-2026 22:29,518.08
O4975,SKU_003730,S068,23-03-2026 12:23,524.66
O4976,SKU_003731,S069,30-01-2026 01:00,681.52
O4977,SKU_003732,S070,28-04-2026 13:53,2531.25
O4978,SKU_003733,S071,19-01-2026 16:47,2709.28
O4979,SKU_003734,S072,04-02-2026 10:50,2724.35
O4980,SKU_003735,S073,03-04-2026 09:42,2407.51
O4981,SKU_003736,S074,30-04-2026 08:56,2872.48
O4982,SKU_003737,S075,27-04-2026 11:20,139.96
O4983,SKU_003738,S076,08-01-2026 13:55,142.02
O4984,SKU_003739,S077,14-04-2026 04:38,131.76
O4985,SKU_003740,S078,08-04-2026 17:41,120.98
O4986,SKU_003741,S079,23-01-2026 19:39,108.69
O4987,SKU_003742,S080,19-01-2026 02:17,1638.71
O4988,SKU_003743,S081,04-04-2026 15:24,1329.28
O4989,SKU_003744,S082,26-01-2026 07:22,1462.99
O4990,SKU_003745,S083,28-04-2026 04:23,1293.69
O4991,SKU_003746,S084,15-04-2026 17:15,1668.58
O4992,SKU_003747,S085,01-01-2026 05:35,2187.92
O4993,SKU_003748,S086,25-03-2026 18:55,2722.19
O4994,SKU_003749,S087,12-04-2026 08:54,2785.38
O4995,SKU_003750,S088,23-03-2026 16:31,2346.3
O4996,SKU_003751,S089,13-03-2026 22:05,2609.17
O4997,SKU_003752,S090,09-01-2026 10:26,2616.09
O4998,SKU_003753,S091,13-04-2026 21:07,2747.69
O4999,SKU_003754,S092,25-03-2026 07:04,2925.84
O5000,SKU_003755,S093,14-02-2026 13:29,2784.62
O5001,SKU_003756,S094,04-04-2026 14:51,2549.35
O5002,SKU_003757,S095,16-03-2026 00:41,1366.55
O5003,SKU_003758,S096,10-03-2026 01:31,1479.03
O5004,SKU_003759,S097,25-04-2026 09:09,1505.72
O5005,SKU_003760,S098,22-04-2026 20:55,1308.7
O5006,SKU_003761,S099,19-01-2026 23:23,1767.53
O5007,SKU_003762,S100,24-03-2026 14:55,1565.07
O5008,SKU_003763,S101,26-01-2026 23:56,1592.46
O5009,SKU_003764,S102,19-02-2026 10:08,1753.67
O5010,SKU_003765,S103,03-04-2026 15:38,1288.96
O5011,SKU_003766,S104,15-02-2026 03:35,1338.63
O5012,SKU_003767,S105,17-01-2026 06:37,64.52
O5013,SKU_003768,S106,25-02-2026 00:07,62.11
O5014,SKU_003769,S107,27-04-2026 04:14,61.12
O5015,SKU_003770,S108,16-04-2026 13:58,61.95
O5016,SKU_003771,S109,21-03-2026 08:25,66.11
O5017,SKU_003772,S110,20-02-2026 01:27,211.07
O5018,SKU_003773,S111,06-02-2026 16:54,234.07
O5019,SKU_003774,S112,02-01-2026 01:29,248.95
O5020,SKU_003775,S113,02-01-2026 09:09,204.76
O5021,SKU_003776,S114,23-04-2026 05:36,230.72
O5022,SKU_003777,S115,12-04-2026 11:12,2199.44
O5023,SKU_003778,S116,23-01-2026 21:07,3001.36
O5024,SKU_003779,S117,11-04-2026 22:15,2213.29
O5025,SKU_003780,S118,02-01-2026 09:31,2595.53
O5026,SKU_003781,S119,14-03-2026 19:45,2536.69
O5027,SKU_003782,S120,09-02-2026 21:19,526.09
O5028,SKU_003783,S121,03-03-2026 08:12,491
O5029,SKU_003784,S122,21-03-2026 09:21,432.17
O5030,SKU_003785,S123,12-03-2026 08:17,522.2
O5031,SKU_003786,S124,21-01-2026 16:42,370.55
O5032,SKU_003787,S125,31-01-2026 01:19,715.18
O5033,SKU_003788,S126,24-03-2026 17:38,570.95
O5034,SKU_003789,S127,24-04-2026 16:01,554.82
O5035,SKU_003790,S128,19-02-2026 06:00,501.37
O5036,SKU_003791,S129,20-02-2026 17:45,579.61
O5037,SKU_003792,S130,15-04-2026 02:25,435.22
O5038,SKU_003793,S131,24-03-2026 05:56,357.68
O5039,SKU_003794,S132,20-04-2026 15:33,398.94
O5040,SKU_003795,S133,13-03-2026 00:01,438.07
O5041,SKU_003796,S134,29-04-2026 19:34,384.18
O5042,SKU_003797,S135,23-02-2026 12:12,2002.79
O5043,SKU_003798,S136,19-03-2026 04:16,2275.91
O5044,SKU_003799,S137,09-02-2026 13:16,2347.72
O5045,SKU_003800,S138,22-03-2026 05:46,2909.5
O5046,SKU_003801,S139,18-04-2026 04:59,2498.05
O5047,SKU_003802,S140,19-04-2026 06:25,3522.65
O5048,SKU_003803,S141,04-04-2026 16:27,2749.97
O5049,SKU_003804,S142,04-02-2026 16:53,3447.7
O5050,SKU_003805,S143,13-03-2026 21:19,2807
O5051,SKU_003806,S144,19-04-2026 13:33,3446.34
O5052,SKU_003807,S145,18-04-2026 18:04,5666.16
O5053,SKU_003808,S146,04-04-2026 22:29,4206.42
O5054,SKU_003809,S147,19-02-2026 06:41,4635.44
O5055,SKU_003810,S148,01-03-2026 13:06,4715.71
O5056,SKU_003811,S149,23-04-2026 04:02,4762.26
O5057,SKU_003812,S150,08-03-2026 20:49,452.69
O5058,SKU_003813,S151,19-03-2026 07:25,501.88
O5059,SKU_003814,S152,27-01-2026 19:26,422.49
O5060,SKU_003815,S153,24-01-2026 02:58,471.61
O5061,SKU_003816,S154,14-02-2026 14:48,450.34
O5062,SKU_003817,S155,28-03-2026 17:16,205.54
O5063,SKU_003818,S156,01-02-2026 10:01,163.63
O5064,SKU_003819,S157,20-01-2026 11:19,189.4
O5065,SKU_003820,S158,11-02-2026 15:26,178.76
O5066,SKU_003821,S159,09-04-2026 17:03,170.45
O5067,SKU_003822,S160,19-03-2026 18:44,223.08
O5068,SKU_003823,S161,07-03-2026 17:14,172.61
O5069,SKU_003824,S162,17-04-2026 21:52,186.8
O5070,SKU_003825,S163,30-04-2026 05:33,204.58
O5071,SKU_003826,S164,11-01-2026 02:35,176.83
O5072,SKU_003827,S165,01-02-2026 05:05,214.41
O5073,SKU_003828,S166,17-03-2026 13:21,235.83
O5074,SKU_003829,S167,02-01-2026 00:39,200.88
O5075,SKU_003830,S168,18-01-2026 16:30,264.84
O5076,SKU_003831,S169,29-01-2026 05:16,214.47
O5077,SKU_003832,S170,02-04-2026 14:08,318.3
O5078,SKU_003833,S171,27-04-2026 13:20,261.52
O5079,SKU_003834,S172,26-03-2026 13:00,308.9
O5080,SKU_003835,S173,18-01-2026 02:45,328.32
O5081,SKU_003836,S174,13-01-2026 10:38,311.81
O5082,SKU_003837,S175,21-02-2026 02:05,713.03
O5083,SKU_003838,S176,13-02-2026 01:31,651.09
O5084,SKU_003839,S177,14-03-2026 00:13,915.54
O5085,SKU_003840,S178,16-01-2026 13:00,778.13
O5086,SKU_003841,S179,29-04-2026 06:16,818.32
O5087,SKU_003842,S180,08-01-2026 07:57,661.62
O5088,SKU_003843,S181,16-03-2026 15:05,652.61
O5089,SKU_003844,S182,19-03-2026 19:08,770.89
O5090,SKU_003845,S183,30-04-2026 05:17,939.35
O5091,SKU_003846,S184,12-04-2026 04:03,862.72
O5092,SKU_003847,S185,25-02-2026 15:02,64.18
O5093,SKU_003848,S186,27-04-2026 00:25,82.03
O5094,SKU_003849,S187,12-01-2026 03:47,78.18
O5095,SKU_003850,S188,04-02-2026 00:49,87.35
O5096,SKU_003851,S189,06-04-2026 23:55,74.96
O5097,SKU_003852,S190,27-03-2026 05:45,45.8
O5098,SKU_003853,S191,03-01-2026 01:54,44.61
O5099,SKU_003854,S192,09-02-2026 04:01,48.51
O5100,SKU_003855,S193,11-04-2026 14:46,58.28
O5101,SKU_003856,S194,25-02-2026 12:53,47.37
O5102,SKU_003857,S195,07-02-2026 19:35,886.14
O5103,SKU_003858,S196,07-01-2026 12:37,747.98
O5104,SKU_003859,S197,27-04-2026 09:56,701.53
O5105,SKU_003860,S198,10-04-2026 03:19,770.02
O5106,SKU_003861,S199,11-04-2026 03:51,615.64
O5107,SKU_003862,S200,14-02-2026 23:39,792.05
O5108,SKU_003863,S201,30-04-2026 10:59,763.73
O5109,SKU_003864,S202,02-02-2026 21:50,610.14
O5110,SKU_003865,S203,08-01-2026 00:03,688.22
O5111,SKU_003866,S204,11-03-2026 20:30,795.87
O5112,SKU_003867,S205,16-02-2026 11:01,520.69
O5113,SKU_003868,S206,01-01-2026 01:20,731.1
O5114,SKU_003869,S207,31-01-2026 13:44,727.38
O5115,SKU_003870,S208,17-01-2026 20:43,563.86
O5116,SKU_003871,S209,23-02-2026 13:57,548.35
O5117,SKU_003872,S210,19-03-2026 13:29,598.7
O5118,SKU_003873,S211,10-03-2026 13:41,496.88
O5119,SKU_003874,S212,18-03-2026 17:30,568.76
O5120,SKU_003875,S213,20-03-2026 17:32,715.14
O5121,SKU_003876,S214,24-04-2026 19:19,653.13
O5122,SKU_003877,S215,08-02-2026 21:30,645.74
O5123,SKU_003878,S216,11-04-2026 12:51,486.04
O5124,SKU_003879,S217,03-01-2026 23:36,659.52
O5125,SKU_003880,S218,14-01-2026 07:46,529.72
O5126,SKU_003881,S219,18-01-2026 12:12,591.93
O5127,SKU_003882,S220,17-04-2026 17:17,27346.9
O5128,SKU_003883,S221,25-02-2026 05:50,27070.27
O5129,SKU_003884,S222,19-04-2026 13:39,27368.15
O5130,SKU_003885,S223,24-04-2026 04:39,34442.25
O5131,SKU_003886,S224,09-03-2026 14:14,39543.43
O5132,SKU_003887,S225,09-03-2026 11:21,201.26
O5133,SKU_003888,S226,23-02-2026 16:37,173.37
O5134,SKU_003889,S227,13-02-2026 22:36,189.61
O5135,SKU_003890,S228,28-04-2026 17:51,223.62
O5136,SKU_003891,S229,07-02-2026 18:33,183.52
O5137,SKU_003892,S230,30-03-2026 07:19,30016.53
O5138,SKU_003893,S231,20-03-2026 10:34,26768.48
O5139,SKU_003894,S232,22-04-2026 15:15,25879.32
O5140,SKU_003895,S233,01-01-2026 21:40,23393.23
O5141,SKU_003896,S234,20-02-2026 16:50,30242.27
O5142,SKU_003897,S235,03-02-2026 23:43,846.61
O5143,SKU_003898,S236,21-03-2026 01:23,1183.62
O5144,SKU_003899,S237,09-04-2026 07:14,807.76
O5145,SKU_003900,S238,21-01-2026 16:09,925.84
O5146,SKU_003901,S239,19-04-2026 11:24,1072.29
O5147,SKU_003902,S240,15-01-2026 01:20,2102.81
O5148,SKU_003903,S241,08-04-2026 16:56,2296.68
O5149,SKU_003904,S242,27-02-2026 03:18,2502.08
O5150,SKU_003905,S243,08-03-2026 00:21,2864.5
O5151,SKU_003906,S244,23-01-2026 17:18,2458.88
O5152,SKU_003907,S245,10-04-2026 16:05,1286.4
O5153,SKU_003908,S246,20-02-2026 00:56,1565.04
O5154,SKU_003909,S247,15-04-2026 10:48,1243.38
O5155,SKU_003910,S248,22-04-2026 15:11,1360.05
O5156,SKU_003911,S249,18-02-2026 13:44,1259.1
O5157,SKU_003912,S250,27-03-2026 23:27,1903.45
O5158,SKU_003913,S251,15-03-2026 05:19,2270.61
O5159,SKU_003914,S252,20-04-2026 08:33,2364.32
O5160,SKU_003915,S253,04-04-2026 21:52,1891.1
O5161,SKU_003916,S254,17-02-2026 05:44,2140.04
O5162,SKU_003917,S255,07-03-2026 22:56,3033.11
O5163,SKU_003918,S256,31-03-2026 02:23,2749.9
O5164,SKU_003919,S257,31-03-2026 11:06,2448.36
O5165,SKU_003920,S258,24-04-2026 22:48,3058.16
O5166,SKU_003921,S259,06-01-2026 07:27,3402.59
O5167,SKU_003922,S260,04-04-2026 14:08,1389.9
O5168,SKU_003923,S261,23-01-2026 13:50,1468.68
O5169,SKU_003924,S262,20-02-2026 01:31,1311.11
O5170,SKU_003925,S263,14-01-2026 02:49,1726.85
O5171,SKU_003926,S264,16-03-2026 07:23,1646.3
O5172,SKU_003927,S265,12-02-2026 19:03,1764.38
O5173,SKU_003928,S266,14-02-2026 15:33,2304.86
O5174,SKU_003929,S267,03-03-2026 07:24,1919.36
O5175,SKU_003930,S268,22-03-2026 02:02,2216.68
O5176,SKU_003931,S269,10-03-2026 13:32,2064.46
O5177,SKU_003932,S270,11-04-2026 07:05,3956.59
O5178,SKU_003933,S271,15-04-2026 00:19,2724.06
O5179,SKU_003934,S272,02-01-2026 21:18,3630.76
O5180,SKU_003935,S273,21-02-2026 03:17,3170.91
O5181,SKU_003936,S274,18-02-2026 04:57,3487.84
O5182,SKU_003937,S275,25-02-2026 18:51,1791.07
O5183,SKU_003938,S276,19-01-2026 01:27,1734.59
O5184,SKU_003939,S277,19-03-2026 11:09,1298.4
O5185,SKU_003940,S278,08-03-2026 09:48,1906.6
O5186,SKU_003941,S279,15-01-2026 18:19,1703.22
O5187,SKU_003942,S280,18-04-2026 16:23,2113.91
O5188,SKU_003943,S281,04-02-2026 15:48,2554.76
O5189,SKU_003944,S282,03-04-2026 12:54,2152.35
O5190,SKU_003945,S283,02-03-2026 22:45,2850.26
O5191,SKU_003946,S284,10-03-2026 15:36,2870.54
O5192,SKU_003947,S285,12-02-2026 10:35,36.9
O5193,SKU_003948,S286,22-04-2026 09:41,35.6
O5194,SKU_003949,S287,22-02-2026 05:59,39.9
O5195,SKU_003950,S288,05-02-2026 11:50,33
O5196,SKU_003951,S289,06-02-2026 22:14,31.31
O5197,SKU_003952,S290,07-04-2026 21:30,7252.41
O5198,SKU_003953,S291,08-02-2026 18:30,6394.91
O5199,SKU_003954,S292,15-02-2026 14:31,6372.15
O5200,SKU_003955,S293,17-02-2026 00:03,6933.43
O5201,SKU_003956,S294,21-02-2026 12:52,6048.71
O5202,SKU_003957,S295,10-02-2026 03:39,10692.94
O5203,SKU_003958,S296,14-02-2026 12:11,11130.09
O5204,SKU_003959,S297,09-02-2026 08:57,12382.25
O5205,SKU_003960,S298,18-02-2026 11:39,14369.52
O5206,SKU_003961,S299,11-03-2026 03:12,12994.02
O5207,SKU_003962,S300,31-01-2026 06:59,1819.97
O5208,SKU_003963,S301,21-01-2026 17:12,1644.34
O5209,SKU_003964,S302,24-01-2026 06:40,1828.5
O5210,SKU_003965,S303,16-01-2026 05:46,1829.98
O5211,SKU_003966,S304,06-04-2026 15:59,1593.28
O5212,SKU_003967,S305,30-04-2026 04:38,5930.35
O5213,SKU_003968,S306,02-01-2026 06:52,5195.24
O5214,SKU_003969,S307,16-04-2026 03:27,4825.48
O5215,SKU_003970,S308,09-01-2026 04:57,5911.07
O5216,SKU_003971,S309,04-04-2026 15:38,5225.98
O5217,SKU_003972,S310,14-03-2026 01:54,26103.08
O5218,SKU_003973,S311,03-03-2026 05:56,32464.14
O5219,SKU_003974,S312,06-04-2026 14:28,31414.69
O5220,SKU_003975,S313,22-04-2026 13:27,28679.78
O5221,SKU_003976,S314,23-02-2026 08:20,25208.53
O5222,SKU_003977,S315,06-04-2026 07:19,62.67
O5223,SKU_003978,S316,05-02-2026 12:14,59.11
O5224,SKU_003979,S317,10-04-2026 06:03,55.12
O5225,SKU_003980,S318,24-02-2026 10:08,57.23
O5226,SKU_003981,S319,19-03-2026 06:15,66.05
O5227,SKU_003982,S320,13-02-2026 03:01,556.91
O5228,SKU_003983,S321,22-04-2026 23:27,403
O5229,SKU_003984,S322,25-01-2026 21:40,415.84
O5230,SKU_003985,S323,11-01-2026 12:20,559.96
O5231,SKU_003986,S324,13-04-2026 02:06,517.61
O5232,SKU_003987,S325,24-03-2026 04:08,1293.56
O5233,SKU_003988,S326,03-04-2026 21:07,1410.97
O5234,SKU_003989,S327,16-04-2026 00:09,1706.23
O5235,SKU_003990,S328,07-01-2026 07:45,1369
O5236,SKU_003991,S329,08-04-2026 13:42,1471.8
O5237,SKU_003992,S330,09-03-2026 10:29,1529.22
O5238,SKU_003993,S331,18-03-2026 10:51,1541.24
O5239,SKU_003994,S332,03-02-2026 22:37,1490.76
O5240,SKU_003995,S333,30-03-2026 18:41,1523.79
O5241,SKU_003996,S334,24-01-2026 08:57,1571.74
O5242,SKU_003997,S335,11-04-2026 15:00,1280.5
O5243,SKU_003998,S336,31-03-2026 08:05,1418.88
O5244,SKU_003999,S337,03-03-2026 07:02,1310.05
O5245,SKU_004000,S338,02-01-2026 15:14,1743.55
O5246,SKU_004001,S339,03-01-2026 07:05,1392.61
O5247,SKU_004002,S340,10-02-2026 22:10,850.25
O5248,SKU_004003,S341,15-03-2026 16:15,981.34
O5249,SKU_004004,S342,23-04-2026 19:41,1148.9
O5250,SKU_004005,S343,20-01-2026 13:31,1180
O5251,SKU_004006,S344,05-03-2026 04:38,1150.89
O5252,SKU_004007,S345,12-03-2026 05:11,2874.65
O5253,SKU_004008,S346,29-04-2026 23:45,2004.28
O5254,SKU_004009,S347,20-02-2026 10:17,2428.98
O5255,SKU_004010,S348,06-02-2026 08:11,2759.59
O5256,SKU_004011,S349,17-04-2026 12:29,2639.68
O5257,SKU_004012,S350,21-02-2026 00:57,6697.02
O5258,SKU_004013,S351,16-02-2026 01:08,7337.21
O5259,SKU_004014,S352,22-02-2026 07:32,7866.22
O5260,SKU_004015,S353,02-04-2026 12:37,6655.24
O5261,SKU_004016,S354,30-04-2026 01:10,9556.01
O5262,SKU_004017,S355,08-03-2026 14:56,2270.33
O5263,SKU_004018,S356,13-03-2026 01:19,1713.18
O5264,SKU_004019,S357,05-02-2026 17:05,1904.98
O5265,SKU_004020,S358,07-04-2026 20:26,1637.41
O5266,SKU_004021,S359,24-03-2026 07:43,1960.06
O5267,SKU_004022,S360,10-02-2026 21:09,1555.39
O5268,SKU_004023,S361,23-03-2026 09:06,1370.67
O5269,SKU_004024,S362,14-03-2026 07:05,1193.42
O5270,SKU_004025,S363,12-03-2026 21:23,1272.1
O5271,SKU_004026,S364,19-03-2026 18:53,1246.05
O5272,SKU_004027,S365,24-02-2026 07:10,5252.9
O5273,SKU_004028,S366,29-03-2026 12:32,4828.04
O5274,SKU_004029,S367,04-02-2026 22:20,4280.35
O5275,SKU_004030,S368,21-04-2026 22:57,4615.45
O5276,SKU_004031,S369,26-01-2026 11:09,4372.73
O5277,SKU_004032,S370,22-04-2026 19:51,453.59
O5278,SKU_004033,S371,14-02-2026 09:11,401.45
O5279,SKU_004034,S372,20-01-2026 09:25,491.62
O5280,SKU_004035,S373,22-02-2026 10:03,552.31
O5281,SKU_004036,S374,15-02-2026 18:55,427.61
O5282,SKU_004037,S375,18-04-2026 20:04,443.64
O5283,SKU_004038,S376,25-03-2026 22:17,424.43
O5284,SKU_004039,S377,15-03-2026 23:02,445.35
O5285,SKU_004040,S378,08-02-2026 01:43,357.16
O5286,SKU_004041,S379,29-01-2026 07:40,478.31
O5287,SKU_004042,S380,30-01-2026 00:56,2376.88
O5288,SKU_004043,S381,02-04-2026 20:16,2175.63
O5289,SKU_004044,S382,02-01-2026 21:24,2720.77
O5290,SKU_004045,S383,04-02-2026 07:02,2548.64
O5291,SKU_004046,S384,23-03-2026 20:25,2695.82
O5292,SKU_004047,S385,08-04-2026 00:17,2079.96
O5293,SKU_004048,S386,27-01-2026 02:41,2258.72
O5294,SKU_004049,S387,11-04-2026 09:25,2691.18
O5295,SKU_004050,S388,14-04-2026 16:32,2164.05
O5296,SKU_004051,S389,03-03-2026 07:23,2437.94
O5297,SKU_004052,S390,05-04-2026 11:48,6742.35
O5298,SKU_004053,S391,28-02-2026 06:15,6118.21
O5299,SKU_004054,S392,18-02-2026 17:37,6331.16
O5300,SKU_004055,S393,20-04-2026 03:45,6086.48
O5301,SKU_004056,S394,21-04-2026 06:18,5404.43
O5302,SKU_004057,S395,10-01-2026 06:20,26643.39
O5303,SKU_004058,S396,19-03-2026 08:41,21044.85
O5304,SKU_004059,S397,20-01-2026 05:15,27903.68
O5305,SKU_004060,S398,01-02-2026 17:13,26091
O5306,SKU_004061,S399,12-01-2026 15:47,20766.35
O5307,SKU_004062,S400,11-02-2026 20:09,2719.99
O5308,SKU_004063,S401,19-02-2026 09:04,2700.42
O5309,SKU_004064,S402,03-04-2026 12:50,2150.35
O5310,SKU_004065,S403,19-01-2026 16:47,2385.03
O5311,SKU_004066,S404,29-03-2026 08:28,2947.25
O5312,SKU_004067,S405,06-03-2026 23:36,15007.6
O5313,SKU_004068,S406,20-02-2026 10:36,17456.96
O5314,SKU_004069,S407,12-03-2026 02:12,17455.02
O5315,SKU_004070,S408,11-03-2026 23:09,16915.01
O5316,SKU_004071,S409,19-04-2026 19:25,14995.09
O5317,SKU_004072,S410,19-04-2026 06:05,33023.21
O5318,SKU_004073,S411,20-02-2026 01:02,24165.02
O5319,SKU_004074,S412,08-03-2026 19:48,32031.91
O5320,SKU_004075,S413,04-01-2026 20:26,25160.86
O5321,SKU_004076,S414,21-03-2026 22:56,31717.1
O5322,SKU_004077,S415,24-01-2026 13:00,19439.62
O5323,SKU_004078,S416,10-03-2026 04:12,16306.65
O5324,SKU_004079,S417,28-04-2026 14:11,21932.18
O5325,SKU_004080,S418,08-02-2026 15:12,23824.22
O5326,SKU_004081,S419,23-04-2026 00:20,23645.83
O5327,SKU_004082,S420,22-04-2026 19:51,30529.29
O5328,SKU_004083,S421,15-04-2026 13:18,25622.26
O5329,SKU_004084,S422,03-02-2026 21:24,24585.95
O5330,SKU_004085,S423,25-02-2026 06:22,31819.1
O5331,SKU_004086,S424,10-03-2026 22:55,26356.87
O5332,SKU_004087,S425,05-03-2026 03:01,19068.07
O5333,SKU_004088,S426,10-04-2026 02:50,15962.65
O5334,SKU_004089,S427,05-04-2026 15:53,22502.31
O5335,SKU_004090,S428,28-03-2026 18:50,21901.72
O5336,SKU_004091,S429,16-01-2026 05:24,19696.11
O5337,SKU_004092,S430,15-03-2026 23:55,465.13
O5338,SKU_004093,S431,30-04-2026 03:52,597.41
O5339,SKU_004094,S432,25-02-2026 15:17,496.39
O5340,SKU_004095,S433,01-04-2026 01:14,515
O5341,SKU_004096,S434,29-01-2026 03:02,455
O5342,SKU_004097,S435,02-02-2026 12:57,2452.39
O5343,SKU_004098,S436,07-03-2026 12:20,2055.19
O5344,SKU_004099,S437,23-03-2026 21:48,2941.5
O5345,SKU_004100,S438,29-04-2026 21:34,2966.77
O5346,SKU_004101,S439,22-04-2026 00:01,2593.53
O5347,SKU_004102,S440,20-03-2026 14:22,3495.67
O5348,SKU_004103,S441,14-01-2026 20:29,3231.37
O5349,SKU_004104,S442,16-01-2026 08:41,4664.49
O5350,SKU_004105,S443,01-02-2026 10:58,4143.83
O5351,SKU_004106,S444,08-03-2026 17:24,3214.86
O5352,SKU_004107,S445,14-02-2026 07:34,4422.91
O5353,SKU_004108,S446,02-03-2026 20:55,4599.47
O5354,SKU_004109,S447,03-03-2026 12:45,4234.85
O5355,SKU_004110,S448,26-02-2026 13:49,4426.65
O5356,SKU_004111,S449,21-02-2026 22:30,4046.58
O5357,SKU_004112,S450,28-04-2026 13:17,1044.93
O5358,SKU_004113,S451,18-03-2026 18:57,1152.58
O5359,SKU_004114,S452,22-02-2026 16:06,913.13
O5360,SKU_004115,S453,28-03-2026 09:22,1185.23
O5361,SKU_004116,S454,12-03-2026 12:28,1196.89
O5362,SKU_004117,S455,24-04-2026 23:14,774.81
O5363,SKU_004118,S456,12-04-2026 03:44,842.16
O5364,SKU_004119,S457,29-03-2026 10:29,810.51
O5365,SKU_004120,S458,22-03-2026 09:19,857.37
O5366,SKU_004121,S459,02-02-2026 11:45,808.56
O5367,SKU_004122,S460,05-02-2026 16:58,1608.05
O5368,SKU_004123,S461,05-01-2026 11:39,2120.49
O5369,SKU_004124,S462,25-01-2026 06:43,1612.02
O5370,SKU_004125,S463,15-02-2026 13:26,2141.36
O5371,SKU_004126,S464,18-02-2026 20:45,2368.55
O5372,SKU_004127,S465,16-01-2026 13:07,2193.85
O5373,SKU_004128,S466,10-02-2026 21:20,2389.26
O5374,SKU_004129,S467,02-02-2026 09:51,2343.05
O5375,SKU_004130,S468,19-03-2026 02:21,1827.45
O5376,SKU_004131,S469,21-01-2026 00:03,2354.3
O5377,SKU_004132,S470,19-01-2026 13:18,3445.61
O5378,SKU_004133,S471,13-01-2026 09:17,3518.49
O5379,SKU_004134,S472,02-04-2026 21:12,3287.21
O5380,SKU_004135,S473,17-04-2026 11:53,2517.83
O5381,SKU_004136,S474,11-01-2026 10:50,2613.54
O5382,SKU_004137,S475,06-01-2026 02:52,3384.24
O5383,SKU_004138,S476,19-03-2026 02:12,3911.97
O5384,SKU_004139,S477,12-04-2026 17:56,3613.89
O5385,SKU_004140,S478,17-01-2026 03:58,4120.31
O5386,SKU_004141,S479,21-01-2026 04:20,3467.58
O5387,SKU_004142,S480,20-02-2026 23:06,4334.52
O5388,SKU_004143,S481,31-01-2026 03:37,4799.64
O5389,SKU_004144,S482,17-01-2026 08:55,5060.44
O5390,SKU_004145,S483,17-03-2026 16:48,4521.98
