sku_id,customer_rate,timestamp,seller_id
62316095,4.4,23-03-2026,S001
1982137274,3.9,15-01-2026,S001
059035342X,4.5,04-01-2026,S001
307474275,5,05-04-2026,S001
140449132,3.8,05-02-2026,S001
61120081,3.8,01-02-2026,S001
553386794,5,29-01-2026,S001
544003411,4.6,18-01-2026,S001
62316117,3.6,05-04-2026,S001
143127748,4.4,14-01-2026,S001
1594634025,3.6,28-03-2026,S001
038549081X,3.6,05-04-2026,S001
62457713,4.2,25-04-2026,S001
142437239,2.5,11-03-2026,S001
030788744X,2.6,12-01-2026,S001
62315005,3.6,17-03-2026,S001
596007120,3.2,24-02-2026,S001
262033844,4.3,05-01-2026,S001
132350882,3.3,04-01-2026,S001
735211299,2.9,12-01-2026,S001
385472579,5,28-01-2026,S001
60850523,3.8,30-01-2026,S001
143039954,4.1,06-03-2026,S001
1501128035,2.9,19-03-2026,S001
525559477,3.6,04-01-2026,S001
804139296,4.1,13-03-2026,S001
66620996,3.1,26-01-2026,S001
006245773X,4.3,02-04-2026,S001
451524934,3.5,25-03-2026,S001
316769487,3.8,31-03-2026,S001
671027034,3.5,11-03-2026,S001
1982157283,5,23-02-2026,S001
593230256,4,29-01-2026,S001
345803485,3.2,27-02-2026,S001
081298160X,4.7,17-03-2026,S001
590353403,3,05-02-2026,S001
143110438,4.2,14-04-2026,S001
307465357,2.4,22-04-2026,S001
140283331,2.9,01-01-2026,S001
62315008,4.2,08-04-2026,S001
307346617,4.6,14-04-2026,S001
61992275,4.1,21-01-2026,S001
006256577X,3.9,31-03-2026,S001
1250316774,3.8,24-02-2026,S001
62457715,2.8,13-02-2026,S001
307277674,3.4,05-02-2026,S001
385484518,3.6,20-01-2026,S001
1501173219,4.8,28-01-2026,S001
143130722,4.3,08-04-2026,S001
399590501,2.6,13-02-2026,S001
62316112,4.3,14-01-2026,S001
307719227,3.7,12-01-2026,S001
143127550,3.5,18-02-2026,S001
62315009,4.5,13-01-2026,S001
143126562,4.8,15-02-2026,S001
62316113,4.7,19-04-2026,S001
307463740,3.3,14-02-2026,S001
62871337,3.8,19-03-2026,S001
307273601,4.3,03-02-2026,S001
1501161933,4.8,14-04-2026,S001
140280197,3.6,06-01-2026,S001
1455586691,3.9,04-04-2026,S001
62316107,3.1,28-02-2026,S001
140449266,3,10-03-2026,S001
679783275,4.7,16-01-2026,S001
307743657,5,29-04-2026,S001
61122415,3.9,18-02-2026,S001
142437247,4.8,11-01-2026,S001
553213119,4.3,12-03-2026,S001
60853983,3.5,07-02-2026,S001
131103627,4.3,17-04-2026,S001
1491957660,5,22-03-2026,S001
141182803,4,21-03-2026,S001
60935467,5,24-04-2026,S001
307387892,1.9,21-04-2026,S001
140449334,4.7,16-02-2026,S001
812981606,4.1,15-03-2026,S001
679734529,3.8,25-01-2026,S001
307476463,4.1,01-04-2026,S001
62315001,2.4,09-01-2026,S001
553573404,3.8,06-01-2026,S001
62315002,4.3,26-03-2026,S001
1451673319,5,30-01-2026,S001
261103573,3.6,09-04-2026,S001
140449273,3.4,07-02-2026,S001
307949486,3.6,11-01-2026,S001
62457716,4.7,20-04-2026,S001
140449198,4.3,30-01-2026,S001
679410430,3.6,21-04-2026,S001
140449181,4.4,13-01-2026,S001
307278449,4.1,18-02-2026,S001
1591846445,4.8,05-02-2026,S001
385545969,3.4,28-02-2026,S001
62316114,3.7,23-03-2026,S001
143127745,3.7,17-04-2026,S001
807014295,2.8,16-02-2026,S001
525536291,4.2,21-01-2026,S001
140449204,4.2,17-02-2026,S001
307271037,4,15-02-2026,S001
90711001-BEIGE,3.8,27-01-2026,S001
90711002-WHITE,2.9,27-03-2026,S001
90711003-BLACK,3.7,04-02-2026,S001
90711004-GREEN,3.7,31-03-2026,S001
90711005-OAK,3.4,30-04-2026,S001
90711006-BLUE,3.9,29-03-2026,S001
90711007-GRAY,4.3,24-03-2026,S001
90711008-WHITE,5,10-01-2026,S001
90721001-BLACK,4.1,19-03-2026,S001
90721002-WHITE,4.2,23-03-2026,S001
90721003-BEIGE,3.9,22-01-2026,S001
90721004-GREEN,2.5,10-03-2026,S001
90721005-WOOD,4,04-04-2026,S001
90721006-BLUE,4,01-02-2026,S001
90721007-WHITE,5,21-01-2026,S001
90721008-GRAY,3.8,01-03-2026,S001
90721009-BLACK,4.2,18-02-2026,S001
90721010-WOOD,4,04-02-2026,S001
90731001-WHITE,3.1,29-04-2026,S001
90731002-GRAY,4.9,23-03-2026,S001
90731003-BLACK,4.6,30-03-2026,S001
90731004-BEIGE,4.6,13-03-2026,S001
90731005-WOOD,3.3,29-01-2026,S001
90731006-BLUE,5,29-03-2026,S001
90731007-WHITE,2.9,11-02-2026,S001
90731008-GREEN,4.5,18-04-2026,S001
90731009-GRAY,5,09-04-2026,S001
90731010-BLACK,3.2,10-04-2026,S001
90731011-WHITE,3.5,08-01-2026,S001
90731012-BLACK,4.1,30-01-2026,S001
90731013-GREEN,3.6,16-04-2026,S001
90731014-WOOD,2.8,05-01-2026,S001
90731015-GRAY,4.1,14-04-2026,S001
90731016-WHITE,3.2,10-02-2026,S001
90731017-BLACK,4.4,21-02-2026,S001
90731018-BEIGE,3.3,04-02-2026,S001
90731019-WHITE,5,09-01-2026,S001
90731020-BLUE,3.4,28-01-2026,S001
90731021-WHITE,3.7,27-04-2026,S001
90731022-GRAY,4.7,14-03-2026,S001
90731023-BLACK,3,23-04-2026,S001
90731024-WOOD,4.2,02-04-2026,S001
90731025-BLUE,5,10-02-2026,S001
90731026-GREEN,2.7,28-01-2026,S001
90731027-BLACK,4.1,25-03-2026,S001
90731028-WHITE,4.2,05-03-2026,S001
90731029-GRAY,4.6,20-02-2026,S001
90731030-BEIGE,3,24-04-2026,S001
90731031-WHITE,2.9,28-04-2026,S001
90731032-BLACK,4.4,24-03-2026,S001
90731033-GREEN,4.2,28-02-2026,S001
90741001-WHITE,4.2,19-01-2026,S001
90741002-BLACK,4.3,03-02-2026,S001
90741003-GRAY,3.5,18-01-2026,S001
90741004-BEIGE,4.2,01-02-2026,S001
90741005-WOOD,4.2,06-04-2026,S001
90741006-BLUE,3.4,13-03-2026,S001
90741007-WHITE,5,10-03-2026,S001
90741008-GREEN,4.4,03-02-2026,S001
90741009-BLACK,3,06-04-2026,S001
90741010-WHITE,4.5,16-03-2026,S001
90741011-BEIGE,3.2,24-02-2026,S001
90741012-GRAY,4.6,25-04-2026,S001
90741013-WOOD,4.9,16-03-2026,S001
90741014-BLUE,3.3,21-02-2026,S001
90741015-BLACK,4.8,16-02-2026,S001
90741016-WHITE,4.3,29-01-2026,S001
90741017-GREEN,4.7,18-01-2026,S001
90741018-GRAY,5,07-03-2026,S001
90741019-BEIGE,3.8,05-03-2026,S001
90741020-WOOD,3.4,12-01-2026,S001
90751001-BLACK,3.3,07-04-2026,S001
90751002-WHITE,3.3,07-01-2026,S001
90751003-GRAY,3.9,21-04-2026,S001
90751004-BEIGE,4.3,15-01-2026,S001
90751005-BLUE,4.2,20-01-2026,S001
90751006-WOOD,4.7,22-03-2026,S001
90751007-BLACK,4,21-01-2026,S001
90751008-WHITE,5,12-04-2026,S001
90751009-GREEN,3.8,29-03-2026,S001
90751010-BLUE,5,24-02-2026,S001
90751011-WHITE,4.5,18-03-2026,S001
90751012-BLACK,3.3,09-01-2026,S001
90751013-BEIGE,3.1,19-02-2026,S001
90751014-GREEN,4.4,18-02-2026,S001
90751015-WOOD,3.8,18-03-2026,S001
90751016-BLUE,4.6,01-03-2026,S001
90751017-GRAY,4.4,09-03-2026,S001
90751018-BLACK,3.9,02-02-2026,S001
90751019-WHITE,3.3,12-03-2026,S001
90751020-BEIGE,2.8,21-04-2026,S001
90751021-GREEN,3.6,02-01-2026,S001
90751022-BLUE,4.7,29-03-2026,S001
90751023-WOOD,4.2,03-04-2026,S001
90751024-GRAY,3,15-01-2026,S001
90751025-BEIGE,4.1,29-03-2026,S001
90751026-WHITE,4.3,24-04-2026,S001
90751027-BLACK,3.3,10-03-2026,S001
90751028-BROWN,4.1,07-04-2026,S001
90732001-500G,4,04-02-2026,S001
90732002-1KG,3.1,09-04-2026,S001
90732003-200G,4.3,24-03-2026,S001
90732004-500ML,4.4,13-02-2026,S001
90732005-1L,4.9,15-01-2026,S001
90732006-250G,4.8,07-02-2026,S001
90732007-100G,2.9,25-02-2026,S001
90732008-500G,3.2,21-01-2026,S001
90732009-200G,4.4,28-02-2026,S001
90732010-150G,4.4,01-01-2026,S001
90732011-1KG,4.4,03-04-2026,S001
90732012-1KG,5,23-04-2026,S001
90732013-500G,4.5,03-04-2026,S001
90732014-200G,4.9,03-02-2026,S001
90732015-750ML,4.8,06-03-2026,S001
90732016-400G,4.5,08-04-2026,S001
90732017-200G,3.7,23-01-2026,S001
90732018-500G,4.6,06-03-2026,S001
90732019-250G,3.4,27-04-2026,S001
90732020-300G,3.8,14-01-2026,S001
90732021-1KG,3.6,22-04-2026,S001
90732022-500G,4.1,22-03-2026,S001
90732023-1L,5,08-02-2026,S001
90732024-500G,2.5,18-04-2026,S001
90732025-200G,4.5,23-03-2026,S001
90732026-1KG,2.7,06-03-2026,S001
90732027-100G,3.6,19-03-2026,S001
90732028-500G,4.9,26-01-2026,S001
90732029-750ML,4.1,20-01-2026,S001
90732030-500G,3.1,17-02-2026,S001
90732031-500G,3.4,08-04-2026,S001
90732032-200G,4.5,21-01-2026,S001
90732033-500ML,3.4,11-03-2026,S001
90732034-100G,4.2,10-04-2026,S001
90732035-400G,4,29-04-2026,S001
90732036-500G,3.5,09-03-2026,S001
90732037-250G,5,28-04-2026,S001
90732038-200G,4.5,01-01-2026,S001
90732039-750ML,2.4,18-03-2026,S001
90732040-300G,4.1,11-02-2026,S001
90732041-1KG,3.5,04-03-2026,S001
90732042-500G,4.7,03-01-2026,S001
90732043-500G,3.4,15-01-2026,S001
90732044-200G,3.9,29-04-2026,S001
90732045-1L,4.4,16-02-2026,S001
90732046-200G,4.7,23-04-2026,S001
90732047-1KG,3,17-04-2026,S001
90732048-500G,3.7,14-04-2026,S001
90732049-250G,3.6,09-02-2026,S001
90732050-300G,3.5,31-01-2026,S001
90732051-2KG,5,08-01-2026,S001
90732052-5KG,4.3,31-01-2026,S001
90732053-100G,3,23-04-2026,S001
90732054-2L,4.7,14-03-2026,S001
90732055-500ML,5,11-01-2026,S001
90732056-100G,4.8,11-01-2026,S001
90732057-200G,2.8,04-04-2026,S001
90732058-2KG,3.6,04-03-2026,S001
90732059-500G,5,15-04-2026,S001
90732060-300G,3.4,09-01-2026,S001
90732101-750G,4.4,08-04-2026,S001
90732102-2KG,4.6,10-03-2026,S001
90732103-250G,3.3,09-04-2026,S001
90732104-750G,4,17-01-2026,S001
90732105-500G,1.4,17-01-2026,S001
90732106-750ML,3.2,26-03-2026,S001
90732107-200G,3.8,02-03-2026,S001
90732108-500ML,3,12-03-2026,S001
90732109-100G,5,22-01-2026,S001
90732110-300G,2.9,03-02-2026,S001
90732111-1KG,3.6,09-03-2026,S001
90732112-1L,4.1,22-04-2026,S001
90732113-250G,5,19-03-2026,S001
90732114-500G,2.9,24-02-2026,S001
90732115-150G,4.9,28-01-2026,S001
90732116-400G,4,29-04-2026,S001
90732117-1KG,3.2,11-03-2026,S001
90732118-300ML,4.4,07-04-2026,S001
90732119-1L,4.2,04-04-2026,S001
90732120-400G,3.5,30-03-2026,S001
90732121-2KG,4.1,26-01-2026,S001
90732122-750G,3.7,02-04-2026,S001
90732123-300G,4.1,09-02-2026,S001
90732124-1KG,4.5,21-02-2026,S001
90732125-200G,5,27-03-2026,S001
90732126-500ML,3,25-03-2026,S001
90732127-600G,5,17-02-2026,S001
90732128-300G,2.4,26-02-2026,S001
90732129-500G,3.9,26-04-2026,S001
90732130-1KG,4.5,08-03-2026,S001
90732131-250G,4.2,27-02-2026,S001
90732132-200G,3.5,16-01-2026,S001
90732133-500G,3.8,01-02-2026,S001
90732134-1KG,3.6,29-01-2026,S001
90732135-500ML,3.5,09-01-2026,S001
90732136-750G,4.7,13-02-2026,S001
90732137-400G,4.3,03-01-2026,S001
90732138-250G,3.4,17-03-2026,S001
90732139-300G,4.7,12-03-2026,S001
90733001-BLUE,4.2,30-01-2026,S001
90733002-A4,4.7,17-03-2026,S001
90733003-SET,4.5,29-01-2026,S001
90733004-BLACK,3.3,01-01-2026,S001
90733005-500,3.6,10-01-2026,S001
90733006-BLUE,4.6,01-04-2026,S001
90733007-WHITE,4.5,22-03-2026,S001
90733008-METAL,4,08-01-2026,S001
90733009-GLUE,4.1,30-01-2026,S001
90733010-RULER,5,09-01-2026,S001
90733011-BLUE,3.5,26-04-2026,S001
90733012-A4,4.4,05-01-2026,S001
90733013-METAL,3.8,21-04-2026,S001
90733014-WHITE,3.8,12-02-2026,S001
90733015-SET,4.9,10-01-2026,S001
90733016-A4,4.7,07-03-2026,S001
90733017-BLACK,4.7,31-01-2026,S001
90733018-METAL,5,05-02-2026,S001
90733019-SET,4,27-03-2026,S001
90733020-A4,4.5,04-03-2026,S001
90733021-BLACK,3.8,28-01-2026,S001
90733022-A4,4.3,11-03-2026,S001
90733023-WHITE,3.9,17-01-2026,S001
90733024-BLUE,4.1,03-04-2026,S001
90733025-BLACK,4.5,30-04-2026,S001
90733026-METAL,3.3,23-04-2026,S001
90733027-SET,5,15-03-2026,S001
90733028-BLUE,3.2,15-03-2026,S001
90733029-WHITE,3,02-03-2026,S001
90733030-BLUE,4.9,01-02-2026,S001
90733031-BLUE,4.6,11-04-2026,S001
90733032-BLACK,4.5,02-03-2026,S001
90733033-SET,4.5,14-04-2026,S001
90733034-WHITE,4,22-02-2026,S001
90733035-METAL,3.3,25-01-2026,S001
90733036-SET,4.1,13-01-2026,S001
90733037-WHITE,3.5,13-01-2026,S001
90733038-BLUE,4.8,26-03-2026,S001
90733039-BLACK,3.9,25-02-2026,S001
90733040-WHITE,3.3,15-02-2026,S001
90733041-BLUE,3.7,24-02-2026,S001
90733042-WHITE,4.3,22-02-2026,S001
90733043-BLUE,3.5,01-03-2026,S001
90733044-METAL,3.3,21-04-2026,S001
90733045-SET,4.2,04-04-2026,S001
90733046-BLACK,4.2,07-01-2026,S001
90733047-BLUE,3.6,28-03-2026,S001
90733048-WHITE,3.6,25-03-2026,S001
90733049-BLACK,4.2,24-03-2026,S001
90733050-SET,2.8,13-01-2026,S001
90733051-BLUE,2.9,08-01-2026,S001
90733052-A5,3.4,21-02-2026,S001
90733053-SET,3.8,04-04-2026,S001
90733054-BLACK,4.2,13-02-2026,S001
90733055-1000,5,13-04-2026,S001
90733056-RED,4.7,21-04-2026,S001
90733057-WHITE,3.9,14-01-2026,S001
90733058-METAL,4,01-02-2026,S001
90733059-GLUE,3.2,25-01-2026,S001
90733060-RULER,4,25-01-2026,S001
90733061-BLACK,3.8,10-03-2026,S001
90733062-YELLOW,4.3,27-02-2026,S001
90733063-METAL,3.3,18-01-2026,S001
90733064-WHITE,4.4,24-02-2026,S001
90733065-SET,5,24-01-2026,S001
90733066-BROWN,3.9,05-02-2026,S001
90733067-BLUE,4.3,01-03-2026,S001
90733068-METAL,4.6,01-02-2026,S001
90733069-SET,3.7,22-04-2026,S001
90733070-A4,4.2,29-04-2026,S001
90733071-BLACK,4,10-01-2026,S001
90733072-A4,4.1,26-02-2026,S001
90733073-WHITE,3.4,14-04-2026,S001
90733074-SET,4,21-04-2026,S001
90733075-BLACK,4.4,20-04-2026,S001
90733076-METAL,5,12-03-2026,S001
90733077-SET,4.8,13-01-2026,S001
90733078-BLUE,5,07-01-2026,S001
90733079-WHITE,3.4,25-03-2026,S001
90733080-BLUE,4.7,11-03-2026,S001
90733081-BLUE,4.1,18-04-2026,S001
90733082-A4,5,02-01-2026,S001
90733083-SET,3.4,12-01-2026,S001
90733084-BLACK,3.3,29-04-2026,S001
90733085-5000,3.5,07-04-2026,S001
90733086-GREEN,2.3,19-04-2026,S001
90733087-WHITE,3.6,31-01-2026,S001
90733088-METAL,3.4,22-01-2026,S001
90733089-GLUE,4.1,22-02-2026,S001
90733090-RULER,4.3,04-03-2026,S001
90733091-BLUE,5,03-03-2026,S001
90733092-YELLOW,4.8,28-01-2026,S001
90733093-METAL,3.5,21-04-2026,S001
90733094-WHITE,3.3,21-02-2026,S001
90733095-SET,4.4,26-04-2026,S001
90733096-BROWN,2.9,08-01-2026,S001
90733097-BLACK,5,22-01-2026,S001
90733098-METAL,4.9,18-02-2026,S001
90734001-STEEL,3.6,01-01-2026,S001
90734002-SET,2.6,19-02-2026,S001
90734003-STEEL,5,03-02-2026,S001
90734004-STEEL,3.9,29-04-2026,S001
90734005-STEEL,5,11-04-2026,S001
90734006-BLACK,2.7,11-04-2026,S001
90734007-SET,3.5,28-02-2026,S001
90734008-STEEL,4,06-02-2026,S001
90734009-STEEL,4,24-02-2026,S001
90734010-BOX,3.6,31-03-2026,S001
90734011-STEEL,4.5,04-04-2026,S001
90734012-BLACK,3.1,11-04-2026,S001
90734013-STEEL,3.9,13-03-2026,S001
90734014-YELLOW,4.1,26-03-2026,S001
90734015-STEEL,4.4,02-04-2026,S001
90734016-STEEL,4.6,04-03-2026,S001
90734017-STEEL,3.1,20-01-2026,S001
90734018-BLACK,2.8,25-01-2026,S001
90734019-STEEL,5,07-02-2026,S001
90734020-STEEL,4.3,28-01-2026,S001
90734021-STEEL,3.4,08-01-2026,S001
90734022-STEEL,5,16-03-2026,S001
90734023-STEEL,4.1,05-04-2026,S001
90734024-STEEL,4.9,11-03-2026,S001
90734025-STEEL,4.1,08-01-2026,S001
90734026-STEEL,5,06-04-2026,S002
90734027-STEEL,5,10-02-2026,S002
90734028-STEEL,3.8,08-01-2026,S002
90734029-STEEL,4.8,07-01-2026,S002
90734030-STEEL,4.5,16-03-2026,S002
90734031-STEEL,5,03-03-2026,S002
90734032-STEEL,3.2,06-03-2026,S002
90734033-BLACK,4.5,28-04-2026,S002
90734034-STEEL,4.8,20-04-2026,S002
90734035-STEEL,2.6,09-03-2026,S002
90734036-BLUE,3.1,21-01-2026,S002
90734037-BLACK,2.4,08-01-2026,S002
90734038-STEEL,3.8,07-03-2026,S002
90734039-STEEL,4.6,11-01-2026,S002
90734040-STEEL,5,19-04-2026,S002
90734041-STEEL,4.1,24-01-2026,S002
90734042-STEEL,5,09-01-2026,S002
90734043-BLACK,2.9,18-03-2026,S002
90734044-STEEL,2.6,09-01-2026,S002
90734045-STEEL,4,28-03-2026,S002
90734046-STEEL,4.3,21-04-2026,S002
90734047-STEEL,4,31-01-2026,S002
90734048-STEEL,2.3,21-02-2026,S002
90734049-STEEL,3.9,16-01-2026,S002
90734050-STEEL,3,24-04-2026,S002
90734051-STEEL,4.5,14-03-2026,S002
90734052-STEEL,4.3,01-02-2026,S002
90734053-STEEL,3.2,16-03-2026,S002
90734054-STEEL,3.6,18-03-2026,S002
90734055-STEEL,3.2,06-01-2026,S002
90734056-STEEL,3.9,21-03-2026,S002
90734057-STEEL,4.8,11-01-2026,S002
90734058-STEEL,3.2,23-02-2026,S002
90734059-STEEL,4.4,26-03-2026,S002
90734060-STEEL,3.6,16-03-2026,S002
90734061-STEEL,3.4,14-03-2026,S002
90734062-STEEL,3.9,08-03-2026,S002
90734063-STEEL,3.2,10-02-2026,S002
90734064-STEEL,3.6,30-04-2026,S002
90734065-STEEL,3,03-02-2026,S002
90734066-STEEL,5,27-01-2026,S002
90734067-STEEL,4,27-03-2026,S002
90734068-STEEL,3.4,02-04-2026,S002
90734069-STEEL,4.2,10-02-2026,S002
90734070-STEEL,3.9,31-01-2026,S002
90734071-STEEL,3.8,03-02-2026,S002
90734072-STEEL,4.5,20-02-2026,S002
90734073-STEEL,4.6,17-01-2026,S002
90734074-STEEL,3.6,27-03-2026,S002
90734075-STEEL,3.5,24-03-2026,S002
90734076-STEEL,3.8,08-02-2026,S002
90734077-STEEL,2.2,28-02-2026,S002
90734078-STEEL,2.8,10-02-2026,S002
90734079-STEEL,5,29-04-2026,S002
90734080-STEEL,5,07-04-2026,S002
90734081-STEEL,3.8,30-04-2026,S002
90734082-STEEL,4.5,10-01-2026,S002
90734083-STEEL,4.2,02-01-2026,S002
90734084-STEEL,5,28-02-2026,S002
90734085-STEEL,4.9,21-03-2026,S002
90734086-STEEL,3.9,14-03-2026,S002
90734087-STEEL,3.2,13-01-2026,S002
90734088-STEEL,2.7,10-01-2026,S002
90734089-STEEL,4.2,10-03-2026,S002
90734090-STEEL,3.4,28-01-2026,S002
90734091-STEEL,2.9,06-03-2026,S002
90734092-STEEL,3.5,03-02-2026,S002
90734093-STEEL,3.1,17-01-2026,S002
90734094-STEEL,5,30-04-2026,S002
90734095-STEEL,4.7,14-02-2026,S002
90734096-STEEL,4,23-04-2026,S002
90734097-STEEL,5,09-01-2026,S002
90734098-STEEL,4.1,23-04-2026,S002
90734099-STEEL,3.3,01-02-2026,S002
90734100-STEEL,5,17-02-2026,S002
SKU_LIP_001,4.4,06-02-2026,S002
SKU_EYE_001,3.2,21-01-2026,S002
SKU_SKIN_001,3.8,26-02-2026,S002
SKU_FOUND_001,3.3,17-04-2026,S002
SKU_HAIR_001,2.9,11-03-2026,S002
SKU_LIP_002,4.7,01-04-2026,S002
SKU_EYE_002,5,08-02-2026,S002
SKU_SKIN_002,2.9,20-03-2026,S002
SKU_SKIN_003,4.5,14-04-2026,S002
SKU_FOUND_002,3.5,25-03-2026,S002
SKU_HAIR_002,3.6,09-03-2026,S002
SKU_HAIR_003,3.5,02-01-2026,S002
SKU_SKIN_004,3.3,27-03-2026,S002
SKU_LIP_003,4,15-04-2026,S002
SKU_SKIN_005,3.3,12-03-2026,S002
SKU_EYE_003,4.2,08-02-2026,S002
SKU_SKIN_006,4,30-04-2026,S002
SKU_HAIR_004,3.8,26-03-2026,S002
SKU_SKIN_007,3.3,14-01-2026,S002
SKU_EYE_004,3.5,23-04-2026,S002
SKU_NAIL_001,4.6,18-01-2026,S002
SKU_SKIN_008,4.4,03-02-2026,S002
SKU_LIP_004,3.2,15-01-2026,S002
SKU_SKIN_009,4.1,24-04-2026,S002
SKU_EYE_005,4.6,14-01-2026,S002
SKU_SKIN_010,2.7,06-04-2026,S002
SKU_HAIR_005,4.4,12-03-2026,S002
SKU_SKIN_011,3.5,20-01-2026,S002
SKU_LIP_005,4.5,04-02-2026,S002
SKU_SKIN_012,3.4,06-02-2026,S002
SKU_PERF_001,2.6,19-03-2026,S002
SKU_SKIN_013,2.7,27-01-2026,S002
SKU_EYE_006,4,02-04-2026,S002
SKU_SKIN_014,4.2,13-02-2026,S002
SKU_HAIR_006,3.3,27-01-2026,S002
SKU_SKIN_015,4.5,29-03-2026,S002
SKU_SKIN_016,2.7,23-03-2026,S002
SKU_NAIL_002,3.9,20-04-2026,S002
SKU_SKIN_017,3,03-02-2026,S002
SKU_SKIN_018,3.5,06-03-2026,S002
SKU_SKIN_019,4,04-03-2026,S002
SKU_SKIN_020,3.3,02-02-2026,S002
SKU_MAKE_001,3.7,26-04-2026,S002
SKU_SKIN_021,4.8,27-04-2026,S002
SKU_HAIR_007,3.5,19-04-2026,S002
SKU_NAIL_003,4.7,07-01-2026,S002
SKU_SKIN_022,3.1,12-01-2026,S002
SKU_SKIN_023,4.4,23-03-2026,S002
SKU_MAKE_002,5,24-02-2026,S002
SKU_HAIR_008,2,17-04-2026,S002
SKU_LIP_101,3.4,05-02-2026,S002
SKU_LIP_102,4.5,06-01-2026,S002
SKU_LIP_103,3.8,01-01-2026,S002
SKU_LIP_104,4.3,12-02-2026,S002
SKU_SERUM_101,3.5,09-04-2026,S002
SKU_SERUM_102,4.1,17-01-2026,S002
SKU_SERUM_103,3.9,23-03-2026,S002
SKU_FW_101,4.9,03-02-2026,S002
SKU_FW_102,4.2,21-01-2026,S002
SKU_MOIST_101,4.3,05-04-2026,S002
SKU_LIP_401,3.7,26-02-2026,S002
SKU_LIP_402,3.6,12-03-2026,S002
SKU_LIP_403,3.7,01-04-2026,S002
SKU_LIP_404,4.3,24-02-2026,S002
SKU_LIP_405,3.7,13-03-2026,S002
SKU_LIP_406,4.2,02-01-2026,S002
SKU_LIP_407,5,15-01-2026,S002
SKU_LIP_408,4.7,10-01-2026,S002
SKU_LIP_409,3.7,24-04-2026,S002
SKU_LIP_410,5,30-03-2026,S002
SKU_SERUM_401,3.7,26-04-2026,S002
SKU_SERUM_402,2.4,20-01-2026,S002
SKU_SERUM_403,3.2,11-03-2026,S002
SKU_SERUM_404,2.5,05-01-2026,S002
SKU_SERUM_405,3.7,17-04-2026,S002
SKU_SERUM_406,4,17-02-2026,S002
SKU_SERUM_407,5,16-03-2026,S002
SKU_SERUM_408,4.3,12-03-2026,S002
SKU_SERUM_409,3.8,19-01-2026,S002
SKU_SERUM_410,4.7,25-02-2026,S002
SKU_MOIST_401,2.2,17-01-2026,S002
SKU_MOIST_402,4.2,06-01-2026,S002
SKU_MOIST_403,4.6,09-02-2026,S002
SKU_MOIST_404,2.8,16-02-2026,S002
SKU_MOIST_405,4.9,26-04-2026,S002
SKU_MOIST_406,4.3,30-04-2026,S002
SKU_MOIST_407,3.7,12-04-2026,S002
SKU_MOIST_408,4.5,21-04-2026,S002
SKU_MOIST_409,5,06-01-2026,S002
SKU_MOIST_410,4.1,26-04-2026,S002
SKU_FOUND_501,4.2,15-02-2026,S002
SKU_COMP_502,3.6,27-01-2026,S002
SKU_EYE_503,3.3,29-03-2026,S002
SKU_EYE_504,4.7,01-02-2026,S002
SKU_EYE_505,3.3,27-03-2026,S002
SKU_SKIN_506,4.1,14-01-2026,S002
SKU_SKIN_507,3.6,15-02-2026,S002
SKU_HAIR_508,4.4,10-04-2026,S002
SKU_PERF_509,4.3,13-03-2026,S002
SKU_BODY_510,4.8,24-04-2026,S002
SKU_EYE_601,3.6,22-04-2026,S002
SKU_NAIL_602,3.8,22-02-2026,S002
SKU_SKIN_603,3.2,21-03-2026,S002
SKU_SKIN_604,3.6,06-04-2026,S002
SKU_SKIN_605,4.3,20-01-2026,S002
SKU_HAIR_606,4.6,29-04-2026,S002
SKU_HAIR_607,3.3,30-04-2026,S002
SKU_SKIN_608,4.7,31-01-2026,S002
SKU_BODY_609,5,21-04-2026,S002
SKU_BODY_610,4.3,21-01-2026,S002
SKU_SKIN_611,5,13-04-2026,S002
SKU_SKIN_612,3.4,14-04-2026,S002
SKU_MAKE_613,3,23-01-2026,S002
SKU_MAKE_614,2.6,23-04-2026,S002
SKU_SKIN_615,5,22-02-2026,S002
SKU_APP_TSHIRT_051,4.5,04-01-2026,S002
SKU_APP_SHIRT_052,4,23-01-2026,S002
SKU_APP_JEANS_053,4.2,05-04-2026,S002
SKU_APP_KURTA_054,3.1,29-04-2026,S002
SKU_APP_DRESS_055,5,12-02-2026,S002
SKU_APP_HOODIE_056,4.1,11-04-2026,S002
SKU_APP_LEGGINGS_057,4.1,30-04-2026,S002
SKU_APP_JACKET_058,4.6,22-02-2026,S002
SKU_APP_SAREE_059,4.4,13-04-2026,S002
SKU_APP_SHORTS_060,4.2,27-03-2026,S002
SKU_APP_POLO_061,3.4,21-04-2026,S002
SKU_APP_CROPTOP_062,4.4,05-04-2026,S002
SKU_APP_CHINOS_063,5,14-04-2026,S002
SKU_APP_SKIRT_064,5,01-02-2026,S002
SKU_APP_SWEATER_065,5,04-02-2026,S002
SKU_APP_TANKTOP_066,3.6,21-01-2026,S002
SKU_APP_TRACKPANT_067,3.2,11-04-2026,S002
SKU_APP_DUPATTA_068,3.9,31-03-2026,S002
SKU_APP_BLAZER_069,4,14-01-2026,S002
SKU_APP_PALAZZO_070,4.9,18-02-2026,S002
SKU_APP_CARDIGAN_071,2.6,22-04-2026,S002
SKU_APP_JOGGER_072,5,05-01-2026,S002
SKU_APP_BLOUSE_073,3.9,20-04-2026,S002
SKU_APP_OVERALLS_074,3.7,02-03-2026,S002
SKU_APP_PONCHO_075,3.2,29-01-2026,S002
SKU_APP_WAISTCOAT_076,2.7,26-01-2026,S002
SKU_APP_SHRUG_077,4.7,15-04-2026,S002
SKU_APP_THERMAL_078,4.1,28-04-2026,S002
SKU_APP_ROMPER_079,3,28-02-2026,S002
SKU_APP_OVERCOAT_080,3,14-02-2026,S002
SKU_APP_VEST_081,3.7,09-02-2026,S002
SKU_APP_CAMISOLE_082,5,16-04-2026,S002
SKU_APP_CAPRI_083,3.8,12-04-2026,S002
SKU_APP_ANARKALI_084,2.8,22-04-2026,S002
SKU_APP_PETTICOAT_085,3.8,30-01-2026,S002
SKU_APP_DHOTI_086,3.8,29-01-2026,S002
SKU_APP_LUNGI_087,1.8,04-01-2026,S002
SKU_APP_PARKA_088,4,26-03-2026,S002
SKU_APP_TUXEDO_089,3.8,25-01-2026,S002
SKU_APP_JUMPSUIT_090,4.6,21-02-2026,S002
SKU_APP_PULLOVER_091,5,12-02-2026,S002
SKU_APP_BURKHA_092,4.9,05-02-2026,S002
SKU_APP_RAINCOAT_093,3.8,21-04-2026,S002
SKU_APP_BODYSUIT_094,3.1,09-01-2026,S002
SKU_APP_NIGHTSUIT_095,5,09-04-2026,S002
SKU_APP_BATHROBE_096,4,05-02-2026,S002
SKU_APP_HENLEY_097,4,14-02-2026,S002
SKU_APP_KAFTAN_098,4,24-03-2026,S002
SKU_APP_GOWN_099,4.2,07-03-2026,S002
SKU_APP_WORKPANT_100,3.9,21-02-2026,S002
SKU_APP_TSHIRT_101,3.5,28-03-2026,S002
SKU_APP_TSHIRT_102,3.6,18-04-2026,S002
SKU_APP_TSHIRT_103,4,10-03-2026,S002
SKU_APP_TSHIRT_104,3.6,12-02-2026,S002
SKU_APP_TSHIRT_105,3.4,04-01-2026,S002
SKU_APP_SHIRT_106,4.1,15-01-2026,S002
SKU_APP_SHIRT_107,3.8,23-04-2026,S002
SKU_APP_SHIRT_108,5,03-02-2026,S002
SKU_APP_SHIRT_109,1.9,23-01-2026,S002
SKU_APP_SHIRT_110,4.9,16-03-2026,S002
SKU_APP_JEANS_201,5,03-02-2026,S002
SKU_APP_JEANS_202,2.3,05-01-2026,S002
SKU_APP_JEANS_203,3.7,14-01-2026,S002
SKU_APP_JEANS_204,3.7,18-03-2026,S002
SKU_APP_JEANS_205,2.9,25-02-2026,S002
SKU_APP_DRESS_206,3.4,14-02-2026,S002
SKU_APP_DRESS_207,3.1,04-04-2026,S002
SKU_APP_DRESS_208,5,11-04-2026,S002
SKU_APP_DRESS_209,4.7,10-02-2026,S002
SKU_APP_DRESS_210,5,25-02-2026,S002
SKU_APP_KURTA_301,4.6,19-03-2026,S002
SKU_APP_KURTA_302,3.1,07-03-2026,S002
SKU_APP_KURTA_303,3.6,15-01-2026,S002
SKU_APP_KURTA_304,4.4,19-02-2026,S002
SKU_APP_KURTA_305,3,26-04-2026,S002
SKU_APP_DRESS_306,4.6,15-03-2026,S002
SKU_APP_DRESS_307,3.8,25-01-2026,S002
SKU_APP_DRESS_308,3.7,02-02-2026,S002
SKU_APP_DRESS_309,4.6,06-01-2026,S002
SKU_APP_DRESS_310,4.4,01-04-2026,S002
SKU_APP_HOODIE_311,3.7,25-02-2026,S002
SKU_APP_HOODIE_312,4.9,01-01-2026,S002
SKU_APP_HOODIE_313,3.1,08-03-2026,S002
SKU_APP_HOODIE_314,4.5,29-04-2026,S002
SKU_APP_HOODIE_315,4.5,14-04-2026,S002
SKU_APP_JACKET_316,3.8,10-03-2026,S002
SKU_APP_JACKET_317,4.3,29-03-2026,S002
SKU_APP_JACKET_318,3,03-04-2026,S002
SKU_APP_JACKET_319,4.7,05-04-2026,S002
SKU_APP_JACKET_320,3.9,05-04-2026,S002
SKU_APP_LEGG_321,3.6,27-03-2026,S002
SKU_APP_SAREE_322,4.8,26-01-2026,S002
SKU_APP_SHORTS_323,3.4,16-02-2026,S002
SKU_APP_POLO_324,2.9,25-02-2026,S002
SKU_APP_TOP_325,2.8,09-01-2026,S002
SKU_ELEC_PHONE_101,4.5,27-03-2026,S002
SKU_ELEC_LAPTOP_102,3,28-04-2026,S002
SKU_ELEC_EARBUDS_103,5,12-02-2026,S002
SKU_ELEC_TV_104,2.3,21-03-2026,S002
SKU_ELEC_SMARTWATCH_105,5,10-02-2026,S002
SKU_ELEC_CAMERA_106,4.2,26-03-2026,S002
SKU_ELEC_SPEAKER_107,3.9,19-04-2026,S002
SKU_ELEC_TABLET_108,3.6,16-01-2026,S002
SKU_ELEC_ROUTER_109,4.3,03-04-2026,S002
SKU_ELEC_POWERBANK_110,4,26-04-2026,S002
SKU_ELEC_KEYBOARD_111,4.9,08-02-2026,S002
SKU_ELEC_MOUSE_112,4.1,06-03-2026,S002
SKU_ELEC_MONITOR_113,4.1,09-02-2026,S002
SKU_ELEC_PRINTER_114,3.7,27-03-2026,S002
SKU_ELEC_HARDDRIVE_115,4,22-02-2026,S002
SKU_ELEC_SSD_116,4.2,11-02-2026,S002
SKU_ELEC_DRONE_117,2.6,21-02-2026,S002
SKU_ELEC_CONSOLE_118,2.9,31-03-2026,S002
SKU_ELEC_VR_119,4.6,07-02-2026,S002
SKU_ELEC_PROJECTOR_120,4.1,12-03-2026,S002
SKU_ELEC_CABLE_121,3.9,17-01-2026,S002
SKU_ELEC_HEADPHONE_122,4,25-01-2026,S002
SKU_ELEC_MIC_123,4.3,23-02-2026,S002
SKU_ELEC_CONTROLLER_124,3.6,27-03-2026,S002
SKU_ELEC_DASHCAM_125,3.4,18-02-2026,S002
SKU_ELEC_TRIPOD_126,4.2,28-03-2026,S002
SKU_ELEC_FLASH_127,3.2,06-04-2026,S002
SKU_ELEC_SMARTBULB_128,4.3,26-04-2026,S002
SKU_ELEC_SMARTPLUG_129,2.6,23-01-2026,S002
SKU_ELEC_AIRPURIFIER_130,4.8,20-03-2026,S002
SKU_ELEC_KINDLE_131,4.4,14-03-2026,S002
SKU_ELEC_DRAWINGTAB_132,4.2,08-02-2026,S002
SKU_ELEC_WEBCAM_133,4.8,21-02-2026,S002
SKU_ELEC_LENS_134,5,12-03-2026,S002
SKU_ELEC_GIMBAL_135,4.8,17-04-2026,S002
SKU_ELEC_SOUNDBAR_136,2.5,01-01-2026,S002
SKU_ELEC_DOORBELL_137,3,08-02-2026,S002
SKU_ELEC_THERMOSTAT_138,3.5,06-02-2026,S002
SKU_ELEC_KETTLE_139,4,27-01-2026,S002
SKU_ELEC_BLENDER_140,4.4,25-02-2026,S002
SKU_ELEC_SMARTLOCK_141,3.4,11-04-2026,S002
SKU_ELEC_ACTIONCAM_142,4.1,16-03-2026,S002
SKU_ELEC_PORTABLESSD_143,3.4,19-03-2026,S002
SKU_ELEC_STREAMSTICK_144,3.5,25-03-2026,S002
SKU_ELEC_SMARTSCALE_145,2.9,11-02-2026,S002
SKU_ELEC_BABYMONITOR_146,3.3,01-03-2026,S002
SKU_ELEC_CLICKER_147,2.9,26-02-2026,S002
SKU_ELEC_DIGITALFRAME_148,3.2,26-02-2026,S002
SKU_ELEC_GAMINGCHAIR_149,4.8,28-03-2026,S002
SKU_ELEC_DESKFAN_150,3.2,28-01-2026,S002
SKU_LAP_601,5,07-03-2026,S002
SKU_LAP_602,4.4,02-03-2026,S002
SKU_LAP_603,4.1,12-04-2026,S002
SKU_LAP_604,3.3,26-04-2026,S002
SKU_LAP_605,4.6,12-04-2026,S002
SKU_LAP_606,3.5,05-04-2026,S002
SKU_LAP_607,4.1,22-01-2026,S002
SKU_LAP_608,5,26-03-2026,S002
SKU_LAP_609,3.9,11-01-2026,S002
SKU_LAP_610,4.9,06-02-2026,S002
SKU_EAR_510,3.4,07-03-2026,S002
SKU_WATCH_511,4,26-03-2026,S002
SKU_WATCH_512,5,23-03-2026,S002
SKU_WATCH_513,3.5,21-03-2026,S002
SKU_WATCH_514,5,12-02-2026,S002
SKU_WATCH_515,4.6,12-01-2026,S002
SKU_TV_516,3.6,15-04-2026,S002
SKU_TV_517,4.5,07-04-2026,S002
SKU_TV_518,4.8,31-01-2026,S002
SKU_TV_519,4.5,28-03-2026,S002
SKU_TV_520,2.7,09-02-2026,S002
SKU_EAR_506,3.4,29-01-2026,S002
SKU_EAR_507,3.8,14-04-2026,S002
SKU_EAR_508,3.9,26-01-2026,S002
SKU_EAR_509,4.5,19-01-2026,S002
SKU_PHONE_501,4.1,04-01-2026,S002
SKU_PHONE_502,2.9,06-01-2026,S002
SKU_PHONE_503,4.3,01-02-2026,S002
SKU_PHONE_504,4.5,02-03-2026,S002
SKU_PHONE_505,4.4,20-03-2026,S002
SKU_TAB_1001,4.9,19-04-2026,S002
SKU_TAB_1002,4.7,09-04-2026,S002
SKU_TAB_1003,4.4,10-01-2026,S002
SKU_TAB_1004,3.9,28-02-2026,S002
SKU_TAB_1005,2.7,23-02-2026,S002
SKU_SPK_1006,4.3,24-04-2026,S002
SKU_SPK_1007,4.2,22-03-2026,S002
SKU_SPK_1008,4.2,15-03-2026,S002
SKU_SPK_1009,3,25-01-2026,S002
SKU_SPK_1010,3.1,02-04-2026,S002
SKU_HEAD_1011,4.8,31-03-2026,S002
SKU_HEAD_1012,4,19-02-2026,S002
SKU_HEAD_1013,4.5,05-03-2026,S002
SKU_HEAD_1014,4,21-02-2026,S002
SKU_HEAD_1015,4,01-02-2026,S002
SKU_CAM_1016,4.8,19-01-2026,S002
SKU_CAM_1017,3.6,25-03-2026,S002
SKU_CAM_1018,4.1,30-03-2026,S002
SKU_CAM_1019,3.6,01-01-2026,S002
SKU_CAM_1020,3.7,25-04-2026,S002
SKU_PB_1021,3.8,07-04-2026,S002
SKU_PB_1022,4.2,21-04-2026,S002
SKU_PB_1023,3.6,09-04-2026,S002
SKU_PB_1024,5,24-04-2026,S002
SKU_PB_1025,3.3,14-01-2026,S002
SKU_USB_1201,3.9,10-04-2026,S002
SKU_USB_1202,3.6,24-02-2026,S002
SKU_HDD_1203,5,29-01-2026,S002
SKU_HDD_1204,4.2,23-01-2026,S002
SKU_SSD_1205,4.8,13-04-2026,S002
SKU_MON_1206,2.8,31-03-2026,S002
SKU_MON_1207,4.2,08-03-2026,S002
SKU_MON_1208,4.7,01-03-2026,S002
SKU_MON_1209,4.1,07-01-2026,S002
SKU_MON_1210,4.9,13-03-2026,S002
SKU_KEY_1211,3.6,01-02-2026,S002
SKU_KEY_1212,5,28-04-2026,S002
SKU_KEY_1213,5,19-04-2026,S002
SKU_KEY_1214,3.7,16-01-2026,S002
SKU_KEY_1215,3.6,28-02-2026,S002
SKU_MOU_1216,5,18-01-2026,S002
SKU_MOU_1217,5,13-04-2026,S002
SKU_PRN_1218,3.6,01-03-2026,S002
SKU_AC_1219,3.7,27-03-2026,S002
SKU_FRG_1220,3.8,09-03-2026,S002
SKU_FRG_1316,2.9,13-03-2026,S002
SKU_FRG_1317,3.3,18-03-2026,S002
SKU_WM_1318,3.2,10-02-2026,S002
SKU_WM_1319,3.4,07-04-2026,S002
SKU_WM_1320,4,25-04-2026,S002
SKU_AC_1311,4.2,26-02-2026,S002
SKU_AC_1312,5,20-03-2026,S002
SKU_AC_1313,3.2,15-04-2026,S002
SKU_AC_1314,4.8,03-04-2026,S002
SKU_AC_1315,3.8,25-04-2026,S003
SKU_PRN_1306,4,06-03-2026,S003
SKU_PRN_1307,4.5,24-02-2026,S003
SKU_PRN_1308,3.1,17-04-2026,S003
SKU_PRN_1309,4.3,27-04-2026,S003
SKU_PRN_1310,4.1,12-03-2026,S003
SKU_MOU_1301,4.4,27-02-2026,S003
SKU_MOU_1302,4.2,25-04-2026,S003
SKU_MOU_1303,5,21-01-2026,S003
SKU_MOU_1304,3.5,06-04-2026,S003
SKU_MOU_1305,3.6,21-04-2026,S003
SKU_JEW_RING_151,3.5,02-03-2026,S003
SKU_JEW_NECKLACE_152,3.6,27-02-2026,S003
SKU_JEW_EARRING_153,3.5,03-02-2026,S003
SKU_JEW_BRACELET_154,5,07-04-2026,S003
SKU_JEW_ANKLET_155,5,01-02-2026,S003
SKU_JEW_WATCH_156,3.5,18-04-2026,S003
SKU_JEW_SUNGLASSES_157,3.3,23-03-2026,S003
SKU_JEW_HANDBAG_158,4.4,05-02-2026,S003
SKU_JEW_BELT_159,3.6,09-04-2026,S003
SKU_JEW_WALLET_160,4.5,10-04-2026,S003
SKU_JEW_HAT_161,4.2,08-03-2026,S003
SKU_JEW_SCARF_162,2.8,04-03-2026,S003
SKU_JEW_BROOCH_163,5,22-03-2026,S003
SKU_JEW_CHAIN_164,5,31-01-2026,S003
SKU_JEW_TOERING_165,3.5,05-02-2026,S003
SKU_JEW_BACKPACK_166,3.7,26-02-2026,S003
SKU_JEW_HAIRPIN_167,4.2,10-01-2026,S003
SKU_JEW_CUFFLINK_168,4.3,02-04-2026,S003
SKU_JEW_KEYCHAIN_169,4.5,06-02-2026,S003
SKU_JEW_DUFFEL_170,5,31-01-2026,S003
SKU_JEW_PENDANT_171,3.9,04-02-2026,S003
SKU_JEW_LOCKET_172,3.4,12-02-2026,S003
SKU_JEW_NOSEPIN_173,2.9,10-02-2026,S003
SKU_JEW_BANGLES_174,3.4,25-04-2026,S003
SKU_JEW_TIARA_175,4,11-03-2026,S003
SKU_JEW_HAIRBAND_176,5,11-01-2026,S003
SKU_JEW_HAIRCLIP_177,3.6,18-01-2026,S003
SKU_JEW_CARDHOLDER_178,4.2,20-01-2026,S003
SKU_JEW_LUGGAGETAG_179,4,30-01-2026,S003
SKU_JEW_TRAVELWALLET_180,5,19-02-2026,S003
SKU_JEW_LAPELPIN_181,5,30-03-2026,S003
SKU_JEW_TIECLIP_182,3.6,20-01-2026,S003
SKU_JEW_ARMLET_183,3.6,01-04-2026,S003
SKU_JEW_WAISTCHAIN_184,4.8,28-01-2026,S003
SKU_JEW_SCRUNCHIE_185,4.5,09-01-2026,S003
SKU_JEW_POTLIBAG_186,5,23-02-2026,S003
SKU_JEW_SUNGLASSCHAIN_187,4.5,22-02-2026,S003
SKU_JEW_JEWELBOX_188,3.7,12-02-2026,S003
SKU_JEW_WATCHSTRAP_189,4.5,11-03-2026,S003
SKU_JEW_BEADBRACELET_190,4.9,01-03-2026,S003
SKU_JEW_GEMRING_191,4.7,23-02-2026,S003
SKU_JEW_JEWELROLL_192,4.4,08-01-2026,S003
SKU_JEW_CHARMKEY_193,4.9,27-01-2026,S003
SKU_JEW_BROOCHSET_194,4.9,17-04-2026,S003
SKU_JEW_WAISTBELT_195,5,23-02-2026,S003
SKU_JEW_SOCKS_196,4.5,19-02-2026,S003
SKU_JEW_GLOVES_197,3.9,26-04-2026,S003
SKU_JEW_UMBRELLA_198,4.1,09-04-2026,S003
SKU_JEW_PHONECHARM_199,5,16-03-2026,S003
SKU_BRACE_201,3.3,31-03-2026,S003
SKU_BRACE_202,4.3,03-01-2026,S003
SKU_BRACE_203,3.7,20-04-2026,S003
SKU_BRACE_204,4,23-04-2026,S003
SKU_BRACE_205,5,08-04-2026,S003
SKU_WATCH_206,4.2,15-03-2026,S003
SKU_WATCH_207,4,18-02-2026,S003
SKU_WATCH_208,2.9,03-03-2026,S003
SKU_WATCH_209,4.6,01-01-2026,S003
SKU_WATCH_210,4.5,15-02-2026,S003
SKU_BAG_211,5,08-02-2026,S003
SKU_BAG_212,3.8,07-04-2026,S003
SKU_BAG_213,4.2,19-02-2026,S003
SKU_BAG_214,4.2,20-04-2026,S003
SKU_BAG_215,5,25-04-2026,S003
SKU_WAL_216,3.9,17-04-2026,S003
SKU_WAL_217,4.2,23-02-2026,S003
SKU_WAL_218,4.5,10-03-2026,S003
SKU_WAL_219,4.1,06-04-2026,S003
SKU_WAL_220,3.6,05-04-2026,S003
SKU_RING_101,4.2,11-03-2026,S003
SKU_RING_102,4.9,13-04-2026,S003
SKU_RING_103,3.2,19-03-2026,S003
SKU_RING_104,4.1,25-04-2026,S003
SKU_RING_105,3.4,29-01-2026,S003
SKU_NECK_106,5,04-03-2026,S003
SKU_NECK_107,2.8,29-01-2026,S003
SKU_NECK_108,3.6,04-02-2026,S003
SKU_NECK_109,4.3,25-02-2026,S003
SKU_NECK_110,5,04-03-2026,S003
SKU_EAR_111,3.9,04-01-2026,S003
SKU_EAR_112,3.6,19-02-2026,S003
SKU_EAR_113,5,13-02-2026,S003
SKU_EAR_114,2.8,27-03-2026,S003
SKU_EAR_115,2.2,28-03-2026,S003
SKU_ANK_301,4.4,13-04-2026,S003
SKU_ANK_302,3.6,21-02-2026,S003
SKU_ANK_303,3.2,03-04-2026,S003
SKU_ANK_304,4.6,22-01-2026,S003
SKU_ANK_305,4.2,18-04-2026,S003
SKU_HAIR_306,3.5,01-03-2026,S003
SKU_HAIR_307,3,28-04-2026,S003
SKU_HAIR_308,4.7,17-01-2026,S003
SKU_HAIR_309,4.5,21-03-2026,S003
SKU_HAIR_310,3.9,10-03-2026,S003
SKU_SUN_311,5,04-01-2026,S003
SKU_SUN_312,3.1,27-04-2026,S003
SKU_SUN_313,2.8,20-02-2026,S003
SKU_SUN_314,3.4,17-03-2026,S003
SKU_SUN_315,4,14-03-2026,S003
SKU_PHA_PARACETAMOL_001,4.2,26-03-2026,S003
SKU_PHA_IBUPROFEN_002,3.8,04-01-2026,S003
SKU_PHA_ANTACID_003,4.3,11-01-2026,S003
SKU_PHA_COUGH_004,3,24-03-2026,S003
SKU_PHA_VITC_005,5,24-02-2026,S003
SKU_PHA_MULTIVIT_006,3.9,18-01-2026,S003
SKU_PHA_BANDAGE_007,4.9,21-04-2026,S003
SKU_PHA_SANITIZER_008,4.3,01-03-2026,S003
SKU_PHA_THERMOMETER_009,4.4,24-01-2026,S003
SKU_PHA_GLUCOSE_010,4.5,07-01-2026,S003
SKU_PHA_B12_011,4.4,03-02-2026,S003
SKU_PHA_DIGENE_012,4.5,18-02-2026,S003
SKU_PHA_VITD_013,5,11-02-2026,S003
SKU_PHA_GASRELIEF_014,4.2,28-01-2026,S003
SKU_PHA_ANTIFUNGAL_015,4.6,28-02-2026,S003
SKU_PHA_ANTIBIOTIC_016,3.9,11-02-2026,S003
SKU_PHA_ALLERGY_017,5,13-02-2026,S003
SKU_PHA_BETADINE_018,3.5,08-04-2026,S003
SKU_PHA_INSULIN_019,5,23-04-2026,S003
SKU_PHA_VITAMINC_020,4,18-02-2026,S003
SKU_PHA_CALCIUM_021,2.9,05-02-2026,S003
SKU_PHA_IRON_022,4.1,07-04-2026,S003
SKU_PHA_ZINC_023,3.5,17-04-2026,S003
SKU_PHA_ORAL_024,4.7,23-02-2026,S003
SKU_PHA_LOZENGE_025,3.5,02-02-2026,S003
SKU_PHA_ELECTROLYTE_026,3.6,17-04-2026,S003
SKU_PHA_INHALER_027,2.5,11-01-2026,S003
SKU_PHA_OINTMENT_028,3.6,02-03-2026,S003
SKU_PHA_GLUCOMETER_029,2.1,03-01-2026,S003
SKU_PHA_BP_030,2.7,06-04-2026,S003
SKU_PHA_PAINSPRAY_031,4.6,11-03-2026,S003
SKU_PHA_COOLGEL_032,4.6,07-01-2026,S003
SKU_PHA_COLDTAB_033,4.3,14-02-2026,S003
SKU_PHA_DIGESTIVE_034,3.2,29-01-2026,S003
SKU_PHA_PROBIOTIC_035,4,25-03-2026,S003
SKU_PHA_CALAMINE_036,4,09-01-2026,S003
SKU_PHA_LIVER_037,3.1,10-04-2026,S003
SKU_PHA_STEAM_038,5,25-03-2026,S003
SKU_PHA_MASK_039,4.7,06-01-2026,S003
SKU_PHA_VAPORUB_040,3.8,07-04-2026,S003
SKU_PHA_PROTEIN_041,4,04-01-2026,S003
SKU_PHA_VITAMINK2_042,4.2,01-02-2026,S003
SKU_PHA_MAGNESIUM_043,2.4,26-01-2026,S003
SKU_PHA_PROTEINBAR_044,3.8,18-04-2026,S003
SKU_PHA_COLLAGEN_045,3.5,03-01-2026,S003
SKU_PHA_BANDAGEKIT_046,3.2,21-03-2026,S003
SKU_PHA_HEATINGPAD_047,3.8,20-01-2026,S003
SKU_PHA_PULSE_048,5,31-01-2026,S003
SKU_PHA_MASSAGER_049,4.5,17-01-2026,S003
SKU_PHA_STRETCH_050,3.5,02-03-2026,S003
SKU_PHA_PARACETAMOL_101,4.5,27-03-2026,S003
SKU_PHA_ASPIRIN_102,5,15-01-2026,S003
SKU_PHA_CETIRIZINE_103,4.7,14-03-2026,S003
SKU_PHA_PANTOP_104,4,28-01-2026,S003
SKU_PHA_METFORMIN_105,3.5,01-03-2026,S003
SKU_PHA_OMEGA_106,4.6,31-03-2026,S003
SKU_PHA_BIOTIN_107,4.3,02-02-2026,S003
SKU_PHA_ASHWAGANDHA_108,4.7,09-04-2026,S003
SKU_PHA_GINSENG_109,4.5,17-02-2026,S003
SKU_PHA_CURCUMIN_110,4.8,22-01-2026,S003
SKU_PHA_WEIGHT_111,3.6,19-03-2026,S003
SKU_PHA_NEBULIZER_112,5,19-03-2026,S003
SKU_PHA_FITNESS_113,4.2,06-04-2026,S003
SKU_PHA_MASSAGER_114,5,02-04-2026,S003
SKU_PHA_HEART_115,3.4,15-01-2026,S003
SKU_PHA_ORAL_REHYD_301,5,10-04-2026,S003
SKU_PHA_PROBIOTIC_302,4.2,15-04-2026,S003
SKU_PHA_ANTACID_303,3.5,21-01-2026,S003
SKU_PHA_COUGHLOZ_304,3.6,09-02-2026,S003
SKU_PHA_INSULIN_305,3.7,14-01-2026,S003
SKU_PHA_BP_MONITOR_306,4.3,16-03-2026,S003
SKU_PHA_GLUCO_307,4.4,04-01-2026,S003
SKU_PHA_PULSE_308,3.5,29-04-2026,S003
SKU_PHA_PROTEIN_309,4,09-02-2026,S003
SKU_PHA_ELECTROLYTE_310,5,15-03-2026,S003
SKU_LIP_301,5,28-03-2026,S003
SKU_LIP_302,4.3,27-04-2026,S003
SKU_LIP_303,4,18-02-2026,S003
SKU_LIP_304,4.1,20-02-2026,S003
SKU_LIP_305,4.5,02-04-2026,S003
SKU_TAB_401,3.2,26-01-2026,S003
SKU_TAB_402,3.8,10-01-2026,S003
SKU_TAB_403,2.7,17-03-2026,S003
SKU_TAB_404,4.3,30-03-2026,S003
SKU_MOU_401,4.5,17-04-2026,S003
SKU_MOU_402,3.6,22-03-2026,S003
SKU_MOU_403,5,01-02-2026,S003
SKU_WATCH_411,3,14-01-2026,S003
SKU_WATCH_412,2.8,31-03-2026,S003
SKU_WATCH_413,4.2,09-04-2026,S003
SKU_WATCH_414,4.8,08-02-2026,S003
SKU_WATCH_415,5,19-04-2026,S003
SKU_BAG_416,3.6,29-03-2026,S003
SKU_BAG_417,4.9,18-03-2026,S003
SKU_BAG_418,4,14-04-2026,S003
SKU_BAG_419,3.9,16-01-2026,S003
SKU_BAG_420,4.7,12-04-2026,S003
SKU_TAB_421,4.5,14-03-2026,S003
SKU_TAB_422,2.7,11-04-2026,S003
SKU_TAB_423,5,06-01-2026,S003
SKU_TAB_424,5,14-02-2026,S003
SKU_TAB_425,3.5,10-03-2026,S003
SKU_MIN_SERUM_501,4.3,24-02-2026,S003
SKU_MIN_SERUM_502,4.4,26-03-2026,S003
SKU_MIN_SERUM_503,4.2,17-02-2026,S003
SKU_MIN_SERUM_504,3.6,09-01-2026,S003
SKU_MIN_MOIST_505,3.5,06-03-2026,S003
SKU_MIN_MOIST_506,4,24-03-2026,S003
SKU_MIN_TONER_507,4.9,13-02-2026,S003
SKU_MIN_FW_508,4.4,02-01-2026,S003
SKU_MIN_SUN_509,3.7,19-04-2026,S003
SKU_CB_701,4.6,23-02-2026,S003
SKU_CB_702,1.7,16-04-2026,S003
SKU_CB_703,4.9,04-03-2026,S003
SKU_HB_704,2.6,14-01-2026,S003
SKU_HB_705,3.7,25-02-2026,S003
SKU_HB_706,3.1,16-02-2026,S003
SKU_AN_707,3,23-03-2026,S003
SKU_AN_708,4.9,25-04-2026,S003
SKU_TF_709,3.6,17-04-2026,S003
SKU_TF_710,4.3,28-02-2026,S003
SKU_CH_711,4,01-04-2026,S003
SKU_DHC_713,4.4,20-01-2026,S003
SKU_OPI_714,4.1,25-02-2026,S003
SKU_NYX_715,3,23-01-2026,S003
SKU_LU_716,4.8,04-04-2026,S003
SKU_VL_717,3.6,08-03-2026,S003
SKU_AS_801,2.8,25-03-2026,S003
SKU_AS_802,3.7,04-02-2026,S003
SKU_VH_803,5,20-03-2026,S003
SKU_VH_804,4.7,14-04-2026,S003
SKU_GD_805,3.7,28-04-2026,S003
SKU_GD_806,3.7,10-03-2026,S003
SKU_AU_807,3.7,10-04-2026,S003
SKU_AU_808,5,03-03-2026,S003
SKU_CO_809,4.3,01-03-2026,S003
SKU_CO_810,4.3,25-02-2026,S003
SKU_BQ_901,4.8,16-04-2026,S003
SKU_BQ_902,4.2,04-04-2026,S003
SKU_WA_903,3.8,17-03-2026,S003
SKU_WA_904,3.8,04-02-2026,S003
SKU_RO_905,3.9,11-02-2026,S003
SKU_RO_906,4,20-04-2026,S003
SKU_NX_907,4.6,01-02-2026,S003
SKU_NX_908,4,17-04-2026,S003
SKU_KS_909,4.6,30-04-2026,S003
SKU_KS_910,3.9,12-01-2026,S003
SKU_AM_901,4.1,05-02-2026,S003
SKU_AM_902,2.4,23-04-2026,S003
SKU_AM_903,4.7,27-02-2026,S003
SKU_BS_904,4.3,01-02-2026,S003
SKU_BS_905,4.8,07-04-2026,S003
SKU_BS_906,1.7,01-03-2026,S003
SKU_MB_907,5,14-03-2026,S003
SKU_MB_908,3.9,20-03-2026,S003
SKU_MB_909,4.9,27-03-2026,S003
SKU_DA_901,3.2,18-02-2026,S003
SKU_DA_902,4.5,13-02-2026,S003
SKU_EN_903,3.2,04-01-2026,S003
SKU_EN_904,3.5,05-03-2026,S003
SKU_SS_905,5,19-04-2026,S003
SKU_SS_906,3.8,11-02-2026,S003
SKU_FU_907,4.2,24-01-2026,S003
SKU_FU_908,4.7,04-03-2026,S003
SKU_LP_901,4.4,28-01-2026,S003
SKU_LP_902,4.1,15-02-2026,S003
SKU_LP_903,4.3,13-04-2026,S003
SKU_LP_904,5,03-02-2026,S003
SKU_LP_905,4,13-02-2026,S003
SKU_FC_906,4.2,05-02-2026,S003
SKU_FC_907,4.8,23-04-2026,S003
SKU_FC_908,4.9,18-03-2026,S003
SKU_FC_909,4.9,31-03-2026,S003
SKU_FC_910,4.5,23-04-2026,S003
SKU_ET_911,3.1,05-02-2026,S003
SKU_ET_912,5,13-03-2026,S003
SKU_ET_913,3.1,02-01-2026,S003
SKU_ET_914,4.2,08-03-2026,S003
SKU_ET_915,3.4,25-01-2026,S003
SKU_ST_916,3.9,11-01-2026,S003
SKU_ST_917,4.3,31-01-2026,S003
SKU_ST_918,4.3,03-04-2026,S003
SKU_ST_919,4.3,22-02-2026,S003
SKU_ST_920,5,04-03-2026,S003
SKU_MIC_1001,4.4,13-03-2026,S003
SKU_LIGHT_1002,3.8,08-04-2026,S003
SKU_STAND_1003,4.8,31-01-2026,S003
SKU_GP_1004,5,30-03-2026,S003
SKU_GP_1005,3,02-03-2026,S003
SKU_INH_1001,4.5,24-03-2026,S003
SKU_INH_1002,4.6,02-04-2026,S003
SKU_INH_1003,3.8,04-03-2026,S003
SKU_INH_1004,5,27-02-2026,S003
SKU_INH_1005,3.9,12-04-2026,S003
SKU_NEB_1006,4.1,03-01-2026,S003
SKU_NEB_1007,3.9,12-01-2026,S003
SKU_NEB_1008,4,07-02-2026,S003
SKU_NEB_1009,3.1,29-01-2026,S003
SKU_NEB_1010,2.8,21-02-2026,S003
SKU_HP_1011,5,30-03-2026,S003
SKU_HP_1012,3.3,01-02-2026,S003
SKU_HP_1013,3.2,09-02-2026,S003
SKU_HP_1014,2.3,26-03-2026,S003
SKU_HP_1015,3.5,16-03-2026,S003
SKU_JOG_1001,2.9,17-02-2026,S003
SKU_JOG_1002,5,02-03-2026,S003
SKU_JOG_1003,4.8,12-03-2026,S003
SKU_JOG_1004,3.4,09-03-2026,S003
SKU_KAF_1005,5,14-02-2026,S003
SKU_KAF_1006,4.8,24-02-2026,S003
SKU_KAF_1007,3.7,06-04-2026,S003
SKU_KAF_1008,2,12-03-2026,S003
SKU_NS_1009,5,12-02-2026,S003
SKU_NS_1010,2.9,15-02-2026,S003
SKU_NS_1011,2.7,31-03-2026,S003
SKU_NS_1012,4.8,28-02-2026,S003
SKU_000001,5,04-02-2026,S003
SKU_000002,5,09-02-2026,S003
SKU_000003,4.5,02-02-2026,S003
SKU_000004,4.5,30-01-2026,S003
SKU_000005,4.7,16-01-2026,S003
SKU_000006,4.6,03-04-2026,S003
SKU_000007,4.2,25-01-2026,S003
SKU_000008,4.1,10-02-2026,S003
SKU_000009,3.9,16-01-2026,S003
SKU_000010,3.4,06-04-2026,S003
SKU_000011,3.8,10-03-2026,S003
SKU_000012,2.6,08-04-2026,S003
SKU_000013,3.9,30-03-2026,S003
SKU_000014,3.2,24-01-2026,S003
SKU_000015,3.1,25-01-2026,S003
SKU_000016,4.1,28-01-2026,S003
SKU_000017,5,05-04-2026,S003
SKU_000018,4.7,03-03-2026,S003
SKU_000019,2.7,05-02-2026,S003
SKU_000020,3.2,03-04-2026,S003
SKU_000021,4.8,17-03-2026,S003
SKU_000022,3.2,08-04-2026,S003
SKU_000023,3.8,09-03-2026,S003
SKU_000024,4.4,18-03-2026,S003
SKU_000025,3.2,06-02-2026,S003
SKU_000026,4.1,13-01-2026,S003
SKU_000027,2.9,17-04-2026,S003
SKU_000028,3.5,25-01-2026,S003
SKU_000029,4.3,07-02-2026,S003
SKU_000030,2.7,30-01-2026,S003
SKU_000031,4.4,16-02-2026,S003
SKU_000032,4,23-01-2026,S003
SKU_000033,4.4,08-02-2026,S003
SKU_000034,4.2,02-01-2026,S003
SKU_000035,5,01-04-2026,S003
SKU_000036,4.1,10-03-2026,S003
SKU_000037,3.7,17-01-2026,S003
SKU_000038,4.1,05-02-2026,S003
SKU_000039,4.4,06-01-2026,S003
SKU_000040,4,07-01-2026,S003
SKU_000041,4,12-03-2026,S003
SKU_000042,3.4,07-02-2026,S003
SKU_000043,3.5,31-03-2026,S003
SKU_000044,2.9,17-01-2026,S003
SKU_000045,5,23-03-2026,S003
SKU_000046,3,22-04-2026,S003
SKU_000047,3.4,07-04-2026,S003
SKU_000048,3.4,04-03-2026,S003
SKU_000049,4.7,14-01-2026,S003
SKU_000050,3.8,22-04-2026,S003
SKU_000051,5,02-01-2026,S003
SKU_000052,3.5,15-03-2026,S003
SKU_000053,4.2,06-02-2026,S003
SKU_000054,3.3,02-03-2026,S003
SKU_000055,5,03-03-2026,S003
SKU_000056,3,26-02-2026,S003
SKU_000057,4.2,13-02-2026,S003
SKU_000058,4.5,24-01-2026,S003
SKU_000059,4.3,07-01-2026,S003
SKU_000060,3.9,02-02-2026,S003
SKU_000061,3.9,21-04-2026,S003
SKU_000062,4,03-03-2026,S003
SKU_000063,3.9,15-01-2026,S003
SKU_000064,4.8,16-04-2026,S003
SKU_000065,5,09-01-2026,S003
SKU_000066,3.6,21-02-2026,S003
SKU_000067,2.9,04-03-2026,S003
SKU_000068,3.9,10-01-2026,S003
SKU_000069,5,15-03-2026,S003
SKU_000070,3.4,22-03-2026,S003
SKU_000071,5,29-03-2026,S003
SKU_000072,5,07-01-2026,S003
SKU_000073,3.6,20-01-2026,S003
SKU_000074,4.5,20-01-2026,S003
SKU_000075,5,14-04-2026,S004
SKU_000076,3.7,14-03-2026,S004
SKU_000077,3.8,08-02-2026,S004
SKU_000078,3.5,11-01-2026,S004
SKU_000079,3.2,01-02-2026,S004
SKU_000080,3.5,16-01-2026,S004
SKU_000081,3,13-03-2026,S004
SKU_000082,4,08-04-2026,S004
SKU_000083,3.4,23-02-2026,S004
SKU_000084,4.2,19-03-2026,S004
SKU_000085,2.8,18-03-2026,S004
SKU_000086,4.3,12-04-2026,S004
SKU_000087,4.7,21-03-2026,S004
SKU_000088,2.4,29-01-2026,S004
SKU_000089,4.3,10-04-2026,S004
SKU_000090,5,08-03-2026,S004
SKU_000091,3,18-02-2026,S004
SKU_000092,5,27-02-2026,S004
SKU_000093,4.3,27-04-2026,S004
SKU_000094,3.4,26-02-2026,S004
SKU_000095,4,08-02-2026,S004
SKU_000096,4.4,21-04-2026,S004
SKU_000097,4.1,17-03-2026,S004
SKU_000098,4.4,24-02-2026,S004
SKU_000099,3.3,09-02-2026,S004
SKU_000100,4.1,14-03-2026,S004
SKU_000101,2.9,21-03-2026,S004
SKU_000102,3.9,08-01-2026,S004
SKU_000103,3.3,20-03-2026,S004
SKU_000104,3.4,05-04-2026,S004
SKU_000105,5,13-01-2026,S004
SKU_000106,4.9,08-04-2026,S004
SKU_000107,4.5,27-01-2026,S004
SKU_000108,3.1,22-03-2026,S004
SKU_000109,3.7,28-01-2026,S004
SKU_000110,5,03-02-2026,S004
SKU_000111,4.1,26-03-2026,S004
SKU_000112,5,11-01-2026,S004
SKU_000113,4.3,21-01-2026,S004
SKU_000114,4.2,31-01-2026,S004
SKU_000115,3.8,23-01-2026,S004
SKU_000116,4.1,12-03-2026,S004
SKU_000117,3.9,10-01-2026,S004
SKU_000118,4.6,21-01-2026,S004
SKU_000119,4.8,01-01-2026,S004
SKU_000120,3.4,22-02-2026,S004
SKU_000121,2.9,27-02-2026,S004
SKU_000122,2.5,30-03-2026,S004
SKU_000123,4.4,18-03-2026,S004
SKU_000124,3.1,02-03-2026,S004
SKU_000125,2.3,07-02-2026,S004
SKU_000126,4.3,05-01-2026,S004
SKU_000127,5,30-01-2026,S004
SKU_000128,4,06-02-2026,S004
SKU_000129,4.7,01-04-2026,S004
SKU_000130,4.1,06-02-2026,S004
SKU_000131,3.9,31-03-2026,S004
SKU_000132,4.7,21-04-2026,S004
SKU_000133,3.8,28-02-2026,S004
SKU_000134,4.2,10-01-2026,S004
SKU_000135,4.3,29-03-2026,S004
SKU_000136,3.5,30-01-2026,S004
SKU_000137,4.8,29-04-2026,S004
SKU_000138,3.9,03-02-2026,S004
SKU_000139,3.4,11-04-2026,S004
SKU_000140,4.4,12-04-2026,S004
SKU_000141,3.3,22-03-2026,S004
SKU_000142,4,17-03-2026,S004
SKU_000143,4,26-03-2026,S004
SKU_000144,4.9,13-04-2026,S004
SKU_000145,4.4,30-04-2026,S004
SKU_000146,4,26-01-2026,S004
SKU_000147,4.7,24-02-2026,S004
SKU_000148,5,15-01-2026,S004
SKU_000149,4.4,11-03-2026,S004
SKU_000150,4,29-01-2026,S004
SKU_000151,3,24-03-2026,S004
SKU_000152,3.1,20-01-2026,S004
SKU_000153,3.8,27-04-2026,S004
SKU_000154,3.5,04-02-2026,S004
SKU_000155,3.9,16-04-2026,S004
SKU_000156,4,19-01-2026,S004
SKU_000157,4.4,10-01-2026,S004
SKU_000158,3.9,08-01-2026,S004
SKU_000159,4.4,22-01-2026,S004
SKU_000160,4.1,12-04-2026,S004
SKU_000161,2.4,09-02-2026,S004
SKU_000162,3.2,18-03-2026,S004
SKU_000163,3.9,06-04-2026,S004
SKU_000164,3,16-04-2026,S004
SKU_000165,4.5,14-03-2026,S004
SKU_000166,5,28-04-2026,S004
SKU_000167,5,06-02-2026,S004
SKU_000168,3.8,26-02-2026,S004
SKU_000169,5,16-01-2026,S004
SKU_000170,4.1,01-03-2026,S004
SKU_000171,3.7,30-03-2026,S004
SKU_000172,3.5,08-02-2026,S004
SKU_000173,3.8,31-03-2026,S004
SKU_000174,3.7,21-02-2026,S004
SKU_000175,4.1,04-02-2026,S004
SKU_000176,4.1,06-03-2026,S004
SKU_000177,4,11-03-2026,S004
SKU_000178,4.3,05-03-2026,S004
SKU_000179,5,26-02-2026,S004
SKU_000180,4.8,11-01-2026,S004
SKU_000181,2.8,18-03-2026,S004
SKU_000182,2,06-01-2026,S004
SKU_000183,4.7,24-04-2026,S004
SKU_000184,2.9,25-02-2026,S004
SKU_000185,3.8,05-04-2026,S004
SKU_000186,3.1,11-02-2026,S004
SKU_000187,2.6,19-03-2026,S004
SKU_000188,4.4,02-02-2026,S004
SKU_000189,4.6,04-01-2026,S004
SKU_000190,3.5,12-01-2026,S004
SKU_000191,1.9,30-01-2026,S004
SKU_000192,3.6,28-03-2026,S004
SKU_000193,4.3,18-04-2026,S004
SKU_000194,2.8,21-04-2026,S004
SKU_000195,4.1,15-03-2026,S004
SKU_000196,4,17-03-2026,S004
SKU_000197,4.5,03-01-2026,S004
SKU_000198,4.1,08-04-2026,S004
SKU_000199,3.2,28-03-2026,S004
SKU_000200,5,16-04-2026,S004
SKU_000201,3.9,04-02-2026,S004
SKU_000202,4,15-03-2026,S004
SKU_000203,3.3,06-01-2026,S004
SKU_000204,3.6,08-04-2026,S004
SKU_000205,3.3,07-04-2026,S004
SKU_000206,3.9,23-01-2026,S004
SKU_000207,5,02-03-2026,S004
SKU_000208,2.9,08-03-2026,S004
SKU_000209,2.7,25-03-2026,S004
SKU_000210,5,26-02-2026,S004
SKU_000211,3.8,28-04-2026,S004
SKU_000212,3.5,05-02-2026,S004
SKU_000213,4.8,24-01-2026,S004
SKU_000214,3.5,16-03-2026,S004
SKU_000215,5,25-02-2026,S004
SKU_000216,4.5,23-03-2026,S004
SKU_000217,3.6,15-04-2026,S004
SKU_000218,5,04-03-2026,S004
SKU_000219,3.5,12-01-2026,S004
SKU_000220,4.6,02-03-2026,S004
SKU_000221,4.2,14-02-2026,S004
SKU_000222,5,22-02-2026,S004
SKU_000223,5,12-02-2026,S004
SKU_000224,4,11-02-2026,S004
SKU_000225,3.4,27-03-2026,S004
SKU_000226,4.4,14-01-2026,S004
SKU_000227,3.5,20-04-2026,S004
SKU_000228,5,21-01-2026,S004
SKU_000229,4.1,12-02-2026,S004
SKU_000230,3.7,22-02-2026,S004
SKU_000231,4.1,30-03-2026,S004
SKU_000232,2.9,05-03-2026,S004
SKU_000233,3.2,06-02-2026,S004
SKU_000234,5,26-03-2026,S004
SKU_000235,3.5,21-02-2026,S004
SKU_000236,3.2,15-04-2026,S004
SKU_000237,4.4,08-04-2026,S004
SKU_000238,4.9,12-03-2026,S004
SKU_000239,4.6,05-01-2026,S004
SKU_000240,4.8,28-02-2026,S004
SKU_000241,3.4,12-01-2026,S004
SKU_000242,2.9,10-02-2026,S004
SKU_000243,5,02-02-2026,S004
SKU_000244,3.7,11-02-2026,S004
SKU_000245,3.8,15-01-2026,S004
SKU_000246,5,09-04-2026,S004
SKU_000247,4.4,21-02-2026,S004
SKU_000248,4.4,21-04-2026,S004
SKU_000249,5,07-03-2026,S004
SKU_000250,3.5,16-04-2026,S004
SKU_000251,4.7,01-01-2026,S004
SKU_000252,4,26-03-2026,S004
SKU_000253,4.2,22-04-2026,S004
SKU_000254,5,11-03-2026,S004
SKU_000255,4.4,01-03-2026,S004
SKU_000256,4.4,22-02-2026,S004
SKU_000257,4.9,07-01-2026,S004
SKU_000258,3.7,25-01-2026,S004
SKU_000259,3.3,08-03-2026,S004
SKU_000260,3.2,16-02-2026,S004
SKU_000261,2.4,21-03-2026,S004
SKU_000262,5,07-04-2026,S004
SKU_000263,3.1,05-03-2026,S004
SKU_000264,3.8,22-03-2026,S004
SKU_000265,3.8,26-02-2026,S004
SKU_000266,4.2,08-04-2026,S004
SKU_000267,4.7,07-01-2026,S004
SKU_000268,4.7,27-01-2026,S004
SKU_000269,3.5,04-02-2026,S004
SKU_000270,3.9,12-03-2026,S004
SKU_000271,4.2,17-01-2026,S004
SKU_000272,3.8,29-04-2026,S004
SKU_000273,5,06-02-2026,S004
SKU_000274,4.4,26-02-2026,S004
SKU_000275,4.6,23-04-2026,S004
SKU_000276,4.5,31-03-2026,S004
SKU_000277,4.9,04-03-2026,S004
SKU_000278,4.1,16-01-2026,S004
SKU_000279,3,04-01-2026,S004
SKU_000280,4.3,22-03-2026,S004
SKU_000281,3.5,19-03-2026,S004
SKU_000282,3.6,13-04-2026,S004
SKU_000283,4.5,31-01-2026,S004
SKU_000284,5,01-04-2026,S004
SKU_000285,4,21-01-2026,S004
SKU_000286,4.2,09-02-2026,S004
SKU_000287,5,12-03-2026,S004
SKU_000288,4.2,02-01-2026,S004
SKU_000289,5,12-03-2026,S004
SKU_000290,4.5,22-02-2026,S004
SKU_000291,2.6,12-01-2026,S004
SKU_000292,4.6,29-01-2026,S004
SKU_000293,4.3,18-04-2026,S004
SKU_000294,5,27-04-2026,S004
SKU_000295,4.5,15-01-2026,S004
SKU_000296,3.9,01-03-2026,S004
SKU_000297,3,16-01-2026,S004
SKU_000298,3.8,24-03-2026,S004
SKU_000299,3.3,17-04-2026,S004
SKU_000300,3.5,20-01-2026,S004
SKU_000301,4.5,05-03-2026,S004
SKU_000302,5,30-04-2026,S004
SKU_000303,4.3,02-04-2026,S004
SKU_000304,3,07-02-2026,S004
SKU_000305,4.4,07-03-2026,S004
SKU_000306,5,01-04-2026,S004
SKU_000307,3.5,04-02-2026,S004
SKU_000308,3.9,23-02-2026,S004
SKU_000309,4,17-04-2026,S004
SKU_000310,3.4,03-03-2026,S004
SKU_000311,4.5,02-03-2026,S004
SKU_000312,3.9,01-02-2026,S004
SKU_000313,4.3,28-02-2026,S004
SKU_000314,3.3,12-03-2026,S004
SKU_000315,3.7,19-01-2026,S004
SKU_000316,4.6,19-02-2026,S004
SKU_000317,3.7,25-01-2026,S004
SKU_000318,5,28-04-2026,S004
SKU_000319,3.7,18-03-2026,S004
SKU_000320,4.2,07-03-2026,S004
SKU_000321,4.7,06-04-2026,S004
SKU_000322,2.9,23-04-2026,S004
SKU_000323,2.6,18-01-2026,S004
SKU_000324,2.8,21-04-2026,S004
SKU_000325,5,09-01-2026,S004
SKU_000326,3.6,05-02-2026,S004
SKU_000327,5,09-04-2026,S004
SKU_000328,3.5,12-04-2026,S004
SKU_000329,4.1,20-04-2026,S004
SKU_000330,5,23-02-2026,S004
SKU_000331,5,13-02-2026,S004
SKU_000332,5,30-04-2026,S004
SKU_000333,5,11-04-2026,S004
SKU_000334,4.8,06-03-2026,S004
SKU_000335,4.5,04-02-2026,S004
SKU_000336,4.6,16-04-2026,S004
SKU_000337,3.6,01-01-2026,S004
SKU_000338,3.3,06-02-2026,S004
SKU_000339,4,03-04-2026,S004
SKU_000340,3.9,08-02-2026,S004
SKU_000341,3.6,18-04-2026,S004
SKU_000342,4.6,17-03-2026,S004
SKU_000343,4.8,16-03-2026,S004
SKU_000344,4.1,26-03-2026,S004
SKU_000345,5,04-03-2026,S004
SKU_000346,3.1,21-04-2026,S004
SKU_000347,3.8,20-01-2026,S004
SKU_000348,3.4,27-02-2026,S004
SKU_000349,2.5,10-03-2026,S004
SKU_000350,3.9,03-03-2026,S004
SKU_000351,3.9,14-02-2026,S004
SKU_000352,5,12-02-2026,S004
SKU_000353,4.5,12-03-2026,S004
SKU_000354,3.2,08-04-2026,S004
SKU_000355,5,11-03-2026,S004
SKU_000356,5,18-02-2026,S004
SKU_000357,4.5,28-02-2026,S004
SKU_000358,3.8,30-04-2026,S004
SKU_000359,3.2,11-02-2026,S004
SKU_000360,3.7,22-04-2026,S004
SKU_000361,4.9,25-01-2026,S004
SKU_000362,5,31-03-2026,S004
SKU_000363,5,31-01-2026,S004
SKU_000364,3.6,15-03-2026,S004
SKU_000365,3.1,19-02-2026,S004
SKU_000366,4.1,30-01-2026,S004
SKU_000367,2.6,20-04-2026,S004
SKU_000368,4.3,10-04-2026,S004
SKU_000369,3.9,22-02-2026,S004
SKU_000370,3.6,06-01-2026,S004
SKU_000371,2.7,10-02-2026,S004
SKU_000372,4.4,06-04-2026,S004
SKU_000373,3.6,02-03-2026,S004
SKU_000374,3.1,01-04-2026,S004
SKU_000375,1.7,27-04-2026,S004
SKU_000376,4,14-04-2026,S004
SKU_000377,5,18-02-2026,S004
SKU_000378,5,19-02-2026,S004
SKU_000379,3.6,26-03-2026,S004
SKU_000380,3.5,12-04-2026,S004
SKU_000381,4.4,16-04-2026,S004
SKU_000382,3.2,25-03-2026,S004
SKU_000383,4.2,20-01-2026,S004
SKU_000384,4.6,05-03-2026,S004
SKU_000385,5,05-01-2026,S004
SKU_000386,3.9,17-01-2026,S004
SKU_000387,3.8,06-03-2026,S004
SKU_000388,3.3,17-03-2026,S004
SKU_000389,3.3,12-02-2026,S004
SKU_000390,3.8,22-04-2026,S004
SKU_000391,4.3,13-01-2026,S004
SKU_000392,4.7,22-04-2026,S004
SKU_000393,3.4,19-04-2026,S004
SKU_000394,5,26-02-2026,S004
SKU_000395,3.8,13-01-2026,S004
SKU_000396,4,09-03-2026,S004
SKU_000397,3.4,27-04-2026,S004
SKU_000398,2.1,28-02-2026,S004
SKU_000399,4.7,02-01-2026,S004
SKU_000400,4.6,03-04-2026,S004
SKU_000401,3.8,19-01-2026,S004
SKU_000402,4.1,22-02-2026,S004
SKU_000403,4.4,22-04-2026,S004
SKU_000404,2.7,25-03-2026,S004
SKU_000405,3.6,20-01-2026,S004
SKU_000406,4.6,10-01-2026,S004
SKU_000407,3,02-03-2026,S004
SKU_000408,4.2,11-04-2026,S004
SKU_000409,2.9,03-02-2026,S004
SKU_000410,4.4,13-02-2026,S004
SKU_000411,4,21-03-2026,S004
SKU_000412,2.7,30-03-2026,S004
SKU_000413,4.9,20-02-2026,S004
SKU_000414,3.4,25-03-2026,S004
SKU_000415,3.4,11-01-2026,S004
SKU_000416,4.2,20-04-2026,S004
SKU_000417,4.9,12-02-2026,S004
SKU_000418,3.2,20-04-2026,S004
SKU_000419,4,28-03-2026,S004
SKU_000420,4.3,20-04-2026,S004
SKU_000421,4.6,10-03-2026,S004
SKU_000422,4.1,18-02-2026,S004
SKU_000423,3.7,10-02-2026,S004
SKU_000424,3.3,22-03-2026,S004
SKU_000425,4.1,02-04-2026,S004
SKU_000426,3.1,24-04-2026,S004
SKU_000427,1.7,08-04-2026,S004
SKU_000428,4.3,04-03-2026,S004
SKU_000429,4.7,22-04-2026,S004
SKU_000430,2.1,11-03-2026,S004
SKU_000431,3.2,05-01-2026,S004
SKU_000432,4.5,21-03-2026,S004
SKU_000433,5,09-01-2026,S004
SKU_000434,4,31-01-2026,S004
SKU_000435,3.4,22-03-2026,S004
SKU_000436,3.9,29-03-2026,S004
SKU_000437,5,28-04-2026,S004
SKU_000438,3.5,06-02-2026,S004
SKU_000439,3.4,30-01-2026,S004
SKU_000440,3.6,06-04-2026,S004
SKU_000441,3.2,12-01-2026,S004
SKU_000442,4.1,25-02-2026,S004
SKU_000443,5,13-01-2026,S004
SKU_000444,4.3,08-04-2026,S004
SKU_000445,3.8,23-03-2026,S004
SKU_000446,3.8,01-04-2026,S004
SKU_000447,2.7,22-04-2026,S004
SKU_000448,4.7,13-01-2026,S004
SKU_000449,3.9,26-02-2026,S004
SKU_000450,3.9,22-01-2026,S004
SKU_000451,5,30-03-2026,S004
SKU_000452,4.2,08-02-2026,S004
SKU_000453,3.4,26-04-2026,S004
SKU_000454,3.7,04-01-2026,S004
SKU_000455,4.9,06-01-2026,S004
SKU_000456,4.1,11-02-2026,S004
SKU_000457,2.8,12-04-2026,S004
SKU_000458,4.7,08-01-2026,S004
SKU_000459,3.5,07-02-2026,S004
SKU_000460,5,15-02-2026,S004
SKU_000461,4.9,17-02-2026,S004
SKU_000462,3.6,25-02-2026,S004
SKU_000463,5,19-01-2026,S004
SKU_000464,4.1,01-02-2026,S004
SKU_000465,4.7,09-03-2026,S004
SKU_000466,4.4,22-02-2026,S004
SKU_000467,3.3,14-03-2026,S004
SKU_000468,3.5,29-03-2026,S004
SKU_000469,4.8,12-04-2026,S004
SKU_000470,3.7,24-01-2026,S004
SKU_000471,3.7,22-01-2026,S004
SKU_000472,3.2,23-01-2026,S004
SKU_000473,4.3,11-01-2026,S004
SKU_000474,5,20-03-2026,S005
SKU_000475,3.1,22-04-2026,S005
SKU_000476,4,18-02-2026,S005
SKU_000477,5,21-03-2026,S005
SKU_000478,3.9,29-03-2026,S005
SKU_000479,4.4,31-01-2026,S005
SKU_000480,3.2,05-03-2026,S005
SKU_000481,4.3,27-04-2026,S005
SKU_000482,3.9,16-03-2026,S005
SKU_000483,4.8,19-01-2026,S005
SKU_000484,4.9,30-01-2026,S005
SKU_000485,5,01-03-2026,S005
SKU_000486,4.5,23-03-2026,S005
SKU_000487,4.3,02-02-2026,S005
SKU_000488,4.2,28-02-2026,S005
SKU_000489,3.7,02-02-2026,S005
SKU_000490,4.3,27-03-2026,S005
SKU_000491,3.8,02-01-2026,S005
SKU_000492,4.1,26-04-2026,S005
SKU_000493,5,13-04-2026,S005
SKU_000494,3.2,01-03-2026,S005
SKU_000495,4.9,26-04-2026,S005
SKU_000496,5,06-02-2026,S005
SKU_000497,3.9,28-03-2026,S005
SKU_000498,2.3,11-03-2026,S005
SKU_000499,3.5,21-01-2026,S005
SKU_000500,5,10-01-2026,S005
SKU_000501,4,26-02-2026,S005
SKU_000502,3.2,14-02-2026,S005
SKU_000503,3.6,17-03-2026,S005
SKU_000504,4.7,08-02-2026,S005
SKU_000505,4.4,23-03-2026,S005
SKU_000506,3.8,24-02-2026,S005
SKU_000507,3.7,30-03-2026,S005
SKU_000508,3.7,02-02-2026,S005
SKU_000509,3.3,28-02-2026,S005
SKU_000510,5,19-04-2026,S005
SKU_000511,3.7,08-02-2026,S005
SKU_000512,5,26-01-2026,S005
SKU_000513,5,19-02-2026,S005
SKU_000514,4.8,20-04-2026,S005
SKU_000515,3.7,03-03-2026,S005
SKU_000516,4.3,14-01-2026,S005
SKU_000517,4,31-01-2026,S005
SKU_000518,3.3,18-02-2026,S005
SKU_000519,4.3,15-03-2026,S005
SKU_000520,3.1,15-02-2026,S005
SKU_000521,5,15-03-2026,S005
SKU_000522,3.6,07-02-2026,S005
SKU_000523,4.2,31-03-2026,S005
SKU_000524,4.2,07-02-2026,S005
SKU_000525,3.8,03-01-2026,S005
SKU_000526,4.5,17-04-2026,S005
SKU_000527,3.6,26-03-2026,S005
SKU_000528,4.7,20-02-2026,S005
SKU_000529,2.9,05-02-2026,S005
SKU_000530,4.1,02-01-2026,S005
SKU_000531,5,14-03-2026,S005
SKU_000532,3.2,21-04-2026,S005
SKU_000533,3.5,29-03-2026,S005
SKU_000534,4.4,10-04-2026,S005
SKU_000535,4.1,06-04-2026,S005
SKU_000536,4.3,07-01-2026,S005
SKU_000537,4.4,27-04-2026,S005
SKU_000538,4.5,19-03-2026,S005
SKU_000539,4.9,06-04-2026,S005
SKU_000540,4.3,05-03-2026,S005
SKU_000541,3.8,17-04-2026,S005
SKU_000542,4.5,26-04-2026,S005
SKU_000543,5,26-04-2026,S005
SKU_000544,3.9,06-02-2026,S005
SKU_000545,3.2,10-04-2026,S005
SKU_000546,4.9,13-04-2026,S005
SKU_000547,3.9,30-01-2026,S005
SKU_000548,2.3,19-03-2026,S005
SKU_000549,4.7,13-04-2026,S005
SKU_000550,3.6,15-02-2026,S005
SKU_000551,3.9,29-01-2026,S005
SKU_000552,4.3,23-03-2026,S005
SKU_000553,4.2,25-01-2026,S005
SKU_000554,4.6,21-03-2026,S005
SKU_000555,3.7,02-02-2026,S005
SKU_000556,4.4,28-03-2026,S005
SKU_000557,3.8,07-04-2026,S005
SKU_000558,4.6,03-04-2026,S005
SKU_000559,4.5,09-04-2026,S005
SKU_000560,3.3,26-03-2026,S005
SKU_000561,4.9,29-03-2026,S005
SKU_000562,3.6,18-04-2026,S005
SKU_000563,4.6,18-01-2026,S005
SKU_000564,4.3,22-03-2026,S005
SKU_000565,5,13-01-2026,S005
SKU_000566,3.8,26-04-2026,S005
SKU_000567,3.7,22-03-2026,S005
SKU_000568,4,24-03-2026,S005
SKU_000569,3.8,06-01-2026,S005
SKU_000570,4.6,09-02-2026,S005
SKU_000571,2.7,11-04-2026,S005
SKU_000572,3.2,26-02-2026,S005
SKU_000573,3.1,05-01-2026,S005
SKU_000574,4.8,16-03-2026,S005
SKU_000575,5,16-02-2026,S005
SKU_000576,3.9,04-04-2026,S005
SKU_000577,3.9,17-01-2026,S005
SKU_000578,4.1,12-01-2026,S005
SKU_000579,4.9,27-04-2026,S005
SKU_000580,3.3,07-02-2026,S005
SKU_000581,4.2,11-02-2026,S005
SKU_000582,4.8,06-04-2026,S005
SKU_000583,4.4,23-02-2026,S005
SKU_000584,4.2,23-01-2026,S005
SKU_000585,4.8,26-01-2026,S005
SKU_000586,1.8,17-01-2026,S005
SKU_000587,4.5,11-04-2026,S005
SKU_000588,3.5,11-03-2026,S005
SKU_000589,2.5,23-04-2026,S005
SKU_000590,4.4,16-02-2026,S005
SKU_000591,5,09-03-2026,S005
SKU_000592,3.9,06-03-2026,S005
SKU_000593,4.8,27-04-2026,S005
SKU_000594,5,04-02-2026,S005
SKU_000595,5,17-04-2026,S005
SKU_000596,5,22-01-2026,S005
SKU_000597,4.6,02-02-2026,S005
SKU_000598,4.1,27-04-2026,S005
SKU_000599,2.7,16-04-2026,S005
SKU_000600,3.8,03-03-2026,S005
SKU_000601,3.3,14-04-2026,S005
SKU_000602,5,07-02-2026,S005
SKU_000603,3.9,06-04-2026,S005
SKU_000604,4.1,22-04-2026,S005
SKU_000605,4.4,13-02-2026,S005
SKU_000606,4,13-04-2026,S005
SKU_000607,5,15-01-2026,S005
SKU_000608,3.5,01-03-2026,S005
SKU_000609,4.2,10-01-2026,S005
SKU_000610,3.4,19-01-2026,S005
SKU_000611,2.9,07-04-2026,S005
SKU_000612,3.5,29-01-2026,S005
SKU_000613,4,21-04-2026,S005
SKU_000614,3.7,28-03-2026,S005
SKU_000615,3.4,03-04-2026,S005
SKU_000616,2.9,28-03-2026,S005
SKU_000617,3.9,20-02-2026,S005
SKU_000618,2.8,19-04-2026,S005
SKU_000619,4.6,13-04-2026,S005
SKU_000620,4.1,13-03-2026,S005
SKU_000621,2.8,16-02-2026,S005
SKU_000622,3.8,12-01-2026,S005
SKU_000623,3.4,12-04-2026,S005
SKU_000624,4.3,20-02-2026,S005
SKU_000625,5,02-01-2026,S005
SKU_000626,2.5,03-02-2026,S005
SKU_000627,4.1,10-03-2026,S005
SKU_000628,3.9,16-01-2026,S005
SKU_000629,4.5,28-02-2026,S005
SKU_000630,4.2,17-02-2026,S005
SKU_000631,3.4,28-03-2026,S005
SKU_000632,3.7,06-04-2026,S005
SKU_000633,3.4,28-03-2026,S005
SKU_000634,4.9,03-02-2026,S005
SKU_000635,4,16-03-2026,S005
SKU_000636,5,18-02-2026,S005
SKU_000637,4,16-04-2026,S005
SKU_000638,3.4,23-03-2026,S005
SKU_000639,2.8,17-02-2026,S005
SKU_000640,2.6,14-01-2026,S005
SKU_000641,2.7,28-03-2026,S005
SKU_000642,4.2,30-01-2026,S005
SKU_000643,4.4,02-03-2026,S005
SKU_000644,2.7,04-01-2026,S005
SKU_000645,4.7,21-03-2026,S005
SKU_000646,3.6,24-04-2026,S005
SKU_000647,4.1,13-03-2026,S005
SKU_000648,5,11-02-2026,S005
SKU_000649,4.7,28-04-2026,S005
SKU_000650,3.8,20-03-2026,S005
SKU_000651,3.3,29-01-2026,S005
SKU_000652,2.3,24-03-2026,S005
SKU_000653,3.4,09-01-2026,S005
SKU_000654,3.8,23-03-2026,S005
SKU_000655,3.2,16-04-2026,S005
SKU_000656,3.9,01-03-2026,S005
SKU_000657,4.1,27-04-2026,S005
SKU_000658,3.8,31-03-2026,S005
SKU_000659,3.5,08-02-2026,S005
SKU_000660,4.1,25-03-2026,S005
SKU_000661,4.4,22-02-2026,S005
SKU_000662,3.1,15-01-2026,S005
SKU_000663,5,18-01-2026,S005
SKU_000664,3.9,06-01-2026,S005
SKU_000665,4,05-01-2026,S005
SKU_000666,4.6,08-02-2026,S005
SKU_000667,4.2,05-03-2026,S005
SKU_000668,4.8,15-01-2026,S005
SKU_000669,4.2,13-01-2026,S005
SKU_000670,3.5,31-01-2026,S005
SKU_000671,4.3,24-04-2026,S005
SKU_000672,3.1,10-03-2026,S005
SKU_000673,4.1,18-01-2026,S005
SKU_000674,4,19-02-2026,S005
SKU_000675,3.8,28-02-2026,S005
SKU_000676,3.9,17-02-2026,S005
SKU_000677,2.5,27-03-2026,S005
SKU_000678,3.6,06-04-2026,S005
SKU_000679,4.1,31-03-2026,S005
SKU_000680,4.1,11-03-2026,S005
SKU_000681,3.2,23-02-2026,S005
SKU_000682,5,17-03-2026,S005
SKU_000683,3.3,06-04-2026,S005
SKU_000684,4.8,04-04-2026,S005
SKU_000685,4.3,20-01-2026,S005
SKU_000686,3.5,24-04-2026,S005
SKU_000687,5,23-02-2026,S005
SKU_000688,3,25-03-2026,S005
SKU_000689,4.7,13-01-2026,S005
SKU_000690,4.8,17-04-2026,S005
SKU_000691,3.5,04-03-2026,S005
SKU_000692,5,20-03-2026,S005
SKU_000693,3.8,22-02-2026,S005
SKU_000694,4.2,05-02-2026,S005
SKU_000695,4.2,05-01-2026,S005
SKU_000696,3.9,30-03-2026,S005
SKU_000697,4.6,17-02-2026,S005
SKU_000698,4.6,28-01-2026,S005
SKU_000699,2.6,26-02-2026,S005
SKU_000700,5,26-02-2026,S005
SKU_000701,2.7,31-01-2026,S005
SKU_000702,4.8,20-04-2026,S005
SKU_000703,4.9,16-02-2026,S005
SKU_000704,3.1,13-01-2026,S005
SKU_000705,3.7,29-03-2026,S005
SKU_000706,3.1,17-02-2026,S005
SKU_000707,3.8,11-03-2026,S005
SKU_000708,3.8,26-04-2026,S005
SKU_000709,4.6,24-03-2026,S005
SKU_000710,5,15-02-2026,S005
SKU_000711,5,08-01-2026,S005
SKU_000712,3.6,20-02-2026,S005
SKU_000713,3.8,05-02-2026,S005
SKU_000714,2.7,25-01-2026,S005
SKU_000715,3.4,16-01-2026,S005
SKU_000716,4.8,19-04-2026,S005
SKU_000717,5,16-04-2026,S005
SKU_000718,3,28-02-2026,S005
SKU_000719,3.5,12-01-2026,S005
SKU_000720,4,26-03-2026,S005
SKU_000721,4.2,28-01-2026,S005
SKU_000722,3.4,24-03-2026,S005
SKU_000723,4.3,23-03-2026,S005
SKU_000724,3.6,18-03-2026,S005
SKU_000725,4,03-01-2026,S005
SKU_000726,4.4,07-01-2026,S005
SKU_000727,4,11-04-2026,S005
SKU_000728,3.7,12-02-2026,S005
SKU_000729,3.9,01-02-2026,S005
SKU_000730,3.9,17-01-2026,S005
SKU_000731,3.7,11-04-2026,S005
SKU_000732,3.8,14-03-2026,S005
SKU_000733,5,27-01-2026,S005
SKU_000734,4.4,09-01-2026,S005
SKU_000735,3.8,17-04-2026,S005
SKU_000736,4.6,08-04-2026,S005
SKU_000737,3.7,12-03-2026,S005
SKU_000738,4.9,27-01-2026,S005
SKU_000739,4.3,17-03-2026,S005
SKU_000740,3.9,28-01-2026,S005
SKU_000741,4.4,15-04-2026,S005
SKU_000742,2.7,22-04-2026,S005
SKU_000743,3.1,30-01-2026,S005
SKU_000744,3,12-02-2026,S005
SKU_000745,4.1,10-04-2026,S005
SKU_000746,5,19-01-2026,S005
SKU_000747,5,11-04-2026,S005
SKU_000748,4.5,26-04-2026,S005
SKU_000749,4.4,18-03-2026,S005
SKU_000750,2.6,01-01-2026,S005
SKU_000751,3.6,05-02-2026,S005
SKU_000752,3.4,20-04-2026,S005
SKU_000753,3.5,19-01-2026,S005
SKU_000754,3.9,17-01-2026,S005
SKU_000755,3.6,11-03-2026,S005
SKU_000756,2.4,02-02-2026,S005
SKU_000757,4.6,13-04-2026,S005
SKU_000758,3.1,23-01-2026,S005
SKU_000759,4.2,15-01-2026,S005
SKU_000760,5,26-03-2026,S005
SKU_000761,3.3,21-04-2026,S005
SKU_000762,2,04-01-2026,S005
SKU_000763,3.8,17-01-2026,S005
SKU_000764,4.9,02-01-2026,S005
SKU_000765,5,15-02-2026,S005
SKU_000766,3,12-04-2026,S005
SKU_000767,4.4,11-04-2026,S005
SKU_000768,3.6,31-01-2026,S005
SKU_000769,3.9,17-03-2026,S005
SKU_000770,5,11-02-2026,S005
SKU_000771,2.8,03-01-2026,S005
SKU_000772,4.2,23-01-2026,S005
SKU_000773,4.4,03-02-2026,S005
SKU_000774,4.9,07-01-2026,S005
SKU_000775,4.1,17-01-2026,S005
SKU_000776,4.2,05-04-2026,S005
SKU_000777,3.7,23-02-2026,S005
SKU_000778,4.2,09-03-2026,S005
SKU_000779,3.7,15-01-2026,S005
SKU_000780,4.5,06-04-2026,S005
SKU_000781,3.7,09-01-2026,S005
SKU_000782,4.3,02-03-2026,S005
SKU_000783,4,27-02-2026,S005
SKU_000784,4.9,10-04-2026,S005
SKU_000785,4,16-02-2026,S005
SKU_000786,2.6,07-03-2026,S005
SKU_000787,5,17-03-2026,S005
SKU_000788,3.3,14-01-2026,S005
SKU_000789,3.5,27-02-2026,S005
SKU_000790,3.5,06-03-2026,S005
SKU_000791,5,29-01-2026,S005
SKU_000792,2.3,20-03-2026,S005
SKU_000793,5,06-01-2026,S005
SKU_000794,4.8,04-04-2026,S005
SKU_000795,4.2,11-04-2026,S005
SKU_000796,4,27-04-2026,S005
SKU_000797,4.2,21-04-2026,S005
SKU_000798,4.4,26-03-2026,S005
SKU_000799,4.5,08-03-2026,S005
SKU_000800,4.4,08-02-2026,S005
SKU_000801,4.1,28-02-2026,S005
SKU_000802,3.8,24-03-2026,S005
SKU_000803,3.9,04-01-2026,S005
SKU_000804,3.8,08-01-2026,S005
SKU_000805,4.9,03-03-2026,S005
SKU_000806,4.5,19-04-2026,S005
SKU_000807,1.6,21-02-2026,S005
SKU_000808,4.5,24-02-2026,S005
SKU_000809,4.2,29-03-2026,S005
SKU_000810,4,14-01-2026,S005
SKU_000811,3.7,04-03-2026,S005
SKU_000812,4.9,02-04-2026,S005
SKU_000813,4.8,27-04-2026,S005
SKU_000814,3.4,26-02-2026,S005
SKU_000815,4.3,10-01-2026,S005
SKU_000816,3.2,26-04-2026,S005
SKU_000817,2.9,11-01-2026,S005
SKU_000818,3.5,11-02-2026,S005
SKU_000819,4.7,19-03-2026,S005
SKU_000820,4.8,19-01-2026,S005
SKU_000821,4.4,09-01-2026,S005
SKU_000822,4.6,17-01-2026,S005
SKU_000823,4.4,05-02-2026,S005
SKU_000824,3.5,21-03-2026,S005
SKU_000825,4.3,23-03-2026,S005
SKU_000826,4.6,16-03-2026,S005
SKU_000827,4.6,12-03-2026,S005
SKU_000828,5,02-04-2026,S005
SKU_000829,4.6,11-02-2026,S005
SKU_000830,4.3,18-02-2026,S005
SKU_000831,4.9,18-03-2026,S005
SKU_000832,4,09-03-2026,S005
SKU_000833,3.3,07-02-2026,S005
SKU_000834,3.9,28-02-2026,S005
SKU_000835,3.4,06-03-2026,S005
SKU_000836,3.5,19-03-2026,S005
SKU_000837,3.9,25-02-2026,S005
SKU_000838,3.4,13-01-2026,S005
SKU_000839,3.8,12-04-2026,S005
SKU_000840,2.5,31-03-2026,S005
SKU_000841,4.2,15-01-2026,S005
SKU_000842,4,20-04-2026,S005
SKU_000843,3.3,25-03-2026,S005
SKU_000844,4.5,25-03-2026,S005
SKU_000845,4.8,23-04-2026,S005
SKU_000846,2.7,09-04-2026,S005
SKU_000847,3.4,12-03-2026,S005
SKU_000848,3.4,03-04-2026,S005
SKU_000849,3.2,21-04-2026,S005
SKU_000850,4.7,28-01-2026,S005
SKU_000851,3.8,25-02-2026,S005
SKU_000852,3.8,27-02-2026,S005
SKU_000853,2.4,24-04-2026,S005
SKU_000854,4.5,30-01-2026,S005
SKU_000855,3,22-02-2026,S005
SKU_000856,4,13-02-2026,S005
SKU_000857,4.2,16-04-2026,S005
SKU_000858,5,28-02-2026,S005
SKU_000859,3,21-02-2026,S005
SKU_000860,1.6,23-02-2026,S005
SKU_000861,4.1,04-04-2026,S005
SKU_000862,5,13-01-2026,S005
SKU_000863,5,10-02-2026,S005
SKU_000864,4.2,24-02-2026,S005
SKU_000865,3.6,10-02-2026,S005
SKU_000866,4.6,27-03-2026,S005
SKU_000867,3.2,02-02-2026,S005
SKU_000868,4.4,17-02-2026,S005
SKU_000869,4.4,20-01-2026,S005
SKU_000870,4.8,29-03-2026,S005
SKU_000871,5,29-04-2026,S005
SKU_000872,4.3,02-03-2026,S005
SKU_000873,3.6,09-01-2026,S005
SKU_000874,4,12-01-2026,S005
SKU_000875,2.6,17-04-2026,S006
SKU_000876,3.4,11-01-2026,S006
SKU_000877,3.7,12-01-2026,S006
SKU_000878,3.6,25-02-2026,S006
SKU_000879,4.1,13-01-2026,S006
SKU_000880,3.3,06-04-2026,S006
SKU_000881,4.9,05-04-2026,S006
SKU_000882,4,17-02-2026,S006
SKU_000883,4,14-04-2026,S006
SKU_000884,3.7,17-01-2026,S006
SKU_000885,4.1,13-03-2026,S006
SKU_000886,4.7,08-01-2026,S006
SKU_000887,3.3,17-03-2026,S006
SKU_000888,3.5,13-03-2026,S006
SKU_000889,3.8,13-03-2026,S006
SKU_000890,2.9,12-02-2026,S006
SKU_000891,3.3,27-03-2026,S006
SKU_000892,3.6,16-01-2026,S006
SKU_000893,4.7,22-02-2026,S006
SKU_000894,4.2,15-02-2026,S006
SKU_000895,4.2,22-04-2026,S006
SKU_000896,4.7,27-03-2026,S006
SKU_000897,3.9,07-04-2026,S006
SKU_000898,4.3,24-02-2026,S006
SKU_000899,3.9,22-04-2026,S006
SKU_000900,4.2,28-04-2026,S006
SKU_000901,3.5,03-04-2026,S006
SKU_000902,2,07-01-2026,S006
SKU_000903,3.9,06-02-2026,S006
SKU_000904,5,18-03-2026,S006
SKU_000905,4.7,09-02-2026,S006
SKU_000906,4.8,15-02-2026,S006
SKU_000907,5,14-01-2026,S006
SKU_000908,4.1,15-03-2026,S006
SKU_000909,4.2,06-03-2026,S006
SKU_000910,3.5,28-01-2026,S006
SKU_000911,3.7,20-01-2026,S006
SKU_000912,4.5,26-03-2026,S006
SKU_000913,5,03-03-2026,S006
SKU_000914,3.9,29-01-2026,S006
SKU_000915,3.6,19-04-2026,S006
SKU_000916,4,14-01-2026,S006
SKU_000917,4.5,14-02-2026,S006
SKU_000918,2.8,19-04-2026,S006
SKU_000919,2.2,13-03-2026,S006
SKU_000920,3.6,17-02-2026,S006
SKU_000921,3,15-01-2026,S006
SKU_000922,3.6,08-04-2026,S006
SKU_000923,3.9,05-02-2026,S006
SKU_000924,3.6,15-03-2026,S006
SKU_000925,5,29-01-2026,S006
SKU_000926,4.3,14-04-2026,S006
SKU_000927,4.2,24-02-2026,S006
SKU_000928,4.5,19-04-2026,S006
SKU_000929,3.1,13-03-2026,S006
SKU_000930,4.8,09-04-2026,S006
SKU_000931,3.9,15-04-2026,S006
SKU_000932,4.5,21-03-2026,S006
SKU_000933,3.1,20-03-2026,S006
SKU_000934,2.8,28-03-2026,S006
SKU_000935,4.7,24-03-2026,S006
SKU_000936,4.3,13-03-2026,S006
SKU_000937,3.3,04-01-2026,S006
SKU_000938,3.3,19-03-2026,S006
SKU_000939,4.9,29-04-2026,S006
SKU_000940,3,26-03-2026,S006
SKU_000941,5,17-04-2026,S006
SKU_000942,3.3,30-03-2026,S006
SKU_000943,4.5,04-02-2026,S006
SKU_000944,3.7,04-01-2026,S006
SKU_000945,4.5,24-01-2026,S006
SKU_000946,3.6,04-02-2026,S006
SKU_000947,3.9,31-03-2026,S006
SKU_000948,4,08-04-2026,S006
SKU_000949,3.2,09-02-2026,S006
SKU_000950,4.6,28-04-2026,S006
SKU_000951,3.6,13-02-2026,S006
SKU_000952,3.8,14-02-2026,S006
SKU_000953,3.2,01-01-2026,S006
SKU_000954,2,24-01-2026,S006
SKU_000955,3.8,22-04-2026,S006
SKU_000956,5,19-01-2026,S006
SKU_000957,4.6,14-03-2026,S006
SKU_000958,4,26-03-2026,S006
SKU_000959,3.8,21-02-2026,S006
SKU_000960,4,09-01-2026,S006
SKU_000961,4.4,19-01-2026,S006
SKU_000962,3.1,05-04-2026,S006
SKU_000963,4.9,23-03-2026,S006
SKU_000964,4.6,04-01-2026,S006
SKU_000965,4.6,12-01-2026,S006
SKU_000966,4.4,06-04-2026,S006
SKU_000967,4,09-03-2026,S006
SKU_000968,4.5,28-01-2026,S006
SKU_000969,4.5,18-02-2026,S006
SKU_000970,3.7,23-02-2026,S006
SKU_000971,3.5,28-02-2026,S006
SKU_000972,4.1,13-02-2026,S006
SKU_000973,5,21-01-2026,S006
SKU_000974,3,17-02-2026,S006
SKU_000975,2.8,09-02-2026,S006
SKU_000976,4.1,03-04-2026,S006
SKU_000977,4,11-02-2026,S006
SKU_000978,4.1,10-04-2026,S006
SKU_000979,4.2,14-03-2026,S006
SKU_000980,3.8,18-03-2026,S006
SKU_000981,5,11-01-2026,S006
SKU_000982,2.7,24-04-2026,S006
SKU_000983,3.3,07-01-2026,S006
SKU_000984,3.9,20-01-2026,S006
SKU_000985,2.7,21-01-2026,S006
SKU_000986,3.9,07-04-2026,S006
SKU_000987,5,21-03-2026,S006
SKU_000988,4,07-01-2026,S006
SKU_000989,4.2,28-03-2026,S006
SKU_000990,3,11-01-2026,S006
SKU_000991,3.5,04-02-2026,S006
SKU_000992,3.7,26-02-2026,S006
SKU_000993,3.7,26-03-2026,S006
SKU_000994,5,24-02-2026,S006
SKU_000995,4.4,04-03-2026,S006
SKU_000996,3.1,19-03-2026,S006
SKU_000997,4.2,26-02-2026,S006
SKU_000998,4.4,23-02-2026,S006
SKU_000999,4.9,04-02-2026,S006
SKU_001000,5,28-01-2026,S006
SKU_001001,3.2,07-04-2026,S006
SKU_001002,3.4,07-03-2026,S006
SKU_001003,3,15-01-2026,S006
SKU_001004,3.8,14-02-2026,S006
SKU_001005,4.4,25-02-2026,S006
SKU_001006,4.8,15-01-2026,S006
SKU_001007,3.9,06-02-2026,S006
SKU_001008,3.7,28-03-2026,S006
SKU_001009,4.1,28-03-2026,S006
SKU_001010,3.3,17-03-2026,S006
SKU_001011,5,04-03-2026,S006
SKU_001012,2.7,09-03-2026,S006
SKU_001013,4.1,27-03-2026,S006
SKU_001014,5,09-02-2026,S006
SKU_001015,4,06-01-2026,S006
SKU_001016,3.8,29-01-2026,S006
SKU_001017,3.7,20-02-2026,S006
SKU_001018,3.9,18-03-2026,S006
SKU_001019,5,08-01-2026,S006
SKU_001020,2.2,01-01-2026,S006
SKU_001021,5,27-01-2026,S006
SKU_001022,2.9,08-02-2026,S006
SKU_001023,3.8,28-01-2026,S006
SKU_001024,3.7,09-04-2026,S006
SKU_001025,4.5,18-01-2026,S006
SKU_001026,2.7,08-04-2026,S006
SKU_001027,4.4,02-02-2026,S006
SKU_001028,5,07-02-2026,S006
SKU_001029,2.9,11-02-2026,S006
SKU_001030,4.2,16-01-2026,S006
SKU_001031,3.5,01-01-2026,S006
SKU_001032,4.3,05-03-2026,S006
SKU_001033,4,06-04-2026,S006
SKU_001034,3.5,25-02-2026,S006
SKU_001035,4.4,23-01-2026,S006
SKU_001036,5,17-01-2026,S006
SKU_001037,3.8,18-02-2026,S006
SKU_001038,4.6,10-03-2026,S006
SKU_001039,3,01-04-2026,S006
SKU_001040,3.2,30-01-2026,S006
SKU_001041,4.4,06-03-2026,S006
SKU_001042,5,13-03-2026,S006
SKU_001043,4.3,17-04-2026,S006
SKU_001044,3.7,27-03-2026,S006
SKU_001045,4,14-04-2026,S006
SKU_001046,3,15-02-2026,S006
SKU_001047,4.5,10-01-2026,S006
SKU_001048,4.7,20-02-2026,S006
SKU_001049,3.6,21-04-2026,S006
SKU_001050,3.6,05-04-2026,S006
SKU_001051,4.2,06-01-2026,S006
SKU_001052,3.7,25-02-2026,S006
SKU_001053,3.9,03-01-2026,S006
SKU_001054,5,28-02-2026,S006
SKU_001055,3.8,28-04-2026,S006
SKU_001056,3.7,10-01-2026,S006
SKU_001057,3.5,21-04-2026,S006
SKU_001058,4.6,10-02-2026,S006
SKU_001059,3.9,15-03-2026,S006
SKU_001060,3.5,24-02-2026,S006
SKU_001061,5,15-03-2026,S006
SKU_001062,5,21-02-2026,S006
SKU_001063,3.5,01-04-2026,S006
SKU_001064,2.5,23-03-2026,S006
SKU_001065,4.8,23-02-2026,S006
SKU_001066,3.5,07-02-2026,S006
SKU_001067,4.6,15-01-2026,S006
SKU_001068,2.4,21-02-2026,S006
SKU_001069,4.7,03-01-2026,S006
SKU_001070,3,11-02-2026,S006
SKU_001071,4.6,22-01-2026,S006
SKU_001072,4,13-04-2026,S006
SKU_001073,3.2,21-03-2026,S006
SKU_001074,3.7,28-02-2026,S006
SKU_001075,4.5,17-04-2026,S006
SKU_001076,4.1,30-03-2026,S006
SKU_001077,4.5,28-04-2026,S006
SKU_001078,5,16-02-2026,S006
SKU_001079,2.7,12-01-2026,S006
SKU_001080,5,25-02-2026,S006
SKU_001081,4.1,19-04-2026,S006
SKU_001082,3.3,14-01-2026,S006
SKU_001083,2.9,01-02-2026,S006
SKU_001084,3.8,25-02-2026,S006
SKU_001085,4.7,17-03-2026,S006
SKU_001086,3.9,21-02-2026,S006
SKU_001087,5,09-03-2026,S006
SKU_001088,2.8,11-01-2026,S006
SKU_001089,4,20-02-2026,S006
SKU_001090,3,22-04-2026,S006
SKU_001091,4.3,09-02-2026,S006
SKU_001092,4.7,06-04-2026,S006
SKU_001093,3.7,13-02-2026,S006
SKU_001094,1.9,29-01-2026,S006
SKU_001095,4.2,12-02-2026,S006
SKU_001096,4.3,10-04-2026,S006
SKU_001097,4.3,22-01-2026,S006
SKU_001098,5,10-01-2026,S006
SKU_001099,3.1,07-03-2026,S006
SKU_001100,4.5,23-03-2026,S006
SKU_001101,5,15-01-2026,S006
SKU_001102,2.6,09-03-2026,S006
SKU_001103,4.3,07-03-2026,S006
SKU_001104,3.6,25-01-2026,S006
SKU_001105,3.9,26-04-2026,S006
SKU_001106,4.3,10-04-2026,S006
SKU_001107,3.6,14-02-2026,S006
SKU_001108,3.5,14-02-2026,S006
SKU_001109,4,04-04-2026,S006
SKU_001110,3.1,15-04-2026,S006
SKU_001111,3.1,24-03-2026,S006
SKU_001112,4.5,15-04-2026,S006
SKU_001113,3.1,19-01-2026,S006
SKU_001114,4.5,31-01-2026,S006
SKU_001115,4.4,14-01-2026,S006
SKU_001116,2.6,19-01-2026,S006
SKU_001117,3.5,02-02-2026,S006
SKU_001118,5,26-01-2026,S006
SKU_001119,3.2,23-01-2026,S006
SKU_001120,3.6,19-03-2026,S006
SKU_001121,4.4,20-01-2026,S006
SKU_001122,4.6,08-04-2026,S006
SKU_001123,3.8,08-04-2026,S006
SKU_001124,3.5,25-03-2026,S006
SKU_001125,5,10-01-2026,S006
SKU_001126,5,23-01-2026,S006
SKU_001127,4.8,09-04-2026,S006
SKU_001128,4.1,22-03-2026,S006
SKU_001129,3.4,05-03-2026,S006
SKU_001130,3.3,01-03-2026,S006
SKU_001131,4.4,07-04-2026,S006
SKU_001132,4.3,14-03-2026,S006
SKU_001133,5,08-04-2026,S006
SKU_001134,4.5,16-03-2026,S006
SKU_001135,2.8,27-02-2026,S006
SKU_001136,4.8,29-03-2026,S006
SKU_001137,3.2,29-04-2026,S006
SKU_001138,3.7,23-04-2026,S006
SKU_001139,4.2,14-03-2026,S006
SKU_001140,5,24-03-2026,S006
SKU_001141,5,23-03-2026,S006
SKU_001142,4.5,21-03-2026,S006
SKU_001143,3.9,11-02-2026,S006
SKU_001144,4.4,21-04-2026,S006
SKU_001145,4.7,22-03-2026,S006
SKU_001146,3.7,10-02-2026,S006
SKU_001147,5,20-01-2026,S006
SKU_001148,4.2,26-02-2026,S006
SKU_001149,4.4,09-01-2026,S006
SKU_001150,4.5,02-03-2026,S006
SKU_001151,4.3,26-02-2026,S006
SKU_001152,4.7,22-03-2026,S006
SKU_001153,3.5,08-02-2026,S006
SKU_001154,3.6,12-04-2026,S006
SKU_001155,3.1,05-02-2026,S006
SKU_001156,4.4,17-03-2026,S006
SKU_001157,4.6,08-01-2026,S006
SKU_001158,4.4,15-02-2026,S006
SKU_001159,5,06-03-2026,S006
SKU_001160,4,10-01-2026,S006
SKU_001161,4.5,09-02-2026,S006
SKU_001162,3.1,01-03-2026,S006
SKU_001163,3.7,27-02-2026,S006
SKU_001164,4.6,05-01-2026,S006
SKU_001165,4.7,08-01-2026,S006
SKU_001166,3.8,17-02-2026,S006
SKU_001167,3.9,17-04-2026,S006
SKU_001168,2.8,06-02-2026,S006
SKU_001169,3.7,10-01-2026,S006
SKU_001170,4.7,24-03-2026,S006
SKU_001171,4.5,21-04-2026,S006
SKU_001172,4.4,20-04-2026,S006
SKU_001173,4,12-01-2026,S006
SKU_001174,4,20-03-2026,S006
SKU_001175,3.5,18-03-2026,S006
SKU_001176,4.6,06-03-2026,S006
SKU_001177,4.3,19-02-2026,S006
SKU_001178,4.4,01-03-2026,S006
SKU_001179,3.6,16-03-2026,S006
SKU_001180,2.3,12-03-2026,S006
SKU_001181,4.9,12-04-2026,S006
SKU_001182,3.6,05-04-2026,S006
SKU_001183,3.3,25-04-2026,S006
SKU_001184,4.6,06-01-2026,S006
SKU_001185,3.7,27-02-2026,S006
SKU_001186,4.8,27-04-2026,S006
SKU_001187,4.5,14-04-2026,S006
SKU_001188,4.5,15-03-2026,S006
SKU_001189,2.9,25-03-2026,S006
SKU_001190,5,25-01-2026,S006
SKU_001191,4.2,11-02-2026,S006
SKU_001192,3.7,19-03-2026,S006
SKU_001193,4.1,02-03-2026,S006
SKU_001194,2.6,06-03-2026,S006
SKU_001195,4.3,20-01-2026,S006
SKU_001196,3.2,08-01-2026,S006
SKU_001197,2.9,27-02-2026,S006
SKU_001198,2.8,14-01-2026,S006
SKU_001199,4.9,14-04-2026,S006
SKU_001200,3.5,26-04-2026,S006
SKU_001201,5,18-04-2026,S006
SKU_001202,3.6,13-02-2026,S006
SKU_001203,2.6,02-04-2026,S006
SKU_001204,3.1,11-01-2026,S006
SKU_001205,5,06-03-2026,S006
SKU_001206,3.9,24-03-2026,S006
SKU_001207,3.6,23-01-2026,S006
SKU_001208,4.1,06-01-2026,S006
SKU_001209,4.4,01-02-2026,S006
SKU_001210,4.9,01-04-2026,S006
SKU_001211,5,26-02-2026,S006
SKU_001212,3.7,26-02-2026,S006
SKU_001213,2.9,09-03-2026,S006
SKU_001214,3.7,08-03-2026,S006
SKU_001215,4.2,20-03-2026,S006
SKU_001216,3.2,21-01-2026,S006
SKU_001217,3.2,16-02-2026,S006
SKU_001218,4.3,17-02-2026,S006
SKU_001219,4,28-04-2026,S006
SKU_001220,4,06-02-2026,S006
SKU_001221,3.4,19-02-2026,S006
SKU_001222,3.8,22-02-2026,S006
SKU_001223,3.3,10-04-2026,S006
SKU_001224,4.7,13-02-2026,S006
SKU_001225,4.8,28-03-2026,S006
SKU_001226,2.5,18-03-2026,S006
SKU_001227,3.3,07-01-2026,S006
SKU_001228,2.8,12-04-2026,S006
SKU_001229,3.5,22-03-2026,S006
SKU_001230,3.9,24-03-2026,S006
SKU_001231,2.8,12-02-2026,S006
SKU_001232,3.3,09-01-2026,S006
SKU_001233,3.2,12-02-2026,S006
SKU_001234,4.2,13-01-2026,S006
SKU_001235,4.1,13-03-2026,S006
SKU_001236,3.4,28-03-2026,S006
SKU_001237,4.1,19-02-2026,S006
SKU_001238,3.6,06-02-2026,S006
SKU_001239,3.8,02-02-2026,S006
SKU_001240,5,03-04-2026,S006
SKU_001241,5,20-04-2026,S006
SKU_001242,3,26-03-2026,S006
SKU_001243,4.7,27-04-2026,S006
SKU_001244,4.6,19-03-2026,S006
SKU_001245,3.1,22-04-2026,S006
SKU_001246,4.7,20-01-2026,S006
SKU_001247,5,12-02-2026,S006
SKU_001248,3.1,11-01-2026,S006
SKU_001249,3.3,16-03-2026,S006
SKU_001250,4.8,26-03-2026,S006
SKU_001251,4.2,19-01-2026,S006
SKU_001252,4.4,28-04-2026,S006
SKU_001253,4.3,14-02-2026,S006
SKU_001254,4.3,09-02-2026,S006
SKU_001255,2.9,25-03-2026,S006
SKU_001256,4.8,31-03-2026,S006
SKU_001257,4.9,26-03-2026,S006
SKU_001258,3.8,20-02-2026,S006
SKU_001259,4,17-01-2026,S006
SKU_001260,2.8,18-03-2026,S006
SKU_001261,4.4,01-04-2026,S006
SKU_001262,4.5,11-01-2026,S006
SKU_001263,4,09-02-2026,S006
SKU_001264,4.9,13-03-2026,S006
SKU_001265,3.7,18-02-2026,S006
SKU_001266,4.5,24-03-2026,S006
SKU_001267,3.2,12-04-2026,S006
SKU_001268,4,12-02-2026,S006
SKU_001269,3.9,15-04-2026,S006
SKU_001270,4.2,17-01-2026,S006
SKU_001271,3.7,27-03-2026,S006
SKU_001272,3.9,31-03-2026,S006
SKU_001273,4.7,17-04-2026,S006
SKU_001274,3.7,05-04-2026,S006
SKU_001275,2.7,29-03-2026,S007
SKU_001276,5,27-04-2026,S007
SKU_001277,5,09-03-2026,S007
SKU_001278,3,12-01-2026,S007
SKU_001279,4.6,24-03-2026,S007
SKU_001280,3.6,27-03-2026,S007
SKU_001281,4.2,24-02-2026,S007
SKU_001282,4.2,07-03-2026,S007
SKU_001283,3.8,16-02-2026,S007
SKU_001284,3.4,03-01-2026,S007
SKU_001285,3.4,16-02-2026,S007
SKU_001286,3.3,09-02-2026,S007
SKU_001287,3.3,24-01-2026,S007
SKU_001288,3.9,28-01-2026,S007
SKU_001289,3.4,13-02-2026,S007
SKU_001290,4.5,09-04-2026,S007
SKU_001291,5,04-03-2026,S007
SKU_001292,3.5,25-01-2026,S007
SKU_001293,4.2,29-01-2026,S007
SKU_001294,4.4,18-01-2026,S007
SKU_001295,4.4,20-01-2026,S007
SKU_001296,4.1,10-01-2026,S007
SKU_001297,4.6,07-02-2026,S007
SKU_001298,4.4,19-04-2026,S007
SKU_001299,3,11-04-2026,S007
SKU_001300,4.7,13-01-2026,S007
SKU_001301,4.7,06-03-2026,S007
SKU_001302,3.4,09-04-2026,S007
SKU_001303,4,11-03-2026,S007
SKU_001304,4.5,17-04-2026,S007
SKU_001305,3.8,05-04-2026,S007
SKU_001306,4.9,24-04-2026,S007
SKU_001307,5,09-03-2026,S007
SKU_001308,3.4,05-01-2026,S007
SKU_001309,2.9,26-03-2026,S007
SKU_001310,4.2,13-02-2026,S007
SKU_001311,4.6,23-04-2026,S007
SKU_001312,3.8,09-04-2026,S007
SKU_001313,5,21-03-2026,S007
SKU_001314,2.9,17-01-2026,S007
SKU_001315,4.6,18-03-2026,S007
SKU_001316,3.5,18-02-2026,S007
SKU_001317,5,20-01-2026,S007
SKU_001318,5,21-01-2026,S007
SKU_001319,3.4,24-01-2026,S007
SKU_001320,3.6,17-04-2026,S007
SKU_001321,4.7,30-03-2026,S007
SKU_001322,3.7,09-04-2026,S007
SKU_001323,4,21-03-2026,S007
SKU_001324,4,14-04-2026,S007
SKU_001325,2.5,26-04-2026,S007
SKU_001326,4,22-01-2026,S007
SKU_001327,3.4,03-04-2026,S007
SKU_001328,3.6,26-02-2026,S007
SKU_001329,5,06-01-2026,S007
SKU_001330,3,22-02-2026,S007
SKU_001331,4.7,16-02-2026,S007
SKU_001332,3.8,28-03-2026,S007
SKU_001333,3.8,03-04-2026,S007
SKU_001334,4.6,31-01-2026,S007
SKU_001335,4.3,26-02-2026,S007
SKU_001336,4.5,20-03-2026,S007
SKU_001337,4.8,06-02-2026,S007
SKU_001338,3.7,07-04-2026,S007
SKU_001339,3.5,06-04-2026,S007
SKU_001340,3.1,11-04-2026,S007
SKU_001341,3.3,27-02-2026,S007
SKU_001342,5,30-01-2026,S007
SKU_001343,5,10-03-2026,S007
SKU_001344,2.9,31-01-2026,S007
SKU_001345,2.9,09-02-2026,S007
SKU_001346,4.4,14-04-2026,S007
SKU_001347,4.4,11-04-2026,S007
SKU_001348,4.4,02-03-2026,S007
SKU_001349,3.8,26-04-2026,S007
SKU_001350,3.9,17-04-2026,S007
SKU_001351,4.3,25-01-2026,S007
SKU_001352,4.1,17-02-2026,S007
SKU_001353,2.2,28-03-2026,S007
SKU_001354,3.8,15-03-2026,S007
SKU_001355,3.3,26-02-2026,S007
SKU_001356,4.1,01-03-2026,S007
SKU_001357,5,09-04-2026,S007
SKU_001358,4.3,06-02-2026,S007
SKU_001359,3.7,10-04-2026,S007
SKU_001360,4.7,18-02-2026,S007
SKU_001361,4.4,06-03-2026,S007
SKU_001362,4.3,09-03-2026,S007
SKU_001363,4.5,23-02-2026,S007
SKU_001364,5,21-01-2026,S007
SKU_001365,3.1,15-04-2026,S007
SKU_001366,4.4,26-01-2026,S007
SKU_001367,3.3,13-04-2026,S007
SKU_001368,4.4,19-03-2026,S007
SKU_001369,3.3,18-01-2026,S007
SKU_001370,3.7,22-04-2026,S007
SKU_001371,3.8,02-02-2026,S007
SKU_001372,4.8,07-01-2026,S007
SKU_001373,4.7,24-03-2026,S007
SKU_001374,3,03-03-2026,S007
SKU_001375,4,22-04-2026,S007
SKU_001376,3.4,17-02-2026,S007
SKU_001377,3,12-03-2026,S007
SKU_001378,3.8,30-04-2026,S007
SKU_001379,3.8,14-01-2026,S007
SKU_001380,5,02-04-2026,S007
SKU_001381,4.3,19-04-2026,S007
SKU_001382,2.9,08-03-2026,S007
SKU_001383,3.5,19-04-2026,S007
SKU_001384,4.8,16-01-2026,S007
SKU_001385,5,06-02-2026,S007
SKU_001386,2.7,11-01-2026,S007
SKU_001387,2.5,08-04-2026,S007
SKU_001388,5,21-01-2026,S007
SKU_001389,4.3,04-02-2026,S007
SKU_001390,3.3,27-02-2026,S007
SKU_001391,4.4,26-04-2026,S007
SKU_001392,1.9,07-03-2026,S007
SKU_001393,4,19-01-2026,S007
SKU_001394,4.3,17-04-2026,S007
SKU_001395,4.7,25-02-2026,S007
SKU_001396,3.2,12-01-2026,S007
SKU_001397,4.1,27-04-2026,S007
SKU_001398,3.3,29-01-2026,S007
SKU_001399,4.2,15-04-2026,S007
SKU_001400,3.3,27-02-2026,S007
SKU_001401,3.7,24-04-2026,S007
SKU_001402,3.2,14-02-2026,S007
SKU_001403,4.5,30-04-2026,S007
SKU_001404,4.7,04-01-2026,S007
SKU_001405,3.8,23-02-2026,S007
SKU_001406,4,07-01-2026,S007
SKU_001407,2.8,20-02-2026,S007
SKU_001408,3.8,06-03-2026,S007
SKU_001409,4,17-02-2026,S007
SKU_001410,5,31-01-2026,S007
SKU_001411,3.1,19-02-2026,S007
SKU_001412,5,11-01-2026,S007
SKU_001413,4.8,17-02-2026,S007
SKU_001414,4.2,29-01-2026,S007
SKU_001415,5,04-01-2026,S007
SKU_001416,4.3,10-02-2026,S007
SKU_001417,4.3,30-04-2026,S007
SKU_001418,4,13-01-2026,S007
SKU_001419,5,18-04-2026,S007
SKU_001420,4.9,02-04-2026,S007
SKU_001421,3.5,25-03-2026,S007
SKU_001422,2.9,12-02-2026,S007
SKU_001423,3.8,12-04-2026,S007
SKU_001424,3.4,19-01-2026,S007
SKU_001425,3.9,18-01-2026,S007
SKU_001426,5,05-01-2026,S007
SKU_001427,3.6,06-02-2026,S007
SKU_001428,4,28-04-2026,S007
SKU_001429,4,17-04-2026,S007
SKU_001430,4.7,02-03-2026,S007
SKU_001431,2.2,31-03-2026,S007
SKU_001432,3.5,17-04-2026,S007
SKU_001433,4.2,18-01-2026,S007
SKU_001434,5,08-04-2026,S007
SKU_001435,3.6,01-04-2026,S007
SKU_001436,2.5,02-03-2026,S007
SKU_001437,4.5,27-02-2026,S007
SKU_001438,3.5,20-03-2026,S007
SKU_001439,3,01-01-2026,S007
SKU_001440,3.5,26-04-2026,S007
SKU_001441,3.9,11-01-2026,S007
SKU_001442,3.5,03-01-2026,S007
SKU_001443,2.2,02-02-2026,S007
SKU_001444,4.7,28-01-2026,S007
SKU_001445,5,17-04-2026,S007
SKU_001446,4.5,20-01-2026,S007
SKU_001447,3.1,12-03-2026,S007
SKU_001448,3.8,04-04-2026,S007
SKU_001449,4,19-03-2026,S007
SKU_001450,4.5,09-03-2026,S007
SKU_001451,4.5,24-02-2026,S007
SKU_001452,3.4,15-01-2026,S007
SKU_001453,4.1,10-04-2026,S007
SKU_001454,4.4,06-02-2026,S007
SKU_001455,5,31-01-2026,S007
SKU_001456,4.6,08-02-2026,S007
SKU_001457,4.6,16-01-2026,S007
SKU_001458,4.1,07-01-2026,S007
SKU_001459,5,31-01-2026,S007
SKU_001460,4.3,23-02-2026,S007
SKU_001461,3.3,23-03-2026,S007
SKU_001462,5,12-04-2026,S007
SKU_001463,4.6,21-03-2026,S007
SKU_001464,3.6,28-02-2026,S007
SKU_001465,3.6,09-01-2026,S007
SKU_001466,4.2,15-01-2026,S007
SKU_001467,4.4,18-04-2026,S007
SKU_001468,4.2,26-04-2026,S007
SKU_001469,4.2,05-03-2026,S007
SKU_001470,5,18-03-2026,S007
SKU_001471,4.9,10-03-2026,S007
SKU_001472,4.2,03-01-2026,S007
SKU_001473,4.8,22-03-2026,S007
SKU_001474,3.2,07-03-2026,S007
SKU_001475,4.3,15-03-2026,S007
SKU_001476,5,31-01-2026,S007
SKU_001477,3.8,02-04-2026,S007
SKU_001478,3.3,19-01-2026,S007
SKU_001479,3.5,07-02-2026,S007
SKU_001480,3.1,24-02-2026,S007
SKU_001481,3.4,01-01-2026,S007
SKU_001482,3.7,20-03-2026,S007
SKU_001483,2.9,15-02-2026,S007
SKU_001484,4,31-01-2026,S007
SKU_001485,4.7,15-03-2026,S007
SKU_001486,3.3,23-02-2026,S007
SKU_001487,5,24-01-2026,S007
SKU_001488,4.4,27-03-2026,S007
SKU_001489,4.8,27-03-2026,S007
SKU_001490,3.5,11-01-2026,S007
SKU_001491,4.7,09-03-2026,S007
SKU_001492,3.1,16-02-2026,S007
SKU_001493,4.7,09-01-2026,S007
SKU_001494,4.1,09-03-2026,S007
SKU_001495,4.4,11-03-2026,S007
SKU_001496,3.1,06-03-2026,S007
SKU_001497,3.3,11-04-2026,S007
SKU_001498,4.5,06-03-2026,S007
SKU_001499,3.2,12-03-2026,S007
SKU_001500,4.4,03-01-2026,S007
SKU_001501,2.9,19-02-2026,S007
SKU_001502,4.7,22-04-2026,S007
SKU_001503,3,02-03-2026,S007
SKU_001504,4.4,06-01-2026,S007
SKU_001505,4.5,23-03-2026,S007
SKU_001506,3.4,19-02-2026,S007
SKU_001507,4.5,17-02-2026,S007
SKU_001508,4.2,02-02-2026,S007
SKU_001509,3.6,06-04-2026,S007
SKU_001510,3.2,03-01-2026,S007
SKU_001511,2.4,15-02-2026,S007
SKU_001512,4.3,11-04-2026,S007
SKU_001513,2.7,09-01-2026,S007
SKU_001514,4.1,14-02-2026,S007
SKU_001515,3.8,31-01-2026,S007
SKU_001516,4.5,04-04-2026,S007
SKU_001517,3.8,26-03-2026,S007
SKU_001518,3.7,22-03-2026,S007
SKU_001519,4.6,14-01-2026,S007
SKU_001520,4.3,09-04-2026,S007
SKU_001521,4.3,16-03-2026,S007
SKU_001522,4.4,05-04-2026,S007
SKU_001523,2.8,07-04-2026,S007
SKU_001524,4.6,12-02-2026,S007
SKU_001525,4.5,18-01-2026,S007
SKU_001526,3.2,06-01-2026,S007
SKU_001527,3.8,15-02-2026,S007
SKU_001528,4,11-03-2026,S007
SKU_001529,3.9,13-02-2026,S007
SKU_001530,4.3,15-04-2026,S007
SKU_001531,5,24-03-2026,S007
SKU_001532,4.9,23-01-2026,S007
SKU_001533,3,17-04-2026,S007
SKU_001534,4.5,10-04-2026,S007
SKU_001535,5,29-03-2026,S007
SKU_001536,4.3,01-03-2026,S007
SKU_001537,4.9,31-03-2026,S007
SKU_001538,5,03-03-2026,S007
SKU_001539,4.8,22-03-2026,S007
SKU_001540,4.2,24-01-2026,S007
SKU_001541,4.8,14-04-2026,S007
SKU_001542,4.1,18-01-2026,S007
SKU_001543,4,09-01-2026,S007
SKU_001544,3.7,02-04-2026,S007
SKU_001545,5,10-04-2026,S007
SKU_001546,3.3,28-02-2026,S007
SKU_001547,5,05-01-2026,S007
SKU_001548,4.4,07-02-2026,S007
SKU_001549,2.9,26-01-2026,S007
SKU_001550,4.3,06-01-2026,S007
SKU_001551,2.3,12-04-2026,S007
SKU_001552,4.5,26-01-2026,S007
SKU_001553,4.7,24-04-2026,S007
SKU_001554,3.5,06-01-2026,S007
SKU_001555,4.1,10-02-2026,S007
SKU_001556,5,30-04-2026,S007
SKU_001557,3.6,09-02-2026,S007
SKU_001558,3.2,07-03-2026,S007
SKU_001559,5,20-02-2026,S007
SKU_001560,5,15-04-2026,S007
SKU_001561,4,11-03-2026,S007
SKU_001562,4.8,02-03-2026,S007
SKU_001563,5,02-02-2026,S007
SKU_001564,3.4,05-01-2026,S007
SKU_001565,3.6,07-04-2026,S007
SKU_001566,5,24-03-2026,S007
SKU_001567,5,25-01-2026,S007
SKU_001568,4.5,06-02-2026,S007
SKU_001569,3.3,15-02-2026,S007
SKU_001570,5,21-04-2026,S007
SKU_001571,3.6,10-04-2026,S007
SKU_001572,3.7,07-01-2026,S007
SKU_001573,4.3,21-04-2026,S007
SKU_001574,5,25-03-2026,S007
SKU_001575,4.7,12-02-2026,S007
SKU_001576,4.3,04-02-2026,S007
SKU_001577,4.4,16-01-2026,S007
SKU_001578,4,13-04-2026,S007
SKU_001579,4.4,17-02-2026,S007
SKU_001580,2,25-02-2026,S007
SKU_001581,3.8,24-04-2026,S007
SKU_001582,4.2,21-02-2026,S007
SKU_001583,3.1,06-04-2026,S007
SKU_001584,4.3,26-02-2026,S007
SKU_001585,3.8,25-04-2026,S007
SKU_001586,5,19-02-2026,S007
SKU_001587,5,13-02-2026,S007
SKU_001588,3.6,24-01-2026,S007
SKU_001589,3.9,05-03-2026,S007
SKU_001590,3.9,30-03-2026,S007
SKU_001591,3.6,05-03-2026,S007
SKU_001592,4.2,17-02-2026,S007
SKU_001593,3.4,29-04-2026,S007
SKU_001594,3.1,13-04-2026,S007
SKU_001595,4.5,08-03-2026,S007
SKU_001596,4.5,04-02-2026,S007
SKU_001597,3.4,13-04-2026,S007
SKU_001598,4.7,11-01-2026,S007
SKU_001599,3.5,04-04-2026,S007
SKU_001600,4.2,24-02-2026,S007
SKU_001601,4.7,11-01-2026,S007
SKU_001602,4,25-02-2026,S007
SKU_001603,4.4,19-03-2026,S007
SKU_001604,3.6,16-04-2026,S007
SKU_001605,3.8,24-01-2026,S007
SKU_001606,3.8,11-03-2026,S007
SKU_001607,3.4,07-02-2026,S007
SKU_001608,3.9,11-02-2026,S007
SKU_001609,2.8,14-01-2026,S007
SKU_001610,3.6,11-01-2026,S007
SKU_001611,3.8,11-02-2026,S007
SKU_001612,3.8,26-03-2026,S007
SKU_001613,3.8,07-02-2026,S007
SKU_001614,4,09-02-2026,S007
SKU_001615,4.4,27-02-2026,S007
SKU_001616,4.7,19-03-2026,S007
SKU_001617,3.5,02-04-2026,S007
SKU_001618,3,24-02-2026,S007
SKU_001619,3.2,22-01-2026,S007
SKU_001620,3.6,30-03-2026,S007
SKU_001621,3.7,26-02-2026,S007
SKU_001622,3.4,14-02-2026,S007
SKU_001623,3,27-02-2026,S007
SKU_001624,3.6,06-01-2026,S007
SKU_001625,4.1,04-04-2026,S007
SKU_001626,4.5,22-04-2026,S007
SKU_001627,3.6,27-04-2026,S007
SKU_001628,3.7,15-02-2026,S007
SKU_001629,3.3,20-03-2026,S007
SKU_001630,4,25-02-2026,S007
SKU_001631,3.3,05-02-2026,S007
SKU_001632,4.5,23-03-2026,S007
SKU_001633,2.6,12-04-2026,S007
SKU_001634,3.7,08-01-2026,S007
SKU_001635,4.2,10-01-2026,S007
SKU_001636,4.1,27-03-2026,S007
SKU_001637,5,23-03-2026,S007
SKU_001638,4.3,21-02-2026,S007
SKU_001639,3.2,16-02-2026,S007
SKU_001640,3.9,07-03-2026,S007
SKU_001641,2.6,13-04-2026,S007
SKU_001642,3.9,06-04-2026,S007
SKU_001643,3.3,28-03-2026,S007
SKU_001644,4.7,21-01-2026,S007
SKU_001645,3.6,04-01-2026,S007
SKU_001646,3.9,19-01-2026,S007
SKU_001647,3.5,19-04-2026,S007
SKU_001648,5,19-03-2026,S007
SKU_001649,3.7,28-03-2026,S007
SKU_001650,5,11-04-2026,S007
SKU_001651,4.7,26-02-2026,S007
SKU_001652,4.4,05-01-2026,S007
SKU_001653,4.3,17-01-2026,S007
SKU_001654,4.3,09-01-2026,S007
SKU_001655,2.5,31-01-2026,S007
SKU_001656,3.8,10-04-2026,S007
SKU_001657,4.7,24-03-2026,S007
SKU_001658,4,16-02-2026,S007
SKU_001659,2.9,16-02-2026,S007
SKU_001660,4,19-02-2026,S007
SKU_001661,5,14-03-2026,S007
SKU_001662,5,05-01-2026,S007
SKU_001663,4,19-03-2026,S007
SKU_001664,4.8,20-01-2026,S007
SKU_001665,3.7,28-03-2026,S007
SKU_001666,2.6,27-02-2026,S007
SKU_001667,3.3,17-02-2026,S007
SKU_001668,5,17-02-2026,S007
SKU_001669,3.8,26-02-2026,S007
SKU_001670,3.8,08-04-2026,S007
SKU_001671,3.8,10-01-2026,S007
SKU_001672,5,15-03-2026,S007
SKU_001673,5,18-01-2026,S007
SKU_001674,5,09-03-2026,S007
SKU_001675,3.9,16-02-2026,S008
SKU_001676,4.2,20-02-2026,S008
SKU_001677,2.8,10-02-2026,S008
SKU_001678,5,25-03-2026,S008
SKU_001679,3.1,05-02-2026,S008
SKU_001680,4.2,01-02-2026,S008
SKU_001681,3.1,15-01-2026,S008
SKU_001682,3.5,04-01-2026,S008
SKU_001683,3.3,05-04-2026,S008
SKU_001684,3.5,24-01-2026,S008
SKU_001685,3.6,05-03-2026,S008
SKU_001686,3.6,08-03-2026,S008
SKU_001687,4.7,19-02-2026,S008
SKU_001688,3.1,27-04-2026,S008
SKU_001689,4.2,13-03-2026,S008
SKU_001690,5,16-01-2026,S008
SKU_001691,3.6,03-02-2026,S008
SKU_001692,3.4,10-04-2026,S008
SKU_001693,3.8,03-02-2026,S008
SKU_001694,4.9,01-04-2026,S008
SKU_001695,4.2,27-02-2026,S008
SKU_001696,3.6,28-01-2026,S008
SKU_001697,4.4,20-03-2026,S008
SKU_001698,3.1,06-02-2026,S008
SKU_001699,4.5,30-03-2026,S008
SKU_001700,4.3,28-04-2026,S008
SKU_001701,3.8,04-03-2026,S008
SKU_001702,3.3,26-01-2026,S008
SKU_001703,3.3,16-01-2026,S008
SKU_001704,4.4,18-01-2026,S008
SKU_001705,5,20-04-2026,S008
SKU_001706,3.5,10-01-2026,S008
SKU_001707,4.4,27-02-2026,S008
SKU_001708,2.3,23-01-2026,S008
SKU_001709,3.5,26-04-2026,S008
SKU_001710,4,02-04-2026,S008
SKU_001711,3.3,26-02-2026,S008
SKU_001712,3.3,12-01-2026,S008
SKU_001713,3.5,14-04-2026,S008
SKU_001714,4.2,29-03-2026,S008
SKU_001715,3.9,19-04-2026,S008
SKU_001716,2.2,10-02-2026,S008
SKU_001717,2.3,27-03-2026,S008
SKU_001718,3.5,14-02-2026,S008
SKU_001719,4.4,01-04-2026,S008
SKU_001720,1.8,09-01-2026,S008
SKU_001721,3.6,12-03-2026,S008
SKU_001722,3.6,11-03-2026,S008
SKU_001723,5,07-02-2026,S008
SKU_001724,3.7,25-04-2026,S008
SKU_001725,4.3,08-02-2026,S008
SKU_001726,4.1,19-04-2026,S008
SKU_001727,2.3,21-01-2026,S008
SKU_001728,4.6,02-04-2026,S008
SKU_001729,4.2,01-04-2026,S008
SKU_001730,4.4,29-04-2026,S008
SKU_001731,5,31-03-2026,S008
SKU_001732,2.3,23-03-2026,S008
SKU_001733,5,23-01-2026,S008
SKU_001734,3.8,12-04-2026,S008
SKU_001735,4.2,16-02-2026,S008
SKU_001736,4,07-03-2026,S008
SKU_001737,3.7,29-01-2026,S008
SKU_001738,3.5,16-01-2026,S008
SKU_001739,4.3,26-01-2026,S008
SKU_001740,2.8,12-04-2026,S008
SKU_001741,4.6,18-01-2026,S008
SKU_001742,3.7,31-01-2026,S008
SKU_001743,3.1,12-04-2026,S008
SKU_001744,3.6,05-03-2026,S008
SKU_001745,5,04-01-2026,S008
SKU_001746,3.6,16-02-2026,S008
SKU_001747,4.3,12-03-2026,S008
SKU_001748,3.4,15-03-2026,S008
SKU_001749,4.6,17-02-2026,S008
SKU_001750,4.5,01-03-2026,S008
SKU_001751,5,13-04-2026,S008
SKU_001752,3.9,12-03-2026,S008
SKU_001753,4.5,17-01-2026,S008
SKU_001754,4.1,20-03-2026,S008
SKU_001755,5,24-04-2026,S008
SKU_001756,3.4,12-01-2026,S008
SKU_001757,4.6,09-01-2026,S008
SKU_001758,3.8,09-02-2026,S008
SKU_001759,3.9,20-02-2026,S008
SKU_001760,4.1,02-04-2026,S008
SKU_001761,4.2,03-04-2026,S008
SKU_001762,3.9,03-03-2026,S008
SKU_001763,4.2,09-03-2026,S008
SKU_001764,5,22-02-2026,S008
SKU_001765,4.8,09-04-2026,S008
SKU_001766,4.7,22-02-2026,S008
SKU_001767,3.6,16-04-2026,S008
SKU_001768,3.3,15-03-2026,S008
SKU_001769,4.8,10-01-2026,S008
SKU_001770,4.7,17-01-2026,S008
SKU_001771,5,10-02-2026,S008
SKU_001772,3.5,24-03-2026,S008
SKU_001773,3.8,10-01-2026,S008
SKU_001774,2.7,27-02-2026,S008
SKU_001775,3.7,01-03-2026,S008
SKU_001776,4.8,29-03-2026,S008
SKU_001777,3.6,08-03-2026,S008
SKU_001778,4.5,14-02-2026,S008
SKU_001779,3.8,17-01-2026,S008
SKU_001780,4.3,23-04-2026,S008
SKU_001781,3.1,17-04-2026,S008
SKU_001782,4.1,10-04-2026,S008
SKU_001783,1.6,12-03-2026,S008
SKU_001784,3.9,23-03-2026,S008
SKU_001785,2.7,17-03-2026,S008
SKU_001786,5,24-01-2026,S008
SKU_001787,4.6,09-04-2026,S008
SKU_001788,4.4,17-01-2026,S008
SKU_001789,5,25-02-2026,S008
SKU_001790,3.2,06-03-2026,S008
SKU_001791,5,27-04-2026,S008
SKU_001792,4.7,22-04-2026,S008
SKU_001793,3.8,08-01-2026,S008
SKU_001794,4.9,17-04-2026,S008
SKU_001795,3.1,16-01-2026,S008
SKU_001796,3.3,08-03-2026,S008
SKU_001797,3.5,20-01-2026,S008
SKU_001798,3.6,08-02-2026,S008
SKU_001799,3.2,22-01-2026,S008
SKU_001800,5,21-01-2026,S008
SKU_001801,3.8,11-02-2026,S008
SKU_001802,4.3,30-04-2026,S008
SKU_001803,3.5,01-04-2026,S008
SKU_001804,2.5,29-01-2026,S008
SKU_001805,4.2,14-02-2026,S008
SKU_001806,2.5,08-03-2026,S008
SKU_001807,3.9,25-04-2026,S008
SKU_001808,2.9,06-02-2026,S008
SKU_001809,5,19-04-2026,S008
SKU_001810,4.7,11-01-2026,S008
SKU_001811,4.1,02-02-2026,S008
SKU_001812,5,26-01-2026,S008
SKU_001813,3.3,23-03-2026,S008
SKU_001814,4.4,12-03-2026,S008
SKU_001815,4.2,05-02-2026,S008
SKU_001816,4.2,17-01-2026,S008
SKU_001817,5,22-03-2026,S008
SKU_001818,4.6,08-02-2026,S008
SKU_001819,4.2,20-03-2026,S008
SKU_001820,2.7,10-03-2026,S008
SKU_001821,3.2,12-01-2026,S008
SKU_001822,3.9,06-03-2026,S008
SKU_001823,4.1,24-03-2026,S008
SKU_001824,3.1,22-01-2026,S008
SKU_001825,5,17-03-2026,S008
SKU_001826,5,16-03-2026,S008
SKU_001827,4.5,20-01-2026,S008
SKU_001828,4.1,22-01-2026,S008
SKU_001829,3.8,26-03-2026,S008
SKU_001830,3.2,21-03-2026,S008
SKU_001831,4.1,03-04-2026,S008
SKU_001832,4.2,26-04-2026,S008
SKU_001833,3,19-03-2026,S008
SKU_001834,4.3,13-02-2026,S008
SKU_001835,3.9,18-04-2026,S008
SKU_001836,2.5,29-04-2026,S008
SKU_001837,3.3,14-03-2026,S008
SKU_001838,3.7,06-01-2026,S008
SKU_001839,5,16-04-2026,S008
SKU_001840,4.4,21-04-2026,S008
SKU_001841,2.9,04-01-2026,S008
SKU_001842,4.4,11-01-2026,S008
SKU_001843,2.8,06-01-2026,S008
SKU_001844,4.9,24-03-2026,S008
SKU_001845,3.6,09-04-2026,S008
SKU_001846,3.9,15-03-2026,S008
SKU_001847,5,03-02-2026,S008
SKU_001848,3,25-03-2026,S008
SKU_001849,2.9,27-01-2026,S008
SKU_001850,3.5,09-04-2026,S008
SKU_001851,4.8,15-03-2026,S008
SKU_001852,2.8,23-02-2026,S008
SKU_001853,1.7,21-03-2026,S008
SKU_001854,3.6,23-03-2026,S008
SKU_001855,4.4,04-01-2026,S008
SKU_001856,5,05-03-2026,S008
SKU_001857,3.6,24-04-2026,S008
SKU_001858,3.7,22-03-2026,S008
SKU_001859,4.9,11-03-2026,S008
SKU_001860,2.5,07-02-2026,S008
SKU_001861,3.7,24-03-2026,S008
SKU_001862,4.2,08-02-2026,S008
SKU_001863,4.4,03-03-2026,S008
SKU_001864,3.6,01-02-2026,S008
SKU_001865,4,14-04-2026,S008
SKU_001866,2,14-04-2026,S008
SKU_001867,3.5,29-03-2026,S008
SKU_001868,4.4,21-02-2026,S008
SKU_001869,3.2,08-02-2026,S008
SKU_001870,4,28-02-2026,S008
SKU_001871,4.4,10-01-2026,S008
SKU_001872,3.7,30-03-2026,S008
SKU_001873,4.1,08-01-2026,S008
SKU_001874,3.2,21-01-2026,S008
SKU_001875,3.8,26-02-2026,S008
SKU_001876,4.5,23-02-2026,S008
SKU_001877,4.1,03-03-2026,S008
SKU_001878,3.5,01-03-2026,S008
SKU_001879,4.2,27-01-2026,S008
SKU_001880,4.6,13-02-2026,S008
SKU_001881,2.4,19-03-2026,S008
SKU_001882,4.9,19-01-2026,S008
SKU_001883,3.7,10-02-2026,S008
SKU_001884,4.3,21-04-2026,S008
SKU_001885,5,02-04-2026,S008
SKU_001886,2.9,10-02-2026,S008
SKU_001887,3.4,04-04-2026,S008
SKU_001888,3.8,21-04-2026,S008
SKU_001889,3.4,14-02-2026,S008
SKU_001890,5,21-02-2026,S008
SKU_001891,3.3,17-01-2026,S008
SKU_001892,3.6,08-04-2026,S008
SKU_001893,4.2,17-02-2026,S008
SKU_001894,3,07-03-2026,S008
SKU_001895,3.7,13-03-2026,S008
SKU_001896,4.3,14-01-2026,S008
SKU_001897,3.7,10-02-2026,S008
SKU_001898,3.9,31-01-2026,S008
SKU_001899,3.6,01-03-2026,S008
SKU_001900,2.8,16-01-2026,S008
SKU_001901,4.3,04-02-2026,S008
SKU_001902,5,27-02-2026,S008
SKU_001903,4,01-02-2026,S008
SKU_001904,4.2,19-01-2026,S008
SKU_001905,4.6,13-01-2026,S008
SKU_001906,3,07-01-2026,S008
SKU_001907,5,07-02-2026,S008
SKU_001908,4.2,19-02-2026,S008
SKU_001909,5,21-04-2026,S008
SKU_001910,3.4,20-03-2026,S008
SKU_001911,5,23-02-2026,S008
SKU_001912,4.6,01-02-2026,S008
SKU_001913,4.4,21-04-2026,S008
SKU_001914,4.2,26-04-2026,S008
SKU_001915,3.8,21-01-2026,S008
SKU_001916,5,15-04-2026,S008
SKU_001917,4.1,11-02-2026,S008
SKU_001918,2.4,30-04-2026,S008
SKU_001919,3.1,15-03-2026,S008
SKU_001920,3.9,03-04-2026,S008
SKU_001921,4.2,10-02-2026,S008
SKU_001922,4,25-01-2026,S008
SKU_001923,5,08-04-2026,S008
SKU_001924,2.4,21-01-2026,S008
SKU_001925,4.1,05-03-2026,S008
SKU_001926,2.5,07-03-2026,S008
SKU_001927,4.6,01-03-2026,S008
SKU_001928,3.9,05-03-2026,S008
SKU_001929,4.3,23-04-2026,S008
SKU_001930,3.3,09-02-2026,S008
SKU_001931,5,05-03-2026,S008
SKU_001932,4.8,03-01-2026,S008
SKU_001933,4.5,12-01-2026,S008
SKU_001934,3.9,20-02-2026,S008
SKU_001935,4.5,06-03-2026,S008
SKU_001936,3.4,28-02-2026,S008
SKU_001937,4.7,31-01-2026,S008
SKU_001938,5,28-01-2026,S008
SKU_001939,4.9,16-03-2026,S008
SKU_001940,3.4,15-02-2026,S008
SKU_001941,4.3,07-01-2026,S008
SKU_001942,3,07-01-2026,S008
SKU_001943,4.5,06-02-2026,S008
SKU_001944,4.4,05-03-2026,S008
SKU_001945,2.5,18-03-2026,S008
SKU_001946,3.1,23-04-2026,S008
SKU_001947,3.8,18-04-2026,S008
SKU_001948,3.8,25-03-2026,S008
SKU_001949,3,28-03-2026,S008
SKU_001950,4.3,02-03-2026,S008
SKU_001951,4.2,06-02-2026,S008
SKU_001952,3.8,10-03-2026,S008
SKU_001953,3.4,02-01-2026,S008
SKU_001954,4.8,19-04-2026,S008
SKU_001955,5,14-01-2026,S008
SKU_001956,3.6,25-02-2026,S008
SKU_001957,3.5,18-01-2026,S008
SKU_001958,4.4,23-04-2026,S008
SKU_001959,3.7,03-02-2026,S008
SKU_001960,3.9,04-04-2026,S008
SKU_001961,4.6,16-02-2026,S008
SKU_001962,2.5,08-04-2026,S008
SKU_001963,5,21-02-2026,S008
SKU_001964,4.1,16-02-2026,S008
SKU_001965,3.7,06-01-2026,S008
SKU_001966,3.9,21-02-2026,S008
SKU_001967,4,07-01-2026,S008
SKU_001968,2.6,14-03-2026,S008
SKU_001969,5,13-03-2026,S008
SKU_001970,4,25-01-2026,S008
SKU_001971,4.4,16-02-2026,S008
SKU_001972,4.8,12-03-2026,S008
SKU_001973,3.2,06-02-2026,S008
SKU_001974,4.4,10-01-2026,S008
SKU_001975,3.8,19-02-2026,S008
SKU_001976,4.7,06-03-2026,S008
SKU_001977,2.3,27-02-2026,S008
SKU_001978,3.9,08-04-2026,S008
SKU_001979,3.5,12-03-2026,S008
SKU_001980,4.3,05-02-2026,S008
SKU_001981,4.4,16-04-2026,S008
SKU_001982,3.4,21-03-2026,S008
SKU_001983,3.4,29-03-2026,S008
SKU_001984,3.9,20-03-2026,S008
SKU_001985,3.3,16-01-2026,S008
SKU_001986,4.7,17-01-2026,S008
SKU_001987,3.7,13-01-2026,S008
SKU_001988,1.7,20-02-2026,S008
SKU_001989,3.7,17-02-2026,S008
SKU_001990,3.2,12-04-2026,S008
SKU_001991,2.7,13-02-2026,S008
SKU_001992,3,13-03-2026,S008
SKU_001993,4.1,16-02-2026,S008
SKU_001994,5,07-04-2026,S008
SKU_001995,4.3,19-01-2026,S008
SKU_001996,3.5,26-01-2026,S008
SKU_001997,4.4,19-03-2026,S008
SKU_001998,3.6,07-03-2026,S008
SKU_001999,3.4,21-02-2026,S008
SKU_002000,3.1,06-03-2026,S008
SKU_002001,2.6,06-01-2026,S008
SKU_002002,3.7,06-01-2026,S008
SKU_002003,4.1,05-01-2026,S008
SKU_002004,3.9,18-01-2026,S008
SKU_002005,3.7,02-04-2026,S008
SKU_002006,3.2,12-02-2026,S008
SKU_002007,4.5,13-04-2026,S008
SKU_002008,2.9,02-03-2026,S008
SKU_002009,4.6,08-03-2026,S008
SKU_002010,3.2,28-02-2026,S008
SKU_002011,3.4,20-01-2026,S008
SKU_002012,2.8,19-03-2026,S008
SKU_002013,3.6,25-04-2026,S008
SKU_002014,4.8,07-03-2026,S008
SKU_002015,4.4,18-01-2026,S008
SKU_002016,4.8,11-02-2026,S008
SKU_002017,4.4,30-04-2026,S008
SKU_002018,3.1,20-03-2026,S008
SKU_002019,3.7,10-02-2026,S008
SKU_002020,3.4,21-01-2026,S008
SKU_002021,5,20-02-2026,S008
SKU_002022,3,20-03-2026,S008
SKU_002023,4.7,05-04-2026,S008
SKU_002024,4.7,18-04-2026,S008
SKU_002025,5,08-02-2026,S008
SKU_002026,3.7,17-03-2026,S008
SKU_002027,4.6,13-02-2026,S008
SKU_002028,5,06-03-2026,S008
SKU_002029,3.5,17-04-2026,S008
SKU_002030,2.8,07-03-2026,S008
SKU_002031,2.5,10-03-2026,S008
SKU_002032,4.6,04-03-2026,S008
SKU_002033,2.5,01-04-2026,S008
SKU_002034,3.7,14-03-2026,S008
SKU_002035,4.3,08-02-2026,S008
SKU_002036,4.1,02-03-2026,S008
SKU_002037,4.3,15-04-2026,S008
SKU_002038,4.2,03-01-2026,S008
SKU_002039,5,17-02-2026,S008
SKU_002040,3.2,12-02-2026,S008
SKU_002041,3.5,28-03-2026,S008
SKU_002042,3.4,15-01-2026,S008
SKU_002043,4.7,23-02-2026,S008
SKU_002044,4.7,16-03-2026,S008
SKU_002045,4.4,09-02-2026,S008
SKU_002046,4.9,12-04-2026,S008
SKU_002047,3.1,26-04-2026,S008
SKU_002048,5,03-04-2026,S008
SKU_002049,5,22-04-2026,S008
SKU_002050,4.6,30-03-2026,S008
SKU_002051,5,22-03-2026,S008
SKU_002052,2.7,04-01-2026,S008
SKU_002053,3.6,18-03-2026,S008
SKU_002054,3.4,02-03-2026,S008
SKU_002055,4.6,03-02-2026,S008
SKU_002056,3.2,25-03-2026,S008
SKU_002057,4.6,11-04-2026,S008
SKU_002058,5,10-04-2026,S008
SKU_002059,4.6,16-03-2026,S008
SKU_002060,4.2,15-03-2026,S008
SKU_002061,3.2,30-01-2026,S008
SKU_002062,3.3,03-04-2026,S008
SKU_002063,5,07-01-2026,S008
SKU_002064,4.6,16-03-2026,S008
SKU_002065,4,03-03-2026,S008
SKU_002066,3.7,22-01-2026,S008
SKU_002067,2.4,09-03-2026,S008
SKU_002068,3.1,22-03-2026,S008
SKU_002069,5,03-04-2026,S008
SKU_002070,3,21-03-2026,S008
SKU_002071,4.2,10-04-2026,S008
SKU_002072,4.8,18-04-2026,S008
SKU_002073,3,18-02-2026,S008
SKU_002074,4.1,19-01-2026,S008
SKU_002075,4.8,16-04-2026,S009
SKU_002076,4,29-03-2026,S009
SKU_002077,5,01-02-2026,S009
SKU_002078,2.7,05-01-2026,S009
SKU_002079,4.8,15-03-2026,S009
SKU_002080,3.9,31-03-2026,S009
SKU_002081,4.6,15-01-2026,S009
SKU_002082,4.4,25-01-2026,S009
SKU_002083,3.4,03-01-2026,S009
SKU_002084,4.2,26-02-2026,S009
SKU_002085,2.5,10-02-2026,S009
SKU_002086,4.5,23-02-2026,S009
SKU_002087,4.2,20-01-2026,S009
SKU_002088,4.5,22-02-2026,S009
SKU_002089,4.8,30-03-2026,S009
SKU_002090,4.3,27-01-2026,S009
SKU_002091,4.1,22-02-2026,S009
SKU_002092,3.3,06-03-2026,S009
SKU_002093,3.4,10-04-2026,S009
SKU_002094,4.9,20-03-2026,S009
SKU_002095,5,28-04-2026,S009
SKU_002096,3.8,02-03-2026,S009
SKU_002097,4,22-04-2026,S009
SKU_002098,3.3,19-04-2026,S009
SKU_002099,4.9,05-04-2026,S009
SKU_002100,4.5,04-04-2026,S009
SKU_002101,5,08-01-2026,S009
SKU_002102,3.3,01-04-2026,S009
SKU_002103,3.7,18-01-2026,S009
SKU_002104,4.2,08-03-2026,S009
SKU_002105,4.5,27-01-2026,S009
SKU_002106,3.8,13-03-2026,S009
SKU_002107,3.3,11-02-2026,S009
SKU_002108,4.7,26-03-2026,S009
SKU_002109,4.6,03-03-2026,S009
SKU_002110,3.3,09-03-2026,S009
SKU_002111,5,18-02-2026,S009
SKU_002112,4.9,10-02-2026,S009
SKU_002113,4.1,23-01-2026,S009
SKU_002114,4.1,28-02-2026,S009
SKU_002115,4.4,27-04-2026,S009
SKU_002116,3.3,10-03-2026,S009
SKU_002117,4,13-02-2026,S009
SKU_002118,2.3,11-03-2026,S009
SKU_002119,4.7,15-02-2026,S009
SKU_002120,2.8,28-03-2026,S009
SKU_002121,5,09-04-2026,S009
SKU_002122,3.7,22-04-2026,S009
SKU_002123,3.8,03-04-2026,S009
SKU_002124,3.5,29-03-2026,S009
SKU_002125,3.8,24-03-2026,S009
SKU_002126,5,13-04-2026,S009
SKU_002127,2,30-03-2026,S009
SKU_002128,5,03-02-2026,S009
SKU_002129,4.3,20-03-2026,S009
SKU_002130,3,03-03-2026,S009
SKU_002131,3.1,25-01-2026,S009
SKU_002132,5,01-02-2026,S009
SKU_002133,3.2,05-02-2026,S009
SKU_002134,3.1,13-03-2026,S009
SKU_002135,4.9,08-02-2026,S009
SKU_002136,4.3,29-01-2026,S009
SKU_002137,3.2,08-02-2026,S009
SKU_002138,4.2,09-04-2026,S009
SKU_002139,3.2,06-02-2026,S009
SKU_002140,4.9,01-04-2026,S009
SKU_002141,4.8,27-01-2026,S009
SKU_002142,4.4,30-03-2026,S009
SKU_002143,4.3,01-04-2026,S009
SKU_002144,5,04-03-2026,S009
SKU_002145,4,10-02-2026,S009
SKU_002146,3.1,03-03-2026,S009
SKU_002147,4.4,14-02-2026,S009
SKU_002148,5,13-03-2026,S009
SKU_002149,3.2,30-04-2026,S009
SKU_002150,3.7,30-04-2026,S009
SKU_002151,4.3,12-04-2026,S009
SKU_002152,4,03-04-2026,S009
SKU_002153,3.2,05-02-2026,S009
SKU_002154,4.9,06-02-2026,S009
SKU_002155,5,16-01-2026,S009
SKU_002156,4.2,15-03-2026,S009
SKU_002157,3.3,28-03-2026,S009
SKU_002158,2.8,11-03-2026,S009
SKU_002159,4.2,18-02-2026,S009
SKU_002160,4.9,25-04-2026,S009
SKU_002161,4.4,20-02-2026,S009
SKU_002162,4,15-04-2026,S009
SKU_002163,3.5,14-02-2026,S009
SKU_002164,3.1,09-04-2026,S009
SKU_002165,4.7,13-04-2026,S009
SKU_002166,4.7,19-01-2026,S009
SKU_002167,2.8,07-02-2026,S009
SKU_002168,5,06-01-2026,S009
SKU_002169,4.5,06-02-2026,S009
SKU_002170,5,02-04-2026,S009
SKU_002171,2.9,11-01-2026,S009
SKU_002172,2.9,14-02-2026,S009
SKU_002173,3.9,29-04-2026,S009
SKU_002174,4.4,26-02-2026,S009
SKU_002175,5,25-03-2026,S009
SKU_002176,4.6,02-02-2026,S009
SKU_002177,3.8,06-04-2026,S009
SKU_002178,3.2,03-03-2026,S009
SKU_002179,5,28-01-2026,S009
SKU_002180,3.2,26-01-2026,S009
SKU_002181,5,16-04-2026,S009
SKU_002182,3.8,10-03-2026,S009
SKU_002183,5,04-02-2026,S009
SKU_002184,4.5,30-04-2026,S009
SKU_002185,3.9,13-03-2026,S009
SKU_002186,3.6,31-03-2026,S009
SKU_002187,3.7,04-02-2026,S009
SKU_002188,4.3,18-01-2026,S009
SKU_002189,4.1,14-01-2026,S009
SKU_002190,3.5,20-03-2026,S009
SKU_002191,3.9,05-04-2026,S009
SKU_002192,4.1,17-03-2026,S009
SKU_002193,2.3,31-01-2026,S009
SKU_002194,4.4,01-02-2026,S009
SKU_002195,3.2,07-01-2026,S009
SKU_002196,3.1,27-03-2026,S009
SKU_002197,2.7,26-04-2026,S009
SKU_002198,2.6,09-03-2026,S009
SKU_002199,2.9,29-01-2026,S009
SKU_002200,3.4,23-03-2026,S009
SKU_002201,5,30-01-2026,S009
SKU_002202,3.6,07-01-2026,S009
SKU_002203,4.1,13-01-2026,S009
SKU_002204,4.3,22-02-2026,S009
SKU_002205,4.1,12-02-2026,S009
SKU_002206,3.9,02-04-2026,S009
SKU_002207,3,02-03-2026,S009
SKU_002208,5,13-01-2026,S009
SKU_002209,5,29-03-2026,S009
SKU_002210,2.7,09-04-2026,S009
SKU_002211,3.2,18-01-2026,S009
SKU_002212,3.8,01-01-2026,S009
SKU_002213,3.2,12-03-2026,S009
SKU_002214,4.4,29-04-2026,S009
SKU_002215,3.4,21-01-2026,S009
SKU_002216,5,22-02-2026,S009
SKU_002217,5,25-03-2026,S009
SKU_002218,4.2,30-04-2026,S009
SKU_002219,4.8,23-04-2026,S009
SKU_002220,4.9,23-04-2026,S009
SKU_002221,3.5,02-03-2026,S009
SKU_002222,3.3,03-03-2026,S009
SKU_002223,4.1,25-03-2026,S009
SKU_002224,4.7,26-01-2026,S009
SKU_002225,4.1,07-04-2026,S009
SKU_002226,2.7,06-02-2026,S009
SKU_002227,3.4,11-02-2026,S009
SKU_002228,3.9,06-02-2026,S009
SKU_002229,3.9,24-03-2026,S009
SKU_002230,5,08-01-2026,S009
SKU_002231,2.9,27-04-2026,S009
SKU_002232,4.4,09-04-2026,S009
SKU_002233,5,12-01-2026,S009
SKU_002234,5,25-03-2026,S009
SKU_002235,3.7,15-03-2026,S009
SKU_002236,4.4,30-01-2026,S009
SKU_002237,4.5,10-03-2026,S009
SKU_002238,4.2,05-04-2026,S009
SKU_002239,3.9,03-04-2026,S009
SKU_002240,4.3,19-04-2026,S009
SKU_002241,2,30-04-2026,S009
SKU_002242,4.5,05-01-2026,S009
SKU_002243,4.1,27-04-2026,S009
SKU_002244,3.8,28-04-2026,S009
SKU_002245,5,23-01-2026,S009
SKU_002246,3.5,23-02-2026,S009
SKU_002247,3.7,23-04-2026,S009
SKU_002248,5,18-04-2026,S009
SKU_002249,3.3,23-01-2026,S009
SKU_002250,3.6,30-04-2026,S009
SKU_002251,3.9,28-04-2026,S009
SKU_002252,4.7,05-01-2026,S009
SKU_002253,4.2,18-04-2026,S009
SKU_002254,3,20-02-2026,S009
SKU_002255,3.6,11-04-2026,S009
SKU_002256,3.5,05-03-2026,S009
SKU_002257,3.9,24-01-2026,S009
SKU_002258,4.3,30-04-2026,S009
SKU_002259,4.3,06-04-2026,S009
SKU_002260,2.6,22-04-2026,S009
SKU_002261,4.9,29-04-2026,S009
SKU_002262,4.2,07-02-2026,S009
SKU_002263,5,23-04-2026,S009
SKU_002264,4.4,05-01-2026,S009
SKU_002265,4.9,02-01-2026,S009
SKU_002266,4.4,08-02-2026,S009
SKU_002267,5,14-03-2026,S009
SKU_002268,4.4,19-03-2026,S009
SKU_002269,3.9,14-01-2026,S009
SKU_002270,5,29-04-2026,S009
SKU_002271,4.7,12-02-2026,S009
SKU_002272,4.5,06-02-2026,S009
SKU_002273,3,28-02-2026,S009
SKU_002274,3,24-03-2026,S009
SKU_002275,4.2,11-03-2026,S009
SKU_002276,4.1,09-03-2026,S009
SKU_002277,3.5,05-03-2026,S009
SKU_002278,4.1,24-04-2026,S009
SKU_002279,5,18-01-2026,S009
SKU_002280,4.6,19-04-2026,S009
SKU_002281,3.1,06-03-2026,S009
SKU_002282,3.9,01-03-2026,S009
SKU_002283,3.4,04-02-2026,S009
SKU_002284,3.7,25-01-2026,S009
SKU_002285,3.7,14-04-2026,S009
SKU_002286,3.6,15-01-2026,S009
SKU_002287,3,12-02-2026,S009
SKU_002288,3.9,21-01-2026,S009
SKU_002289,3.6,04-04-2026,S009
SKU_002290,1.7,28-02-2026,S009
SKU_002291,5,24-03-2026,S009
SKU_002292,4.9,02-02-2026,S009
SKU_002293,3.7,02-04-2026,S009
SKU_002294,4,24-01-2026,S009
SKU_002295,3.1,02-01-2026,S009
SKU_002296,5,05-04-2026,S009
SKU_002297,5,13-02-2026,S009
SKU_002298,4.1,12-04-2026,S009
SKU_002299,4.8,07-02-2026,S009
SKU_002300,4.1,14-03-2026,S009
SKU_002301,2.9,28-03-2026,S009
SKU_002302,3.7,07-04-2026,S009
SKU_002303,4.1,25-01-2026,S009
SKU_002304,3.6,23-01-2026,S009
SKU_002305,3.8,20-03-2026,S009
SKU_002306,3.9,20-04-2026,S009
SKU_002307,3.9,23-03-2026,S009
SKU_002308,4,25-04-2026,S009
SKU_002309,3.2,21-02-2026,S009
SKU_002310,3.4,16-04-2026,S009
SKU_002311,3,24-02-2026,S009
SKU_002312,4.8,07-03-2026,S009
SKU_002313,2.3,11-02-2026,S009
SKU_002314,4.9,12-01-2026,S009
SKU_002315,5,21-02-2026,S009
SKU_002316,3.8,27-03-2026,S009
SKU_002317,1.9,13-01-2026,S009
SKU_002318,3.7,24-01-2026,S009
SKU_002319,3.9,18-01-2026,S009
SKU_002320,3.2,03-03-2026,S009
SKU_002321,3.6,11-02-2026,S009
SKU_002322,5,30-04-2026,S009
SKU_002323,4.5,01-02-2026,S009
SKU_002324,3.3,01-01-2026,S009
SKU_002325,2.7,03-02-2026,S009
SKU_002326,3.7,19-02-2026,S009
SKU_002327,3.8,31-01-2026,S009
SKU_002328,4.4,27-02-2026,S009
SKU_002329,3.6,07-04-2026,S009
SKU_002330,4.4,04-02-2026,S009
SKU_002331,5,12-02-2026,S009
SKU_002332,4.7,08-02-2026,S009
SKU_002333,4,16-03-2026,S009
SKU_002334,3.9,03-04-2026,S009
SKU_002335,3.7,15-03-2026,S009
SKU_002336,4.9,02-01-2026,S009
SKU_002337,3.5,03-02-2026,S009
SKU_002338,4,25-03-2026,S009
SKU_002339,4,16-02-2026,S009
SKU_002340,3.6,30-03-2026,S009
SKU_002341,2.9,31-01-2026,S009
SKU_002342,4.3,08-01-2026,S009
SKU_002343,4,27-03-2026,S009
SKU_002344,4.4,16-01-2026,S009
SKU_002345,3.6,01-03-2026,S009
SKU_002346,5,09-02-2026,S009
SKU_002347,3.3,21-01-2026,S009
SKU_002348,5,21-02-2026,S009
SKU_002349,2.6,29-03-2026,S009
SKU_002350,4.3,06-03-2026,S009
SKU_002351,4.4,29-04-2026,S009
SKU_002352,3.4,25-04-2026,S009
SKU_002353,4.3,24-04-2026,S009
SKU_002354,5,01-04-2026,S009
SKU_002355,2.2,09-04-2026,S009
SKU_002356,4.4,09-02-2026,S009
SKU_002357,2,30-03-2026,S009
SKU_002358,3.2,16-01-2026,S009
SKU_002359,5,23-03-2026,S009
SKU_002360,3.5,28-04-2026,S009
SKU_002361,3.1,07-02-2026,S009
SKU_002362,3.8,17-02-2026,S009
SKU_002363,5,20-03-2026,S009
SKU_002364,2.5,29-01-2026,S009
SKU_002365,3.2,29-01-2026,S009
SKU_002366,5,18-01-2026,S009
SKU_002367,5,03-03-2026,S009
SKU_002368,3.9,20-01-2026,S009
SKU_002369,3,28-02-2026,S009
SKU_002370,5,06-04-2026,S009
SKU_002371,5,19-03-2026,S009
SKU_002372,4.5,17-02-2026,S009
SKU_002373,3.4,23-02-2026,S009
SKU_002374,4,31-03-2026,S009
SKU_002375,3.9,12-03-2026,S009
SKU_002376,4.3,27-04-2026,S009
SKU_002377,5,02-03-2026,S009
SKU_002378,4.7,07-04-2026,S009
SKU_002379,3.1,10-03-2026,S009
SKU_002380,5,13-04-2026,S009
SKU_002381,4.3,27-03-2026,S009
SKU_002382,4.5,16-04-2026,S009
SKU_002383,5,28-01-2026,S009
SKU_002384,3.1,08-04-2026,S009
SKU_002385,4,01-02-2026,S009
SKU_002386,3.6,29-03-2026,S009
SKU_002387,2.7,07-04-2026,S009
SKU_002388,4.3,18-03-2026,S009
SKU_002389,5,22-04-2026,S009
SKU_002390,2.5,11-04-2026,S009
SKU_002391,4,11-01-2026,S009
SKU_002392,4.5,09-03-2026,S009
SKU_002393,4.1,27-02-2026,S009
SKU_002394,3.9,09-03-2026,S009
SKU_002395,3,01-04-2026,S009
SKU_002396,4.2,16-02-2026,S009
SKU_002397,3.4,10-01-2026,S009
SKU_002398,2.2,28-04-2026,S009
SKU_002399,5,14-03-2026,S009
SKU_002400,4.8,15-01-2026,S009
SKU_002401,4,08-01-2026,S009
SKU_002402,4.2,17-04-2026,S009
SKU_002403,4.9,12-03-2026,S009
SKU_002404,4.2,26-04-2026,S009
SKU_002405,4.7,06-03-2026,S009
SKU_002406,3.8,26-01-2026,S009
SKU_002407,5,15-03-2026,S009
SKU_002408,4.3,10-03-2026,S009
SKU_002409,4.2,20-01-2026,S009
SKU_002410,3,22-01-2026,S009
SKU_002411,4.2,11-02-2026,S009
SKU_002412,3.3,20-04-2026,S009
SKU_002413,3.5,08-03-2026,S009
SKU_002414,3.3,26-02-2026,S009
SKU_002415,3.1,15-01-2026,S009
SKU_002416,5,29-03-2026,S009
SKU_002417,5,27-01-2026,S009
SKU_002418,5,02-04-2026,S009
SKU_002419,3,16-03-2026,S009
SKU_002420,4.1,04-03-2026,S009
SKU_002421,3,12-01-2026,S009
SKU_002422,3.4,26-04-2026,S009
SKU_002423,3.3,07-03-2026,S009
SKU_002424,5,27-02-2026,S009
SKU_002425,3.7,14-04-2026,S009
SKU_002426,4.9,08-01-2026,S009
SKU_002427,4.5,28-02-2026,S009
SKU_002428,5,17-01-2026,S009
SKU_002429,2.8,07-03-2026,S009
SKU_002430,5,23-02-2026,S009
SKU_002431,4.9,28-02-2026,S009
SKU_002432,3.2,14-03-2026,S009
SKU_002433,4.8,08-01-2026,S009
SKU_002434,4.3,13-03-2026,S009
SKU_002435,3.8,01-03-2026,S009
SKU_002436,3.3,28-03-2026,S009
SKU_002437,3.4,14-04-2026,S009
SKU_002438,5,09-02-2026,S009
SKU_002439,4,03-04-2026,S009
SKU_002440,4.6,03-01-2026,S009
SKU_002441,3.4,20-02-2026,S009
SKU_002442,3.4,02-02-2026,S009
SKU_002443,4.9,15-04-2026,S009
SKU_002444,2.9,01-01-2026,S009
SKU_002445,3.7,06-04-2026,S009
SKU_002446,4,28-01-2026,S009
SKU_002447,4.1,16-03-2026,S009
SKU_002448,3.9,10-01-2026,S009
SKU_002449,4.3,06-01-2026,S009
SKU_002450,4.6,24-02-2026,S009
SKU_002451,4.6,14-02-2026,S009
SKU_002452,3.2,31-03-2026,S009
SKU_002453,3.8,09-01-2026,S009
SKU_002454,5,11-03-2026,S009
SKU_002455,4.7,08-01-2026,S009
SKU_002456,2.9,30-04-2026,S009
SKU_002457,4.3,25-04-2026,S009
SKU_002458,2.4,09-01-2026,S009
SKU_002459,4,30-04-2026,S009
SKU_002460,5,02-03-2026,S009
SKU_002461,3.2,05-01-2026,S009
SKU_002462,3.3,06-02-2026,S009
SKU_002463,4.6,22-02-2026,S009
SKU_002464,2.8,24-01-2026,S009
SKU_002465,3.5,09-04-2026,S009
SKU_002466,4.5,18-01-2026,S009
SKU_002467,3.5,09-04-2026,S009
SKU_002468,3.8,24-03-2026,S009
SKU_002469,4.6,04-04-2026,S009
SKU_002470,4.3,24-03-2026,S009
SKU_002471,4.2,23-02-2026,S009
SKU_002472,3.7,17-02-2026,S009
SKU_002473,4.3,25-04-2026,S009
SKU_002474,3.9,18-02-2026,S009
SKU_002475,4.4,27-02-2026,S010
SKU_002476,3.6,22-04-2026,S010
SKU_002477,3.9,28-04-2026,S010
SKU_002478,3.2,27-04-2026,S010
SKU_002479,4,18-02-2026,S010
SKU_002480,3.4,18-02-2026,S010
SKU_002481,3.1,11-01-2026,S010
SKU_002482,4.2,29-03-2026,S010
SKU_002483,4.2,26-03-2026,S010
SKU_002484,4.6,22-04-2026,S010
SKU_002485,3.7,11-03-2026,S010
SKU_002486,4.3,18-01-2026,S010
SKU_002487,4.4,25-03-2026,S010
SKU_002488,4.4,21-04-2026,S010
SKU_002489,3.3,14-02-2026,S010
SKU_002490,4.1,16-01-2026,S010
SKU_002491,4.3,23-01-2026,S010
SKU_002492,4,10-03-2026,S010
SKU_002493,2.3,20-02-2026,S010
SKU_002494,4.1,09-03-2026,S010
SKU_002495,5,17-01-2026,S010
SKU_002496,3.7,04-04-2026,S010
SKU_002497,3.4,29-01-2026,S010
SKU_002498,4.3,17-04-2026,S010
SKU_002499,4.2,01-01-2026,S010
SKU_002500,5,07-04-2026,S010
SKU_002501,3,03-01-2026,S010
SKU_002502,4.6,08-02-2026,S010
SKU_002503,4.5,01-03-2026,S010
SKU_002504,3.9,28-03-2026,S010
SKU_002505,4.3,03-04-2026,S010
SKU_002506,4.8,11-03-2026,S010
SKU_002507,4.7,24-02-2026,S010
SKU_002508,3.1,10-03-2026,S010
SKU_002509,4.7,18-02-2026,S010
SKU_002510,3.9,16-04-2026,S010
SKU_002511,4.1,30-01-2026,S010
SKU_002512,4.1,01-02-2026,S010
SKU_002513,3.9,28-02-2026,S010
SKU_002514,5,14-02-2026,S010
SKU_002515,3.9,20-01-2026,S010
SKU_002516,3.1,05-02-2026,S010
SKU_002517,3.7,25-01-2026,S010
SKU_002518,4.1,30-04-2026,S010
SKU_002519,5,23-04-2026,S010
SKU_002520,4.5,03-04-2026,S010
SKU_002521,3.3,08-04-2026,S010
SKU_002522,5,15-01-2026,S010
SKU_002523,4.2,05-01-2026,S010
SKU_002524,5,14-04-2026,S010
SKU_002525,3.9,26-03-2026,S010
SKU_002526,4.4,23-02-2026,S010
SKU_002527,4.7,20-03-2026,S010
SKU_002528,5,09-04-2026,S010
SKU_002529,4.8,30-04-2026,S010
SKU_002530,4.7,24-04-2026,S010
SKU_002531,3.7,24-04-2026,S010
SKU_002532,3.5,03-01-2026,S010
SKU_002533,4.3,31-01-2026,S010
SKU_002534,4.7,27-01-2026,S010
SKU_002535,3.8,09-01-2026,S010
SKU_002536,4.9,13-01-2026,S010
SKU_002537,5,18-03-2026,S010
SKU_002538,3.3,05-01-2026,S010
SKU_002539,3.3,27-02-2026,S010
SKU_002540,3.9,18-03-2026,S010
SKU_002541,4.2,28-03-2026,S010
SKU_002542,3.6,01-04-2026,S010
SKU_002543,5,22-04-2026,S010
SKU_002544,4.3,07-01-2026,S010
SKU_002545,4,01-02-2026,S010
SKU_002546,2.9,05-04-2026,S010
SKU_002547,2.9,06-01-2026,S010
SKU_002548,4.2,21-02-2026,S010
SKU_002549,2.3,26-02-2026,S010
SKU_002550,4.8,30-01-2026,S010
SKU_002551,3.9,11-03-2026,S010
SKU_002552,5,28-01-2026,S010
SKU_002553,5,07-04-2026,S010
SKU_002554,3.9,21-04-2026,S010
SKU_002555,3.9,10-04-2026,S010
SKU_002556,4.8,08-01-2026,S010
SKU_002557,5,18-01-2026,S010
SKU_002558,2.7,06-03-2026,S010
SKU_002559,2.6,07-02-2026,S010
SKU_002560,3.5,30-01-2026,S010
SKU_002561,4.5,15-04-2026,S010
SKU_002562,4.4,28-04-2026,S010
SKU_002563,4.9,04-04-2026,S010
SKU_002564,3,15-03-2026,S010
SKU_002565,2.1,10-02-2026,S010
SKU_002566,4.7,15-03-2026,S010
SKU_002567,3.3,18-03-2026,S010
SKU_002568,2.4,09-04-2026,S010
SKU_002569,4.1,28-03-2026,S010
SKU_002570,4.6,15-04-2026,S010
SKU_002571,3.9,11-02-2026,S010
SKU_002572,3.6,31-01-2026,S010
SKU_002573,3.9,08-02-2026,S010
SKU_002574,3.7,23-04-2026,S010
SKU_002575,2.9,19-01-2026,S010
SKU_002576,3.4,26-03-2026,S010
SKU_002577,4.4,08-03-2026,S010
SKU_002578,4.3,29-01-2026,S010
SKU_002579,4.1,22-02-2026,S010
SKU_002580,3.2,08-02-2026,S010
SKU_002581,3.9,05-02-2026,S010
SKU_002582,2.3,08-01-2026,S010
SKU_002583,4.1,13-03-2026,S010
SKU_002584,5,17-03-2026,S010
SKU_002585,2.8,23-04-2026,S010
SKU_002586,3.5,05-04-2026,S010
SKU_002587,4.3,27-04-2026,S010
SKU_002588,5,23-01-2026,S010
SKU_002589,3.6,22-03-2026,S010
SKU_002590,3.4,28-03-2026,S010
SKU_002591,2.4,24-02-2026,S010
SKU_002592,4.1,13-03-2026,S010
SKU_002593,5,05-03-2026,S010
SKU_002594,4.2,07-01-2026,S010
SKU_002595,4,14-02-2026,S010
SKU_002596,4.3,24-03-2026,S010
SKU_002597,4,27-03-2026,S010
SKU_002598,3.3,18-02-2026,S010
SKU_002599,4.7,11-04-2026,S010
SKU_002600,4.2,09-03-2026,S010
SKU_002601,4,10-02-2026,S010
SKU_002602,3.2,31-03-2026,S010
SKU_002603,5,23-02-2026,S010
SKU_002604,4.5,22-02-2026,S010
SKU_002605,3.6,20-01-2026,S010
SKU_002606,4.8,08-02-2026,S010
SKU_002607,3.6,18-02-2026,S010
SKU_002608,3.4,24-01-2026,S010
SKU_002609,3.4,07-04-2026,S010
SKU_002610,2.6,10-03-2026,S010
SKU_002611,4.4,02-03-2026,S010
SKU_002612,2.5,31-01-2026,S010
SKU_002613,3,19-04-2026,S010
SKU_002614,2.3,29-01-2026,S010
SKU_002615,3.9,08-02-2026,S010
SKU_002616,3.9,20-04-2026,S010
SKU_002617,3.7,01-04-2026,S010
SKU_002618,3.2,19-01-2026,S010
SKU_002619,3.1,14-04-2026,S010
SKU_002620,4.4,01-03-2026,S010
SKU_002621,3.6,28-04-2026,S010
SKU_002622,4.3,08-01-2026,S010
SKU_002623,3.3,13-03-2026,S010
SKU_002624,4.1,22-02-2026,S010
SKU_002625,5,23-02-2026,S010
SKU_002626,4.5,13-03-2026,S010
SKU_002627,3.7,09-03-2026,S010
SKU_002628,4.2,18-01-2026,S010
SKU_002629,3.8,19-02-2026,S010
SKU_002630,4,01-02-2026,S010
SKU_002631,3.7,02-02-2026,S010
SKU_002632,3.9,27-01-2026,S010
SKU_002633,4.2,12-02-2026,S010
SKU_002634,3.2,24-03-2026,S010
SKU_002635,3.2,11-01-2026,S010
SKU_002636,2.9,29-04-2026,S010
SKU_002637,2.7,27-02-2026,S010
SKU_002638,3,19-04-2026,S010
SKU_002639,4.1,17-02-2026,S010
SKU_002640,3.3,12-01-2026,S010
SKU_002641,4.4,10-03-2026,S010
SKU_002642,4,03-04-2026,S010
SKU_002643,2.4,17-04-2026,S010
SKU_002644,4.5,25-01-2026,S010
SKU_002645,4.6,07-01-2026,S010
SKU_002646,3.2,04-02-2026,S010
SKU_002647,4.3,18-02-2026,S010
SKU_002648,3.3,28-03-2026,S010
SKU_002649,4.1,19-03-2026,S010
SKU_002650,3,19-03-2026,S010
SKU_002651,2.6,06-01-2026,S010
SKU_002652,3.7,22-04-2026,S010
SKU_002653,3.9,10-01-2026,S010
SKU_002654,3.7,25-01-2026,S010
SKU_002655,3.1,13-04-2026,S010
SKU_002656,3.7,08-04-2026,S010
SKU_002657,4.2,17-03-2026,S010
SKU_002658,4,03-04-2026,S010
SKU_002659,4.1,27-03-2026,S010
SKU_002660,3.5,13-03-2026,S010
SKU_002661,4.9,28-01-2026,S010
SKU_002662,3.1,03-03-2026,S010
SKU_002663,4.4,27-01-2026,S010
SKU_002664,4.9,22-04-2026,S010
SKU_002665,4.4,27-04-2026,S010
SKU_002666,3.8,12-02-2026,S010
SKU_002667,3.6,08-02-2026,S010
SKU_002668,4.8,27-04-2026,S010
SKU_002669,2.9,02-01-2026,S010
SKU_002670,3.2,28-01-2026,S010
SKU_002671,3.7,30-04-2026,S010
SKU_002672,5,25-01-2026,S010
SKU_002673,4.3,05-04-2026,S010
SKU_002674,3.2,16-01-2026,S010
SKU_002675,3.8,06-04-2026,S010
SKU_002676,3.5,07-04-2026,S010
SKU_002677,3.4,03-03-2026,S010
SKU_002678,4.8,28-04-2026,S010
SKU_002679,2.9,01-02-2026,S010
SKU_002680,5,31-03-2026,S010
SKU_002681,4.7,19-03-2026,S010
SKU_002682,4.9,01-04-2026,S010
SKU_002683,3.6,27-01-2026,S010
SKU_002684,3.9,20-02-2026,S010
SKU_002685,2.9,28-04-2026,S010
SKU_002686,3.6,31-01-2026,S010
SKU_002687,4.4,12-03-2026,S010
SKU_002688,5,11-02-2026,S010
SKU_002689,3.1,10-04-2026,S010
SKU_002690,3.7,06-02-2026,S010
SKU_002691,3.9,18-02-2026,S010
SKU_002692,2.9,01-03-2026,S010
SKU_002693,4.5,10-03-2026,S010
SKU_002694,3.4,25-03-2026,S010
SKU_002695,3.8,15-02-2026,S010
SKU_002696,3.6,09-02-2026,S010
SKU_002697,3.4,03-02-2026,S010
SKU_002698,4,16-02-2026,S010
SKU_002699,3.8,07-03-2026,S010
SKU_002700,3.7,23-04-2026,S010
SKU_002701,3.4,05-03-2026,S010
SKU_002702,4.3,01-03-2026,S010
SKU_002703,5,13-01-2026,S010
SKU_002704,4.1,13-04-2026,S010
SKU_002705,4.8,03-04-2026,S010
SKU_002706,2.9,02-03-2026,S010
SKU_002707,4.1,08-04-2026,S010
SKU_002708,3.1,18-04-2026,S010
SKU_002709,2.8,10-02-2026,S010
SKU_002710,3.4,28-04-2026,S010
SKU_002711,5,27-01-2026,S010
SKU_002712,4.8,17-02-2026,S010
SKU_002713,4.2,10-02-2026,S010
SKU_002714,2.8,22-02-2026,S010
SKU_002715,3.8,06-01-2026,S010
SKU_002716,4.2,14-03-2026,S010
SKU_002717,4.1,21-04-2026,S010
SKU_002718,2.5,29-01-2026,S010
SKU_002719,3.3,05-04-2026,S010
SKU_002720,3.9,19-01-2026,S010
SKU_002721,4.4,03-01-2026,S010
SKU_002722,2.2,03-02-2026,S010
SKU_002723,3.9,12-03-2026,S010
SKU_002724,4.1,30-04-2026,S010
SKU_002725,4.7,16-03-2026,S010
SKU_002726,4.6,16-03-2026,S010
SKU_002727,4.5,03-04-2026,S010
SKU_002728,3.4,23-02-2026,S010
SKU_002729,2.5,07-02-2026,S010
SKU_002730,3.7,20-01-2026,S010
SKU_002731,4.8,26-01-2026,S010
SKU_002732,5,12-02-2026,S010
SKU_002733,4.6,30-01-2026,S010
SKU_002734,4.3,18-02-2026,S010
SKU_002735,4.3,14-03-2026,S010
SKU_002736,3.6,17-04-2026,S010
SKU_002737,3.9,01-02-2026,S010
SKU_002738,5,05-03-2026,S010
SKU_002739,3.2,12-03-2026,S010
SKU_002740,5,25-03-2026,S010
SKU_002741,3.7,29-03-2026,S010
SKU_002742,5,13-02-2026,S010
SKU_002743,2.9,02-02-2026,S010
SKU_002744,4.5,08-04-2026,S010
SKU_002745,3.4,16-04-2026,S010
SKU_002746,2.9,04-03-2026,S010
SKU_002747,4.2,03-04-2026,S010
SKU_002748,4.8,24-03-2026,S010
SKU_002749,3.3,05-04-2026,S010
SKU_002750,2.8,04-03-2026,S010
SKU_002751,3.9,28-02-2026,S010
SKU_002752,3.9,22-01-2026,S010
SKU_002753,4.4,04-04-2026,S010
SKU_002754,4.8,12-04-2026,S010
SKU_002755,4,15-02-2026,S010
SKU_002756,5,22-01-2026,S010
SKU_002757,4.2,18-01-2026,S010
SKU_002758,3.7,03-04-2026,S010
SKU_002759,2.7,11-03-2026,S010
SKU_002760,3.8,04-03-2026,S010
SKU_002761,3.7,24-01-2026,S010
SKU_002762,4.8,28-04-2026,S010
SKU_002763,4.4,24-04-2026,S010
SKU_002764,3.1,11-03-2026,S010
SKU_002765,4.1,24-03-2026,S010
SKU_002766,4.5,08-01-2026,S010
SKU_002767,5,09-03-2026,S010
SKU_002768,4.7,05-01-2026,S010
SKU_002769,4.6,18-04-2026,S010
SKU_002770,4,19-04-2026,S010
SKU_002771,4.3,10-01-2026,S010
SKU_002772,5,15-04-2026,S010
SKU_002773,2.9,27-03-2026,S010
SKU_002774,3.7,07-01-2026,S010
SKU_002775,3.4,08-04-2026,S010
SKU_002776,4.3,01-01-2026,S010
SKU_002777,5,22-02-2026,S010
SKU_002778,3.5,18-01-2026,S010
SKU_002779,2.1,18-04-2026,S010
SKU_002780,3.7,22-03-2026,S010
SKU_002781,4.7,30-01-2026,S010
SKU_002782,4.4,09-01-2026,S010
SKU_002783,4.3,01-04-2026,S010
SKU_002784,3.8,20-01-2026,S010
SKU_002785,3,02-01-2026,S010
SKU_002786,4.4,28-01-2026,S010
SKU_002787,3.3,06-03-2026,S010
SKU_002788,5,28-02-2026,S010
SKU_002789,4.5,17-02-2026,S010
SKU_002790,3.5,08-01-2026,S010
SKU_002791,3.5,21-03-2026,S010
SKU_002792,3.9,23-03-2026,S010
SKU_002793,3.8,27-03-2026,S010
SKU_002794,4.9,30-04-2026,S010
SKU_002795,4.1,20-03-2026,S010
SKU_002796,3.4,27-04-2026,S010
SKU_002797,5,03-03-2026,S010
SKU_002798,4,26-03-2026,S010
SKU_002799,4.6,04-03-2026,S010
SKU_002800,3.5,03-01-2026,S010
SKU_002801,4.3,01-01-2026,S010
SKU_002802,4.2,10-03-2026,S010
SKU_002803,2.5,12-03-2026,S010
SKU_002804,5,22-02-2026,S010
SKU_002805,5,02-01-2026,S010
SKU_002806,3.7,03-01-2026,S010
SKU_002807,3.1,09-03-2026,S010
SKU_002808,4.3,03-04-2026,S010
SKU_002809,4.1,05-02-2026,S010
SKU_002810,4.3,10-03-2026,S010
SKU_002811,4.2,06-02-2026,S010
SKU_002812,4.4,03-01-2026,S010
SKU_002813,5,06-03-2026,S010
SKU_002814,4.5,15-04-2026,S010
SKU_002815,3.2,31-03-2026,S010
SKU_002816,5,28-03-2026,S010
SKU_002817,5,25-02-2026,S010
SKU_002818,5,14-04-2026,S010
SKU_002819,3.1,27-04-2026,S010
SKU_002820,4.2,23-01-2026,S010
SKU_002821,2.3,14-01-2026,S010
SKU_002822,4.4,28-04-2026,S010
SKU_002823,3.6,13-01-2026,S010
SKU_002824,5,09-03-2026,S010
SKU_002825,3.4,20-01-2026,S010
SKU_002826,2.6,31-01-2026,S010
SKU_002827,3.6,25-01-2026,S010
SKU_002828,2.4,21-03-2026,S010
SKU_002829,4.6,09-03-2026,S010
SKU_002830,2.3,02-02-2026,S010
SKU_002831,4,15-04-2026,S010
SKU_002832,2.3,15-02-2026,S010
SKU_002833,3.7,04-02-2026,S010
SKU_002834,5,12-04-2026,S010
SKU_002835,4.3,20-02-2026,S010
SKU_002836,3.3,11-01-2026,S010
SKU_002837,4,17-02-2026,S010
SKU_002838,4,21-02-2026,S010
SKU_002839,4.4,28-02-2026,S010
SKU_002840,2.9,14-03-2026,S010
SKU_002841,4.5,01-02-2026,S010
SKU_002842,1.8,31-03-2026,S010
SKU_002843,3.5,29-01-2026,S010
SKU_002844,3.6,08-02-2026,S010
SKU_002845,4.5,29-03-2026,S010
SKU_002846,4,16-04-2026,S010
SKU_002847,2.9,19-04-2026,S010
SKU_002848,3.2,11-01-2026,S010
SKU_002849,4.2,25-03-2026,S010
SKU_002850,3.9,20-04-2026,S010
SKU_002851,3.5,25-03-2026,S010
SKU_002852,3.6,08-04-2026,S010
SKU_002853,4.6,05-01-2026,S010
SKU_002854,3.6,12-01-2026,S010
SKU_002855,3.9,21-02-2026,S010
SKU_002856,5,18-02-2026,S010
SKU_002857,2.9,18-02-2026,S010
SKU_002858,2.5,12-03-2026,S010
SKU_002859,4.6,02-03-2026,S010
SKU_002860,3.5,08-01-2026,S010
SKU_002861,3.7,23-03-2026,S010
SKU_002862,3.4,02-01-2026,S010
SKU_002863,3.8,31-03-2026,S010
SKU_002864,5,22-01-2026,S010
SKU_002865,4.6,11-01-2026,S010
SKU_002866,4.7,05-03-2026,S010
SKU_002867,2.9,19-04-2026,S010
SKU_002868,3.1,25-02-2026,S010
SKU_002869,1.7,24-03-2026,S010
SKU_002870,3.4,11-04-2026,S010
SKU_002871,4.8,12-02-2026,S010
SKU_002872,4.4,14-03-2026,S010
SKU_002873,3.8,20-04-2026,S010
SKU_002874,4,13-01-2026,S010
SKU_002875,3.4,25-04-2026,S011
SKU_002876,4.2,09-03-2026,S011
SKU_002877,4.6,28-04-2026,S011
SKU_002878,2.7,06-01-2026,S011
SKU_002879,4.2,30-01-2026,S011
SKU_002880,4.7,28-01-2026,S011
SKU_002881,3.7,26-04-2026,S011
SKU_002882,4.6,22-04-2026,S011
SKU_002883,5,30-03-2026,S011
SKU_002884,3.9,24-04-2026,S011
SKU_002885,4.3,14-03-2026,S011
SKU_002886,3.4,02-03-2026,S011
SKU_002887,4.1,04-02-2026,S011
SKU_002888,4.4,06-01-2026,S011
SKU_002889,4.2,29-04-2026,S011
SKU_002890,3.2,10-01-2026,S011
SKU_002891,4.2,29-03-2026,S011
SKU_002892,5,29-04-2026,S011
SKU_002893,4.4,05-02-2026,S011
SKU_002894,4.8,26-04-2026,S011
SKU_002895,3.8,11-03-2026,S011
SKU_002896,4.6,14-03-2026,S011
SKU_002897,4.2,26-03-2026,S011
SKU_002898,3.2,05-01-2026,S011
SKU_002899,4.3,23-01-2026,S011
SKU_002900,3.2,29-04-2026,S011
SKU_002901,3.5,19-04-2026,S011
SKU_002902,4.2,10-02-2026,S011
SKU_002903,4.2,03-01-2026,S011
SKU_002904,3,27-01-2026,S011
SKU_002905,4.8,17-03-2026,S011
SKU_002906,4.5,19-01-2026,S011
SKU_002907,3.4,07-04-2026,S011
SKU_002908,2.8,16-04-2026,S011
SKU_002909,3.9,02-04-2026,S011
SKU_002910,3.6,16-04-2026,S011
SKU_002911,4.1,20-02-2026,S011
SKU_002912,3.7,29-04-2026,S011
SKU_002913,2.4,10-01-2026,S011
SKU_002914,3.7,08-02-2026,S011
SKU_002915,3.8,21-01-2026,S011
SKU_002916,4.5,14-03-2026,S011
SKU_002917,3.4,31-01-2026,S011
SKU_002918,5,14-03-2026,S011
SKU_002919,2.5,17-04-2026,S011
SKU_002920,5,19-04-2026,S011
SKU_002921,3.8,19-02-2026,S011
SKU_002922,4.7,28-03-2026,S011
SKU_002923,4.1,25-04-2026,S011
SKU_002924,4.9,11-03-2026,S011
SKU_002925,3.7,12-02-2026,S011
SKU_002926,3.1,19-02-2026,S011
SKU_002927,5,07-04-2026,S011
SKU_002928,3.9,05-04-2026,S011
SKU_002929,4.2,18-01-2026,S011
SKU_002930,5,12-04-2026,S011
SKU_002931,3.2,30-03-2026,S011
SKU_002932,4.5,03-04-2026,S011
SKU_002933,3.5,11-01-2026,S011
SKU_002934,3.9,06-03-2026,S011
SKU_002935,4.1,06-04-2026,S011
SKU_002936,2.8,14-02-2026,S011
SKU_002937,3.4,07-01-2026,S011
SKU_002938,5,13-01-2026,S011
SKU_002939,4.7,25-02-2026,S011
SKU_002940,3.9,30-01-2026,S011
SKU_002941,4.2,18-04-2026,S011
SKU_002942,3.8,10-01-2026,S011
SKU_002943,5,13-02-2026,S011
SKU_002944,3.8,19-03-2026,S011
SKU_002945,4.2,09-04-2026,S011
SKU_002946,4.9,20-03-2026,S011
SKU_002947,3.4,18-03-2026,S011
SKU_002948,5,20-02-2026,S011
SKU_002949,2.8,10-04-2026,S011
SKU_002950,5,11-02-2026,S011
SKU_002951,3.7,04-01-2026,S011
SKU_002952,3.8,23-03-2026,S011
SKU_002953,2.5,04-02-2026,S011
SKU_002954,3.6,11-04-2026,S011
SKU_002955,3.2,27-02-2026,S011
SKU_002956,3.5,04-03-2026,S011
SKU_002957,3.9,30-01-2026,S011
SKU_002958,4.8,15-02-2026,S011
SKU_002959,4.2,12-03-2026,S011
SKU_002960,4.2,18-02-2026,S011
SKU_002961,3.1,25-02-2026,S011
SKU_002962,3.3,24-01-2026,S011
SKU_002963,5,29-03-2026,S011
SKU_002964,3.4,16-03-2026,S011
SKU_002965,5,26-03-2026,S011
SKU_002966,3.8,18-02-2026,S011
SKU_002967,4,11-01-2026,S011
SKU_002968,4.9,09-04-2026,S011
SKU_002969,5,21-03-2026,S011
SKU_002970,3.9,07-02-2026,S011
SKU_002971,3.7,13-04-2026,S011
SKU_002972,4,01-02-2026,S011
SKU_002973,4.3,02-04-2026,S011
SKU_002974,4.7,10-01-2026,S011
SKU_002975,4,11-01-2026,S011
SKU_002976,4.5,04-02-2026,S011
SKU_002977,5,20-01-2026,S011
SKU_002978,4.3,18-02-2026,S011
SKU_002979,4.2,02-04-2026,S011
SKU_002980,2.8,11-04-2026,S011
SKU_002981,1.9,23-03-2026,S011
SKU_002982,4.3,20-01-2026,S011
SKU_002983,3.9,05-04-2026,S011
SKU_002984,3.6,19-02-2026,S011
SKU_002985,4.2,10-02-2026,S011
SKU_002986,4,16-02-2026,S011
SKU_002987,4.9,14-01-2026,S011
SKU_002988,4.1,12-01-2026,S011
SKU_002989,3.4,01-01-2026,S011
SKU_002990,4.8,09-02-2026,S011
SKU_002991,3.8,26-02-2026,S011
SKU_002992,4.4,16-02-2026,S011
SKU_002993,3.6,08-04-2026,S011
SKU_002994,3.5,04-02-2026,S011
SKU_002995,4.1,14-01-2026,S011
SKU_002996,4,17-01-2026,S011
SKU_002997,4.4,12-01-2026,S011
SKU_002998,3.8,24-01-2026,S011
SKU_002999,2.5,25-02-2026,S011
SKU_003000,3.7,27-02-2026,S011
SKU_003001,4.6,13-03-2026,S011
SKU_003002,3.8,13-03-2026,S011
SKU_003003,3.8,07-03-2026,S011
SKU_003004,4.8,22-02-2026,S011
SKU_003005,3.4,14-01-2026,S011
SKU_003006,2.8,04-01-2026,S011
SKU_003007,3.9,12-01-2026,S011
SKU_003008,3.6,15-02-2026,S011
SKU_003009,3.2,12-03-2026,S011
SKU_003010,3.9,12-01-2026,S011
SKU_003011,4.4,18-03-2026,S011
SKU_003012,4,18-03-2026,S011
SKU_003013,4.2,11-04-2026,S011
SKU_003014,5,11-02-2026,S011
SKU_003015,3.7,21-04-2026,S011
SKU_003016,4.2,19-02-2026,S011
SKU_003017,3.6,02-01-2026,S011
SKU_003018,3.3,07-02-2026,S011
SKU_003019,3.5,22-02-2026,S011
SKU_003020,3.6,19-02-2026,S011
SKU_003021,4.3,10-04-2026,S011
SKU_003022,5,11-01-2026,S011
SKU_003023,3.4,03-04-2026,S011
SKU_003024,3.7,26-04-2026,S011
SKU_003025,3.9,13-03-2026,S011
SKU_003026,4.3,26-04-2026,S011
SKU_003027,4.2,01-02-2026,S011
SKU_003028,5,15-03-2026,S011
SKU_003029,2.1,08-03-2026,S011
SKU_003030,2.1,22-01-2026,S011
SKU_003031,3.6,29-03-2026,S011
SKU_003032,4.9,18-02-2026,S011
SKU_003033,2.7,22-01-2026,S011
SKU_003034,1.6,18-01-2026,S011
SKU_003035,4.5,04-02-2026,S011
SKU_003036,4.2,08-02-2026,S011
SKU_003037,3.1,04-02-2026,S011
SKU_003038,3.2,05-03-2026,S011
SKU_003039,3.2,19-01-2026,S011
SKU_003040,4.1,09-01-2026,S011
SKU_003041,3.5,22-01-2026,S011
SKU_003042,4.4,25-02-2026,S011
SKU_003043,1.7,05-02-2026,S011
SKU_003044,3.3,23-02-2026,S011
SKU_003045,3.1,08-02-2026,S011
SKU_003046,3.8,03-03-2026,S011
SKU_003047,3.6,11-04-2026,S011
SKU_003048,4.6,10-01-2026,S011
SKU_003049,2.5,16-02-2026,S011
SKU_003050,4,02-02-2026,S011
SKU_003051,4.4,01-02-2026,S011
SKU_003052,5,03-04-2026,S011
SKU_003053,3.6,22-03-2026,S011
SKU_003054,4.3,05-03-2026,S011
SKU_003055,2.6,18-03-2026,S011
SKU_003056,2.1,20-03-2026,S011
SKU_003057,4.7,26-01-2026,S011
SKU_003058,4,28-02-2026,S011
SKU_003059,4.9,14-01-2026,S011
SKU_003060,2.9,18-01-2026,S011
SKU_003061,4.4,08-02-2026,S011
SKU_003062,5,01-01-2026,S011
SKU_003063,4.3,20-02-2026,S011
SKU_003064,4.2,12-02-2026,S011
SKU_003065,4,18-04-2026,S011
SKU_003066,2.7,21-03-2026,S011
SKU_003067,5,18-02-2026,S011
SKU_003068,3.5,13-04-2026,S011
SKU_003069,4.4,21-04-2026,S011
SKU_003070,2.7,12-02-2026,S011
SKU_003071,3.1,26-02-2026,S011
SKU_003072,5,12-02-2026,S011
SKU_003073,3.7,25-02-2026,S011
SKU_003074,5,15-04-2026,S011
SKU_003075,3.9,16-04-2026,S011
SKU_003076,2.5,21-04-2026,S011
SKU_003077,4.7,25-03-2026,S011
SKU_003078,3.5,18-03-2026,S011
SKU_003079,4.6,18-01-2026,S011
SKU_003080,4,08-02-2026,S011
SKU_003081,2.8,11-02-2026,S011
SKU_003082,4.1,19-03-2026,S011
SKU_003083,5,30-03-2026,S011
SKU_003084,4.4,26-01-2026,S011
SKU_003085,4,03-03-2026,S011
SKU_003086,4.9,10-02-2026,S011
SKU_003087,4.2,23-01-2026,S011
SKU_003088,4.2,20-02-2026,S011
SKU_003089,3.1,10-02-2026,S011
SKU_003090,4.2,07-02-2026,S011
SKU_003091,4.8,05-04-2026,S011
SKU_003092,3.3,30-03-2026,S011
SKU_003093,5,23-03-2026,S011
SKU_003094,3.9,04-03-2026,S011
SKU_003095,3.3,15-03-2026,S011
SKU_003096,4.8,11-04-2026,S011
SKU_003097,3.8,01-02-2026,S011
SKU_003098,4.6,11-02-2026,S011
SKU_003099,3.8,18-02-2026,S011
SKU_003100,4,05-02-2026,S011
SKU_003101,4.4,15-04-2026,S011
SKU_003102,4.2,11-04-2026,S011
SKU_003103,2.4,20-02-2026,S011
SKU_003104,3.1,16-02-2026,S011
SKU_003105,4.7,15-01-2026,S011
SKU_003106,3.9,30-04-2026,S011
SKU_003107,3.6,14-03-2026,S011
SKU_003108,2.9,26-01-2026,S011
SKU_003109,3.1,17-03-2026,S011
SKU_003110,2.4,11-03-2026,S011
SKU_003111,3.9,24-01-2026,S011
SKU_003112,3.5,29-03-2026,S011
SKU_003113,3.2,09-04-2026,S011
SKU_003114,3.9,12-03-2026,S011
SKU_003115,4.3,04-01-2026,S011
SKU_003116,5,04-04-2026,S011
SKU_003117,2.8,01-03-2026,S011
SKU_003118,4.9,01-04-2026,S011
SKU_003119,4.8,27-01-2026,S011
SKU_003120,3.4,26-02-2026,S011
SKU_003121,4.2,13-04-2026,S011
SKU_003122,3.6,07-02-2026,S011
SKU_003123,4.1,17-04-2026,S011
SKU_003124,5,30-03-2026,S011
SKU_003125,4.5,09-01-2026,S011
SKU_003126,4.4,15-04-2026,S011
SKU_003127,3.7,19-04-2026,S011
SKU_003128,2.8,12-04-2026,S011
SKU_003129,3.8,12-04-2026,S011
SKU_003130,5,22-02-2026,S011
SKU_003131,2.8,28-03-2026,S011
SKU_003132,3.2,05-03-2026,S011
SKU_003133,4.1,18-01-2026,S011
SKU_003134,3.2,23-03-2026,S011
SKU_003135,3.4,08-02-2026,S011
SKU_003136,3.7,31-01-2026,S011
SKU_003137,2.9,02-02-2026,S011
SKU_003138,3.2,26-03-2026,S011
SKU_003139,4.6,20-01-2026,S011
SKU_003140,3,02-04-2026,S011
SKU_003141,2.7,24-02-2026,S011
SKU_003142,3.5,12-04-2026,S011
SKU_003143,4.6,18-02-2026,S011
SKU_003144,3.8,10-01-2026,S011
SKU_003145,3.6,27-02-2026,S011
SKU_003146,4,18-03-2026,S011
SKU_003147,2.6,03-03-2026,S011
SKU_003148,4.4,16-03-2026,S011
SKU_003149,4.3,21-02-2026,S011
SKU_003150,3.7,10-03-2026,S011
SKU_003151,4.8,06-03-2026,S011
SKU_003152,3.1,29-04-2026,S011
SKU_003153,4.9,28-04-2026,S011
SKU_003154,4.1,22-04-2026,S011
SKU_003155,3.7,30-03-2026,S011
SKU_003156,4,23-02-2026,S011
SKU_003157,3.9,11-03-2026,S011
SKU_003158,5,05-01-2026,S011
SKU_003159,3.1,12-04-2026,S011
SKU_003160,3.4,16-02-2026,S011
SKU_003161,4.8,31-03-2026,S011
SKU_003162,3.5,25-04-2026,S011
SKU_003163,4.7,14-04-2026,S011
SKU_003164,5,10-03-2026,S011
SKU_003165,3.7,18-03-2026,S011
SKU_003166,4.5,23-03-2026,S011
SKU_003167,3.1,28-04-2026,S011
SKU_003168,4.6,11-01-2026,S011
SKU_003169,4.2,14-01-2026,S011
SKU_003170,4.4,09-04-2026,S011
SKU_003171,3.5,01-02-2026,S011
SKU_003172,2.7,26-03-2026,S011
SKU_003173,4.4,27-03-2026,S011
SKU_003174,2.3,15-02-2026,S011
SKU_003175,3.7,22-01-2026,S011
SKU_003176,4.8,24-03-2026,S011
SKU_003177,4.2,20-03-2026,S011
SKU_003178,5,06-01-2026,S011
SKU_003179,4.8,14-03-2026,S011
SKU_003180,3.5,24-03-2026,S011
SKU_003181,4,28-03-2026,S011
SKU_003182,4,24-03-2026,S011
SKU_003183,2.7,21-02-2026,S011
SKU_003184,3.2,07-04-2026,S011
SKU_003185,3.6,12-02-2026,S011
SKU_003186,2.4,12-04-2026,S011
SKU_003187,4,25-02-2026,S011
SKU_003188,3.8,14-01-2026,S011
SKU_003189,2.7,02-01-2026,S011
SKU_003190,4.3,13-01-2026,S011
SKU_003191,4.6,03-02-2026,S011
SKU_003192,4.2,29-01-2026,S011
SKU_003193,3.7,07-03-2026,S011
SKU_003194,4.5,06-04-2026,S011
SKU_003195,4.5,08-03-2026,S011
SKU_003196,4.2,13-03-2026,S011
SKU_003197,3.3,16-03-2026,S011
SKU_003198,4.2,30-03-2026,S011
SKU_003199,5,15-03-2026,S011
SKU_003200,3.5,29-01-2026,S011
SKU_003201,5,27-02-2026,S011
SKU_003202,3.6,17-02-2026,S011
SKU_003203,4,20-02-2026,S011
SKU_003204,3.5,01-03-2026,S011
SKU_003205,4.2,09-04-2026,S011
SKU_003206,2.6,28-03-2026,S011
SKU_003207,3.6,17-03-2026,S011
SKU_003208,3.1,30-03-2026,S011
SKU_003209,4.1,06-03-2026,S011
SKU_003210,4.8,20-01-2026,S011
SKU_003211,4.5,14-02-2026,S011
SKU_003212,2.1,04-01-2026,S011
SKU_003213,5,03-03-2026,S011
SKU_003214,4.2,14-01-2026,S011
SKU_003215,3.4,07-02-2026,S011
SKU_003216,4.1,23-02-2026,S011
SKU_003217,4.1,28-04-2026,S011
SKU_003218,3.5,11-01-2026,S011
SKU_003219,4.2,15-01-2026,S011
SKU_003220,3.5,17-04-2026,S011
SKU_003221,3.7,04-04-2026,S011
SKU_003222,3.5,19-01-2026,S011
SKU_003223,2.9,14-02-2026,S011
SKU_003224,4.1,09-02-2026,S011
SKU_003225,4.5,13-02-2026,S011
SKU_003226,4.4,28-02-2026,S011
SKU_003227,4.7,11-04-2026,S011
SKU_003228,4.3,27-01-2026,S011
SKU_003229,3.6,08-03-2026,S011
SKU_003230,4.7,03-03-2026,S011
SKU_003231,2.9,14-02-2026,S011
SKU_003232,3.3,02-03-2026,S011
SKU_003233,3.2,13-01-2026,S011
SKU_003234,4.9,26-02-2026,S011
SKU_003235,4.8,03-04-2026,S011
SKU_003236,4.4,31-03-2026,S011
SKU_003237,4.9,27-02-2026,S011
SKU_003238,3.3,10-02-2026,S011
SKU_003239,4.3,09-01-2026,S011
SKU_003240,3.9,08-02-2026,S011
SKU_003241,4.7,06-01-2026,S011
SKU_003242,3.9,14-04-2026,S011
SKU_003243,3.7,01-04-2026,S011
SKU_003244,4.4,15-01-2026,S011
SKU_003245,4.7,03-01-2026,S011
SKU_003246,3.5,19-04-2026,S011
SKU_003247,4,13-02-2026,S011
SKU_003248,3.2,24-03-2026,S011
SKU_003249,2,14-01-2026,S011
SKU_003250,4.2,28-03-2026,S011
SKU_003251,4.5,13-04-2026,S011
SKU_003252,4.2,22-01-2026,S011
SKU_003253,2.4,30-04-2026,S011
SKU_003254,3.7,05-04-2026,S011
SKU_003255,2.2,01-02-2026,S011
SKU_003256,5,08-03-2026,S011
SKU_003257,3.1,23-01-2026,S011
SKU_003258,5,12-03-2026,S011
SKU_003259,4.8,21-01-2026,S011
SKU_003260,3.3,12-02-2026,S011
SKU_003261,3.1,13-03-2026,S011
SKU_003262,4.3,24-02-2026,S011
SKU_003263,3.3,01-03-2026,S011
SKU_003264,4.1,30-01-2026,S011
SKU_003265,3.6,13-04-2026,S011
SKU_003266,2.6,21-02-2026,S011
SKU_003267,2.2,22-03-2026,S011
SKU_003268,4.2,24-01-2026,S011
SKU_003269,3.6,24-01-2026,S011
SKU_003270,3.6,23-03-2026,S011
SKU_003271,4.6,26-03-2026,S011
SKU_003272,4.9,25-02-2026,S011
SKU_003273,3.8,20-02-2026,S011
SKU_003274,3.7,04-01-2026,S011
SKU_003275,4.4,05-04-2026,S012
SKU_003276,2.9,20-03-2026,S012
SKU_003277,4.2,24-04-2026,S012
SKU_003278,4.4,26-01-2026,S012
SKU_003279,4.5,27-02-2026,S012
SKU_003280,2.5,17-03-2026,S012
SKU_003281,3.4,24-02-2026,S012
SKU_003282,3.3,19-02-2026,S012
SKU_003283,4.1,01-01-2026,S012
SKU_003284,4.4,01-04-2026,S012
SKU_003285,5,28-01-2026,S012
SKU_003286,3.6,27-01-2026,S012
SKU_003287,3.6,05-02-2026,S012
SKU_003288,4.9,07-04-2026,S012
SKU_003289,4.2,01-04-2026,S012
SKU_003290,5,14-04-2026,S012
SKU_003291,4.2,12-04-2026,S012
SKU_003292,3.1,09-01-2026,S012
SKU_003293,2.9,15-03-2026,S012
SKU_003294,2.8,14-01-2026,S012
SKU_003295,4.5,13-04-2026,S012
SKU_003296,5,22-04-2026,S012
SKU_003297,5,10-03-2026,S012
SKU_003298,4.7,24-01-2026,S012
SKU_003299,4.9,16-02-2026,S012
SKU_003300,3.5,11-02-2026,S012
SKU_003301,3.1,26-01-2026,S012
SKU_003302,4.7,28-02-2026,S012
SKU_003303,4.3,15-01-2026,S012
SKU_003304,4.1,03-02-2026,S012
SKU_003305,4.3,27-03-2026,S012
SKU_003306,4.3,21-04-2026,S012
SKU_003307,5,04-03-2026,S012
SKU_003308,5,09-03-2026,S012
SKU_003309,4.4,23-03-2026,S012
SKU_003310,4.7,10-02-2026,S012
SKU_003311,4.4,18-03-2026,S012
SKU_003312,3.6,19-02-2026,S012
SKU_003313,4.6,20-03-2026,S012
SKU_003314,2.9,20-02-2026,S012
SKU_003315,4.8,17-03-2026,S012
SKU_003316,3,15-01-2026,S012
SKU_003317,4.2,14-02-2026,S012
SKU_003318,3.3,15-02-2026,S012
SKU_003319,4.4,19-04-2026,S012
SKU_003320,4,28-02-2026,S012
SKU_003321,2.7,21-03-2026,S012
SKU_003322,4.3,23-01-2026,S012
SKU_003323,3.5,15-04-2026,S012
SKU_003324,4.7,28-03-2026,S012
SKU_003325,4,01-04-2026,S012
SKU_003326,4.3,13-04-2026,S012
SKU_003327,3.2,08-02-2026,S012
SKU_003328,3.5,28-04-2026,S012
SKU_003329,3.6,20-03-2026,S012
SKU_003330,4.7,17-03-2026,S012
SKU_003331,5,11-01-2026,S012
SKU_003332,3.4,28-03-2026,S012
SKU_003333,4.9,18-01-2026,S012
SKU_003334,2.3,10-02-2026,S012
SKU_003335,3,16-01-2026,S012
SKU_003336,3.2,31-01-2026,S012
SKU_003337,2.9,09-02-2026,S012
SKU_003338,2.7,15-01-2026,S012
SKU_003339,4.3,24-01-2026,S012
SKU_003340,3.8,17-02-2026,S012
SKU_003341,4.3,30-03-2026,S012
SKU_003342,4.6,19-01-2026,S012
SKU_003343,4.2,07-03-2026,S012
SKU_003344,4.5,19-02-2026,S012
SKU_003345,3.9,23-02-2026,S012
SKU_003346,3.1,18-03-2026,S012
SKU_003347,4.8,18-01-2026,S012
SKU_003348,3.5,15-03-2026,S012
SKU_003349,3.3,19-02-2026,S012
SKU_003350,3.9,24-02-2026,S012
SKU_003351,3.3,24-01-2026,S012
SKU_003352,3.7,04-03-2026,S012
SKU_003353,4.3,23-03-2026,S012
SKU_003354,4.3,10-03-2026,S012
SKU_003355,3.3,30-03-2026,S012
SKU_003356,3.6,28-04-2026,S012
SKU_003357,4.9,24-03-2026,S012
SKU_003358,4.4,30-04-2026,S012
SKU_003359,5,23-01-2026,S012
SKU_003360,4.9,13-03-2026,S012
SKU_003361,4.9,22-01-2026,S012
SKU_003362,2.9,04-03-2026,S012
SKU_003363,4.6,06-02-2026,S012
SKU_003364,4,18-01-2026,S012
SKU_003365,3.6,24-01-2026,S012
SKU_003366,4.1,10-02-2026,S012
SKU_003367,4.8,18-04-2026,S012
SKU_003368,4.4,27-02-2026,S012
SKU_003369,3.3,21-03-2026,S012
SKU_003370,4.6,07-01-2026,S012
SKU_003371,3.5,21-04-2026,S012
SKU_003372,4.2,15-02-2026,S012
SKU_003373,3.8,02-01-2026,S012
SKU_003374,3.8,04-03-2026,S012
SKU_003375,4.6,18-01-2026,S012
SKU_003376,3.2,25-01-2026,S012
SKU_003377,5,15-04-2026,S012
SKU_003378,2.5,19-02-2026,S012
SKU_003379,3.5,13-03-2026,S012
SKU_003380,4.3,06-03-2026,S012
SKU_003381,4.5,25-03-2026,S012
SKU_003382,3.9,05-03-2026,S012
SKU_003383,4,22-02-2026,S012
SKU_003384,4.3,29-03-2026,S012
SKU_003385,3.8,04-03-2026,S012
SKU_003386,5,23-02-2026,S012
SKU_003387,4.7,01-04-2026,S012
SKU_003388,4.7,18-04-2026,S012
SKU_003389,3.2,26-02-2026,S012
SKU_003390,3.9,04-03-2026,S012
SKU_003391,3.8,22-01-2026,S012
SKU_003392,3.2,11-01-2026,S012
SKU_003393,4.3,14-03-2026,S012
SKU_003394,3.6,04-01-2026,S012
SKU_003395,4.5,12-04-2026,S012
SKU_003396,3.1,08-04-2026,S012
SKU_003397,5,29-01-2026,S012
SKU_003398,3.3,07-02-2026,S012
SKU_003399,4.2,05-01-2026,S012
SKU_003400,4.6,05-02-2026,S012
SKU_003401,3.5,29-01-2026,S012
SKU_003402,4.7,10-03-2026,S012
SKU_003403,3,06-02-2026,S012
SKU_003404,5,22-01-2026,S012
SKU_003405,4,10-04-2026,S012
SKU_003406,3.5,28-02-2026,S012
SKU_003407,3.8,14-03-2026,S012
SKU_003408,4.6,06-04-2026,S012
SKU_003409,3.5,09-04-2026,S012
SKU_003410,3.4,09-04-2026,S012
SKU_003411,3.8,05-03-2026,S012
SKU_003412,3.1,12-03-2026,S012
SKU_003413,5,07-03-2026,S012
SKU_003414,3.5,15-01-2026,S012
SKU_003415,4.7,15-03-2026,S012
SKU_003416,4.2,15-01-2026,S012
SKU_003417,3.2,04-02-2026,S012
SKU_003418,4,10-04-2026,S012
SKU_003419,4.6,11-03-2026,S012
SKU_003420,3.8,16-04-2026,S012
SKU_003421,5,16-02-2026,S012
SKU_003422,4.8,11-03-2026,S012
SKU_003423,4.7,16-04-2026,S012
SKU_003424,3.6,07-04-2026,S012
SKU_003425,3.1,06-01-2026,S012
SKU_003426,3.5,08-04-2026,S012
SKU_003427,4.2,03-04-2026,S012
SKU_003428,4.4,26-02-2026,S012
SKU_003429,2.3,11-03-2026,S012
SKU_003430,4,28-01-2026,S012
SKU_003431,4.1,24-02-2026,S012
SKU_003432,3.8,14-01-2026,S012
SKU_003433,5,05-04-2026,S012
SKU_003434,4.3,17-04-2026,S012
SKU_003435,5,25-03-2026,S012
SKU_003436,3.8,07-04-2026,S012
SKU_003437,4.7,01-02-2026,S012
SKU_003438,5,08-02-2026,S012
SKU_003439,5,22-04-2026,S012
SKU_003440,3.1,05-01-2026,S012
SKU_003441,3.8,27-02-2026,S012
SKU_003442,3.7,03-02-2026,S012
SKU_003443,4.4,14-02-2026,S012
SKU_003444,4.5,21-04-2026,S012
SKU_003445,3.3,15-04-2026,S012
SKU_003446,4.1,12-01-2026,S012
SKU_003447,2.4,26-02-2026,S012
SKU_003448,5,21-04-2026,S012
SKU_003449,3.6,16-01-2026,S012
SKU_003450,4,10-04-2026,S012
SKU_003451,3.8,14-04-2026,S012
SKU_003452,4.9,31-01-2026,S012
SKU_003453,1.7,27-01-2026,S012
SKU_003454,4,14-04-2026,S012
SKU_003455,3.9,05-04-2026,S012
SKU_003456,3.6,17-03-2026,S012
SKU_003457,5,30-03-2026,S012
SKU_003458,3.3,14-02-2026,S012
SKU_003459,4.6,21-04-2026,S012
SKU_003460,4.3,01-04-2026,S012
SKU_003461,5,20-03-2026,S012
SKU_003462,3.5,22-03-2026,S012
SKU_003463,3.4,24-02-2026,S012
SKU_003464,4.9,22-01-2026,S012
SKU_003465,4.3,20-03-2026,S012
SKU_003466,2.8,18-01-2026,S012
SKU_003467,3.6,11-04-2026,S012
SKU_003468,4.3,27-01-2026,S012
SKU_003469,4.7,15-04-2026,S012
SKU_003470,3.5,27-01-2026,S012
SKU_003471,1.7,14-04-2026,S012
SKU_003472,4.4,08-01-2026,S012
SKU_003473,3,14-03-2026,S012
SKU_003474,2.4,14-02-2026,S012
SKU_003475,1.7,10-03-2026,S012
SKU_003476,4.7,05-02-2026,S012
SKU_003477,4.1,18-03-2026,S012
SKU_003478,3.8,10-03-2026,S012
SKU_003479,5,22-01-2026,S012
SKU_003480,4.5,11-02-2026,S012
SKU_003481,5,01-04-2026,S012
SKU_003482,2.9,07-02-2026,S012
SKU_003483,4,07-02-2026,S012
SKU_003484,2.7,15-03-2026,S012
SKU_003485,3.8,04-02-2026,S012
SKU_003486,3.8,20-04-2026,S012
SKU_003487,4.5,07-03-2026,S012
SKU_003488,4,26-04-2026,S012
SKU_003489,4.5,28-03-2026,S012
SKU_003490,4.6,15-04-2026,S012
SKU_003491,5,13-01-2026,S012
SKU_003492,3.7,18-01-2026,S012
SKU_003493,3.2,07-04-2026,S012
SKU_003494,4.2,11-04-2026,S012
SKU_003495,3.4,22-02-2026,S012
SKU_003496,5,28-04-2026,S012
SKU_003497,3.8,08-01-2026,S012
SKU_003498,3.5,05-02-2026,S012
SKU_003499,3.6,21-04-2026,S012
SKU_003500,4.6,25-03-2026,S012
SKU_003501,3.9,17-01-2026,S012
SKU_003502,3.5,31-03-2026,S012
SKU_003503,5,21-04-2026,S012
SKU_003504,3.3,17-01-2026,S012
SKU_003505,4,01-02-2026,S012
SKU_003506,4.5,19-01-2026,S012
SKU_003507,2.7,02-04-2026,S012
SKU_003508,4.4,11-02-2026,S012
SKU_003509,3.2,17-04-2026,S012
SKU_003510,4.7,01-02-2026,S012
SKU_003511,3.2,08-04-2026,S012
SKU_003512,4.6,18-04-2026,S012
SKU_003513,4.9,28-03-2026,S012
SKU_003514,4.7,20-02-2026,S012
SKU_003515,4.2,04-03-2026,S012
SKU_003516,3.8,19-01-2026,S012
SKU_003517,3.5,15-03-2026,S012
SKU_003518,5,22-03-2026,S012
SKU_003519,3.4,04-02-2026,S012
SKU_003520,3.2,22-03-2026,S012
SKU_003521,4.5,23-02-2026,S012
SKU_003522,3.4,18-02-2026,S012
SKU_003523,3.2,27-02-2026,S012
SKU_003524,2.8,10-01-2026,S012
SKU_003525,3.6,23-03-2026,S012
SKU_003526,3.9,12-04-2026,S012
SKU_003527,4.2,23-04-2026,S012
SKU_003528,4.8,09-04-2026,S012
SKU_003529,4.4,12-01-2026,S012
SKU_003530,3.8,21-02-2026,S012
SKU_003531,3.8,07-03-2026,S012
SKU_003532,4.4,06-04-2026,S012
SKU_003533,5,05-02-2026,S012
SKU_003534,4.1,30-03-2026,S012
SKU_003535,3.6,30-04-2026,S012
SKU_003536,3.2,23-04-2026,S012
SKU_003537,2.8,17-02-2026,S012
SKU_003538,4.5,28-02-2026,S012
SKU_003539,4.5,04-03-2026,S012
SKU_003540,4.5,11-02-2026,S012
SKU_003541,3.9,16-03-2026,S012
SKU_003542,5,01-01-2026,S012
SKU_003543,3.6,22-04-2026,S012
SKU_003544,4.8,10-04-2026,S012
SKU_003545,4,19-04-2026,S012
SKU_003546,3.5,04-04-2026,S012
SKU_003547,4.5,12-01-2026,S012
SKU_003548,4.3,04-04-2026,S012
SKU_003549,4.3,28-02-2026,S012
SKU_003550,4.1,23-03-2026,S012
SKU_003551,4,27-03-2026,S012
SKU_003552,5,31-03-2026,S012
SKU_003553,4.9,15-02-2026,S012
SKU_003554,4.6,19-04-2026,S012
SKU_003555,4.1,09-01-2026,S012
SKU_003556,4.8,12-04-2026,S012
SKU_003557,4.4,10-03-2026,S012
SKU_003558,4,20-02-2026,S012
SKU_003559,3.8,28-01-2026,S012
SKU_003560,3.9,24-02-2026,S012
SKU_003561,1.5,16-04-2026,S012
SKU_003562,4.2,28-01-2026,S012
SKU_003563,3.6,05-03-2026,S012
SKU_003564,5,04-02-2026,S012
SKU_003565,4,11-02-2026,S012
SKU_003566,3,17-04-2026,S012
SKU_003567,4,06-02-2026,S012
SKU_003568,3.2,13-02-2026,S012
SKU_003569,4.4,12-03-2026,S012
SKU_003570,4.2,15-03-2026,S012
SKU_003571,4.8,17-01-2026,S012
SKU_003572,3.4,14-03-2026,S012
SKU_003573,4,20-04-2026,S012
SKU_003574,2.9,04-03-2026,S012
SKU_003575,4.6,11-04-2026,S012
SKU_003576,4.4,13-02-2026,S012
SKU_003577,4.4,25-04-2026,S012
SKU_003578,4,29-03-2026,S012
SKU_003579,4.3,08-04-2026,S012
SKU_003580,5,07-01-2026,S012
SKU_003581,3.8,06-01-2026,S012
SKU_003582,4.1,13-01-2026,S012
SKU_003583,3.1,22-03-2026,S012
SKU_003584,3.3,11-04-2026,S012
SKU_003585,4.1,18-04-2026,S012
SKU_003586,4.9,28-02-2026,S012
SKU_003587,3.8,03-01-2026,S012
SKU_003588,3.8,16-01-2026,S012
SKU_003589,3.7,29-04-2026,S012
SKU_003590,3.6,20-04-2026,S012
SKU_003591,4.2,21-01-2026,S012
SKU_003592,2.8,26-02-2026,S012
SKU_003593,5,28-02-2026,S012
SKU_003594,3.5,01-01-2026,S012
SKU_003595,4.6,24-02-2026,S012
SKU_003596,3,26-01-2026,S012
SKU_003597,4.5,30-03-2026,S012
SKU_003598,4.5,27-04-2026,S012
SKU_003599,4.3,17-01-2026,S012
SKU_003600,3.2,23-04-2026,S012
SKU_003601,4.2,25-03-2026,S012
SKU_003602,3.1,08-02-2026,S012
SKU_003603,3.8,21-01-2026,S012
SKU_003604,4.8,22-04-2026,S012
SKU_003605,4.6,30-04-2026,S012
SKU_003606,4,23-04-2026,S012
SKU_003607,3.2,05-02-2026,S012
SKU_003608,4.5,12-01-2026,S012
SKU_003609,4,25-03-2026,S012
SKU_003610,2.1,16-02-2026,S012
SKU_003611,4.6,02-02-2026,S012
SKU_003612,4,11-01-2026,S012
SKU_003613,5,17-02-2026,S012
SKU_003614,3.1,27-03-2026,S012
SKU_003615,1.5,26-04-2026,S012
SKU_003616,4.2,25-03-2026,S012
SKU_003617,4.2,22-01-2026,S012
SKU_003618,2.6,07-01-2026,S012
SKU_003619,3.2,20-02-2026,S012
SKU_003620,5,22-03-2026,S012
SKU_003621,3.8,09-02-2026,S012
SKU_003622,4.6,03-04-2026,S012
SKU_003623,3.5,31-03-2026,S012
SKU_003624,2.3,07-04-2026,S012
SKU_003625,3.9,30-01-2026,S012
SKU_003626,3.8,24-02-2026,S012
SKU_003627,3.7,25-03-2026,S012
SKU_003628,3.9,12-01-2026,S012
SKU_003629,4.2,01-04-2026,S012
SKU_003630,3.9,13-01-2026,S012
SKU_003631,3,01-01-2026,S012
SKU_003632,4.4,28-01-2026,S012
SKU_003633,2.4,03-03-2026,S012
SKU_003634,2.4,10-01-2026,S012
SKU_003635,4.6,17-01-2026,S012
SKU_003636,4.4,17-03-2026,S012
SKU_003637,4,29-01-2026,S012
SKU_003638,2.9,08-03-2026,S012
SKU_003639,3.4,29-03-2026,S012
SKU_003640,3.8,26-02-2026,S012
SKU_003641,2.7,02-01-2026,S012
SKU_003642,3.4,02-01-2026,S012
SKU_003643,4.5,31-03-2026,S012
SKU_003644,5,13-02-2026,S012
SKU_003645,3.7,15-04-2026,S012
SKU_003646,4.6,16-01-2026,S012
SKU_003647,2.5,21-04-2026,S012
SKU_003648,4.5,24-02-2026,S012
SKU_003649,3.4,30-03-2026,S012
SKU_003650,4.2,17-01-2026,S012
SKU_003651,3.8,03-03-2026,S012
SKU_003652,5,10-01-2026,S012
SKU_003653,3.3,30-01-2026,S012
SKU_003654,4.5,19-02-2026,S012
SKU_003655,3.8,12-01-2026,S012
SKU_003656,3.9,04-04-2026,S012
SKU_003657,3.9,14-04-2026,S012
SKU_003658,3.3,14-01-2026,S012
SKU_003659,4,14-01-2026,S012
SKU_003660,3.9,10-02-2026,S012
SKU_003661,4.2,17-02-2026,S012
SKU_003662,4.1,23-04-2026,S012
SKU_003663,4.6,08-02-2026,S012
SKU_003664,4.7,18-01-2026,S012
SKU_003665,3.2,18-02-2026,S012
SKU_003666,4.7,10-04-2026,S012
SKU_003667,3.1,15-04-2026,S012
SKU_003668,4.5,07-04-2026,S012
SKU_003669,4.5,22-04-2026,S012
SKU_003670,2.5,18-01-2026,S012
SKU_003671,4.1,24-03-2026,S012
SKU_003672,3.6,28-03-2026,S012
SKU_003673,3.4,19-01-2026,S012
SKU_003674,5,09-01-2026,S012
SKU_003675,3.5,09-03-2026,S013
SKU_003676,3.4,14-03-2026,S014
SKU_003677,4.1,02-01-2026,S015
SKU_003678,4.5,20-03-2026,S016
SKU_003679,3.9,25-03-2026,S017
SKU_003680,4.9,22-01-2026,S018
SKU_003681,4.4,26-02-2026,S019
SKU_003682,2.3,14-02-2026,S020
SKU_003683,3.6,03-04-2026,S021
SKU_003684,3.6,28-01-2026,S022
SKU_003685,4.4,22-03-2026,S023
SKU_003686,1.9,06-04-2026,S024
SKU_003687,5,20-01-2026,S025
SKU_003688,4.4,28-04-2026,S026
SKU_003689,4.1,22-02-2026,S027
SKU_003690,4.9,20-03-2026,S028
SKU_003691,5,29-03-2026,S029
SKU_003692,4.7,26-02-2026,S030
SKU_003693,4.8,21-04-2026,S031
SKU_003694,4.1,28-01-2026,S032
SKU_003695,3.9,12-01-2026,S033
SKU_003696,3.6,25-04-2026,S034
SKU_003697,3.3,13-01-2026,S035
SKU_003698,3.5,18-01-2026,S036
SKU_003699,2.9,07-04-2026,S037
SKU_003700,3.9,16-01-2026,S038
SKU_003701,2.7,17-03-2026,S039
SKU_003702,4.2,04-04-2026,S040
SKU_003703,4,19-02-2026,S041
SKU_003704,4.1,14-02-2026,S042
SKU_003705,3.6,24-02-2026,S043
SKU_003706,5,10-02-2026,S044
SKU_003707,5,12-04-2026,S045
SKU_003708,3,18-01-2026,S046
SKU_003709,4.2,01-02-2026,S047
SKU_003710,3.5,05-02-2026,S048
SKU_003711,3.2,24-03-2026,S049
SKU_003712,2.9,11-01-2026,S050
SKU_003713,4.3,01-02-2026,S051
SKU_003714,3.5,12-03-2026,S052
SKU_003715,4.8,18-03-2026,S053
SKU_003716,4.8,18-03-2026,S054
SKU_003717,5,03-04-2026,S055
SKU_003718,3.3,19-03-2026,S056
SKU_003719,4.4,06-02-2026,S057
SKU_003720,4.5,10-04-2026,S058
SKU_003721,3.6,30-03-2026,S059
SKU_003722,3.4,04-01-2026,S060
SKU_003723,5,19-04-2026,S061
SKU_003724,4.2,19-04-2026,S062
SKU_003725,4.5,26-03-2026,S063
SKU_003726,3.3,23-04-2026,S064
SKU_003727,3,08-02-2026,S065
SKU_003728,3.5,27-01-2026,S066
SKU_003729,3.9,08-03-2026,S067
SKU_003730,3.1,19-03-2026,S068
SKU_003731,4,07-03-2026,S069
SKU_003732,2.6,25-01-2026,S070
SKU_003733,3.1,06-04-2026,S071
SKU_003734,4.5,20-02-2026,S072
SKU_003735,4.5,07-02-2026,S073
SKU_003736,3.7,24-03-2026,S074
SKU_003737,3.2,07-01-2026,S075
SKU_003738,3.2,11-04-2026,S076
SKU_003739,3.7,25-04-2026,S077
SKU_003740,4.5,12-04-2026,S078
SKU_003741,4.7,31-01-2026,S079
SKU_003742,3.6,05-03-2026,S080
SKU_003743,3.1,19-02-2026,S081
SKU_003744,4.2,15-01-2026,S082
SKU_003745,3.3,31-01-2026,S083
SKU_003746,3.6,05-03-2026,S084
SKU_003747,5,23-03-2026,S085
SKU_003748,4.7,18-03-2026,S086
SKU_003749,4.1,10-01-2026,S087
SKU_003750,3,09-03-2026,S088
SKU_003751,4.2,24-04-2026,S089
SKU_003752,4.9,02-01-2026,S090
SKU_003753,3.7,16-02-2026,S091
SKU_003754,5,30-04-2026,S092
SKU_003755,5,10-02-2026,S093
SKU_003756,5,17-01-2026,S094
SKU_003757,4.2,19-02-2026,S095
SKU_003758,4.5,21-04-2026,S096
SKU_003759,5,18-04-2026,S097
SKU_003760,4.4,14-03-2026,S098
SKU_003761,3.6,23-02-2026,S099
SKU_003762,3.6,16-02-2026,S100
SKU_003763,4.2,11-03-2026,S101
SKU_003764,3,29-03-2026,S102
SKU_003765,3.9,23-01-2026,S103
SKU_003766,4.9,08-04-2026,S104
SKU_003767,2.2,02-03-2026,S105
SKU_003768,5,09-04-2026,S106
SKU_003769,4.9,10-01-2026,S107
SKU_003770,3.6,03-01-2026,S108
SKU_003771,4.4,17-03-2026,S109
SKU_003772,4,09-01-2026,S110
SKU_003773,5,02-01-2026,S111
SKU_003774,4.8,03-02-2026,S112
SKU_003775,2.9,28-01-2026,S113
SKU_003776,4.5,06-01-2026,S114
SKU_003777,3.8,29-04-2026,S115
SKU_003778,4.1,08-01-2026,S116
SKU_003779,3.4,12-04-2026,S117
SKU_003780,5,20-02-2026,S118
SKU_003781,4.8,06-03-2026,S119
SKU_003782,3.4,06-02-2026,S120
SKU_003783,2.9,22-03-2026,S121
SKU_003784,3.7,02-04-2026,S122
SKU_003785,4.3,06-03-2026,S123
SKU_003786,4.2,09-04-2026,S124
SKU_003787,5,23-02-2026,S125
SKU_003788,4.6,24-02-2026,S126
SKU_003789,4.8,31-03-2026,S127
SKU_003790,4.3,21-02-2026,S128
SKU_003791,2.9,11-01-2026,S129
SKU_003792,3.8,23-03-2026,S130
SKU_003793,4.8,10-03-2026,S131
SKU_003794,4,10-03-2026,S132
SKU_003795,4.4,20-03-2026,S133
SKU_003796,3.7,20-01-2026,S134
SKU_003797,3.2,05-02-2026,S135
SKU_003798,3.9,11-01-2026,S136
SKU_003799,4.2,09-02-2026,S137
SKU_003800,3.5,11-01-2026,S138
SKU_003801,3.8,07-03-2026,S139
SKU_003802,3.2,28-04-2026,S140
SKU_003803,4.9,27-01-2026,S141
SKU_003804,3.8,14-04-2026,S142
SKU_003805,5,20-01-2026,S143
SKU_003806,5,10-03-2026,S144
SKU_003807,3.9,11-02-2026,S145
SKU_003808,3.2,20-02-2026,S146
SKU_003809,2.3,17-03-2026,S147
SKU_003810,2.8,23-03-2026,S148
SKU_003811,2.9,08-04-2026,S149
SKU_003812,5,17-04-2026,S150
SKU_003813,4.1,25-03-2026,S151
SKU_003814,4.3,29-03-2026,S152
SKU_003815,2.2,24-03-2026,S153
SKU_003816,3,09-01-2026,S154
SKU_003817,4.7,09-02-2026,S155
SKU_003818,4.2,31-03-2026,S156
SKU_003819,3.9,25-02-2026,S157
SKU_003820,4.5,04-04-2026,S158
SKU_003821,5,19-04-2026,S159
SKU_003822,3.8,31-01-2026,S160
SKU_003823,4.1,08-01-2026,S161
SKU_003824,4.2,01-02-2026,S162
SKU_003825,5,12-01-2026,S163
SKU_003826,2.3,29-04-2026,S164
SKU_003827,4.5,25-02-2026,S165
SKU_003828,3.9,15-01-2026,S166
SKU_003829,4.5,28-02-2026,S167
SKU_003830,3.5,20-03-2026,S168
SKU_003831,4,19-03-2026,S169
SKU_003832,4.6,08-01-2026,S170
SKU_003833,5,09-02-2026,S171
SKU_003834,4.6,27-03-2026,S172
SKU_003835,3.3,05-04-2026,S173
SKU_003836,3.7,26-03-2026,S174
SKU_003837,3.6,05-04-2026,S175
SKU_003838,2.6,23-01-2026,S176
SKU_003839,3.7,16-01-2026,S177
SKU_003840,4.6,02-01-2026,S178
SKU_003841,3,01-04-2026,S179
SKU_003842,4.8,18-01-2026,S180
SKU_003843,4.4,31-03-2026,S181
SKU_003844,3.4,02-01-2026,S182
SKU_003845,3.9,21-01-2026,S183
SKU_003846,5,05-03-2026,S184
SKU_003847,4.6,14-02-2026,S185
SKU_003848,4,08-03-2026,S186
SKU_003849,3.8,08-03-2026,S187
SKU_003850,4.1,11-04-2026,S188
SKU_003851,3.6,16-04-2026,S189
SKU_003852,2.3,03-04-2026,S190
SKU_003853,5,03-02-2026,S191
SKU_003854,4.1,22-01-2026,S192
SKU_003855,4.3,17-02-2026,S193
SKU_003856,4,17-01-2026,S194
SKU_003857,3.4,06-04-2026,S195
SKU_003858,3.9,10-04-2026,S196
SKU_003859,2.7,22-04-2026,S197
SKU_003860,5,04-02-2026,S198
SKU_003861,3,04-04-2026,S199
SKU_003862,3.2,24-04-2026,S200
SKU_003863,3.6,16-01-2026,S201
SKU_003864,5,09-04-2026,S202
SKU_003865,4,26-04-2026,S203
SKU_003866,3,04-01-2026,S204
SKU_003867,5,12-02-2026,S205
SKU_003868,4.6,14-04-2026,S206
SKU_003869,4.4,24-02-2026,S207
SKU_003870,4.6,04-02-2026,S208
SKU_003871,5,09-03-2026,S209
SKU_003872,5,09-01-2026,S210
SKU_003873,3.5,03-02-2026,S211
SKU_003874,5,02-04-2026,S212
SKU_003875,4.3,15-03-2026,S213
SKU_003876,4.4,22-03-2026,S214
SKU_003877,2.6,10-01-2026,S215
SKU_003878,3.9,05-03-2026,S216
SKU_003879,3.3,28-02-2026,S217
SKU_003880,4.7,07-03-2026,S218
SKU_003881,4.9,16-02-2026,S219
SKU_003882,2.3,08-01-2026,S220
SKU_003883,4,05-03-2026,S221
SKU_003884,4.9,20-04-2026,S222
SKU_003885,3.9,14-03-2026,S223
SKU_003886,4.6,22-01-2026,S224
SKU_003887,4.3,17-02-2026,S225
SKU_003888,4.3,21-01-2026,S226
SKU_003889,3.8,02-02-2026,S227
SKU_003890,3,09-04-2026,S228
SKU_003891,3.1,14-01-2026,S229
SKU_003892,4.6,25-04-2026,S230
SKU_003893,4,15-03-2026,S231
SKU_003894,3.9,28-03-2026,S232
SKU_003895,3.7,03-04-2026,S233
SKU_003896,3.8,15-01-2026,S234
SKU_003897,4.8,30-01-2026,S235
SKU_003898,3.7,05-04-2026,S236
SKU_003899,2.9,07-03-2026,S237
SKU_003900,4.6,01-01-2026,S238
SKU_003901,3.8,06-01-2026,S239
SKU_003902,4,20-04-2026,S240
SKU_003903,5,21-04-2026,S241
SKU_003904,4,02-01-2026,S242
SKU_003905,4.2,01-02-2026,S243
SKU_003906,3.1,06-01-2026,S244
SKU_003907,3.8,02-03-2026,S245
SKU_003908,4.5,16-02-2026,S246
SKU_003909,2.8,19-02-2026,S247
SKU_003910,4.2,28-04-2026,S248
SKU_003911,4.1,20-01-2026,S249
SKU_003912,4,23-01-2026,S250
SKU_003913,4.8,30-04-2026,S251
SKU_003914,4.3,20-04-2026,S252
SKU_003915,5,05-01-2026,S253
SKU_003916,3.2,12-03-2026,S254
SKU_003917,4.1,13-04-2026,S255
SKU_003918,4.1,27-04-2026,S256
SKU_003919,3.1,02-04-2026,S257
SKU_003920,4.8,05-04-2026,S258
SKU_003921,5,25-03-2026,S259
SKU_003922,4,23-02-2026,S260
SKU_003923,4.4,29-01-2026,S261
SKU_003924,4.1,11-02-2026,S262
SKU_003925,3.4,01-02-2026,S263
SKU_003926,2.5,23-02-2026,S264
SKU_003927,3.4,28-04-2026,S265
SKU_003928,2.9,03-04-2026,S266
SKU_003929,5,10-02-2026,S267
SKU_003930,3.9,04-02-2026,S268
SKU_003931,3.7,16-04-2026,S269
SKU_003932,4.7,10-01-2026,S270
SKU_003933,3.1,15-03-2026,S271
SKU_003934,3.4,17-02-2026,S272
SKU_003935,4.1,16-01-2026,S273
SKU_003936,4.8,06-03-2026,S274
SKU_003937,4.4,28-03-2026,S275
SKU_003938,4.2,26-04-2026,S276
SKU_003939,4.1,07-01-2026,S277
SKU_003940,4.3,23-01-2026,S278
SKU_003941,4.2,29-01-2026,S279
SKU_003942,3.2,13-04-2026,S280
SKU_003943,4,08-03-2026,S281
SKU_003944,3.1,06-01-2026,S282
SKU_003945,4.1,21-02-2026,S283
SKU_003946,3.6,09-01-2026,S284
SKU_003947,5,23-04-2026,S285
SKU_003948,4,01-03-2026,S286
SKU_003949,2.9,21-04-2026,S287
SKU_003950,3.9,06-02-2026,S288
SKU_003951,4.4,10-04-2026,S289
SKU_003952,5,19-04-2026,S290
SKU_003953,3.5,09-02-2026,S291
SKU_003954,2.7,11-02-2026,S292
SKU_003955,4.7,12-01-2026,S293
SKU_003956,2.9,12-03-2026,S294
SKU_003957,3.7,28-02-2026,S295
SKU_003958,3.8,02-01-2026,S296
SKU_003959,3.9,17-02-2026,S297
SKU_003960,4.6,26-01-2026,S298
SKU_003961,3.5,07-02-2026,S299
SKU_003962,3.8,14-03-2026,S300
SKU_003963,4,11-04-2026,S301
SKU_003964,4.1,08-02-2026,S302
SKU_003965,4.1,05-04-2026,S303
SKU_003966,4.3,21-03-2026,S304
SKU_003967,4.7,01-02-2026,S305
SKU_003968,4.3,01-03-2026,S306
SKU_003969,4.4,17-02-2026,S307
SKU_003970,2.7,17-03-2026,S308
SKU_003971,4,05-03-2026,S309
SKU_003972,4.4,09-04-2026,S310
SKU_003973,4.6,10-04-2026,S311
SKU_003974,3.4,26-01-2026,S312
SKU_003975,3.5,04-04-2026,S313
SKU_003976,3.5,26-04-2026,S314
SKU_003977,4.4,11-03-2026,S315
SKU_003978,4.8,08-04-2026,S316
SKU_003979,3.7,12-04-2026,S317
SKU_003980,4.7,01-02-2026,S318
SKU_003981,4.1,20-01-2026,S319
SKU_003982,3.9,01-01-2026,S320
SKU_003983,3.8,30-04-2026,S321
SKU_003984,4.6,22-02-2026,S322
SKU_003985,4.3,04-01-2026,S323
SKU_003986,5,30-01-2026,S324
SKU_003987,3.3,11-03-2026,S325
SKU_003988,4.4,14-02-2026,S326
SKU_003989,3.6,23-03-2026,S327
SKU_003990,3.3,18-04-2026,S328
SKU_003991,4,30-03-2026,S329
SKU_003992,4.1,23-04-2026,S330
SKU_003993,5,02-01-2026,S331
SKU_003994,3.9,12-02-2026,S332
SKU_003995,3.1,01-01-2026,S333
SKU_003996,4.2,08-04-2026,S334
SKU_003997,2.3,26-03-2026,S335
SKU_003998,3.9,18-02-2026,S336
SKU_003999,4,19-04-2026,S337
SKU_004000,4.6,05-04-2026,S338
SKU_004001,4.8,04-04-2026,S339
SKU_004002,3.6,09-02-2026,S340
SKU_004003,3.9,14-01-2026,S341
SKU_004004,3.4,27-01-2026,S342
SKU_004005,3.1,09-03-2026,S343
SKU_004006,4.2,31-01-2026,S344
SKU_004007,3,23-02-2026,S345
SKU_004008,3.7,04-03-2026,S346
SKU_004009,3.2,08-01-2026,S347
SKU_004010,4.4,19-01-2026,S348
SKU_004011,5,02-04-2026,S349
SKU_004012,3,05-02-2026,S350
SKU_004013,2.5,12-01-2026,S351
SKU_004014,3.9,06-01-2026,S352
SKU_004015,4,28-04-2026,S353
SKU_004016,4.2,30-01-2026,S354
SKU_004017,3.6,25-04-2026,S355
SKU_004018,3.8,19-04-2026,S356
SKU_004019,4.3,08-03-2026,S357
SKU_004020,4.8,22-02-2026,S358
SKU_004021,2.4,31-03-2026,S359
SKU_004022,3.7,25-04-2026,S360
SKU_004023,4.2,17-02-2026,S361
SKU_004024,3.3,28-02-2026,S362
SKU_004025,5,06-04-2026,S363
SKU_004026,3.5,11-01-2026,S364
SKU_004027,4,16-03-2026,S365
SKU_004028,4.4,13-01-2026,S366
SKU_004029,3.5,06-03-2026,S367
SKU_004030,2.5,18-01-2026,S368
SKU_004031,3.7,23-03-2026,S369
SKU_004032,4.8,15-04-2026,S370
SKU_004033,3.7,20-02-2026,S371
SKU_004034,3.3,10-01-2026,S372
SKU_004035,4.7,17-03-2026,S373
SKU_004036,3.7,14-03-2026,S374
SKU_004037,3.6,08-01-2026,S375
SKU_004038,4.1,25-02-2026,S376
SKU_004039,4.6,26-03-2026,S377
SKU_004040,5,17-01-2026,S378
SKU_004041,4.7,31-01-2026,S379
SKU_004042,4.9,07-02-2026,S380
SKU_004043,3.6,03-02-2026,S381
SKU_004044,3.2,19-04-2026,S382
SKU_004045,4,10-02-2026,S383
SKU_004046,4.1,29-04-2026,S384
SKU_004047,3.1,13-04-2026,S385
SKU_004048,3.9,20-02-2026,S386
SKU_004049,4.3,31-03-2026,S387
SKU_004050,4.3,17-04-2026,S388
SKU_004051,4.4,05-04-2026,S389
SKU_004052,4.2,11-02-2026,S390
SKU_004053,3.6,10-02-2026,S391
SKU_004054,3.6,27-02-2026,S392
SKU_004055,3,04-02-2026,S393
SKU_004056,5,30-01-2026,S394
SKU_004057,4,10-01-2026,S395
SKU_004058,3.8,26-01-2026,S396
SKU_004059,3.3,18-01-2026,S397
SKU_004060,5,10-04-2026,S398
SKU_004061,3.1,09-04-2026,S399
SKU_004062,3.7,16-03-2026,S400
SKU_004063,4.3,14-01-2026,S401
SKU_004064,4.5,20-01-2026,S402
SKU_004065,4.8,14-01-2026,S403
SKU_004066,5,22-01-2026,S404
SKU_004067,4.4,27-02-2026,S405
SKU_004068,3.2,01-03-2026,S406
SKU_004069,3.8,10-02-2026,S407
SKU_004070,4.2,22-02-2026,S408
SKU_004071,5,16-01-2026,S409
SKU_004072,2.9,10-03-2026,S410
SKU_004073,5,15-02-2026,S411
SKU_004074,4.1,09-04-2026,S412
SKU_004075,4.7,27-01-2026,S413
SKU_004076,3.9,27-02-2026,S414
SKU_004077,3.3,09-02-2026,S415
SKU_004078,4.6,01-03-2026,S416
SKU_004079,4.5,03-02-2026,S417
SKU_004080,4.8,20-04-2026,S418
SKU_004081,4,16-01-2026,S419
SKU_004082,3.5,12-01-2026,S420
SKU_004083,2.8,21-01-2026,S421
SKU_004084,4.7,14-04-2026,S422
SKU_004085,4.3,29-03-2026,S423
SKU_004086,3.2,08-02-2026,S424
SKU_004087,3.6,16-04-2026,S425
SKU_004088,3.6,01-04-2026,S426
SKU_004089,2.8,31-03-2026,S427
SKU_004090,3.3,19-03-2026,S428
SKU_004091,3.1,06-01-2026,S429
SKU_004092,3.7,28-01-2026,S430
SKU_004093,3.4,17-04-2026,S431
SKU_004094,2.7,20-04-2026,S432
SKU_004095,5,11-02-2026,S433
SKU_004096,5,19-01-2026,S434
SKU_004097,3.4,12-01-2026,S435
SKU_004098,4.2,02-04-2026,S436
SKU_004099,4.3,01-02-2026,S437
SKU_004100,5,15-02-2026,S438
SKU_004101,3.3,20-02-2026,S439
SKU_004102,4.9,07-03-2026,S440
SKU_004103,3.6,07-01-2026,S441
SKU_004104,2.9,28-03-2026,S442
SKU_004105,4.6,08-02-2026,S443
SKU_004106,5,03-02-2026,S444
SKU_004107,5,15-04-2026,S445
SKU_004108,3,23-01-2026,S446
SKU_004109,4.6,04-01-2026,S447
SKU_004110,3.7,21-02-2026,S448
SKU_004111,4.6,20-04-2026,S449
SKU_004112,2.8,27-02-2026,S450
SKU_004113,3,13-03-2026,S451
SKU_004114,3.4,06-04-2026,S452
SKU_004115,4.1,12-03-2026,S453
SKU_004116,3.5,01-02-2026,S454
SKU_004117,4.5,13-01-2026,S455
SKU_004118,4.8,01-03-2026,S456
SKU_004119,4.5,14-01-2026,S457
SKU_004120,5,13-04-2026,S458
SKU_004121,4.3,12-04-2026,S459
SKU_004122,3,18-01-2026,S460
SKU_004123,5,16-01-2026,S461
SKU_004124,3.5,02-01-2026,S462
SKU_004125,4.7,08-01-2026,S463
SKU_004126,5,17-04-2026,S464
SKU_004127,4.4,10-04-2026,S465
SKU_004128,2.8,29-01-2026,S466
SKU_004129,3.3,17-01-2026,S467
SKU_004130,5,26-01-2026,S468
SKU_004131,3.9,16-04-2026,S469
SKU_004132,4.1,21-02-2026,S470
SKU_004133,4.6,17-02-2026,S471
SKU_004134,4.6,29-03-2026,S472
SKU_004135,4.2,22-03-2026,S473
SKU_004136,3.8,24-03-2026,S474
SKU_004137,3.7,11-01-2026,S475
SKU_004138,4.7,16-03-2026,S476
SKU_004139,4.4,17-03-2026,S477
SKU_004140,3.8,03-02-2026,S478
SKU_004141,4.9,28-04-2026,S479
SKU_004142,3.9,15-04-2026,S480
SKU_004143,3.3,10-01-2026,S481
SKU_004144,3.4,03-01-2026,S482
SKU_004145,3.2,09-01-2026,S483
